portid,date,portname,portcalls_container,portcalls_dry_bulk,portcalls_general_cargo,portcalls_roro,portcalls_tanker,portcalls_cargo,portcalls_total,import_container,import_dry_bulk,import_general_cargo,import_roro,import_tanker,import_cargo,import_total,export_container,export_dry_bulk,export_general_cargo,export_roro,export_tanker,export_cargo,export_total
port1065,2025-12-21,Busan,36,0,6,1,8,43,51,177401,0,3937,176,18906,181515,200422,165586,0,1386,355,4195,167328,171523
port1065,2025-12-22,Busan,36,1,10,3,13,50,63,209470,4496,10659,353,41831,224979,266810,164058,0,7715,710,4534,172485,177020
port1065,2025-12-23,Busan,32,7,12,0,8,51,59,217826,43432,13601,0,14859,274859,289719,149266,42535,4120,0,3423,195922,199346
port1065,2025-12-24,Busan,35,2,8,1,8,46,54,289552,4527,13595,272,14312,307947,322260,264362,27293,2821,532,3820,295009,298830
port1065,2025-12-25,Busan,31,0,4,3,3,38,41,274945,0,3405,4211,9335,282563,291898,135062,0,1810,710,1141,137584,138726
port1065,2025-12-26,Busan,19,3,13,2,13,37,50,87597,4477,14062,313,27451,106451,133903,168953,32096,10931,1074,6348,213055,219403
port1065,2025-12-27,Busan,38,0,9,1,9,48,57,118971,0,6747,679,28285,126398,154683,237890,0,4968,0,4707,242859,247566
port1065,2025-12-28,Busan,38,4,12,2,7,56,63,209338,9507,11966,313,27406,231125,258532,180646,4626,2749,1074,2272,189096,191369
port1065,2025-12-29,Busan,31,2,16,1,11,50,61,159641,8799,14899,176,20766,183516,204283,161941,2162,6985,355,4228,171445,175674
port1065,2025-12-30,Busan,31,1,9,0,9,41,50,224294,5314,6124,0,22157,235733,257890,196594,3654,8259,0,4804,208508,213313
port1065,2025-12-31,Busan,29,2,6,0,8,37,45,327416,5314,10611,0,20969,343343,364313,78877,9408,1629,0,3010,89914,92925
port1065,2026-01-01,Busan,30,2,5,1,11,38,49,107562,16464,10393,0,13315,134420,147735,199159,1754,584,1819,9232,203318,212551
port1065,2026-01-02,Busan,29,0,8,2,8,39,47,100402,0,13314,2405,19518,116122,135641,246314,0,4155,0,3768,250469,254238
port1065,2026-01-03,Busan,37,0,7,0,10,44,54,235555,0,7711,0,18664,243267,261932,165381,0,3004,0,3958,168385,172344
port1065,2026-01-04,Busan,28,3,16,1,5,48,53,81945,16088,24693,176,10632,122904,133537,103288,3917,7326,355,1825,114887,116713
port1065,2026-01-05,Busan,29,2,6,1,9,38,47,257843,23270,14194,176,13143,295485,308628,83856,3654,1374,355,2369,89241,91610
port1065,2026-01-06,Busan,28,2,4,2,8,36,44,185434,24557,3115,176,20223,213284,233507,126154,0,5027,2003,2735,133185,135921
port1065,2026-01-07,Busan,33,1,9,1,8,44,52,169129,380,10649,0,15436,180160,195597,237586,1754,3994,0,4237,243335,247573
port1065,2026-01-08,Busan,29,1,9,1,5,40,45,87190,5314,7571,272,5534,100349,105883,267269,3654,5176,532,5693,276632,282325
port1065,2026-01-09,Busan,40,1,8,1,14,50,64,187594,4230,8101,366,23052,200293,223345,235147,0,2658,0,5168,237805,242974
port1065,2026-01-10,Busan,19,1,3,1,4,24,28,108292,5314,2662,137,12723,116406,129130,45341,3654,1035,718,1087,50750,51838
port1065,2026-01-11,Busan,32,4,7,1,7,44,51,117780,4096,11702,176,14818,133755,148573,302947,14852,1629,355,2967,319784,322752
port1065,2026-01-12,Busan,34,1,13,3,11,51,62,229059,380,10923,530,19123,240894,260017,264597,1754,3397,1066,5446,270815,276262
port1065,2026-01-13,Busan,37,1,9,1,17,48,65,192244,0,14731,0,25199,206976,232175,153486,2451,5081,0,6765,161019,167784
port1065,2026-01-14,Busan,26,1,4,1,7,32,39,177794,1308,1135,0,10655,180238,190893,211376,0,2692,1368,3768,215437,219206
port1065,2026-01-15,Busan,36,3,7,1,14,47,61,104128,5314,8374,176,44176,117994,162171,389880,6476,5193,355,6565,401904,408470
port1065,2026-01-16,Busan,30,0,11,2,9,43,52,198875,0,7649,448,9845,206973,216818,95862,0,7254,887,2648,104005,106653
port1065,2026-01-17,Busan,34,2,8,1,9,45,54,153907,9519,9278,176,19209,172881,192091,132445,2162,1487,355,4000,136451,140452
port1065,2026-01-18,Busan,32,3,5,1,10,41,51,195002,5695,4320,176,17992,205195,223188,154214,5409,1374,355,4813,161353,166167
port1065,2026-01-19,Busan,30,2,6,1,12,39,51,64454,10629,7283,176,21727,82544,104272,164461,7309,1374,355,3317,173500,176817
port1065,2026-01-20,Busan,26,2,7,0,8,35,43,141471,5314,12223,0,19143,159009,178153,112137,3654,1832,0,12158,117625,129784
port1065,2026-01-21,Busan,28,2,5,1,7,36,43,86645,380,5242,176,14499,92445,106944,131338,74630,1374,355,3520,207699,211219
port1065,2026-01-22,Busan,26,0,10,1,6,37,43,181889,0,17161,137,5719,199187,204906,111272,0,2749,718,3577,114740,118318
port1065,2026-01-23,Busan,30,0,11,4,2,45,47,141762,0,10707,625,4845,153095,157941,81021,0,5960,1829,1281,88811,90093
port1065,2026-01-24,Busan,36,2,12,0,8,50,58,149211,380,12312,0,12092,161905,173998,171411,42407,7587,0,4786,221406,226193
port1065,2026-01-25,Busan,33,3,15,3,8,54,62,103830,19694,15782,353,10647,139660,150308,118000,30399,9492,710,2454,158603,161057
port1065,2026-01-26,Busan,30,2,7,2,7,41,48,247250,5314,7501,176,12273,260243,272517,130332,6421,7745,355,3091,144854,147945
port1065,2026-01-27,Busan,27,1,4,1,10,33,43,192459,5194,2270,137,21832,200061,221893,73558,0,916,718,4836,75193,80029
port1065,2026-01-28,Busan,31,1,7,0,10,39,49,108702,4096,4355,0,24428,117153,141582,144035,2162,2293,0,3958,148491,152449
port1065,2026-01-29,Busan,29,1,13,0,12,43,55,248488,380,18600,0,19378,267470,286848,143064,1754,3991,0,7373,148811,156184
port1065,2026-01-30,Busan,33,2,9,4,9,48,57,166474,0,11109,176,19539,177760,197299,179223,17690,2291,2462,3623,201667,205290
port1065,2026-01-31,Busan,38,1,9,3,11,51,62,296213,12042,6292,789,22303,315337,337641,154837,0,5270,895,5197,161003,166200
port1065,2026-02-01,Busan,27,3,12,3,9,45,54,140659,12873,9644,176,14504,163354,177859,128709,1754,8833,355,3705,139653,143359
port1065,2026-02-02,Busan,35,3,9,2,8,49,57,133002,2119,13665,353,16549,149140,165689,155392,2941,5543,710,4902,164589,169491
port1065,2026-02-03,Busan,29,1,10,1,7,41,48,199551,5314,7309,1022,18753,213197,231950,140128,3654,5726,0,1825,149509,151335
port1065,2026-02-04,Busan,35,3,11,2,11,51,62,161265,5513,10620,176,30013,177574,207588,152782,3654,3744,355,4759,160536,165296
port1065,2026-02-05,Busan,31,2,9,1,10,43,53,203653,13052,13257,272,13153,230235,243389,185291,1754,2291,532,14448,189869,204317
port1065,2026-02-06,Busan,29,3,7,1,9,40,49,187863,17404,11181,0,17165,216448,233614,164365,0,5363,0,3817,169729,173546
port1065,2026-02-07,Busan,30,3,7,1,6,41,47,113537,4477,5699,176,8803,123891,132694,70728,3917,1687,355,2924,76688,79613
port1065,2026-02-08,Busan,23,1,3,1,8,28,36,148530,0,5799,176,25292,154506,179798,90629,0,0,355,4001,90985,94986
port1065,2026-02-09,Busan,31,2,10,2,12,45,57,233844,5314,14068,455,29765,253682,283448,112660,3654,7502,355,4750,124173,128923
port1065,2026-02-10,Busan,25,5,10,1,11,41,52,209708,26571,10351,176,25713,246808,272522,161706,32137,3502,355,13296,197701,210998
port1065,2026-02-11,Busan,41,2,7,2,8,52,60,158893,20613,8738,0,16549,188245,204794,265971,3654,5314,2838,3554,277779,281334
port1065,2026-02-12,Busan,25,4,6,1,7,36,43,153742,380,8163,0,16018,162287,178306,147300,17168,4084,0,2543,168553,171096
port1065,2026-02-13,Busan,37,1,7,1,10,46,56,270052,0,8548,427,19326,279028,298354,203066,50017,2291,37,4890,255412,260302
port1065,2026-02-14,Busan,33,0,14,1,7,48,55,142257,0,18823,176,28480,161258,189739,164976,0,4175,355,4063,169506,173569
port1065,2026-02-15,Busan,40,1,7,2,7,50,57,160464,380,10201,313,21333,171361,192695,156257,1754,1832,1074,3457,160919,164376
port1065,2026-02-16,Busan,22,0,3,0,10,25,35,51194,0,3405,0,9875,54600,64476,94029,0,1374,0,6927,95403,102330
port1065,2026-02-17,Busan,20,1,4,0,6,25,31,253613,8123,2270,0,13670,264007,277677,51233,0,4131,0,2494,55364,57859
port1065,2026-02-18,Busan,27,1,4,1,9,33,42,127403,2864,7289,176,9086,137734,146820,132431,0,1114,355,4480,133901,138382
port1065,2026-02-19,Busan,27,3,11,2,7,43,50,309514,4592,6310,176,21063,320594,341658,88058,2371,6492,1374,3064,98297,101362
port1065,2026-02-20,Busan,30,0,11,1,10,42,52,112808,0,11188,0,17711,123997,141709,159279,0,7241,903,15625,167424,183049
port1065,2026-02-21,Busan,36,3,9,1,5,49,54,126366,53219,6264,0,12720,185849,198569,187421,3917,5096,0,2816,196435,199251
port1065,2026-02-22,Busan,37,2,14,1,6,54,60,245526,8592,13531,176,14299,267827,282126,154921,2162,2600,355,2432,160039,162472
port1065,2026-02-23,Busan,25,1,15,1,5,42,47,123306,0,22139,176,13426,145622,159049,143898,0,4461,355,1335,148715,150050
port1065,2026-02-24,Busan,27,1,6,1,7,35,42,86048,0,9148,285,12568,95482,108051,192745,0,6710,0,3093,199456,202550
port1065,2026-02-25,Busan,34,1,4,1,6,40,46,100052,5314,374,61,16988,105803,122792,243357,3654,4513,0,2870,251525,254396
port1065,2026-02-26,Busan,32,7,9,0,14,48,62,244236,65905,7602,0,34946,317745,352691,280440,37062,8290,0,14553,325792,340345
port1065,2026-02-27,Busan,31,4,12,1,8,48,56,87913,9207,12846,0,14696,109967,124664,216034,3654,5518,2747,5768,227955,233723
port1065,2026-02-28,Busan,38,1,11,2,6,52,58,161001,0,14360,707,25910,176069,201979,400891,0,2859,718,2040,404469,406509
port1065,2026-03-01,Busan,30,3,4,4,9,41,50,185598,4096,7255,353,17271,197303,214574,235918,11799,458,5359,5527,253536,259063
port1065,2026-03-02,Busan,18,1,4,1,5,24,29,34614,380,3462,176,8293,38634,46928,135539,1754,2193,355,2511,139843,142355
port1065,2026-03-03,Busan,33,2,9,1,9,45,54,69479,9840,8253,176,19132,87749,106881,286523,6858,4079,355,3520,297816,301337
port1065,2026-03-04,Busan,44,2,14,1,7,61,68,148383,5695,14631,0,26149,168710,194859,349596,5409,6585,0,5004,361591,366595
port1065,2026-03-05,Busan,32,4,10,0,9,46,55,186071,28609,14870,0,17263,229551,246815,236090,2792,561,0,5938,239444,245382
port1065,2026-03-06,Busan,28,0,7,0,7,35,42,99034,0,10298,0,11685,109333,121018,234642,0,2749,0,1748,237391,239140
port1065,2026-03-07,Busan,34,2,6,2,13,44,57,226134,4096,8959,176,24233,239366,263600,118322,2162,2779,1830,5867,125095,130962
port1065,2026-03-08,Busan,32,0,9,2,9,43,52,137471,0,10926,313,22575,148711,171287,341655,0,8525,1074,3930,351255,355185
port1065,2026-03-09,Busan,25,2,8,1,14,36,50,178604,32358,7374,176,23285,218513,241799,118876,3654,5002,355,5784,127888,133673
port1065,2026-03-10,Busan,35,3,12,2,5,52,57,256054,380,18304,0,5719,274740,280459,214885,1754,7961,0,1685,224601,226287
port1065,2026-03-11,Busan,40,2,5,2,10,49,59,213945,5160,5020,176,17800,224302,242103,242837,4380,1832,1264,9720,250315,260036
port1065,2026-03-12,Busan,34,1,5,1,14,41,55,252474,0,6247,0,43083,258721,301805,119956,2204,1651,0,4556,123812,128368
port1065,2026-03-13,Busan,35,3,11,1,6,50,56,140301,45828,12792,0,28037,198922,226960,177062,0,4582,2247,2388,183892,186280
port1065,2026-03-14,Busan,39,3,8,1,8,51,59,330771,37309,7934,176,13290,376192,389483,191312,1754,1294,355,5658,194717,200376
port1065,2026-03-15,Busan,31,0,9,1,7,41,48,158301,0,9362,176,5488,167841,173329,154552,0,2422,355,13235,157330,170565
port1065,2026-03-16,Busan,25,4,9,2,5,40,45,134974,11187,5515,353,10145,152030,162176,111396,3654,3211,710,3620,118973,122594
port1065,2026-03-17,Busan,27,2,10,0,7,39,46,117084,4877,12377,0,16918,134338,151256,133330,1754,6176,0,2093,141261,143355
port1065,2026-03-18,Busan,25,2,5,3,8,35,43,216261,24387,10852,821,20833,252323,273156,149087,1447,1171,718,5076,152425,157501
port1065,2026-03-19,Busan,32,3,10,1,4,46,50,147093,8124,8030,176,4845,163426,168272,152707,3654,4429,355,2630,161147,163777
port1065,2026-03-20,Busan,41,2,7,0,6,50,56,161438,4477,5846,0,12417,171762,184180,338935,3917,1229,0,3010,344081,347092
port1065,2026-03-21,Busan,34,0,10,2,9,46,55,60601,0,12045,0,28017,72646,100664,207083,0,3004,1214,4739,211302,216041
port1065,2026-03-22,Busan,35,2,12,2,9,51,60,179670,5314,11847,176,17235,197010,214245,215182,46506,4017,355,10211,266062,276274
port1065,2026-03-23,Busan,33,2,4,2,14,41,55,170502,5314,5792,176,35199,181786,216985,220901,9744,1374,355,8821,232375,241197
port1065,2026-03-24,Busan,30,0,14,0,5,44,49,260145,0,14652,0,12417,274797,287215,162463,0,9237,0,3010,171701,174711
port1065,2026-03-25,Busan,30,2,11,1,6,44,50,123809,4096,15873,2025,8293,145805,154099,172157,2162,5575,0,2347,179895,182242
port1065,2026-03-26,Busan,35,2,12,3,5,52,57,294262,4096,18527,789,14335,317675,332011,256838,11055,5110,895,1218,273900,275118
port1065,2026-03-27,Busan,29,3,6,2,7,40,47,109180,380,13253,427,8760,123241,132002,106862,4869,2087,211,5279,114032,119312
port1065,2026-03-28,Busan,32,0,6,0,3,38,41,228189,0,4913,0,2574,233102,235677,142278,0,7827,0,1190,150106,151297
port1065,2026-03-29,Busan,36,1,5,2,13,44,57,183766,7189,4007,176,20486,195140,215626,173849,0,2459,355,8728,176663,185392
port1065,2026-03-30,Busan,29,2,8,1,12,40,52,155487,5314,8334,176,23730,169314,193044,111460,6992,4049,355,5380,122857,128238
port1065,2026-03-31,Busan,24,0,13,0,6,37,43,362836,0,22029,0,6300,384866,391166,112382,0,4486,0,2389,116868,119258
port1065,2026-04-01,Busan,35,2,5,2,7,44,51,115693,5423,5734,4791,16221,131643,147864,124547,1754,577,540,3170,127419,130590
port1065,2026-04-02,Busan,35,1,9,2,10,47,57,217413,0,9811,0,28702,227225,255927,168184,0,3960,668,4767,172813,177580
port1065,2026-04-03,Busan,29,3,6,1,6,39,45,125339,53032,4931,0,5416,183303,188720,159913,0,10008,3273,2068,173196,175264
port1065,2026-04-04,Busan,32,1,11,0,4,44,48,131064,5314,10901,0,7420,147281,154701,132697,3654,8283,0,1825,144635,146461
port1065,2026-04-05,Busan,31,1,12,1,10,45,55,206058,9726,17624,176,15013,233586,248599,130047,0,1962,355,7738,132365,140103
port1065,2026-04-06,Busan,28,0,6,1,8,35,43,230565,0,5806,176,12639,236548,249188,159887,0,2419,355,11178,162662,173841
port1065,2026-04-07,Busan,33,1,8,0,7,42,49,84052,0,9493,0,10145,93546,103692,187311,1060,916,0,5528,189288,194816
port1065,2026-04-08,Busan,30,3,9,1,5,43,48,143377,9807,10391,0,16170,163576,179746,155207,1754,3367,1688,2326,162018,164345
port1065,2026-04-09,Busan,25,1,6,1,5,33,38,175151,13584,2668,0,28501,191403,219905,124761,0,3187,174,1087,128123,129211
port1065,2026-04-10,Busan,38,2,10,2,5,52,57,145781,5314,13375,137,10532,164609,175142,240972,3654,8799,718,2272,254145,256418
port1065,2026-04-11,Busan,36,0,8,0,7,44,51,236324,0,7134,0,19444,243459,262904,120360,0,2291,0,1825,122651,124477
port1065,2026-04-12,Busan,34,3,7,0,7,44,51,170850,9410,11345,0,8212,191606,199819,183738,5817,4619,0,9717,194175,203892
port1065,2026-04-13,Busan,27,1,8,3,13,39,52,113785,4096,5966,353,21544,124201,145745,328259,2162,3731,710,8214,334864,343079
port1065,2026-04-14,Busan,32,3,4,0,5,39,44,155030,7679,9005,0,7990,171714,179705,190925,6856,916,0,3550,198698,202248
port1065,2026-04-15,Busan,39,2,5,1,6,47,53,125904,17931,6512,137,7936,150484,158421,290922,2162,458,718,2389,294261,296651
port1065,2026-04-16,Busan,33,3,10,1,8,47,55,211966,11848,9970,0,7648,233785,241434,204187,4361,3698,0,3454,212247,215701
port1065,2026-04-17,Busan,29,2,14,1,5,46,51,360089,6131,8449,0,7199,374669,381869,190808,3654,11898,2422,2209,208784,210994
port1065,2026-04-18,Busan,35,2,8,0,7,45,52,224399,5695,6389,0,8649,236484,245134,222325,5409,2859,0,13348,230594,243943
port1065,2026-04-19,Busan,31,0,11,1,8,43,51,155611,0,14678,176,20032,170467,190499,90569,0,3207,355,3801,94132,97933
port1065,2026-04-20,Busan,33,0,11,2,13,46,59,271259,0,15416,313,33897,286989,320887,199758,0,5723,1074,6271,206555,212826
port1065,2026-04-21,Busan,29,1,10,1,4,41,45,204256,0,21941,0,13296,226197,239494,240636,0,3304,2724,3488,246665,250153
port1065,2026-04-22,Busan,28,4,5,2,6,39,45,206281,28874,3348,1203,5941,239708,245649,142463,662,556,2222,2389,145905,148295
port1065,2026-04-23,Busan,34,2,13,2,5,51,56,143953,10289,13699,137,9733,168080,177813,155058,3654,6197,718,2432,165629,168061
port1065,2026-04-24,Busan,34,2,9,1,9,46,55,143286,4096,12908,137,12693,160428,173121,203147,14819,2485,718,5940,221170,227110
port1065,2026-04-25,Busan,38,1,9,2,11,50,61,144941,0,9505,0,23646,154446,178093,273079,31265,1776,679,3644,306800,310445
port1065,2026-04-26,Busan,37,2,8,1,6,48,54,252806,15065,14810,176,19992,282859,302852,242375,1754,1605,355,3010,246091,249102
port1065,2026-04-27,Busan,25,0,11,0,12,36,48,160845,0,16056,0,19933,176901,196835,199106,0,4826,0,5400,203932,209333
port1065,2026-04-28,Busan,28,2,10,0,6,40,46,88368,3728,12356,0,11682,104454,116136,178719,2555,458,0,3877,181733,185610
port1065,2026-04-29,Busan,34,3,10,1,7,48,55,106326,40707,9606,0,14131,156640,170772,209725,5817,3482,2049,3714,221074,224789
port1065,2026-04-30,Busan,28,3,7,2,6,40,46,234584,5084,6714,137,12095,246520,258616,72530,39752,981,718,5491,113983,119474
port1065,2026-05-01,Busan,36,0,8,4,8,48,56,272025,0,7367,1290,14371,280683,295055,212686,0,3103,355,3553,216145,219698
port1065,2026-05-02,Busan,37,1,12,2,7,52,59,336165,5314,13987,684,12193,356152,368345,132402,3654,4938,355,2967,141350,144318
port1065,2026-05-03,Busan,40,1,5,1,4,47,51,166639,380,3011,176,7420,170209,177629,227713,1754,1559,355,1825,231382,233208
port1065,2026-05-04,Busan,30,4,7,1,8,42,50,133987,65790,4714,2422,6821,206914,213735,323812,4284,7032,0,2741,335129,337870
port1065,2026-05-05,Busan,25,2,16,0,6,43,49,211370,5488,14531,0,18608,231390,249999,78396,3654,9813,0,2369,91865,94235
port1065,2026-05-06,Busan,26,4,12,2,9,44,53,134687,26944,13870,5298,21652,180800,202453,79148,5409,8269,462,7337,93290,100628
port1065,2026-05-07,Busan,29,0,10,0,5,39,44,116265,0,11854,0,7571,128120,135691,206969,0,1374,0,1728,208344,210073
port1065,2026-05-08,Busan,35,0,8,1,8,44,52,120930,0,6168,0,18576,127098,145675,191238,0,1832,2299,3574,195371,198946
port1065,2026-05-09,Busan,36,3,8,1,1,48,49,249135,27494,10054,0,2422,286684,289107,199397,3654,2291,0,640,205343,205984
port1065,2026-05-10,Busan,25,2,6,1,4,34,38,171343,16493,6948,176,4997,194962,199959,216495,0,3842,355,1184,220693,221878
port1065,2026-05-11,Busan,29,0,4,1,10,34,44,228204,0,10514,0,23697,238719,262417,116178,0,1171,1432,4098,118782,122880
port1065,2026-05-12,Busan,31,1,7,1,10,40,50,129998,5314,13890,0,22268,149203,171471,126526,3654,1832,1924,5240,133938,139178
port1065,2026-05-13,Busan,37,2,6,2,9,47,56,121176,16005,3438,313,29328,140934,170262,211348,1754,3684,1074,4292,217861,222154
port1065,2026-05-14,Busan,28,1,9,1,6,39,45,153562,0,8758,0,10573,162320,172893,195796,0,2627,1307,4541,199732,204273
port1065,2026-05-15,Busan,31,2,10,0,3,43,46,135563,14123,10776,0,12471,160462,172934,215459,3654,3143,0,1281,222258,223540
port1065,2026-05-16,Busan,40,1,11,0,8,52,60,210484,4096,13295,0,15365,227875,243240,153079,2162,2291,0,4161,157533,161694
port1065,2026-05-17,Busan,33,1,6,2,8,42,50,136001,380,8006,448,14126,144838,158964,203887,1754,1832,887,4019,208362,212381
port1065,2026-05-18,Busan,29,1,6,1,8,37,45,60172,706,6331,0,15562,67210,82773,320106,0,1832,180,4152,322119,326272
port1065,2026-05-19,Busan,34,0,11,1,4,46,50,232902,0,10862,0,2127,243765,245893,161490,0,2730,0,1659,164220,165880
port1065,2026-05-20,Busan,30,2,5,3,8,40,48,196214,5314,8817,313,11744,210660,222405,87549,3924,1374,1669,4517,94518,99035
port1065,2026-05-21,Busan,25,0,6,0,7,31,38,146009,0,3070,0,16700,149079,165779,127603,0,4007,0,3457,131610,135068
port1065,2026-05-22,Busan,29,1,10,0,9,40,49,210489,380,15661,0,17631,226531,244162,160702,1754,3589,0,3423,166046,169470
port1065,2026-05-23,Busan,36,1,8,1,3,46,49,145160,0,6686,612,10720,152460,163180,219577,0,4219,540,1141,224337,225479
port1065,2026-05-24,Busan,40,1,6,1,9,48,57,193379,380,11877,176,28430,205815,234246,110814,1754,1629,355,2913,114553,117467
port1065,2026-05-25,Busan,28,5,10,1,6,44,50,166801,17392,9473,176,24205,193845,218050,217966,43797,2443,355,3379,264563,267942
port1065,2026-05-26,Busan,24,0,6,0,5,30,35,126509,0,2942,0,5894,129451,135345,107513,0,741,0,5378,108255,113633
port1065,2026-05-27,Busan,30,0,8,2,7,40,47,252860,0,8314,176,26109,261351,287460,157172,0,2087,529,3616,159790,163406
port1065,2026-05-28,Busan,27,0,7,0,7,34,41,129670,0,8548,0,14696,138218,152915,120612,0,5423,0,3511,126035,129546
port1065,2026-05-29,Busan,37,2,16,1,11,56,67,284476,380,24264,137,15830,309258,325089,131961,10778,4605,718,5093,148064,153157
port1069,2025-12-21,Qingdao,23,3,4,0,5,30,35,354095,139480,3728,0,173977,497304,671282,569134,0,7089,0,9441,576223,585665
port1069,2025-12-22,Qingdao,16,3,4,0,3,23,26,58904,206752,2368,0,0,268025,268025,416952,219456,9097,0,20646,645505,666152
port1069,2025-12-23,Qingdao,24,2,3,0,5,29,34,363274,185746,27684,0,186276,576705,762981,901119,0,0,0,13350,901119,914470
port1069,2025-12-24,Qingdao,19,1,6,0,2,26,28,104675,81660,9645,0,276218,195982,472200,559926,0,3785,0,13208,563711,576920
port1069,2025-12-25,Qingdao,25,4,2,0,3,31,34,703724,301166,10180,0,0,1015071,1015071,393892,863,1065,0,20637,395821,416459
port1069,2025-12-26,Qingdao,29,4,2,0,7,35,42,455001,227909,0,0,351,682911,683262,884347,30107,970,0,40800,915425,956226
port1069,2025-12-27,Qingdao,17,2,3,0,2,22,24,181328,73360,643,0,0,255332,255332,297181,0,4180,0,9580,301361,310942
port1069,2025-12-28,Qingdao,18,1,5,0,4,24,28,141006,171292,6223,0,271635,318522,590158,425451,0,5001,0,7958,430453,438412
port1069,2025-12-29,Qingdao,20,4,5,0,3,29,32,377703,175623,28257,0,137461,581584,719046,596737,0,1065,0,18686,597803,616489
port1069,2025-12-30,Qingdao,21,2,2,0,5,25,30,990165,55719,23792,0,50131,1069677,1119808,306054,45960,0,0,25266,352014,377281
port1069,2025-12-31,Qingdao,21,4,3,0,6,28,34,698338,346858,970,0,277915,1046167,1324082,559080,4331,2610,0,13771,566021,579793
port1069,2026-01-01,Qingdao,23,1,5,0,2,29,31,1240596,72830,7907,0,0,1321335,1321335,426775,0,5628,0,3791,432403,436194
port1069,2026-01-02,Qingdao,26,0,4,0,5,30,35,358547,0,2355,0,0,360903,360903,776293,0,2528,0,4524,778821,783346
port1069,2026-01-03,Qingdao,23,4,1,0,3,28,31,713910,328315,0,0,203,1042225,1042429,431858,0,0,0,10794,431858,442653
port1069,2026-01-04,Qingdao,21,1,3,0,2,25,27,175001,173531,13189,0,10267,361722,371989,681146,0,1797,0,12943,682944,695887
port1069,2026-01-05,Qingdao,22,3,6,0,4,31,35,484861,149255,13167,0,147649,647284,794933,572788,13949,2715,0,14873,589452,604325
port1069,2026-01-06,Qingdao,22,2,1,0,2,25,27,857679,2389,2368,0,5915,862437,868352,462084,4951,1065,0,11532,468101,479634
port1069,2026-01-07,Qingdao,25,2,6,0,4,33,37,281464,80638,27079,0,153304,389183,542487,669610,1436,8057,0,12951,679104,692056
port1069,2026-01-08,Qingdao,25,2,1,0,6,28,34,1064842,75083,0,0,52724,1139926,1192650,712241,4331,1098,0,29746,717671,747417
port1069,2026-01-09,Qingdao,24,2,2,0,0,28,28,192327,85199,12141,0,0,289669,289669,592333,2967,0,0,0,595301,595301
port1069,2026-01-10,Qingdao,14,2,1,0,0,17,17,255528,52219,2368,0,0,310116,310116,132329,0,1065,0,0,133395,133395
port1069,2026-01-11,Qingdao,21,5,6,0,9,32,41,1056728,336489,6321,0,141255,1399539,1540794,418291,4331,13032,0,74624,435654,510279
port1069,2026-01-12,Qingdao,24,5,2,0,3,31,34,310097,99489,10762,0,10267,420349,430617,912231,4510,1065,0,16952,917808,934760
port1069,2026-01-13,Qingdao,18,3,6,2,1,29,30,592882,232199,4933,6330,203,836344,836547,218820,5194,3936,0,1127,227951,229078
port1069,2026-01-14,Qingdao,17,2,6,0,6,25,31,223086,192764,5827,0,162963,421678,584642,885453,13949,2432,0,32329,901836,934166
port1069,2026-01-15,Qingdao,24,2,4,0,4,30,34,523116,114469,38448,0,39863,676034,715898,690227,0,1272,0,7144,691500,698645
port1069,2026-01-16,Qingdao,17,3,4,0,0,24,24,110500,273095,4579,0,0,388175,388175,399113,4331,2058,0,0,405503,405503
port1069,2026-01-17,Qingdao,29,6,3,0,4,38,42,538245,130780,8057,0,436853,677082,1113936,785512,77984,1997,0,12860,865494,878355
port1069,2026-01-18,Qingdao,16,3,1,0,2,20,22,227261,290294,2368,0,0,519924,519924,520000,7187,1065,0,10805,528254,539059
port1069,2026-01-19,Qingdao,18,5,1,0,0,24,24,107980,88856,227,0,0,197064,197064,648712,27253,1309,0,0,677275,677275
port1069,2026-01-20,Qingdao,30,3,2,0,6,35,41,553758,262893,5291,0,16182,821943,838126,825545,4331,1065,0,27737,830942,858679
port1069,2026-01-21,Qingdao,24,3,5,1,3,33,36,576169,111438,9474,0,5264,697082,702347,598901,8662,4263,0,7302,611827,619130
port1069,2026-01-22,Qingdao,23,1,4,0,6,28,34,297178,196914,965,0,23878,495058,518936,496226,0,1380,0,61584,497606,559191
port1069,2026-01-23,Qingdao,25,6,2,0,4,33,37,446624,231772,2368,0,6150,680765,686915,720715,43172,5180,0,106535,769068,875603
port1069,2026-01-24,Qingdao,31,2,0,0,2,33,35,265437,233907,0,0,8156,499345,507502,984688,0,0,0,5376,984688,990065
port1069,2026-01-25,Qingdao,18,5,3,0,4,26,30,284661,112016,7217,0,0,403895,403895,572255,414,4927,0,45371,577597,622969
port1069,2026-01-26,Qingdao,21,5,5,0,0,31,31,717680,268260,19843,0,0,1005784,1005784,419479,13949,1717,0,0,435146,435146
port1069,2026-01-27,Qingdao,22,5,6,0,3,33,36,541185,243768,16146,0,0,801100,801100,651971,13949,1337,0,10409,667259,677668
port1069,2026-01-28,Qingdao,26,2,2,0,2,30,32,218676,0,2368,0,105345,221045,326390,759851,1503,13454,0,5376,774809,780185
port1069,2026-01-29,Qingdao,22,3,3,0,4,28,32,1286207,351359,15265,0,432386,1652831,2085218,475754,0,2131,0,7251,477886,485137
port1069,2026-01-30,Qingdao,25,0,2,0,5,27,32,309430,0,4438,0,10267,313868,324135,764156,0,698,0,28596,764854,793451
port1069,2026-01-31,Qingdao,20,4,2,0,3,26,29,140182,434679,4737,0,10267,579599,589866,448317,0,2131,0,15296,450449,465745
port1069,2026-02-01,Qingdao,23,3,4,0,4,30,34,388891,106040,21368,0,281550,516300,797850,986734,490,237,0,8415,987462,995877
port1069,2026-02-02,Qingdao,17,5,5,1,3,28,31,86361,393043,9296,0,20724,488701,509425,342840,5998,3776,0,15435,352615,368050
port1069,2026-02-03,Qingdao,20,1,3,0,6,24,30,216755,2225,2368,0,141472,221349,362821,1122413,0,4108,0,32610,1126521,1159131
port1069,2026-02-04,Qingdao,25,0,2,0,5,27,32,661540,0,7210,0,157654,668751,826405,733541,0,1092,0,8787,734633,743421
port1069,2026-02-05,Qingdao,20,5,3,1,0,29,29,514226,185824,8034,0,0,708085,708085,660013,3336,2848,870,0,667069,667069
port1069,2026-02-06,Qingdao,19,1,3,0,4,23,27,284762,0,6097,0,5915,290859,296774,440560,45403,6878,0,31691,492842,524533
port1069,2026-02-07,Qingdao,23,3,3,0,0,29,29,379664,82480,803,0,0,462947,462947,647559,0,1983,0,0,649542,649542
port1069,2026-02-08,Qingdao,19,3,3,0,3,25,28,348873,0,2404,0,0,351277,351277,1109519,3425,10268,0,11409,1123212,1134622
port1069,2026-02-09,Qingdao,21,3,4,0,5,28,33,774304,118744,35536,0,631,928585,929216,414281,4331,1561,0,19628,420174,439802
port1069,2026-02-10,Qingdao,23,3,1,0,2,27,29,149551,7191,1305,0,32031,158048,190079,872600,36317,0,0,0,908918,908918
port1069,2026-02-11,Qingdao,19,6,5,1,3,31,34,812633,322753,4355,0,50131,1139743,1189874,665830,8662,3131,802,13801,678425,692227
port1069,2026-02-12,Qingdao,25,6,3,0,1,34,35,447145,276573,297,0,117,724016,724133,935408,20558,11027,0,0,966994,966994
port1069,2026-02-13,Qingdao,25,2,3,0,5,30,35,543922,141471,7248,0,273494,692642,966136,789427,0,1065,0,15995,790492,806488
port1069,2026-02-14,Qingdao,14,2,1,0,0,17,17,38975,990,604,0,0,40570,40570,316356,6829,0,0,0,323185,323185
port1069,2026-02-15,Qingdao,23,3,2,0,0,28,28,580180,256731,15245,0,0,852157,852157,1100265,0,0,0,0,1100265,1100265
port1069,2026-02-16,Qingdao,21,3,4,0,6,28,34,342889,172383,13630,0,114688,528903,643592,790019,5985,2131,0,33969,798137,832106
port1069,2026-02-17,Qingdao,15,5,2,0,5,22,27,740955,304009,0,0,10501,1044965,1055466,314167,4331,2688,0,24476,321186,345663
port1069,2026-02-18,Qingdao,19,2,2,0,3,23,26,64679,96529,0,0,30215,161208,191424,463538,0,6508,0,17629,470047,487676
port1069,2026-02-19,Qingdao,25,5,2,0,2,32,34,602457,215827,2826,0,70017,821110,891128,606350,4385,0,0,2870,610736,613607
port1069,2026-02-20,Qingdao,27,3,0,0,0,30,30,718429,219404,0,0,0,937833,937833,548505,0,0,0,0,548505,548505
port1069,2026-02-21,Qingdao,24,3,4,0,3,31,34,410611,196997,14306,0,221365,621916,843281,807237,9404,2131,0,47360,818774,866134
port1069,2026-02-22,Qingdao,18,2,3,0,2,23,25,412444,173689,13725,0,276088,599859,875948,501653,0,2131,0,5376,503785,509161
port1069,2026-02-23,Qingdao,25,1,3,0,2,29,31,816770,10414,2368,0,0,829553,829553,410133,0,9095,0,1653,419229,420882
port1069,2026-02-24,Qingdao,18,1,0,0,5,19,24,820765,83717,0,0,5915,904482,910398,424596,0,0,0,23724,424596,448321
port1069,2026-02-25,Qingdao,19,1,5,1,5,26,31,360888,204899,6574,0,94549,572362,666912,514065,0,4488,0,23509,518554,542064
port1069,2026-02-26,Qingdao,20,4,5,0,4,29,33,1681041,282060,7935,0,631,1971037,1971668,394020,18768,2958,0,13423,415746,429170
port1069,2026-02-27,Qingdao,29,4,6,1,3,40,43,1203552,241533,28215,828,0,1474130,1474130,602498,0,2131,0,2122,604630,606752
port1069,2026-02-28,Qingdao,23,1,6,1,2,31,33,534002,2335,14703,0,305394,551042,856436,785038,0,1065,0,1127,786104,787231
port1069,2026-03-01,Qingdao,20,1,3,1,1,25,26,651503,170902,4093,179,0,826678,826678,686245,0,7748,948,2007,694943,696950
port1069,2026-03-02,Qingdao,18,4,5,0,4,27,31,265172,87812,7105,0,0,360091,360091,412735,4331,7314,0,32548,424380,456929
port1069,2026-03-03,Qingdao,22,3,1,0,3,26,29,828844,165637,2368,0,40388,996851,1037240,472862,9611,1065,0,9061,483540,492601
port1069,2026-03-04,Qingdao,13,5,3,1,4,22,26,507983,224198,35846,0,11130,768028,779159,473851,1670,1065,0,3482,476587,480070
port1069,2026-03-05,Qingdao,21,3,4,1,4,29,33,252876,75883,2806,0,0,331566,331566,675491,18280,2602,0,71769,696374,768144
port1069,2026-03-06,Qingdao,24,2,2,1,2,29,31,372314,64649,2368,179,10267,439512,449779,590881,15080,1065,948,65084,607975,673060
port1069,2026-03-07,Qingdao,23,4,4,0,3,31,34,1305266,311337,2514,0,45513,1619117,1664631,341120,6810,9200,0,471,357132,357603
port1069,2026-03-08,Qingdao,27,1,4,1,5,33,38,496252,143830,3148,0,10267,643230,653497,428829,1436,3589,0,69118,433854,502973
port1069,2026-03-09,Qingdao,21,1,3,0,3,25,28,263405,0,2368,0,7024,265774,272799,695695,0,2495,0,5376,698190,703566
port1069,2026-03-10,Qingdao,18,1,4,0,3,23,26,477944,47072,3661,0,2008,528679,530687,448811,0,5182,0,3791,453993,457784
port1069,2026-03-11,Qingdao,13,2,4,1,4,20,24,244191,189737,10658,179,17060,444766,461826,693443,0,3319,948,26240,697712,723952
port1069,2026-03-12,Qingdao,22,1,3,0,2,26,28,872172,172806,9735,0,129992,1054714,1184706,722077,0,5570,0,7134,727648,734783
port1069,2026-03-13,Qingdao,23,4,6,2,3,35,38,1170976,262554,12024,179,0,1445734,1445734,803263,27898,4772,5383,21722,841318,863040
port1069,2026-03-14,Qingdao,26,0,2,0,3,28,31,1078191,0,9666,0,100872,1087857,1188730,768795,0,0,0,963,768795,769759
port1069,2026-03-15,Qingdao,22,3,4,1,5,30,35,817258,227895,2368,179,1758,1047702,1049460,480190,24845,2303,948,37609,508287,545897
port1069,2026-03-16,Qingdao,24,3,3,0,2,30,32,313354,139966,2320,0,169780,455641,625422,1154539,0,798,0,2776,1155337,1158114
port1069,2026-03-17,Qingdao,26,1,3,0,5,30,35,357908,55719,4737,0,16182,418365,434548,618721,4331,2131,0,29768,625184,654952
port1069,2026-03-18,Qingdao,21,1,4,1,5,27,32,287224,0,2944,0,127826,290168,417995,599550,0,3721,828,162410,604099,766510
port1069,2026-03-19,Qingdao,20,1,1,0,4,22,26,133138,216887,19413,0,10267,369438,379706,719917,0,0,0,37478,719917,757396
port1069,2026-03-20,Qingdao,26,1,1,1,4,29,33,308566,19341,0,0,272947,327908,600855,626523,13949,0,320,14029,640793,654823
port1069,2026-03-21,Qingdao,17,2,1,0,2,20,22,311690,128739,0,0,0,440429,440429,490976,4331,1367,0,17000,496674,513674
port1069,2026-03-22,Qingdao,24,4,6,1,4,35,39,277901,122028,27523,1149,737,428602,429340,798606,0,7896,0,50242,806502,856745
port1069,2026-03-23,Qingdao,28,1,1,0,2,30,32,697610,171670,0,0,127194,869280,996475,570099,0,5879,0,8787,575979,584766
port1069,2026-03-24,Qingdao,19,1,4,0,2,24,26,1044716,0,2368,0,5915,1047085,1053000,817714,7222,29367,0,15305,854304,869609
port1069,2026-03-25,Qingdao,13,0,1,1,0,15,15,257319,0,0,1149,0,258468,258468,454397,0,268,0,0,454666,454666
port1069,2026-03-26,Qingdao,18,7,7,0,6,32,38,397409,453985,29878,0,10699,881272,891972,595940,13949,3763,0,18701,613653,632355
port1069,2026-03-27,Qingdao,26,2,3,0,3,31,34,691105,98406,4351,0,5915,793863,799778,773743,4331,391,0,12060,778466,790527
port1069,2026-03-28,Qingdao,25,2,6,0,5,33,38,403402,181665,15409,0,132142,600476,732619,648338,4331,7694,0,35528,660364,695892
port1069,2026-03-29,Qingdao,15,3,3,0,3,21,24,134144,24572,20309,0,2229,179026,181256,903249,0,2707,0,6154,905957,912111
port1069,2026-03-30,Qingdao,24,5,0,0,2,29,31,573495,296444,0,0,0,869940,869940,749477,4331,0,0,26496,753808,780305
port1069,2026-03-31,Qingdao,26,3,3,0,1,32,33,598128,195919,5599,0,0,799647,799647,753037,15385,1755,0,9866,770177,780043
port1069,2026-04-01,Qingdao,8,0,1,0,1,9,10,144972,0,2232,0,0,147205,147205,140440,0,0,0,13900,140440,154341
port1069,2026-04-02,Qingdao,14,3,0,0,1,17,18,1549032,204658,0,0,0,1753690,1753690,405672,0,0,0,0,405672,405672
port1069,2026-04-03,Qingdao,22,2,1,0,1,25,26,231159,22987,2368,0,94559,256515,351074,663492,0,1065,0,0,664558,664558
port1069,2026-04-04,Qingdao,24,3,1,1,5,29,34,1270778,225437,0,0,3619,1496215,1499834,596199,0,2527,0,21473,598726,620200
port1069,2026-04-05,Qingdao,20,4,5,0,3,29,32,1291346,247792,5030,0,0,1544169,1544169,295199,12993,24879,0,10181,333072,343253
port1069,2026-04-06,Qingdao,24,1,6,0,3,31,34,241085,15173,10923,0,12740,267183,279923,1067434,0,5590,0,20286,1073024,1093311
port1069,2026-04-07,Qingdao,25,0,5,0,1,30,31,658242,0,24164,0,3038,682407,685446,532103,0,5963,0,0,538066,538066
port1069,2026-04-08,Qingdao,30,3,4,0,2,37,39,867932,200999,5124,0,13064,1074056,1087121,642367,25347,5033,0,11291,672749,684040
port1069,2026-04-09,Qingdao,20,4,4,0,4,28,32,315264,133225,14543,0,0,463032,463032,425645,34732,2820,0,15112,463198,478310
port1069,2026-04-10,Qingdao,24,4,3,0,2,31,33,747644,63412,5162,0,0,816219,816219,442550,0,1065,0,19486,443616,463102
port1069,2026-04-11,Qingdao,20,4,5,1,2,30,32,303464,252799,7871,0,1630,564134,565765,921424,4331,5235,0,18062,930990,949053
port1069,2026-04-12,Qingdao,25,4,1,0,2,30,32,459427,88403,0,0,0,547831,547831,856114,188808,2715,0,6029,1047638,1053668
port1069,2026-04-13,Qingdao,22,2,2,0,3,26,29,325484,98817,2368,0,273770,426671,700441,481651,0,8210,0,2395,489862,492257
port1069,2026-04-14,Qingdao,20,1,5,0,3,26,29,387919,0,357,0,16182,388277,404459,753876,10467,20097,0,16667,784441,801109
port1069,2026-04-15,Qingdao,23,4,4,0,7,31,38,767143,63948,10937,0,113552,842029,955581,510604,44412,5383,0,27570,560400,587970
port1069,2026-04-16,Qingdao,20,3,2,0,2,25,27,238818,135184,8320,0,737,382323,383061,448054,104650,0,0,19126,552705,571831
port1069,2026-04-17,Qingdao,21,1,0,1,4,23,27,30777,85290,0,157,126899,116225,243124,945131,0,0,1216,56720,946347,1003067
port1069,2026-04-18,Qingdao,4,0,0,0,1,4,5,54316,0,0,0,98073,54316,152389,57734,0,0,0,0,57734,57734
port1069,2026-04-19,Qingdao,19,4,5,0,2,28,30,30777,234054,1241,0,0,266073,266073,668929,45850,3614,0,7713,718394,726108
port1069,2026-04-20,Qingdao,21,5,3,1,5,30,35,278958,295569,3007,0,107995,577536,685531,907388,0,1601,0,51401,908989,960390
port1069,2026-04-21,Qingdao,26,5,5,0,4,36,40,510294,354839,38815,0,116632,903949,1020581,617615,8662,3223,0,57141,629501,686642
port1069,2026-04-22,Qingdao,26,1,4,0,5,31,36,805879,21802,3106,0,0,830788,830788,581598,0,2095,0,25909,583693,609603
port1069,2026-04-23,Qingdao,31,3,1,0,2,35,37,691225,304090,0,0,0,995316,995316,980151,0,1386,0,17754,981537,999291
port1069,2026-04-24,Qingdao,21,3,6,1,3,31,34,349778,55719,12605,0,10267,418104,428371,542916,82223,4714,0,17020,629854,646874
port1069,2026-04-25,Qingdao,21,4,3,0,3,28,31,138111,233939,0,0,0,372051,372051,589925,0,8832,0,12671,598757,611428
port1069,2026-04-26,Qingdao,24,3,2,2,3,31,34,319501,170673,1593,157,10440,491925,502365,752430,7454,2522,1216,3601,763623,767225
port1069,2026-04-27,Qingdao,22,4,5,0,3,31,34,522758,260551,8237,0,106351,791547,897898,819355,4331,8458,0,8956,832145,841101
port1069,2026-04-28,Qingdao,22,0,4,0,3,26,29,623382,0,11199,0,10267,634582,644849,836777,0,6878,0,11643,843655,855298
port1069,2026-04-29,Qingdao,23,5,3,0,2,31,33,61554,302201,0,0,0,363756,363756,849391,40960,10265,0,12127,900617,912744
port1069,2026-04-30,Qingdao,23,3,3,0,7,29,36,382616,202580,2999,0,128825,588196,717022,635661,6640,4746,0,21101,647048,668149
port1069,2026-05-01,Qingdao,23,1,4,0,5,28,33,106187,87756,2248,0,36727,196192,232919,757887,0,6197,0,17184,764085,781269
port1069,2026-05-02,Qingdao,26,2,4,0,2,32,34,218731,199374,13705,0,0,431811,431811,981253,14767,2131,0,13708,998152,1011861
port1069,2026-05-03,Qingdao,11,1,2,0,0,14,14,405161,1478,4525,0,0,411165,411165,308537,0,1065,0,0,309603,309603
port1069,2026-05-04,Qingdao,21,1,4,0,4,26,30,253830,173532,10153,0,3027,437515,440543,831078,0,4238,0,25490,835317,860807
port1069,2026-05-05,Qingdao,25,2,3,0,2,30,32,375990,203272,3100,0,127194,582363,709558,722769,17764,4675,0,9854,745208,755063
port1069,2026-05-06,Qingdao,24,2,3,0,5,29,34,377281,165602,0,0,1758,542883,544642,769253,0,5599,0,18093,774852,792945
port1069,2026-05-07,Qingdao,23,4,3,0,2,30,32,884687,258235,6566,0,0,1149489,1149489,467018,0,4897,0,8888,471916,480804
port1069,2026-05-08,Qingdao,28,1,1,1,1,31,32,132182,0,0,157,0,132340,132340,655091,0,2365,1216,7152,658673,665825
port1069,2026-05-09,Qingdao,19,5,6,0,5,30,35,189441,216499,16547,0,196664,422487,619152,300842,11327,10529,0,33106,322700,355806
port1069,2026-05-10,Qingdao,28,1,1,1,2,31,33,555493,22578,7519,0,8562,585591,594154,858497,0,0,1761,5778,860259,866037
port1069,2026-05-11,Qingdao,19,4,0,0,2,23,25,190130,338356,0,0,0,528487,528487,585577,4331,0,0,5288,589908,595197
port1069,2026-05-12,Qingdao,2,1,1,0,0,4,4,0,0,0,0,0,0,0,164609,97079,2719,0,0,264408,264408
port1069,2026-05-13,Qingdao,21,1,5,0,8,27,35,333543,13213,33476,0,168987,380234,549222,805664,0,7037,0,16887,812701,829589
port1069,2026-05-14,Qingdao,27,4,2,0,5,33,38,846543,62878,2923,0,122340,912344,1034684,660454,19340,2157,0,24646,681952,706599
port1069,2026-05-15,Qingdao,23,5,6,2,3,36,39,2220414,336756,7051,157,0,2564380,2564380,418937,4331,8777,1788,23859,433834,457694
port1069,2026-05-16,Qingdao,14,1,0,0,0,15,15,585452,27095,0,0,0,612547,612547,441826,0,0,0,0,441826,441826
port1069,2026-05-17,Qingdao,15,3,1,1,1,20,21,405054,266656,0,3419,0,675130,675130,420907,0,2284,0,484,423191,423676
port1069,2026-05-18,Qingdao,20,4,4,1,2,29,31,464315,73195,4598,0,0,542108,542108,532350,4331,8136,572,12573,545390,557964
port1069,2026-05-19,Qingdao,21,1,6,0,5,28,33,321149,72192,16940,0,234245,410282,644528,697342,0,2565,0,21907,699908,721815
port1069,2026-05-20,Qingdao,21,4,3,0,4,28,32,767704,122048,17784,0,40388,907538,947926,598478,0,3309,0,7248,601787,609035
port1069,2026-05-21,Qingdao,18,2,6,1,3,27,30,66091,89912,14650,0,10267,170655,180922,653648,4331,8245,286,14978,666510,681488
port1069,2026-05-22,Qingdao,26,3,2,0,4,31,35,808091,236763,416,0,0,1045270,1045270,640787,4331,2157,0,21259,647276,668535
port1069,2026-05-23,Qingdao,12,3,1,0,1,16,17,66091,64670,0,0,4054,130762,134816,226782,0,2181,0,0,228963,228963
port1069,2026-05-24,Qingdao,24,2,2,1,3,29,32,164608,87523,13209,157,0,265498,265498,934160,0,583,1216,23870,935960,959830
port1069,2026-05-25,Qingdao,12,2,5,0,3,19,22,33045,143830,10019,0,239975,186895,426870,480016,38830,3785,0,9233,522632,531866
port1069,2026-05-26,Qingdao,3,1,2,0,2,6,8,642996,166226,3728,0,0,812951,812951,121239,0,5812,0,5495,127052,132547
port1069,2026-05-27,Qingdao,25,6,4,0,4,35,39,605263,376095,7682,0,80737,989040,1069777,607539,8662,2043,0,33874,618245,652120
port1069,2026-05-28,Qingdao,30,2,1,1,2,34,36,423386,149313,0,157,11268,572857,584125,847646,1436,5937,1216,1070,856236,857306
port1069,2026-05-29,Qingdao,23,5,1,0,5,29,34,148457,255821,1359,0,127932,405638,533570,931033,12993,4746,0,38922,948772,987695
port1073,2025-12-21,Qiwei,0,5,2,0,0,7,7,0,72782,2301,0,0,75084,75084,0,13595,2335,0,0,15931,15931
port1073,2025-12-22,Qiwei,0,5,3,0,9,8,17,0,161727,3731,0,31091,165458,196550,0,5212,5567,0,3572,10780,14353
port1073,2025-12-23,Qiwei,1,12,3,0,6,16,22,1224,309441,4047,0,16536,314713,331250,0,10424,0,0,755,10424,11180
port1073,2025-12-24,Qiwei,1,9,3,0,3,13,16,1386,169536,21607,0,6611,192530,199142,649,4446,2700,0,1152,7797,8950
port1073,2025-12-25,Qiwei,0,11,2,0,7,13,20,0,268600,6453,0,19232,275053,294286,0,16392,0,0,3059,16392,19451
port1073,2025-12-26,Qiwei,0,5,3,0,4,8,12,0,116016,1865,0,10005,117881,127886,0,17853,3902,0,896,21756,22652
port1073,2025-12-27,Qiwei,0,16,6,0,4,22,26,0,447230,9327,0,20995,456557,477553,0,25191,10127,0,781,35319,36100
port1073,2025-12-28,Qiwei,0,1,1,0,1,2,3,0,28670,0,0,3540,28670,32211,0,1737,0,0,781,1737,2518
port1073,2025-12-29,Qiwei,1,8,6,0,9,15,24,0,195243,7644,0,53878,202888,256766,0,10897,4568,0,4648,15466,20114
port1073,2025-12-30,Qiwei,1,13,4,0,6,18,24,0,378347,7462,0,47282,385809,433091,0,36009,5076,0,15730,41085,56816
port1073,2025-12-31,Qiwei,0,10,1,0,4,11,15,0,155403,1865,0,3754,157269,161024,0,6949,1269,0,2036,8218,10254
port1073,2026-01-01,Qiwei,1,7,1,0,3,9,12,0,166743,0,0,10987,166743,177730,0,36817,369,0,781,37186,37967
port1073,2026-01-02,Qiwei,1,5,0,0,4,6,10,0,143900,0,0,12970,143900,156870,3060,4446,0,0,2431,7507,9939
port1073,2026-01-03,Qiwei,0,12,1,0,4,13,17,0,377351,1983,0,10151,379335,389486,0,6184,761,0,1933,6945,8879
port1073,2026-01-04,Qiwei,0,2,3,0,2,5,7,0,44323,3731,0,4844,48054,52899,0,971,3294,0,781,4266,5047
port1073,2026-01-05,Qiwei,0,13,2,0,5,15,20,0,314934,22185,0,24894,337119,362013,0,11396,1269,0,1562,12665,14227
port1073,2026-01-06,Qiwei,0,11,2,0,8,13,21,0,354137,9549,0,27597,363686,391283,0,10631,1269,0,8283,11900,20184
port1073,2026-01-07,Qiwei,0,10,4,0,7,14,21,0,308961,16484,0,17871,325445,343317,0,6949,2030,0,1755,8979,10735
port1073,2026-01-08,Qiwei,0,11,5,0,7,16,23,0,507233,7462,0,22223,514695,536919,0,10424,5444,0,3992,15868,19861
port1073,2026-01-09,Qiwei,0,11,6,0,4,17,21,0,473045,8417,0,9137,481463,490601,0,7156,3807,0,1626,10963,12589
port1073,2026-01-10,Qiwei,0,13,1,0,5,14,19,0,309848,1865,0,35284,311714,346999,0,16183,1269,0,3594,17452,21047
port1073,2026-01-11,Qiwei,0,4,1,0,1,5,6,0,97534,1865,0,1204,99400,100604,0,12225,1269,0,0,13494,13494
port1073,2026-01-12,Qiwei,2,10,1,0,1,13,14,1224,277385,0,0,0,278609,278609,0,17577,0,0,0,17577,17577
port1073,2026-01-13,Qiwei,0,5,2,0,3,7,10,0,161457,0,0,10651,161457,172108,0,28965,4043,0,1536,33009,34545
port1073,2026-01-14,Qiwei,0,10,1,0,4,11,15,0,271565,1983,0,13029,273548,286578,0,7921,761,0,2476,8682,11159
port1073,2026-01-15,Qiwei,0,7,2,0,4,9,13,0,247737,3155,0,11059,250892,261951,0,6184,761,0,781,6945,7726
port1073,2026-01-16,Qiwei,0,1,0,0,1,1,2,0,30784,0,0,3540,30784,34324,0,971,0,0,781,971,1752
port1073,2026-01-17,Qiwei,1,8,2,0,2,11,13,0,169831,7899,0,3071,177731,180802,0,6949,0,0,1101,6949,8050
port1073,2026-01-18,Qiwei,1,7,4,0,0,12,12,0,175730,5082,0,0,180813,180813,0,3681,5435,0,0,9117,9117
port1073,2026-01-19,Qiwei,0,8,4,0,5,12,17,0,226168,26033,0,29131,252202,281334,0,6184,3299,0,781,9483,10264
port1073,2026-01-20,Qiwei,1,10,3,0,6,14,20,1002,353984,3731,0,21506,358718,380225,0,8687,6956,0,2343,15643,17986
port1073,2026-01-21,Qiwei,0,6,1,0,4,7,11,0,156924,9803,0,20942,166728,187671,0,6184,0,0,1933,6184,8117
port1073,2026-01-22,Qiwei,0,9,4,0,5,13,18,0,203331,5710,0,13222,209042,222265,0,30388,3603,0,2429,33992,36421
port1073,2026-01-23,Qiwei,0,9,5,0,6,14,20,0,303453,8922,0,28517,312375,340893,0,3474,4173,0,1708,7648,9356
port1073,2026-01-24,Qiwei,0,12,4,0,2,16,18,0,242949,7456,0,7111,250405,257517,0,5418,3807,0,755,9225,9981
port1073,2026-01-25,Qiwei,0,4,2,0,3,6,9,0,124686,3731,0,10620,128417,139038,0,1737,2538,0,2343,4275,6618
port1073,2026-01-26,Qiwei,0,10,2,0,7,12,19,0,207071,9282,0,24698,216353,241052,0,9231,1269,0,4225,10500,14726
port1073,2026-01-27,Qiwei,0,11,7,0,8,18,26,0,370305,10340,0,31913,380646,412559,0,3681,8096,0,1152,11778,12930
port1073,2026-01-28,Qiwei,2,14,3,0,6,19,25,2773,388658,6822,0,30341,398254,428595,1299,13133,761,0,1010,15194,16205
port1073,2026-01-29,Qiwei,0,9,5,0,3,14,17,0,176746,6029,0,9613,182776,192390,0,8425,5578,0,781,14003,14784
port1073,2026-01-30,Qiwei,0,9,2,0,6,11,17,0,303873,1865,0,18637,305738,324376,0,39501,1269,0,21484,40770,62255
port1073,2026-01-31,Qiwei,0,8,4,0,4,12,16,0,404638,2341,0,9136,406979,416116,0,3474,4020,0,1562,7495,9057
port1073,2026-02-01,Qiwei,0,7,1,0,1,8,9,0,173712,1865,0,3540,175577,179117,0,1737,1269,0,781,3006,3787
port1073,2026-02-02,Qiwei,0,10,0,0,4,10,14,0,233685,0,0,11647,233685,245333,0,5418,0,0,0,5418,5418
port1073,2026-02-03,Qiwei,1,13,4,0,6,18,24,22320,170096,3633,0,13119,196051,209170,0,27988,3730,0,371,31718,32089
port1073,2026-02-04,Qiwei,0,6,3,0,1,9,10,0,213484,7722,0,2328,221206,223535,0,3474,2538,0,115,6012,6128
port1073,2026-02-05,Qiwei,1,9,6,0,1,16,17,0,288661,6343,0,3540,295005,298545,2286,5212,3802,0,781,11300,12081
port1073,2026-02-06,Qiwei,0,7,1,0,3,8,11,0,189142,82,0,9724,189225,198949,0,3474,1148,0,0,4623,4623
port1073,2026-02-07,Qiwei,1,7,4,0,6,12,18,0,33260,13468,0,15564,46728,62293,0,5905,1269,0,4729,7175,11904
port1073,2026-02-08,Qiwei,0,2,0,0,1,2,3,0,17320,0,0,2328,17320,19649,0,0,0,0,115,0,115
port1073,2026-02-09,Qiwei,0,13,3,0,2,16,18,0,287716,5596,0,6611,293312,299924,0,8687,3807,0,1152,12494,13646
port1073,2026-02-10,Qiwei,2,7,2,0,8,11,19,1386,99949,0,0,24978,101336,126314,1396,54545,8704,0,2804,64646,67451
port1073,2026-02-11,Qiwei,0,9,5,0,6,14,20,0,436026,5832,0,20341,441858,462200,0,6190,5730,0,781,11921,12702
port1073,2026-02-12,Qiwei,1,5,3,0,6,9,15,0,80425,3848,0,29891,84273,114165,2967,31425,7459,0,1164,41852,43017
port1073,2026-02-13,Qiwei,0,9,3,0,1,12,13,0,221656,26903,0,3071,248559,251630,0,7921,0,0,371,7921,8293
port1073,2026-02-14,Qiwei,1,12,3,0,7,16,23,2285,399136,4049,0,13289,405471,418760,0,6949,4112,0,7811,11062,18874
port1073,2026-02-15,Qiwei,0,4,2,0,1,6,7,0,83403,3731,0,2328,87134,89463,0,14204,2538,0,115,16742,16857
port1073,2026-02-16,Qiwei,1,5,1,0,2,7,9,1386,104101,1865,0,5985,107354,113339,649,26688,1269,0,383,28607,28991
port1073,2026-02-17,Qiwei,0,10,1,0,3,11,14,0,259833,0,0,9711,259833,269545,0,9515,7853,0,1279,17369,18648
port1073,2026-02-18,Qiwei,0,9,2,0,6,11,17,0,211037,3731,0,29185,214768,243954,0,48546,2538,0,1152,51084,52236
port1073,2026-02-19,Qiwei,0,8,1,0,3,9,12,0,160899,0,0,11396,160899,172296,0,6398,269,0,781,6667,7448
port1073,2026-02-20,Qiwei,1,6,1,0,2,8,10,990,141033,3013,0,6368,145037,151406,0,4446,0,0,499,4446,4946
port1073,2026-02-21,Qiwei,0,2,5,0,6,7,13,0,28670,12784,0,17397,41455,58852,0,1737,13322,0,1562,15059,16621
port1073,2026-02-22,Qiwei,1,4,2,0,1,7,8,1386,107166,3731,0,0,112284,112284,649,36872,2538,0,0,40060,40060
port1073,2026-02-23,Qiwei,0,5,4,0,2,9,11,0,124950,7462,0,10022,132412,142435,0,2709,5076,0,781,7785,8566
port1073,2026-02-24,Qiwei,0,7,2,0,4,9,13,0,202192,1865,0,17385,204058,221443,0,6184,1269,0,1280,7453,8733
port1073,2026-02-25,Qiwei,0,5,4,0,7,9,16,0,132441,3731,0,24146,136172,160319,0,3474,15764,0,4856,19239,24095
port1073,2026-02-26,Qiwei,1,12,4,0,4,17,21,0,221398,5708,0,42459,227107,269567,1513,8986,4297,0,1164,14797,15962
port1073,2026-02-27,Qiwei,0,6,1,0,5,7,12,0,197765,1865,0,25442,199631,225073,0,0,1269,0,2317,1269,3586
port1073,2026-02-28,Qiwei,0,9,4,0,5,13,18,0,203832,30791,0,22450,234624,257075,0,3243,10919,0,371,14163,14534
port1073,2026-03-01,Qiwei,0,0,6,0,2,6,8,0,0,3731,0,7080,3731,10811,0,0,23711,0,1562,23711,25273
port1073,2026-03-02,Qiwei,1,5,3,0,7,9,16,0,174809,9103,0,37841,183912,221754,2444,1737,9878,0,781,14059,14841
port1073,2026-03-03,Qiwei,1,11,5,0,1,17,18,0,299660,6550,0,3540,306210,309750,0,3474,2030,0,781,5505,6286
port1073,2026-03-04,Qiwei,1,4,1,0,5,6,11,0,76462,0,0,11330,76462,87793,0,37987,4297,0,2804,42285,45089
port1073,2026-03-05,Qiwei,1,8,2,0,2,11,13,0,258314,10243,0,6611,268557,275169,0,8687,761,0,1152,9448,10601
port1073,2026-03-06,Qiwei,0,9,2,0,5,11,16,0,215560,1865,0,20546,217425,237972,0,5212,4206,0,8607,9419,18027
port1073,2026-03-07,Qiwei,0,5,2,0,6,7,13,0,152183,3268,0,18892,155451,174343,0,3681,1269,0,2329,4950,7280
port1073,2026-03-08,Qiwei,0,5,0,0,0,5,5,0,77361,0,0,0,77361,77361,0,3474,0,0,0,3474,3474
port1073,2026-03-09,Qiwei,0,7,2,0,3,9,12,0,112761,8563,0,17386,121324,138710,0,18903,135,0,781,19038,19819
port1073,2026-03-10,Qiwei,2,7,5,0,6,14,20,0,172621,4711,0,38581,177332,215914,6797,2709,8755,0,4450,18262,22713
port1073,2026-03-11,Qiwei,1,8,1,0,8,10,18,1513,219523,1865,0,18949,222902,241852,0,8893,1269,0,35283,10162,45445
port1073,2026-03-12,Qiwei,0,4,5,0,4,9,13,0,114475,31929,0,11559,146404,157964,0,3474,1522,0,371,4997,5368
port1073,2026-03-13,Qiwei,0,11,4,0,7,15,22,0,339623,3848,0,21539,343472,365012,0,3474,2651,0,10849,6126,16976
port1073,2026-03-14,Qiwei,0,14,4,0,6,18,24,0,323240,6558,0,15210,329799,345010,0,21842,2538,0,3098,24380,27479
port1073,2026-03-15,Qiwei,0,8,3,0,1,11,12,0,210348,1865,0,3540,212214,215754,0,10631,2808,0,781,13439,14220
port1073,2026-03-16,Qiwei,1,7,6,0,3,14,17,0,196947,5845,0,8303,202793,211096,434,9659,5610,0,1152,15704,16856
port1073,2026-03-17,Qiwei,1,7,2,0,7,10,17,0,102268,2741,0,28069,105010,133079,0,3474,0,0,5990,3474,9464
port1073,2026-03-18,Qiwei,0,7,1,0,5,8,13,0,251941,1865,0,11607,253807,265415,0,5212,1269,0,1638,6481,8119
port1073,2026-03-19,Qiwei,0,6,2,0,3,8,11,0,113588,1865,0,7937,115453,123391,0,31049,2187,0,230,33237,33467
port1073,2026-03-20,Qiwei,0,10,2,0,6,12,18,0,346560,3731,0,21197,350291,371488,0,20607,2538,0,8104,23145,31250
port1073,2026-03-21,Qiwei,0,6,2,0,3,8,11,0,70835,0,0,7651,70835,78486,0,1737,88,0,1152,1825,2978
port1073,2026-03-22,Qiwei,0,6,4,0,2,10,12,0,116797,6372,0,3540,123169,126709,0,10093,2538,0,9643,12631,22275
port1073,2026-03-23,Qiwei,1,6,3,0,2,10,12,0,120230,9519,0,6611,129750,136361,1183,6184,1269,0,1152,8636,9789
port1073,2026-03-24,Qiwei,1,9,1,0,12,11,23,0,150970,1516,0,43618,152487,196106,4264,19987,0,0,10889,24252,35142
port1073,2026-03-25,Qiwei,1,11,4,0,3,16,19,1386,367650,4167,0,12194,373204,385398,649,10424,5569,0,2886,16643,19530
port1073,2026-03-26,Qiwei,0,6,4,0,2,10,12,0,134354,2616,0,7111,136971,144082,0,4446,1820,0,755,6267,7022
port1073,2026-03-27,Qiwei,0,13,1,0,3,14,17,0,327053,1865,0,8290,328918,337208,0,8687,1269,0,781,9956,10737
port1073,2026-03-28,Qiwei,0,4,2,0,2,6,8,0,114683,3731,0,5661,118414,124076,0,6949,2538,0,0,9487,9487
port1073,2026-03-29,Qiwei,0,7,3,0,0,10,10,0,88126,8031,0,0,96157,96157,0,71426,2538,0,0,73964,73964
port1073,2026-03-30,Qiwei,2,7,2,0,5,11,16,0,186022,3412,0,15477,189435,204912,1515,8734,2321,0,3124,12572,15696
port1073,2026-03-31,Qiwei,2,9,1,0,6,12,18,1386,203173,0,0,10810,204559,215370,3105,6949,456,0,3123,10512,13635
port1073,2026-04-01,Qiwei,0,7,3,0,3,10,13,0,196250,11631,0,7703,207881,215585,0,5418,2538,0,4146,7956,12103
port1073,2026-04-02,Qiwei,0,13,2,0,4,15,19,0,293630,1983,0,6730,295613,302343,0,81360,943,0,3525,82304,85829
port1073,2026-04-03,Qiwei,0,10,1,0,6,11,17,0,200670,1983,0,23102,202654,225756,0,3474,761,0,2622,4236,6858
port1073,2026-04-04,Qiwei,1,1,4,0,1,6,7,146,44932,3731,0,3540,48810,52350,0,0,4557,0,781,4557,5338
port1073,2026-04-05,Qiwei,0,5,1,0,3,6,9,0,132737,2845,0,9591,135583,145174,0,1943,0,0,371,1943,2315
port1073,2026-04-06,Qiwei,0,14,3,0,7,17,24,0,301477,16235,0,39839,317713,357552,0,44318,0,0,2820,44318,47138
port1073,2026-04-07,Qiwei,1,10,3,0,3,14,17,0,221089,1865,0,9105,222955,232061,0,3474,10450,0,755,13925,14680
port1073,2026-04-08,Qiwei,0,6,2,0,2,8,10,0,230501,0,0,7080,230501,237581,0,1737,3053,0,1562,4790,6352
port1073,2026-04-09,Qiwei,2,13,7,0,4,22,26,1386,362566,8215,0,12657,372169,384827,649,8893,4568,0,781,14111,14892
port1073,2026-04-10,Qiwei,0,9,2,0,7,11,18,0,192061,0,0,29923,192061,221984,0,5212,6781,0,115,11993,12109
port1073,2026-04-11,Qiwei,0,8,1,0,5,9,14,0,155673,0,0,15726,155673,171400,0,3393,8931,0,1933,12324,14258
port1073,2026-04-12,Qiwei,0,10,0,0,4,10,14,0,237709,0,0,28108,237709,265818,0,43828,0,0,1164,43828,44993
port1073,2026-04-13,Qiwei,1,4,2,0,4,7,11,0,103665,1865,0,9478,105530,115009,0,2709,3787,0,49120,6497,55617
port1073,2026-04-14,Qiwei,1,6,3,0,2,10,12,0,84783,1865,0,7580,86649,94229,1032,19370,1677,0,1164,22080,23245
port1073,2026-04-15,Qiwei,2,11,3,0,3,16,19,25466,310702,3848,0,9331,340018,349350,649,11360,2183,0,1152,14193,15346
port1073,2026-04-16,Qiwei,2,8,4,0,3,14,17,1279,119235,2184,0,0,122699,122699,0,5212,4203,0,4178,9416,13594
port1073,2026-04-17,Qiwei,0,7,4,0,6,11,17,0,171789,5596,0,21823,177385,199209,0,1943,17987,0,2860,19931,22791
port1073,2026-04-18,Qiwei,1,8,3,0,7,12,19,0,189494,1865,0,7160,191360,198520,1181,6184,18972,0,13192,26337,39530
port1073,2026-04-19,Qiwei,0,5,0,0,1,5,6,0,118910,0,0,0,118910,118910,0,11143,0,0,2850,11143,13993
port1073,2026-04-20,Qiwei,0,6,1,0,5,7,12,0,109977,318,0,14446,110295,124741,0,3474,1574,0,1524,5049,6573
port1073,2026-04-21,Qiwei,2,11,12,0,5,25,30,1386,335700,18594,0,9801,355681,365483,2278,5418,15306,0,3186,23004,26190
port1073,2026-04-22,Qiwei,1,3,1,0,4,5,9,0,52090,1865,0,18335,53956,72291,0,8197,1269,0,781,9466,10247
port1073,2026-04-23,Qiwei,0,5,3,0,5,8,13,0,123950,3149,0,5399,127100,132500,0,3474,1717,0,5989,5192,11182
port1073,2026-04-24,Qiwei,0,10,6,0,4,16,20,0,176612,7097,0,12830,183710,196540,0,52547,4052,0,2343,56600,58943
port1073,2026-04-25,Qiwei,0,12,2,0,1,14,15,0,257603,4126,0,3540,261729,265269,0,6949,1269,0,781,8218,8999
port1073,2026-04-26,Qiwei,0,4,3,0,3,7,10,0,126537,13598,0,11957,140136,152093,0,2709,1269,0,1152,3978,5131
port1073,2026-04-27,Qiwei,1,9,3,0,4,13,17,146,276454,0,0,3122,276600,279723,0,8128,10626,0,8669,18754,27423
port1073,2026-04-28,Qiwei,0,4,1,0,1,5,6,0,88270,0,0,0,88270,88270,0,0,0,0,3737,0,3737
port1073,2026-04-29,Qiwei,1,5,3,0,3,9,12,0,115395,24050,0,11884,139446,151331,1024,26576,2538,0,781,30139,30920
port1073,2026-04-30,Qiwei,0,6,0,0,0,6,6,0,367177,0,0,0,367177,367177,0,3681,0,0,0,3681,3681
port1073,2026-05-01,Qiwei,0,9,2,0,4,11,15,0,208969,0,0,36698,208969,245667,0,5212,2754,0,371,7966,8338
port1073,2026-05-02,Qiwei,0,5,5,0,3,10,13,0,108614,11628,0,6611,120243,126854,0,1737,6187,0,1736,7925,9662
port1073,2026-05-03,Qiwei,1,3,1,0,0,5,5,291,113035,1865,0,0,115192,115192,0,2709,1269,0,0,3978,3978
port1073,2026-05-04,Qiwei,0,1,4,0,2,5,7,0,0,3848,0,3071,3848,6920,0,0,8344,0,4822,8344,13167
port1073,2026-05-05,Qiwei,1,7,4,0,3,12,15,1386,189324,6647,0,28861,197359,226220,649,3474,2881,0,383,7005,7389
port1073,2026-05-06,Qiwei,0,6,0,0,1,6,7,0,159130,0,0,0,159130,159130,0,6184,0,0,1700,6184,7884
port1073,2026-05-07,Qiwei,0,7,1,0,4,8,12,0,157733,0,0,6145,157733,163878,0,5212,4597,0,781,9809,10590
port1073,2026-05-08,Qiwei,0,4,3,0,1,7,8,0,144600,9959,0,3071,154559,157631,0,3474,1815,0,371,5290,5662
port1073,2026-05-09,Qiwei,0,5,2,0,4,7,11,0,90820,3731,0,9921,94551,104473,0,3681,2538,0,8654,6219,14873
port1073,2026-05-10,Qiwei,0,4,4,0,3,8,11,0,118910,3731,0,11571,122641,134213,0,5418,9507,0,2753,14926,17680
port1073,2026-05-11,Qiwei,0,3,4,0,3,7,10,0,76501,4589,0,6027,81091,87118,0,2709,9305,0,371,12015,12386
port1073,2026-05-12,Qiwei,1,6,2,0,1,9,10,0,88007,3731,0,3540,91738,95279,1855,1737,2538,0,781,6131,6912
port1073,2026-05-13,Qiwei,1,3,1,0,1,5,6,1386,91617,7420,0,2329,100424,102754,649,971,0,0,0,1621,1621
port1073,2026-05-14,Qiwei,0,6,2,0,2,8,10,0,178506,7612,0,0,186118,186118,0,1737,1269,0,7233,3006,10239
port1073,2026-05-15,Qiwei,1,7,2,0,1,10,11,0,143010,1865,0,2078,144876,146955,146,4446,1636,0,0,6229,6229
port1073,2026-05-16,Qiwei,1,10,1,0,2,12,14,0,254187,7420,0,6836,261607,268443,2315,8018,0,0,371,10333,10705
port1073,2026-05-17,Qiwei,0,2,2,0,1,4,5,0,28670,1865,0,0,30536,30536,0,1737,5632,0,729,7370,8099
port1073,2026-05-18,Qiwei,1,4,5,0,3,10,13,149,94856,26342,0,8435,121349,129784,11562,5212,2030,0,383,18804,19188
port1073,2026-05-19,Qiwei,2,8,4,0,2,14,16,0,212115,3099,0,1042,215214,216257,1441,4446,2839,0,1535,8727,10263
port1073,2026-05-20,Qiwei,0,6,1,0,4,7,11,0,186035,3186,0,15975,189221,205197,0,6184,0,0,1266,6184,7451
port1073,2026-05-21,Qiwei,0,6,5,0,3,11,14,0,161569,11886,0,7149,173456,180606,0,5418,11035,0,6937,16453,23391
port1073,2026-05-22,Qiwei,0,4,2,0,4,6,10,0,77834,1865,0,6722,79699,86422,0,3474,2307,0,1684,5782,7467
port1073,2026-05-23,Qiwei,0,10,3,0,2,13,15,0,259449,3731,0,3540,263180,266720,0,8893,2538,0,781,11431,12212
port1073,2026-05-24,Qiwei,1,3,1,0,3,5,8,0,57341,29900,0,7080,87242,94322,255,4001,0,0,1562,4257,5819
port1073,2026-05-25,Qiwei,0,4,3,0,0,7,7,0,100459,15869,0,0,116328,116328,0,0,1269,0,0,1269,1269
port1073,2026-05-26,Qiwei,0,1,1,0,2,2,4,0,28670,0,0,522,28670,29193,0,1737,1862,0,775,3600,4375
port1073,2026-05-27,Qiwei,3,14,5,1,6,23,29,29013,416364,6410,0,10297,451787,462085,14652,11396,18994,0,7384,45043,52427
port1073,2026-05-28,Qiwei,0,8,5,0,3,13,16,0,182980,2823,0,5404,185803,191208,0,6184,5630,0,729,11814,12543
port1073,2026-05-29,Qiwei,0,5,3,1,7,9,16,0,121475,5596,0,18827,127072,145899,0,0,3807,0,2280,3807,6087
port1114,2025-12-21,Rotterdam,13,1,9,8,34,31,65,93092,13108,16269,1361,163167,123831,286999,80911,0,4991,2474,56210,88377,144588
port1114,2025-12-22,Rotterdam,19,3,11,4,52,37,89,397212,70987,8511,2987,457823,479699,937522,76041,0,6028,4316,68616,86385,155002
port1114,2025-12-23,Rotterdam,13,4,12,8,32,37,69,31359,287106,8291,575,127183,327333,454516,146108,0,6980,3570,79352,156659,236012
port1114,2025-12-24,Rotterdam,10,0,4,6,46,20,66,26932,0,223,575,379147,27730,406878,34939,0,3794,3570,71710,42303,114013
port1114,2025-12-25,Rotterdam,4,2,8,1,40,15,55,7286,118832,2237,0,517129,128356,645486,5537,0,4901,0,92225,10438,102664
port1114,2025-12-26,Rotterdam,14,3,3,2,42,22,64,424816,178488,12662,643,224515,616610,841125,77023,3116,1996,0,176106,82136,258242
port1114,2025-12-27,Rotterdam,16,5,11,1,49,33,82,50277,177188,7492,0,592192,234958,827151,62096,6803,3834,0,162680,72734,235414
port1114,2025-12-28,Rotterdam,17,3,9,7,30,36,66,174207,181100,7028,3992,370383,366328,736712,57295,0,9316,1190,57889,67802,125692
port1114,2025-12-29,Rotterdam,19,5,7,5,44,36,80,224345,145788,17733,2908,617726,390774,1008501,127896,6233,5502,1701,65181,141334,206515
port1114,2025-12-30,Rotterdam,16,0,6,7,41,29,70,126523,0,1396,575,298896,128496,427392,198085,0,7948,3570,78096,209604,287700
port1114,2025-12-31,Rotterdam,14,5,11,8,42,38,80,79381,109325,11441,0,486440,200148,686588,151901,114282,7901,3217,128374,277303,405677
port1114,2026-01-01,Rotterdam,9,2,19,1,44,31,75,163711,109129,27241,191,793216,300274,1093491,24280,0,15819,1190,67441,41290,108731
port1114,2026-01-02,Rotterdam,6,0,7,2,31,15,46,48223,0,2557,0,281532,50780,332313,6161,0,5621,0,105044,11782,116827
port1114,2026-01-03,Rotterdam,10,1,6,4,34,21,55,167101,29020,7594,383,185691,204099,389790,26766,0,546,4279,138334,31592,169927
port1114,2026-01-04,Rotterdam,16,2,15,5,27,38,65,108040,215990,7851,3775,202683,335658,538342,35451,0,12793,2681,35697,50926,86624
port1114,2026-01-05,Rotterdam,20,2,10,6,49,38,87,72148,77105,4446,2683,420361,156384,576745,172328,0,2529,2380,99807,177237,277044
port1114,2026-01-06,Rotterdam,23,4,9,6,55,42,97,479226,266016,3242,0,554132,748485,1302618,182951,0,7625,7892,135858,198469,334328
port1114,2026-01-07,Rotterdam,13,5,14,5,51,37,88,122980,134392,2035,191,225855,259599,485454,91641,53759,18759,4306,141518,168467,309986
port1114,2026-01-08,Rotterdam,16,2,12,4,41,34,75,20212,32603,11128,0,513675,63944,577620,134468,0,7729,6348,113126,148546,261673
port1114,2026-01-09,Rotterdam,13,2,8,7,50,30,80,85898,63578,2142,0,280230,151619,431849,62756,26693,7031,5880,141627,102361,243988
port1114,2026-01-10,Rotterdam,20,1,4,7,36,32,68,158728,0,669,0,431002,159398,590401,132399,0,2098,0,111091,134498,245589
port1114,2026-01-11,Rotterdam,17,4,11,5,32,37,69,41743,110610,14790,1912,233930,169056,402986,82007,0,6850,1379,141323,90238,231561
port1114,2026-01-12,Rotterdam,19,3,10,9,40,41,81,134836,181115,2500,3483,171237,321936,493173,239016,3643,11759,10237,100887,264657,365544
port1114,2026-01-13,Rotterdam,17,8,9,7,45,41,86,354258,97017,6162,0,416608,457438,874047,34911,115280,5871,7775,79532,163838,243371
port1114,2026-01-14,Rotterdam,13,2,16,5,44,36,80,205002,97493,8441,0,739869,310937,1050806,76805,0,11965,5857,156831,94628,251460
port1114,2026-01-15,Rotterdam,21,2,20,4,34,47,81,107997,277385,9198,0,289383,394581,683965,156749,244,11800,6700,88805,175494,264299
port1114,2026-01-16,Rotterdam,17,1,7,9,55,34,89,126365,48070,12979,2000,328781,189417,518198,56010,3116,3402,6931,151343,69461,220804
port1114,2026-01-17,Rotterdam,19,2,12,5,46,38,84,78832,13985,16957,191,509592,109967,619560,124660,47918,5488,4073,78002,182141,260144
port1114,2026-01-18,Rotterdam,12,1,11,6,36,30,66,73381,31579,7352,6235,615624,118548,734173,53711,0,5434,0,31684,59145,90829
port1114,2026-01-19,Rotterdam,19,1,19,8,51,47,98,214524,78100,15658,3291,525484,311575,837060,90911,0,11408,9454,164638,111774,276412
port1114,2026-01-20,Rotterdam,21,1,13,6,49,41,90,302213,22860,8863,365,473121,334302,807423,142468,0,4645,7438,274329,154552,428881
port1114,2026-01-21,Rotterdam,13,3,12,6,42,34,76,116982,106779,6699,0,357864,230462,588326,45572,4397,8440,7846,118247,66258,184505
port1114,2026-01-22,Rotterdam,18,2,17,5,43,42,85,26131,140666,6667,0,489520,173465,662985,238223,0,18606,415,98352,257245,355598
port1114,2026-01-23,Rotterdam,15,1,15,7,42,38,80,71817,0,14817,1037,226739,87672,314411,80678,37331,11396,9742,89274,139149,228423
port1114,2026-01-24,Rotterdam,15,1,7,4,47,27,74,70995,8324,2936,827,387495,83084,470579,62132,0,5335,0,373731,67467,441199
port1114,2026-01-25,Rotterdam,16,1,10,5,32,32,64,239695,35050,14118,5613,248205,294477,542683,88817,0,3870,0,67392,92688,160080
port1114,2026-01-26,Rotterdam,14,2,14,7,43,37,80,24338,37072,8413,2318,359939,72143,432082,172015,273,6234,8426,65734,186950,252684
port1114,2026-01-27,Rotterdam,14,1,14,8,43,37,80,166463,66240,9621,365,302509,242691,545201,92918,0,9975,6819,131620,109713,241334
port1114,2026-01-28,Rotterdam,16,1,17,7,34,41,75,100127,33326,8735,191,161458,142381,303839,130285,3643,7412,7743,100749,149085,249835
port1114,2026-01-29,Rotterdam,14,3,14,4,49,35,84,258309,25340,4692,0,243851,288342,532193,54410,26066,17237,3283,135593,100998,236591
port1114,2026-01-30,Rotterdam,13,3,10,7,32,33,65,64371,147234,4633,0,300237,216239,516476,94208,1094,9283,10359,267549,114946,382495
port1114,2026-01-31,Rotterdam,7,1,7,4,40,19,59,24105,17000,893,191,610469,42190,652660,89986,0,4345,1190,89647,95522,185169
port1114,2026-02-01,Rotterdam,14,1,5,7,38,27,65,135016,20514,18074,5454,162966,179059,342026,75821,0,5629,4882,62797,86333,149130
port1114,2026-02-02,Rotterdam,20,1,15,5,33,41,74,148337,58598,33528,0,208313,240464,448778,210295,0,8611,3579,39230,222485,261716
port1114,2026-02-03,Rotterdam,18,3,18,7,47,46,93,237475,41395,10331,365,406642,289568,696211,35341,0,10919,11288,105016,57550,162566
port1114,2026-02-04,Rotterdam,17,2,13,6,41,38,79,336656,141752,3600,191,299082,482201,781283,38558,0,15649,8884,106021,63092,169113
port1114,2026-02-05,Rotterdam,21,3,11,4,39,39,78,120086,160732,7851,0,402528,288670,691199,108137,41765,4605,4521,264411,159028,423440
port1114,2026-02-06,Rotterdam,14,0,12,7,41,33,74,15713,0,3117,191,346795,19022,365817,114537,0,15573,10385,110529,140496,251026
port1114,2026-02-07,Rotterdam,17,1,9,5,41,32,73,135328,0,4875,0,368541,140204,508745,142309,0,9341,4934,68139,156585,224724
port1114,2026-02-08,Rotterdam,18,2,12,10,47,42,89,63828,76889,9484,11801,727938,162003,889942,109652,0,10063,0,67909,119715,187624
port1114,2026-02-09,Rotterdam,19,4,13,6,34,42,76,70692,213030,9580,855,442256,294159,736415,199742,0,9007,6924,47753,215674,263427
port1114,2026-02-10,Rotterdam,24,3,17,6,46,50,96,285159,95980,8556,1936,341782,391633,733415,132231,28918,9189,8769,70101,179108,249209
port1114,2026-02-11,Rotterdam,17,4,21,5,41,47,88,493899,247286,10281,0,417218,751467,1168685,80475,57003,13837,8772,116548,160089,276638
port1114,2026-02-12,Rotterdam,18,1,10,6,43,35,78,26241,0,1613,578,284246,28433,312679,113782,8065,9434,4116,181006,135398,316405
port1114,2026-02-13,Rotterdam,16,2,12,5,40,35,75,94579,165170,4567,0,280870,264317,545188,121184,0,5904,6667,140836,133756,274592
port1114,2026-02-14,Rotterdam,18,0,19,7,35,44,79,130430,0,16378,936,38271,147746,186017,206392,0,12643,1416,168308,220452,388761
port1114,2026-02-15,Rotterdam,14,4,8,8,40,34,74,188771,143928,4837,1614,320197,339151,659349,157608,0,8299,7881,98571,173789,272361
port1114,2026-02-16,Rotterdam,16,4,9,6,49,35,84,29360,128675,17370,3709,782414,179115,961530,48247,0,5581,2737,107931,56566,164498
port1114,2026-02-17,Rotterdam,17,2,14,6,33,39,72,204403,128535,9488,191,199330,342618,541948,33674,3116,14646,6133,59966,57571,117538
port1114,2026-02-18,Rotterdam,21,3,15,5,52,44,96,270553,111573,5729,0,407349,387855,795204,70445,0,12549,8573,226048,91568,317616
port1114,2026-02-19,Rotterdam,17,6,15,5,44,43,87,70475,322404,6715,0,370216,399595,769811,49864,0,12584,3901,117574,66349,183924
port1114,2026-02-20,Rotterdam,16,2,16,6,55,40,95,120676,49458,7073,365,459374,177574,636949,188631,0,13361,7364,176172,209356,385528
port1114,2026-02-21,Rotterdam,16,3,11,6,37,36,73,134769,246029,5133,414,172991,386346,559337,156332,47852,5626,1350,100143,211162,311305
port1114,2026-02-22,Rotterdam,20,1,13,6,34,40,74,158333,64730,7523,3623,692088,234211,926300,147255,0,8621,8100,74702,163977,238679
port1114,2026-02-23,Rotterdam,26,2,14,10,44,52,96,354739,84752,3775,4289,747115,447557,1194672,238452,0,13164,8689,42825,260306,303132
port1114,2026-02-24,Rotterdam,14,2,14,6,51,36,87,52599,46787,34570,0,462286,133958,596244,23841,548,4533,6385,106149,35309,141458
port1114,2026-02-25,Rotterdam,21,4,13,7,37,45,82,219169,208106,3507,0,686948,430783,1117732,107300,0,13579,8359,111185,129238,240424
port1114,2026-02-26,Rotterdam,19,2,13,4,40,38,78,38313,77517,11105,0,77021,126937,203959,125330,18791,11662,4846,268492,160630,429123
port1114,2026-02-27,Rotterdam,18,7,17,7,37,49,86,138156,323044,3765,0,390002,464966,854969,96933,3643,15503,11696,144323,127777,272100
port1114,2026-02-28,Rotterdam,15,4,11,7,42,37,79,160998,181678,9295,383,260709,352356,613065,88642,3116,4753,8203,103288,104716,208005
port1114,2026-03-01,Rotterdam,17,0,19,7,37,43,80,86327,0,25937,1594,388307,113860,502168,125811,0,18558,7005,60007,151374,211381
port1114,2026-03-02,Rotterdam,23,4,12,6,49,45,94,312996,129724,12237,3901,234042,458859,692901,77369,39823,7602,2380,109152,127175,236328
port1114,2026-03-03,Rotterdam,21,2,14,6,42,43,85,213482,73159,11361,0,175838,298003,473841,115838,3116,8743,5910,116360,133609,249969
port1114,2026-03-04,Rotterdam,18,1,10,6,51,35,86,97884,50896,5813,1952,760323,156548,916872,76367,0,10254,6214,135779,92836,228615
port1114,2026-03-05,Rotterdam,14,2,19,6,39,41,80,40524,282224,9357,1037,285702,333143,618845,73697,6641,15468,3084,128746,98893,227639
port1114,2026-03-06,Rotterdam,22,1,11,5,45,39,84,186200,4978,3277,384,465758,194840,660598,199223,0,9273,5146,136910,213643,350554
port1114,2026-03-07,Rotterdam,11,1,9,6,40,27,67,47461,48070,2689,191,164577,98412,262989,90123,3116,12754,4169,217223,110164,327387
port1114,2026-03-08,Rotterdam,7,2,14,6,31,29,60,7889,0,10512,4048,126465,22450,148916,15932,7710,5069,5070,35098,33782,68881
port1114,2026-03-09,Rotterdam,22,1,21,9,59,53,112,98448,24748,21227,3901,345783,148326,494110,92357,0,12590,9633,206032,114581,320614
port1114,2026-03-10,Rotterdam,22,4,10,7,33,43,76,143055,127538,4742,191,285516,275528,561044,266191,42790,8615,9932,83695,327530,411226
port1114,2026-03-11,Rotterdam,15,5,13,6,50,39,89,414753,110643,9071,0,622720,534468,1157189,35398,45085,10898,4929,109520,96311,205831
port1114,2026-03-12,Rotterdam,18,1,19,7,35,45,80,19059,76591,14090,0,617268,109741,727009,272857,0,7990,6634,83464,287482,370946
port1114,2026-03-13,Rotterdam,15,3,11,4,45,33,78,226004,248099,1953,0,217072,476058,693131,71991,0,11332,6625,89353,89948,179302
port1114,2026-03-14,Rotterdam,11,2,8,6,55,27,82,19362,64779,6626,2178,685655,92946,778602,160083,2342,4353,3171,142313,169951,312264
port1114,2026-03-15,Rotterdam,20,2,11,6,32,39,71,283346,145460,5602,638,404476,435048,839524,39465,0,13229,4355,48856,57051,105908
port1114,2026-03-16,Rotterdam,16,2,9,7,45,34,79,109161,57875,8335,4029,252105,179401,431507,105385,452,4591,0,198889,110429,309318
port1114,2026-03-17,Rotterdam,21,0,19,8,52,48,100,157585,0,9902,910,482516,168398,650914,110190,0,12134,10129,112337,132455,244793
port1114,2026-03-18,Rotterdam,16,3,19,4,52,42,94,63441,90784,7773,0,468285,161999,630284,143287,26540,10650,8377,186740,188856,375597
port1114,2026-03-19,Rotterdam,21,4,9,6,36,40,76,177599,120146,10967,0,500051,308714,808765,43166,48373,6335,5525,102454,103401,205855
port1114,2026-03-20,Rotterdam,15,4,16,4,47,39,86,39156,96096,8536,0,297531,143789,441320,177692,9695,12188,7045,109612,206622,316234
port1114,2026-03-21,Rotterdam,11,1,14,8,37,34,71,204401,21663,14953,1019,454226,242037,696264,16809,0,6426,6413,102889,29649,132538
port1114,2026-03-22,Rotterdam,21,2,16,7,41,46,87,321080,62182,9546,955,558051,393765,951817,275518,8208,5537,4309,251259,293573,544833
port1114,2026-03-23,Rotterdam,19,2,16,4,60,41,101,70397,360184,16600,3212,359738,450395,810133,98698,0,5603,0,186020,104301,290322
port1114,2026-03-24,Rotterdam,16,6,22,7,42,51,93,233537,215626,12932,0,445180,462095,907276,89232,25935,16531,9147,90414,140847,231261
port1114,2026-03-25,Rotterdam,14,2,10,5,47,31,78,33410,0,4974,0,531578,38384,569963,50606,58156,8445,6124,205146,123333,328479
port1114,2026-03-26,Rotterdam,18,0,7,6,40,31,71,222112,0,7846,618,171648,230577,402225,113986,0,3013,6688,245465,123688,369153
port1114,2026-03-27,Rotterdam,16,3,9,5,43,33,76,84758,520688,966,2053,425271,608466,1033738,150134,0,4821,4792,58595,159748,218344
port1114,2026-03-28,Rotterdam,16,3,7,10,48,36,84,245459,93715,1489,1768,461405,342433,803838,75183,489,4825,8428,130390,88927,219317
port1114,2026-03-29,Rotterdam,19,2,17,5,44,43,87,185080,61855,13513,4381,228394,264831,493225,179560,244,13529,1379,51801,194713,246515
port1114,2026-03-30,Rotterdam,20,7,18,7,41,52,93,335590,88909,14850,3212,299396,442562,741958,63405,25099,15488,7883,134788,111877,246665
port1114,2026-03-31,Rotterdam,21,2,13,11,49,47,96,74134,192309,4538,1571,167952,272553,440506,49725,0,9209,9312,199332,68247,267580
port1114,2026-04-01,Rotterdam,16,2,15,4,38,37,75,145629,34860,8976,0,415719,189465,605184,163748,0,11022,6650,79768,181421,261190
port1114,2026-04-02,Rotterdam,18,2,14,6,45,40,85,186744,111811,5388,0,397305,303944,701249,141938,0,6685,2861,145259,151484,296744
port1114,2026-04-03,Rotterdam,17,7,18,7,40,49,89,64175,551641,9303,0,327605,625119,952725,128625,1210,9830,7931,106558,147597,254155
port1114,2026-04-04,Rotterdam,18,3,8,4,44,33,77,233603,181279,1865,365,476344,417112,893457,166447,35835,13098,639,111532,216019,327552
port1114,2026-04-05,Rotterdam,13,2,3,6,36,24,60,222142,67485,11351,0,322940,300979,623919,30882,20873,712,8170,93351,60639,153991
port1114,2026-04-06,Rotterdam,13,3,9,2,36,27,63,89760,96385,11299,191,800601,197637,998238,10347,0,2930,1190,47303,14467,61771
port1114,2026-04-07,Rotterdam,14,0,8,8,36,30,66,188157,0,5563,3596,402712,197317,600029,45428,0,3988,2380,82738,51797,134536
port1114,2026-04-08,Rotterdam,21,4,15,5,49,45,94,147680,194705,24065,0,97954,366451,464406,105058,0,7812,7596,139694,120467,260161
port1114,2026-04-09,Rotterdam,20,3,13,6,49,42,91,103331,90302,4468,0,290266,198102,488369,104118,11368,8979,6782,159708,131248,290956
port1114,2026-04-10,Rotterdam,20,2,17,6,42,45,87,224594,96461,5161,1050,292288,327267,619556,143888,0,8700,7550,144111,160139,304250
port1114,2026-04-11,Rotterdam,14,2,12,7,37,35,72,90645,121833,6683,191,394912,219353,614266,179250,0,13721,5197,86315,198170,284486
port1114,2026-04-12,Rotterdam,18,3,10,5,37,36,73,130927,182802,13956,633,328369,328319,656689,107862,0,7578,2453,109041,117895,226937
port1114,2026-04-13,Rotterdam,13,2,25,5,37,45,82,71472,171061,35036,1693,207343,279264,486608,40810,0,17968,4906,127030,63686,190716
port1114,2026-04-14,Rotterdam,17,3,6,7,73,33,106,119616,121485,2248,0,352928,243351,596280,56584,0,3111,10617,170676,70313,240989
port1114,2026-04-15,Rotterdam,21,5,18,6,36,50,86,406465,267996,8327,0,506946,682789,1189735,303532,244,15143,6662,62715,325582,388298
port1114,2026-04-16,Rotterdam,10,2,12,6,39,30,69,13684,16627,7589,0,736347,37901,774249,82815,0,8182,10625,77288,101623,178911
port1114,2026-04-17,Rotterdam,26,2,12,6,41,46,87,143210,0,5139,0,162147,148350,310498,173457,0,10714,3193,148760,187365,336126
port1114,2026-04-18,Rotterdam,18,3,9,6,32,36,68,103392,54560,1396,1547,453986,160897,614883,84881,244,16819,8022,49421,109967,159389
port1114,2026-04-19,Rotterdam,13,4,17,3,39,37,76,76780,138738,12416,191,343284,228127,571411,150459,9821,8583,1190,101068,170054,271122
port1114,2026-04-20,Rotterdam,22,3,13,6,42,44,86,58660,198088,16683,0,682603,273433,956036,217256,0,2279,2244,81112,221780,302893
port1114,2026-04-21,Rotterdam,17,3,8,6,42,34,76,412124,78724,1613,0,260695,492462,753157,101601,76900,11145,14569,98223,204218,302441
port1114,2026-04-22,Rotterdam,12,4,12,7,33,35,68,156261,78844,6627,365,242062,242099,484161,56124,45725,5652,8562,136361,116065,252427
port1114,2026-04-23,Rotterdam,20,2,13,6,51,41,92,163634,34329,9307,191,433016,207463,640480,192393,970,13940,10117,106884,217422,324307
port1114,2026-04-24,Rotterdam,20,0,10,5,43,35,78,181404,0,3506,0,529440,184911,714351,51424,0,4683,6406,146131,62515,208646
port1114,2026-04-25,Rotterdam,16,6,7,7,41,36,77,284200,538381,2237,191,330865,825011,1155876,70719,32549,3729,3142,116134,110141,226275
port1114,2026-04-26,Rotterdam,17,2,6,7,49,32,81,85298,362970,5907,2393,297064,456570,753635,60024,0,9125,2465,103258,71616,174875
port1114,2026-04-27,Rotterdam,21,2,14,6,53,43,96,225685,37076,8684,3901,559690,275347,835037,187395,0,13453,4193,119300,205042,324342
port1114,2026-04-28,Rotterdam,18,0,11,9,35,38,73,44269,0,4065,365,180753,48700,229454,37907,0,9544,11273,94274,58725,153000
port1114,2026-04-29,Rotterdam,18,4,17,4,40,43,83,36636,93910,24975,0,319951,155522,475473,50975,48773,13652,6293,138777,119694,258472
port1114,2026-04-30,Rotterdam,20,0,12,7,50,39,89,212525,0,4077,0,377635,216603,594238,111564,0,11188,11700,53517,134454,187971
port1114,2026-05-01,Rotterdam,20,4,12,6,44,42,86,35838,235208,7756,365,355040,279168,634209,171343,9882,13704,3129,98113,198059,296173
port1114,2026-05-02,Rotterdam,9,2,12,6,53,29,82,226164,40045,4627,936,628937,271773,900710,26311,0,20529,1837,148714,48677,197392
port1114,2026-05-03,Rotterdam,15,1,17,6,32,39,71,138461,54857,23860,1273,210764,218452,429217,66582,0,12632,0,142813,79215,222029
port1114,2026-05-04,Rotterdam,18,1,18,5,40,42,82,15049,32194,9306,3404,370764,59954,430719,97432,0,18825,3434,107933,119691,227625
port1114,2026-05-05,Rotterdam,22,1,15,8,53,46,99,266412,2414,2257,0,798020,271083,1069103,43591,0,6413,11559,101426,61564,162990
port1114,2026-05-06,Rotterdam,18,4,15,6,42,43,85,223031,172325,7343,0,481572,402701,884274,105098,37347,9621,7990,52878,160057,212936
port1114,2026-05-07,Rotterdam,18,4,23,6,35,51,86,121641,120875,15267,0,222075,257784,479859,163357,35282,13477,9394,55659,221512,277172
port1114,2026-05-08,Rotterdam,19,2,16,5,35,42,77,218503,114186,13195,0,400527,345886,746413,143103,0,14568,7798,40286,165470,205757
port1114,2026-05-09,Rotterdam,19,3,11,10,59,43,102,167268,112361,4854,1411,295341,285895,581236,199715,3116,4829,3710,147596,211372,358969
port1114,2026-05-10,Rotterdam,15,2,8,4,45,29,74,205541,167817,5000,0,351699,378359,730058,46462,0,4987,0,161433,51450,212884
port1114,2026-05-11,Rotterdam,17,1,16,5,37,39,76,298893,65268,26018,2013,417032,392193,809226,77265,0,15191,9025,55256,101482,156738
port1114,2026-05-12,Rotterdam,18,2,17,9,65,46,111,54958,57949,5967,0,403225,118875,522101,157130,244,9568,7694,106659,174636,281296
port1114,2026-05-13,Rotterdam,18,2,8,4,43,32,75,253367,220718,2372,0,595826,476459,1072285,58724,0,7157,5763,111912,71645,183557
port1114,2026-05-14,Rotterdam,21,2,16,7,41,46,87,147492,130350,7449,0,396701,285292,681993,173333,0,11921,1547,136337,186803,323140
port1114,2026-05-15,Rotterdam,17,3,4,5,33,29,62,215003,102336,0,2936,221409,320276,541686,67239,3116,6108,2017,43612,78482,122095
port1114,2026-05-16,Rotterdam,15,2,10,7,44,34,78,49815,64352,16005,383,161027,130557,291584,159869,0,3589,7671,40018,171130,211149
port1114,2026-05-17,Rotterdam,21,3,12,5,54,41,95,154616,182443,8548,0,589478,345608,935087,58657,0,2630,3186,173667,64475,238142
port1114,2026-05-18,Rotterdam,22,4,24,6,49,56,105,376369,246834,13866,3212,433324,640283,1073607,179409,405,25396,2244,138029,207455,345484
port1114,2026-05-19,Rotterdam,13,1,16,10,38,40,78,81564,31224,16717,0,458236,129506,587742,69787,0,5392,16292,150166,91472,241638
port1114,2026-05-20,Rotterdam,19,2,14,5,57,40,97,35760,48070,4795,191,654828,88818,743646,88663,58843,13329,6127,232705,166964,399669
port1114,2026-05-21,Rotterdam,21,2,13,6,46,42,88,270422,76684,8392,0,332579,355499,688079,195963,0,12395,11133,210794,219492,430287
port1114,2026-05-22,Rotterdam,15,3,8,5,46,31,77,66471,96141,3167,0,278988,165779,444768,154175,6233,2913,10189,110084,173512,283597
port1114,2026-05-23,Rotterdam,21,2,12,6,45,41,86,232168,135345,5447,365,721147,373326,1094474,47229,0,12363,5614,128827,65207,194035
port1114,2026-05-24,Rotterdam,16,0,4,5,40,25,65,219322,0,3455,191,438927,222969,661897,158469,0,2118,3132,64256,163720,227976
port1114,2026-05-25,Rotterdam,17,2,10,4,38,33,71,256633,75550,12223,3709,420131,348116,768247,45076,3116,4073,2057,78964,54323,133287
port1114,2026-05-26,Rotterdam,15,3,14,7,36,39,75,22921,115660,11829,383,234068,150794,384862,39508,9642,2476,8933,70869,60560,131430
port1114,2026-05-27,Rotterdam,17,2,12,7,40,38,78,65442,52852,7243,0,557256,125538,682795,77283,0,5751,6247,74292,89283,163576
port1114,2026-05-28,Rotterdam,20,3,20,7,47,50,97,163444,111196,11717,0,493597,286359,779957,123472,6233,14557,10340,102219,154604,256824
port1114,2026-05-29,Rotterdam,12,2,12,5,54,31,85,40877,96141,4443,0,552410,141462,693873,60983,6233,10117,8108,138391,85443,223835
port1128,2025-12-21,Sakai-Semboku,0,3,14,2,9,19,28,0,1585,3369,0,2585,4955,7541,0,1022,6722,0,39799,7744,47544
port1128,2025-12-22,Sakai-Semboku,1,3,6,2,16,12,28,0,4359,1546,0,12645,5906,18551,1098,412,1192,0,6719,2702,9422
port1128,2025-12-23,Sakai-Semboku,1,4,13,1,13,19,32,1137,11398,3063,0,226653,15599,242252,0,28,5151,0,7311,5180,12492
port1128,2025-12-24,Sakai-Semboku,0,0,4,1,13,5,18,0,0,1444,0,17150,1444,18594,0,0,1618,0,6668,1618,8286
port1128,2025-12-25,Sakai-Semboku,0,0,11,1,6,12,18,0,0,5132,0,43578,5132,48710,0,0,3182,0,6874,3182,10057
port1128,2025-12-26,Sakai-Semboku,0,3,7,2,20,12,32,0,1053,1658,0,18383,2712,21095,0,0,1034,2224,19939,3259,23199
port1128,2025-12-27,Sakai-Semboku,0,1,5,1,18,7,25,0,1307,1925,0,10383,3233,13616,0,0,1962,0,19685,1962,21648
port1128,2025-12-28,Sakai-Semboku,0,1,5,2,9,8,17,0,1487,2406,0,93298,3894,97193,0,28,1724,4644,12669,6397,19067
port1128,2025-12-29,Sakai-Semboku,0,0,5,0,11,5,16,0,0,2326,0,8446,2326,10773,0,0,1379,0,8143,1379,9523
port1128,2025-12-30,Sakai-Semboku,0,1,4,0,9,5,14,0,1487,1925,0,2822,3413,6236,0,28,1379,0,9444,1408,10852
port1128,2025-12-31,Sakai-Semboku,0,0,4,0,2,4,6,0,0,1925,0,877,1925,2803,0,0,1379,0,467,1379,1847
port1128,2026-01-01,Sakai-Semboku,1,0,1,0,6,2,8,775,0,481,0,1708,1256,2965,0,0,344,0,6586,344,6931
port1128,2026-01-02,Sakai-Semboku,1,0,3,0,10,4,14,3425,0,1444,0,5223,4869,10093,0,0,1034,0,5535,1034,6570
port1128,2026-01-03,Sakai-Semboku,0,0,0,0,11,0,11,0,0,0,0,122387,0,122387,0,0,0,0,6320,0,6320
port1128,2026-01-04,Sakai-Semboku,0,1,9,1,12,11,23,0,717,2072,0,11398,2789,14188,0,0,2125,0,8930,2125,11056
port1128,2026-01-05,Sakai-Semboku,1,1,9,2,14,13,27,0,0,4282,0,4719,4282,9001,826,305,2031,0,9510,3163,12674
port1128,2026-01-06,Sakai-Semboku,0,4,9,0,15,13,28,0,1101,4332,0,11035,5434,16469,0,994,3104,0,11980,4098,16079
port1128,2026-01-07,Sakai-Semboku,1,3,9,2,14,15,29,372,27787,4247,0,5522,32407,37929,0,0,2652,1830,4952,4483,9436
port1128,2026-01-08,Sakai-Semboku,0,2,6,2,10,10,20,0,1487,2876,0,6289,4364,10654,0,1201,3284,511,2811,4997,7808
port1128,2026-01-09,Sakai-Semboku,0,2,13,2,14,17,31,0,1639,7579,57,18075,9277,27353,0,0,3104,602,39560,3706,43267
port1128,2026-01-10,Sakai-Semboku,0,3,10,0,4,13,17,0,3953,4309,0,81439,8263,89702,0,56,2232,0,1239,2289,3528
port1128,2026-01-11,Sakai-Semboku,0,0,0,2,9,2,11,0,0,0,0,82514,0,82514,0,0,0,0,4353,0,4353
port1128,2026-01-12,Sakai-Semboku,1,2,11,3,18,17,35,1151,3274,5401,57,122183,9886,132069,0,28,5051,602,12163,5681,17845
port1128,2026-01-13,Sakai-Semboku,1,2,5,1,6,9,15,0,92,1925,0,456,2018,2475,520,0,1379,0,5838,1899,7738
port1128,2026-01-14,Sakai-Semboku,0,1,11,1,12,13,25,0,894,4681,0,3399,5575,8975,0,0,2899,0,12570,2899,15470
port1128,2026-01-15,Sakai-Semboku,0,2,7,2,13,11,24,0,2495,2888,0,4907,5383,10291,0,1173,2737,0,3502,3911,7413
port1128,2026-01-16,Sakai-Semboku,0,2,5,1,15,8,23,0,1487,2189,0,17184,3677,20861,0,28,1379,0,8471,1408,9879
port1128,2026-01-17,Sakai-Semboku,0,1,5,2,12,8,20,0,894,2406,0,83162,3300,86463,0,0,1724,2367,4671,4092,8764
port1128,2026-01-18,Sakai-Semboku,0,3,11,2,11,16,27,0,4774,3953,2466,9599,11194,20793,0,28,4531,0,3833,4560,8394
port1128,2026-01-19,Sakai-Semboku,1,1,11,1,20,14,34,0,1442,3751,0,109389,5193,114582,273,0,2069,0,13164,2343,15508
port1128,2026-01-20,Sakai-Semboku,0,2,10,3,13,15,28,0,3533,3369,0,18768,6902,25671,0,28,3570,507,5804,4107,9911
port1128,2026-01-21,Sakai-Semboku,0,1,8,0,11,9,20,0,97,3323,0,18482,3421,21903,0,994,1379,0,7311,2373,9685
port1128,2026-01-22,Sakai-Semboku,0,4,13,1,16,18,34,0,3878,3177,0,10496,7055,17552,0,28,2580,0,18465,2608,21074
port1128,2026-01-23,Sakai-Semboku,0,1,13,2,15,16,31,0,2058,5162,0,13772,7220,20992,0,0,4697,3343,11518,8040,19559
port1128,2026-01-24,Sakai-Semboku,1,0,6,1,9,8,17,838,0,2253,0,40166,3092,43259,207,0,1034,1830,3514,3071,6586
port1128,2026-01-25,Sakai-Semboku,0,0,7,1,21,8,29,0,0,2888,0,291237,2888,294125,0,0,2069,0,13324,2069,15393
port1128,2026-01-26,Sakai-Semboku,0,1,9,4,13,14,27,0,628,4124,0,10651,4752,15404,0,0,1739,1028,18228,2768,20996
port1128,2026-01-27,Sakai-Semboku,0,1,4,1,10,6,16,0,1487,962,0,16109,2450,18560,0,28,849,0,7256,877,8133
port1128,2026-01-28,Sakai-Semboku,1,2,9,1,13,13,26,379,977,3174,0,13110,4532,17642,0,0,2569,0,10214,2569,12783
port1128,2026-01-29,Sakai-Semboku,0,3,7,1,12,11,23,0,3533,1925,0,37587,5458,43046,0,1201,2392,0,9031,3594,12625
port1128,2026-01-30,Sakai-Semboku,0,4,9,2,17,15,32,0,3394,3850,0,99901,7245,107147,0,0,2759,0,10993,2759,13752
port1128,2026-01-31,Sakai-Semboku,0,1,1,1,6,3,9,0,1487,0,0,2325,1487,3813,0,28,0,1796,7634,1824,9459
port1128,2026-02-01,Sakai-Semboku,0,3,12,1,17,16,33,0,10176,5175,0,9241,15352,24593,0,0,2210,0,15091,2210,17302
port1128,2026-02-02,Sakai-Semboku,1,2,14,2,17,19,36,555,1307,4641,0,11365,6504,17870,0,0,3121,0,20392,3121,23514
port1128,2026-02-03,Sakai-Semboku,1,1,7,1,13,10,23,0,97,3369,0,6962,3467,10429,0,994,1724,0,2870,2718,5589
port1128,2026-02-04,Sakai-Semboku,0,2,9,0,9,11,20,0,1054,3251,0,51555,4306,55862,0,0,2069,0,4807,2069,6876
port1128,2026-02-05,Sakai-Semboku,0,4,8,2,17,14,31,0,2570,2676,0,92337,5246,97584,0,1022,2017,1537,11269,4577,15846
port1128,2026-02-06,Sakai-Semboku,1,2,3,2,15,8,23,0,2843,962,0,7638,3806,11445,748,0,689,0,15971,1437,17409
port1128,2026-02-07,Sakai-Semboku,0,0,5,1,5,6,11,0,0,1925,0,109731,1925,111657,0,0,1379,0,1304,1379,2684
port1128,2026-02-08,Sakai-Semboku,0,3,8,1,7,12,19,0,2292,3995,0,11839,6287,18127,0,0,1724,0,1685,1724,3410
port1128,2026-02-09,Sakai-Semboku,1,2,9,3,19,15,34,838,2184,962,0,8831,3985,12817,207,0,689,0,14911,896,15808
port1128,2026-02-10,Sakai-Semboku,0,0,8,2,13,10,23,0,0,2823,0,10851,2823,13674,0,0,1724,511,11033,2236,13270
port1128,2026-02-11,Sakai-Semboku,0,3,7,1,19,11,30,0,2134,4994,0,100617,7128,107745,0,28,1379,2367,9493,3776,13269
port1128,2026-02-12,Sakai-Semboku,0,3,6,0,3,9,12,0,3463,1444,0,0,4907,4907,0,1173,3777,0,2847,4951,7798
port1128,2026-02-13,Sakai-Semboku,0,2,9,1,11,12,23,0,1487,3274,0,4657,4762,9420,0,28,3367,0,4687,3395,8083
port1128,2026-02-14,Sakai-Semboku,0,0,11,1,15,12,27,0,0,3914,0,13784,3914,17698,0,0,2069,0,17704,2069,19774
port1128,2026-02-15,Sakai-Semboku,0,4,7,2,9,13,22,0,3743,2854,0,5549,6597,12147,0,0,1034,0,3525,1034,4560
port1128,2026-02-16,Sakai-Semboku,1,0,9,4,14,14,28,0,0,3413,0,79819,3413,83233,834,0,2694,2111,11944,5639,17583
port1128,2026-02-17,Sakai-Semboku,0,1,16,3,15,20,35,0,1390,5762,0,13976,7152,21129,0,0,2018,0,4059,2018,6078
port1128,2026-02-18,Sakai-Semboku,0,3,7,2,15,12,27,0,4782,1733,0,12319,6516,18835,0,28,2932,2880,48123,5841,53965
port1128,2026-02-19,Sakai-Semboku,0,3,4,1,9,8,17,0,1486,481,0,6335,1967,8303,0,1085,344,0,4190,1430,5621
port1128,2026-02-20,Sakai-Semboku,0,2,14,1,11,17,28,0,1585,6698,0,7251,8284,15535,0,1022,3449,0,6913,4471,11385
port1128,2026-02-21,Sakai-Semboku,1,1,5,3,8,10,18,838,419,1444,0,8183,2701,10885,207,0,1601,0,4096,1808,5905
port1128,2026-02-22,Sakai-Semboku,0,2,6,0,15,8,23,0,3546,2406,0,54677,5953,60631,0,28,2674,0,13065,2702,15768
port1128,2026-02-23,Sakai-Semboku,0,0,11,1,14,12,26,0,0,2888,0,7767,2888,10655,0,0,4810,0,11608,4810,16418
port1128,2026-02-24,Sakai-Semboku,0,2,8,3,7,13,20,0,2683,3288,0,6015,5971,11986,0,0,1724,504,0,2229,2229
port1128,2026-02-25,Sakai-Semboku,0,1,3,3,20,7,27,0,0,2227,0,88348,2227,90575,0,0,689,0,22526,689,23216
port1128,2026-02-26,Sakai-Semboku,0,4,10,2,7,16,23,0,4644,2696,0,7364,7341,14705,0,1022,1911,1207,2060,4141,6201
port1128,2026-02-27,Sakai-Semboku,0,1,7,1,10,9,19,0,0,2882,0,15356,2882,18239,0,0,1379,1717,7142,3097,10239
port1128,2026-02-28,Sakai-Semboku,0,0,6,1,12,7,19,0,0,2888,0,162126,2888,165014,0,0,2069,0,6821,2069,8890
port1128,2026-03-01,Sakai-Semboku,0,1,4,3,13,8,21,0,683,1925,0,76421,2609,79030,0,0,1379,0,4024,1379,5404
port1128,2026-03-02,Sakai-Semboku,2,3,8,3,15,16,31,785,4240,2528,0,101722,7554,109277,278,0,1450,4006,46739,5734,52474
port1128,2026-03-03,Sakai-Semboku,0,1,10,0,9,11,20,0,1487,3764,0,10091,5252,15343,0,28,1724,0,2640,1753,4393
port1128,2026-03-04,Sakai-Semboku,0,3,5,1,9,9,18,0,1321,1444,0,84192,2765,86957,0,0,1034,0,1830,1034,2865
port1128,2026-03-05,Sakai-Semboku,0,2,6,3,16,11,27,0,1912,2926,0,30924,4838,35763,0,1173,876,1022,9344,3072,12416
port1128,2026-03-06,Sakai-Semboku,0,2,6,2,10,10,20,0,2382,3701,0,3755,6083,9839,0,28,1398,0,8753,1426,10180
port1128,2026-03-07,Sakai-Semboku,0,1,4,1,9,6,15,0,1307,1925,0,8219,3233,11452,0,0,1379,0,8647,1379,10026
port1128,2026-03-08,Sakai-Semboku,0,2,11,2,14,15,29,0,2206,3891,0,5231,6097,11329,0,0,3067,0,10454,3067,13521
port1128,2026-03-09,Sakai-Semboku,1,3,10,2,12,16,28,1136,25100,3466,0,8342,29703,38045,0,28,4165,0,8765,4193,12959
port1128,2026-03-10,Sakai-Semboku,1,2,10,3,16,16,32,0,894,4575,0,172046,5469,177516,255,673,2414,2797,8384,6140,14525
port1128,2026-03-11,Sakai-Semboku,0,2,7,1,8,10,18,0,1792,2428,0,1997,4221,6218,0,0,1034,0,10085,1034,11120
port1128,2026-03-12,Sakai-Semboku,0,4,8,2,13,14,27,0,39374,4881,0,5340,44255,49595,0,1201,1379,1113,9616,3695,13311
port1128,2026-03-13,Sakai-Semboku,0,4,8,2,17,14,31,0,3337,2696,0,54678,6034,60712,0,28,1911,0,9087,1939,11027
port1128,2026-03-14,Sakai-Semboku,0,0,7,1,9,8,17,0,0,3153,0,83188,3153,86341,0,0,2069,0,5794,2069,7864
port1128,2026-03-15,Sakai-Semboku,0,3,7,2,12,12,24,0,4715,2037,0,78686,6752,85439,0,28,1521,0,9917,1550,11467
port1128,2026-03-16,Sakai-Semboku,2,1,11,3,11,17,28,779,0,4570,0,10367,5350,15717,825,0,2069,0,8783,2894,11678
port1128,2026-03-17,Sakai-Semboku,0,3,8,1,13,12,25,0,1969,2643,0,89904,4613,94518,0,0,1647,0,13686,1647,15334
port1128,2026-03-18,Sakai-Semboku,0,3,11,1,10,15,25,0,3646,3713,0,6455,7359,13814,0,0,2806,0,9779,2806,12586
port1128,2026-03-19,Sakai-Semboku,0,2,4,1,8,7,15,0,4177,1925,0,10029,6102,16132,0,28,1379,0,11723,1408,13131
port1128,2026-03-20,Sakai-Semboku,0,0,9,0,14,9,23,0,0,4297,0,11836,4297,16133,0,0,2069,0,11487,2069,13557
port1128,2026-03-21,Sakai-Semboku,0,0,5,1,12,6,18,0,0,2090,0,10479,2090,12570,0,0,1034,0,20251,1034,21286
port1128,2026-03-22,Sakai-Semboku,1,3,10,3,15,17,32,0,5457,3440,0,169807,8898,178705,378,0,2436,1019,4116,3835,7951
port1128,2026-03-23,Sakai-Semboku,1,2,11,3,11,17,28,1814,23851,7266,0,8849,32932,41782,0,0,3428,0,6858,3428,10286
port1128,2026-03-24,Sakai-Semboku,0,3,7,2,9,12,21,0,3073,2406,0,9043,5480,14523,0,1051,1724,0,5637,2775,8413
port1128,2026-03-25,Sakai-Semboku,1,2,9,2,14,14,28,0,4065,2926,0,21223,6991,28214,0,0,1859,1174,8437,3033,11470
port1128,2026-03-26,Sakai-Semboku,0,4,6,4,8,14,22,0,31401,2305,0,7454,33707,41162,0,1022,3864,1532,4479,6419,10898
port1128,2026-03-27,Sakai-Semboku,0,1,6,2,17,9,26,0,1307,1925,0,11122,3233,14355,0,0,2089,0,25492,2089,27582
port1128,2026-03-28,Sakai-Semboku,0,1,9,3,14,13,27,0,2058,3440,0,11983,5499,17482,0,0,2414,0,19655,2414,22070
port1128,2026-03-29,Sakai-Semboku,0,2,11,2,14,15,29,0,2975,2930,57,15092,5964,21057,0,56,2746,602,15814,3405,19220
port1128,2026-03-30,Sakai-Semboku,2,2,9,3,9,16,25,393,1585,2387,284,4221,4651,8872,0,1022,1379,835,7765,3237,11003
port1128,2026-03-31,Sakai-Semboku,1,1,3,1,5,6,11,2720,5976,1444,0,40708,10140,50849,0,0,1034,0,10454,1034,11489
port1128,2026-04-01,Sakai-Semboku,0,3,13,1,13,17,30,0,874,5689,0,116881,6564,123446,0,0,3693,0,10494,3693,14188
port1128,2026-04-02,Sakai-Semboku,0,2,8,1,12,11,23,0,651,4408,0,11768,5059,16827,0,1173,2069,0,9543,3242,12786
port1128,2026-04-03,Sakai-Semboku,0,2,10,1,14,13,27,0,2661,3409,0,48795,6070,54866,0,0,2069,0,4205,2069,6274
port1128,2026-04-04,Sakai-Semboku,0,0,6,1,7,7,14,0,0,1925,0,3666,1925,5591,0,0,1379,0,10575,1379,11955
port1128,2026-04-05,Sakai-Semboku,0,2,8,1,4,11,15,0,1487,2888,0,2490,4376,6866,0,28,2692,0,1239,2721,3960
port1128,2026-04-06,Sakai-Semboku,0,2,9,2,9,13,22,0,2293,3158,0,6137,5451,11589,0,28,1221,0,15963,1249,17213
port1128,2026-04-07,Sakai-Semboku,1,2,6,2,8,11,19,455,1722,1925,0,24155,4102,28258,0,28,1379,2333,8072,3742,11814
port1128,2026-04-08,Sakai-Semboku,1,3,8,3,9,15,24,0,1585,2504,0,3895,4090,7985,1294,1022,1753,3525,5457,7595,13052
port1128,2026-04-09,Sakai-Semboku,0,0,12,1,9,13,22,0,0,3765,0,7832,3765,11597,0,0,3196,0,4279,3196,7475
port1128,2026-04-10,Sakai-Semboku,0,1,2,1,9,4,13,0,1487,481,0,41391,1969,43360,0,28,344,0,8186,373,8560
port1128,2026-04-11,Sakai-Semboku,1,1,5,2,8,9,17,838,2184,4515,0,54981,7538,62519,207,0,1379,0,6124,1586,7711
port1128,2026-04-12,Sakai-Semboku,0,1,12,1,15,14,29,0,1487,3893,0,15866,5381,21247,0,28,1724,0,13395,1753,15148
port1128,2026-04-13,Sakai-Semboku,1,2,14,3,18,20,38,838,2289,5336,0,117849,8464,126313,207,3105,5124,0,9918,8436,18355
port1128,2026-04-14,Sakai-Semboku,1,1,7,0,5,9,14,0,2058,2406,0,16334,4465,20800,552,0,1724,0,4885,2276,7161
port1128,2026-04-15,Sakai-Semboku,0,1,10,0,13,11,24,0,1487,5633,0,14814,7121,21935,0,28,3104,0,10225,3132,13358
port1128,2026-04-16,Sakai-Semboku,0,3,9,1,5,13,18,0,2140,2928,0,21158,5068,26226,0,1022,1964,0,1303,2986,4290
port1128,2026-04-17,Sakai-Semboku,0,2,6,2,11,10,21,0,5047,1925,0,2676,6973,9650,0,0,1379,458,5480,1838,7319
port1128,2026-04-18,Sakai-Semboku,0,1,5,2,8,8,16,0,1912,1444,94,12177,3450,15628,0,0,2074,1799,3452,3874,7327
port1128,2026-04-19,Sakai-Semboku,1,3,12,3,9,19,28,838,24251,2826,0,6984,27916,34900,207,0,2744,0,4715,2951,7666
port1128,2026-04-20,Sakai-Semboku,0,1,7,2,7,10,17,0,2045,3177,0,82817,5223,88040,0,0,2256,0,12488,2256,14744
port1128,2026-04-21,Sakai-Semboku,1,2,5,1,13,9,22,2035,9886,688,0,17198,12610,29808,0,28,456,0,3250,484,3735
port1128,2026-04-22,Sakai-Semboku,0,1,11,1,16,13,29,0,179,3582,0,9670,3762,13432,0,0,2414,0,8219,2414,10633
port1128,2026-04-23,Sakai-Semboku,0,4,9,1,9,14,23,0,3358,3124,0,11189,6483,17673,0,1173,1733,0,10036,2907,12943
port1128,2026-04-24,Sakai-Semboku,0,1,12,1,13,14,27,0,1362,5269,0,4065,6631,10696,0,0,3104,0,5125,3104,8230
port1128,2026-04-25,Sakai-Semboku,0,1,3,3,7,7,14,0,1307,481,2940,15157,4730,19887,0,0,344,857,6437,1202,7639
port1128,2026-04-26,Sakai-Semboku,0,1,9,0,12,10,22,0,1487,1557,0,72242,3045,75287,0,28,5932,0,2878,5961,8839
port1128,2026-04-27,Sakai-Semboku,2,1,14,3,17,20,37,3590,2171,3669,1640,17385,11072,28457,207,0,2414,0,5733,2621,8355
port1128,2026-04-28,Sakai-Semboku,1,0,8,2,11,11,22,1897,0,2776,227,3711,4900,8611,0,0,2100,233,5987,2334,8321
port1128,2026-04-29,Sakai-Semboku,0,2,11,0,13,13,26,0,24445,3487,0,56492,27932,84424,0,28,1724,0,13566,1753,15319
port1128,2026-04-30,Sakai-Semboku,0,4,11,1,15,16,31,0,3872,4130,0,8696,8002,16698,0,0,3309,0,19652,3309,22962
port1128,2026-05-01,Sakai-Semboku,0,1,4,2,10,7,17,0,1912,1138,0,8673,3050,11724,0,0,2450,1322,9454,3773,13228
port1128,2026-05-02,Sakai-Semboku,0,0,4,1,10,5,15,0,0,1444,0,5522,1444,6966,0,0,1572,0,9074,1572,10646
port1128,2026-05-03,Sakai-Semboku,1,0,5,1,9,7,16,374,0,1709,0,200520,2083,202604,0,0,1457,0,2585,1457,4042
port1128,2026-05-04,Sakai-Semboku,0,2,7,1,15,10,25,0,2464,2888,0,7380,5352,12733,0,0,3254,1026,10262,4280,14543
port1128,2026-05-05,Sakai-Semboku,0,0,5,2,9,7,16,0,0,1925,0,46244,1925,48169,0,0,1379,1539,4707,2919,7626
port1128,2026-05-06,Sakai-Semboku,0,2,7,1,14,10,24,0,2055,2576,227,40451,4859,45310,0,0,1379,233,27837,1612,29450
port1128,2026-05-07,Sakai-Semboku,0,2,8,1,11,11,22,0,894,4074,0,14556,4968,19525,0,1173,1724,0,6482,2898,9380
port1128,2026-05-08,Sakai-Semboku,0,2,9,0,13,11,24,0,97,4495,0,5268,4593,9862,0,994,3254,0,1813,4248,6061
port1128,2026-05-09,Sakai-Semboku,0,1,11,2,6,14,20,0,1487,3738,57,2054,5284,7339,0,28,3652,602,3430,4283,7713
port1128,2026-05-10,Sakai-Semboku,1,1,7,0,11,9,20,0,1307,1733,0,2663,3041,5704,391,0,1221,0,5832,1612,7445
port1128,2026-05-11,Sakai-Semboku,0,1,13,3,23,17,40,0,1487,5954,0,47458,7442,54901,0,28,4809,0,9100,4838,13938
port1128,2026-05-12,Sakai-Semboku,1,1,14,1,9,17,26,838,5319,5752,0,14385,11910,26295,207,0,4289,0,2746,4496,7242
port1128,2026-05-13,Sakai-Semboku,0,2,11,0,18,13,31,0,2045,5140,0,22634,7185,29819,0,0,2317,0,9139,2317,11456
port1128,2026-05-14,Sakai-Semboku,0,3,15,0,12,18,30,0,1282,4691,0,19838,5974,25812,0,0,1931,0,20054,1931,21986
port1128,2026-05-15,Sakai-Semboku,0,1,6,1,11,8,19,0,2419,2888,57,9804,5365,15170,0,0,2069,602,6802,2671,9474
port1128,2026-05-16,Sakai-Semboku,0,0,4,3,8,7,15,0,0,2691,0,7791,2691,10483,0,0,689,0,8599,689,9289
port1128,2026-05-17,Sakai-Semboku,0,2,12,1,12,15,27,0,1952,6642,0,12963,8594,21557,0,28,3449,0,9456,3477,12934
port1128,2026-05-18,Sakai-Semboku,0,2,8,2,14,12,26,0,2045,1442,57,87059,3545,90605,0,0,689,602,10150,1291,11442
port1128,2026-05-19,Sakai-Semboku,0,1,13,1,13,15,28,0,646,4126,0,7022,4773,11796,0,0,4310,0,11974,4310,16284
port1128,2026-05-20,Sakai-Semboku,1,2,7,2,19,12,31,1013,6807,2888,0,176150,10708,186859,0,28,2069,0,7473,2098,9571
port1128,2026-05-21,Sakai-Semboku,1,2,5,0,15,8,23,838,1786,3841,0,46805,6466,53271,207,1173,1034,0,9718,2415,12134
port1128,2026-05-22,Sakai-Semboku,0,1,10,1,15,12,27,0,521,4653,0,52056,5174,57231,0,0,2414,0,8869,2414,11284
port1128,2026-05-23,Sakai-Semboku,0,2,6,2,16,10,26,0,2136,2128,57,8179,4322,12502,0,28,689,602,17026,1320,18346
port1128,2026-05-24,Sakai-Semboku,0,2,9,1,12,12,24,0,2683,1138,57,6765,3880,10645,0,28,4509,602,17456,5140,22596
port1128,2026-05-25,Sakai-Semboku,0,2,13,3,12,18,30,0,1188,7019,57,12633,8265,20899,0,0,2377,2133,11561,4510,16071
port1128,2026-05-26,Sakai-Semboku,1,2,11,2,8,16,24,548,4859,3369,0,3815,8777,12593,0,0,4114,0,4784,4114,8898
port1128,2026-05-27,Sakai-Semboku,0,1,5,0,10,6,16,0,1307,2115,0,4476,3423,7899,0,0,1034,0,6195,1034,7230
port1128,2026-05-28,Sakai-Semboku,0,2,7,1,14,10,24,0,1487,962,0,93132,2450,95582,0,1999,689,0,5339,2689,8028
port1128,2026-05-29,Sakai-Semboku,0,2,9,2,14,13,27,0,5556,2735,0,7238,8291,15530,0,881,2763,859,11150,4504,15655
port1160,2025-12-21,Santos,4,7,1,0,1,12,13,1453,0,0,0,0,1453,1453,46829,313924,12288,0,17992,373042,391035
port1160,2025-12-22,Santos,7,3,1,1,5,12,17,8650,0,0,589,55599,9239,64839,85940,109318,26900,3168,43485,225327,268813
port1160,2025-12-23,Santos,5,6,2,1,1,14,15,70766,6569,0,63,0,77398,77398,12356,287479,33473,1728,15643,335037,350681
port1160,2025-12-24,Santos,6,3,2,1,1,12,13,29801,6569,18046,0,0,54417,54417,70404,101399,0,2048,48102,173852,221954
port1160,2025-12-25,Santos,4,3,1,0,3,8,11,68715,66866,0,0,32668,135581,168250,57363,0,23237,0,27997,80600,108597
port1160,2025-12-26,Santos,7,7,1,1,1,16,17,41649,0,0,0,0,41649,41649,42726,283908,967,0,10331,327602,337933
port1160,2025-12-27,Santos,6,5,0,0,3,11,14,95194,43352,0,0,2039,138546,140586,24713,167373,0,0,0,192086,192086
port1160,2025-12-28,Santos,6,6,0,0,1,12,13,76903,0,0,0,21252,76903,98156,109044,266223,0,0,0,375267,375267
port1160,2025-12-29,Santos,4,6,0,0,2,10,12,42654,58969,0,0,7101,101623,108725,47504,265239,0,0,25316,312743,338060
port1160,2025-12-30,Santos,7,5,1,0,2,13,15,16087,13575,1626,0,36934,31290,68224,159543,319104,9461,0,7394,488109,495503
port1160,2025-12-31,Santos,8,2,1,0,3,11,14,38673,0,0,0,7027,38673,45701,96759,111492,19688,0,78842,227940,306783
port1160,2026-01-01,Santos,3,4,0,1,3,8,11,23417,47898,0,0,13679,71315,84994,10026,97952,0,7052,1216,115032,116248
port1160,2026-01-02,Santos,7,7,1,0,2,15,17,46483,117877,1515,0,0,165876,165876,14592,226539,0,0,33847,241132,274980
port1160,2026-01-03,Santos,6,4,0,0,2,10,12,107126,30549,0,0,20030,137676,157706,29830,179218,0,0,12262,209049,221311
port1160,2026-01-04,Santos,3,2,1,2,2,8,10,0,0,0,0,7027,0,7027,51128,44851,2871,5104,38007,103955,141962
port1160,2026-01-05,Santos,5,0,0,0,4,5,9,52329,0,0,0,67873,52329,120203,39437,0,0,0,25477,39437,64914
port1160,2026-01-06,Santos,5,1,1,0,3,7,10,2627,52211,0,0,22598,54838,77436,16689,0,30671,0,48102,47360,95463
port1160,2026-01-07,Santos,8,5,2,1,3,16,19,86379,7318,0,0,39634,93697,133332,79692,228442,5922,1301,0,315357,315357
port1160,2026-01-08,Santos,9,4,0,0,1,13,14,83641,76598,0,0,37936,160240,198176,104218,106436,0,0,0,210654,210654
port1160,2026-01-09,Santos,7,3,0,1,3,11,14,137753,61292,0,63,3704,199109,202813,42639,71410,0,1728,0,115778,115778
port1160,2026-01-10,Santos,5,5,2,0,3,12,15,40172,83409,666,0,0,124248,124248,23950,241661,24926,0,53286,290538,343824
port1160,2026-01-11,Santos,6,1,1,0,1,8,9,34810,30164,2683,0,12260,67658,79918,57985,0,0,0,0,57985,57985
port1160,2026-01-12,Santos,4,6,1,0,0,11,11,64992,24819,0,0,0,89812,89812,52677,242431,26704,0,0,321813,321813
port1160,2026-01-13,Santos,8,3,1,1,4,13,17,51401,0,0,0,329,51401,51730,79729,192256,9708,0,96800,281694,378495
port1160,2026-01-14,Santos,7,3,2,0,2,12,14,49668,124064,1367,0,0,175100,175100,28662,0,20942,0,0,49605,49605
port1160,2026-01-15,Santos,8,2,0,0,4,10,14,72744,0,0,0,0,72744,72744,100176,54748,0,0,42030,154924,196955
port1160,2026-01-16,Santos,4,2,0,0,2,6,8,53003,25509,0,0,70276,78513,148789,29006,24895,0,0,0,53902,53902
port1160,2026-01-17,Santos,6,1,1,1,2,9,11,84259,25606,1626,0,12064,111492,123556,87654,0,9461,0,0,97116,97116
port1160,2026-01-18,Santos,6,9,0,0,3,15,18,79430,21855,0,0,16812,101286,118099,40898,311333,0,0,43962,352231,396194
port1160,2026-01-19,Santos,4,1,1,0,2,6,8,17523,0,0,0,1314,17523,18838,50438,70442,44934,0,21639,165815,187454
port1160,2026-01-20,Santos,9,5,1,0,2,15,17,46868,72526,18021,0,9080,137416,146496,102609,97196,0,0,6238,199806,206044
port1160,2026-01-21,Santos,4,1,0,0,3,5,8,13076,0,0,0,14055,13076,27131,86877,72063,0,0,44725,158940,203666
port1160,2026-01-22,Santos,7,4,0,1,3,12,15,22353,27727,0,0,0,50080,50080,122022,202121,0,0,76631,324143,400775
port1160,2026-01-23,Santos,8,5,0,1,4,14,18,15260,85592,0,0,3797,100853,104650,102963,103853,0,1019,853,207836,208690
port1160,2026-01-24,Santos,5,1,1,0,4,7,11,40813,0,0,0,8000,40813,48813,111903,0,12589,0,42106,124492,166599
port1160,2026-01-25,Santos,6,5,0,1,0,12,12,55019,97273,0,0,0,152292,152292,154384,204732,0,2457,0,361573,361573
port1160,2026-01-26,Santos,4,4,1,1,4,10,14,71934,0,1626,0,3586,73561,77147,13938,157819,9461,0,81217,181218,262436
port1160,2026-01-27,Santos,9,4,2,0,3,15,18,110408,0,166,0,73644,110574,184218,58189,190255,23055,0,0,271500,271500
port1160,2026-01-28,Santos,9,6,2,1,1,18,19,59920,6569,0,0,0,66489,66489,18127,355461,40613,0,41992,414202,456194
port1160,2026-01-29,Santos,4,7,0,1,2,12,14,4521,96692,0,0,42426,101213,143640,109887,211898,0,1947,0,323734,323734
port1160,2026-01-30,Santos,6,9,1,1,5,17,22,11216,130049,0,0,8878,141265,150144,65296,281971,8684,0,37999,355952,393951
port1160,2026-01-31,Santos,5,2,0,1,1,8,9,32413,0,0,0,0,32413,32413,78231,47305,0,3282,0,128819,128819
port1160,2026-02-01,Santos,7,1,0,0,4,8,12,71025,0,0,0,36281,71025,107307,46612,7035,0,0,114,53648,53763
port1160,2026-02-02,Santos,4,5,2,0,1,11,12,10579,45997,0,0,0,56577,56577,66104,164299,64270,0,28902,294674,323576
port1160,2026-02-03,Santos,8,4,0,0,1,12,13,46046,0,0,0,0,46046,46046,107941,144622,0,0,0,252564,252564
port1160,2026-02-04,Santos,6,5,1,0,3,12,15,32903,60246,0,0,65391,93150,158541,47220,148557,27202,0,0,222979,222979
port1160,2026-02-05,Santos,5,5,1,0,4,11,15,51284,6569,162,0,25508,58016,83525,14962,292042,0,0,0,307005,307005
port1160,2026-02-06,Santos,7,2,2,0,4,11,15,77160,7006,3253,0,17934,87420,105354,62055,105908,18923,0,10985,186887,197873
port1160,2026-02-07,Santos,4,3,0,1,2,8,10,43746,14684,0,0,0,58430,58430,39629,71804,0,570,7534,112004,119538
port1160,2026-02-08,Santos,7,2,1,0,2,10,12,125064,23529,0,0,15607,148593,164201,111032,21365,0,0,0,132398,132398
port1160,2026-02-09,Santos,4,7,2,0,2,13,15,12335,0,12726,0,7027,25061,32089,80898,359999,0,0,32799,440898,473697
port1160,2026-02-10,Santos,7,6,0,1,2,14,16,0,0,0,0,71757,0,71757,87792,481611,0,0,15643,569403,585047
port1160,2026-02-11,Santos,8,0,1,0,3,9,12,22651,0,0,0,0,22651,22651,20686,0,2870,0,8690,23556,32247
port1160,2026-02-12,Santos,4,7,1,0,1,12,13,54615,76918,1626,0,0,133161,133161,0,165846,9461,0,0,175307,175307
port1160,2026-02-13,Santos,5,6,0,0,2,11,13,82668,0,0,0,0,82668,82668,43236,167549,0,0,98622,210785,309408
port1160,2026-02-14,Santos,6,4,0,0,2,10,12,63383,20230,0,0,11886,83613,95500,61722,131785,0,0,0,193508,193508
port1160,2026-02-15,Santos,2,4,3,1,1,10,11,19523,7006,4429,0,0,30959,30959,19287,154615,2417,2047,40834,178368,219203
port1160,2026-02-16,Santos,7,7,2,0,1,16,17,1695,55112,0,0,26727,56808,83536,147000,155904,35504,0,6092,338409,344502
port1160,2026-02-17,Santos,5,6,1,1,1,13,14,71568,33812,19636,0,36602,125016,161619,25523,234459,0,6541,0,266524,266524
port1160,2026-02-18,Santos,8,7,2,0,3,17,20,137849,35019,0,0,71489,172869,244358,41658,279778,30066,0,0,351503,351503
port1160,2026-02-19,Santos,7,4,1,1,2,13,15,33857,0,0,0,16360,33857,50217,24273,292569,8627,0,31168,325470,356639
port1160,2026-02-20,Santos,6,5,1,0,1,12,13,81635,48066,0,0,0,129701,129701,42231,170608,690,0,0,213529,213529
port1160,2026-02-21,Santos,5,7,0,0,1,12,13,97601,0,0,0,0,97601,97601,53511,383596,0,0,9601,437107,446708
port1160,2026-02-22,Santos,5,3,0,1,5,9,14,18978,68934,0,0,66980,87913,154894,179196,33796,0,0,31645,212992,244638
port1160,2026-02-23,Santos,7,3,5,0,4,15,19,74236,0,5261,0,3802,79497,83300,85592,288322,25792,0,56547,399707,456255
port1160,2026-02-24,Santos,9,4,1,0,0,14,14,114869,27443,1626,0,0,143940,143940,79200,145424,9461,0,0,234087,234087
port1160,2026-02-25,Santos,6,8,2,1,1,17,18,0,52506,1840,0,0,54347,54347,123828,305420,26900,751,0,456900,456900
port1160,2026-02-26,Santos,3,4,2,1,3,10,13,53763,21530,0,0,0,75293,75293,0,100734,1833,0,2712,102568,105281
port1160,2026-02-27,Santos,9,0,1,0,3,10,13,55322,0,0,0,5635,55322,60957,71703,0,17414,0,71628,89118,160746
port1160,2026-02-28,Santos,6,5,0,0,0,11,11,75151,12733,0,0,0,87884,87884,78218,246726,0,0,0,324944,324944
port1160,2026-03-01,Santos,3,6,1,1,3,11,14,86635,7006,0,0,58933,93642,152575,13236,252394,9708,0,9703,275339,285043
port1160,2026-03-02,Santos,6,6,2,0,3,14,17,9855,28032,0,0,15798,37887,53686,121235,252011,19580,0,2445,392827,395273
port1160,2026-03-03,Santos,8,7,2,1,4,18,22,103085,16341,4652,0,510,124080,124590,119160,268797,22588,0,99409,410545,509955
port1160,2026-03-04,Santos,5,4,0,0,1,9,10,13502,44033,0,0,14056,57535,71592,23438,179531,0,0,0,202970,202970
port1160,2026-03-05,Santos,7,6,0,1,0,14,14,50216,29591,0,0,0,79808,79808,116413,231091,0,5143,0,352648,352648
port1160,2026-03-06,Santos,6,7,3,0,4,16,20,74249,0,2778,0,398,77027,77425,36363,254051,39123,0,4554,329538,334092
port1160,2026-03-07,Santos,8,3,1,1,2,13,15,100784,0,0,0,18615,100784,119399,52177,130674,0,871,57927,183723,241651
port1160,2026-03-08,Santos,5,4,0,0,2,9,11,84760,0,0,0,0,84760,84760,37448,235836,0,0,0,273285,273285
port1160,2026-03-09,Santos,4,5,1,0,2,10,12,46432,12024,0,0,9793,58456,68250,15925,101201,34451,0,0,151577,151577
port1160,2026-03-10,Santos,5,0,0,1,0,6,6,46968,0,0,0,0,46968,46968,75250,0,0,2322,0,77572,77572
port1160,2026-03-11,Santos,4,2,1,1,4,8,12,5709,0,0,0,75414,5709,81123,0,104480,19770,0,17800,124251,142051
port1160,2026-03-12,Santos,9,2,1,0,5,12,17,37514,12577,0,0,34314,50092,84407,159232,81732,8788,0,62417,249753,312171
port1160,2026-03-13,Santos,6,3,0,0,5,9,14,29419,0,0,0,19433,29419,48852,80485,197600,0,0,38655,278085,316741
port1160,2026-03-14,Santos,6,5,1,0,3,12,15,174203,0,704,0,10023,174908,184931,0,308896,0,0,1953,308896,310849
port1160,2026-03-15,Santos,6,9,0,0,1,15,16,111950,35188,0,0,0,147138,147138,159298,398412,0,0,72604,557710,630315
port1160,2026-03-16,Santos,5,8,0,1,3,14,17,67881,24388,0,0,36965,92269,129235,61387,259530,0,0,0,320917,320917
port1160,2026-03-17,Santos,8,8,3,1,1,20,21,127280,56164,0,0,8452,183444,191897,12246,296813,45098,0,0,354158,354158
port1160,2026-03-18,Santos,9,5,0,1,1,15,16,43456,0,0,3536,0,46993,46993,91456,241424,0,0,0,332880,332880
port1160,2026-03-19,Santos,5,6,1,0,1,12,13,22784,0,0,0,0,22784,22784,21758,308080,32410,0,7534,362249,369784
port1160,2026-03-20,Santos,7,9,0,1,6,17,23,40806,0,0,0,34342,40806,75149,65161,492431,0,3434,20529,561027,581557
port1160,2026-03-21,Santos,6,2,1,0,0,9,9,208856,12466,0,0,0,221323,221323,13236,69201,24677,0,0,107114,107114
port1160,2026-03-22,Santos,6,9,1,0,3,16,19,9216,34516,0,0,19049,43732,62782,152651,364423,13394,0,0,530470,530470
port1160,2026-03-23,Santos,7,5,0,1,2,13,15,27318,0,0,0,38544,27318,65863,55177,271979,0,0,24020,327156,351177
port1160,2026-03-24,Santos,8,12,1,0,6,21,27,47265,72170,324,0,65798,119760,185558,178491,453130,0,0,33276,631621,664898
port1160,2026-03-25,Santos,6,2,1,0,1,9,10,7731,0,4448,0,0,12179,12179,35537,70225,0,0,0,105763,105763
port1160,2026-03-26,Santos,6,7,1,0,2,14,16,90970,6782,0,0,41787,97752,139540,39920,287429,10766,0,0,338115,338115
port1160,2026-03-27,Santos,5,8,2,1,4,16,20,72843,0,3253,0,16128,76097,92225,13217,327920,18923,4071,21920,364132,386053
port1160,2026-03-28,Santos,8,10,0,1,2,19,21,87986,53767,0,0,23895,141753,165649,70977,315070,0,3240,24850,389289,414139
port1160,2026-03-29,Santos,7,1,1,0,4,9,13,111687,37362,0,0,6252,149049,155302,56321,0,26151,0,41159,82473,123632
port1160,2026-03-30,Santos,3,9,0,0,4,12,16,36941,37352,0,0,0,74294,74294,77438,367001,0,0,0,444439,444439
port1160,2026-03-31,Santos,8,4,1,1,3,14,17,4546,0,164,0,44365,4711,49077,168434,190090,0,0,68419,358524,426943
port1160,2026-04-01,Santos,6,4,2,0,1,12,13,0,6569,4958,0,17053,11527,28580,48832,199234,18621,0,0,266687,266687
port1160,2026-04-02,Santos,6,3,2,0,4,11,15,65532,0,558,0,37375,66091,103466,62236,134823,5706,0,6632,202766,209399
port1160,2026-04-03,Santos,6,5,0,0,1,11,12,22050,0,0,0,0,22050,22050,27458,251893,0,0,23772,279351,303124
port1160,2026-04-04,Santos,7,7,2,1,4,17,21,125799,0,0,0,36166,125799,161965,85475,476439,16427,515,13929,578858,592788
port1160,2026-04-05,Santos,7,4,2,0,1,13,14,131574,34926,1420,0,0,167921,167921,105559,167229,34763,0,35481,307552,343034
port1160,2026-04-06,Santos,5,6,0,1,3,12,15,42879,36003,0,0,61764,78882,140647,101750,208258,0,0,32531,310008,342539
port1160,2026-04-07,Santos,9,6,2,0,0,17,17,72955,75409,1626,0,0,149992,149992,53953,195711,14465,0,0,264130,264130
port1160,2026-04-08,Santos,4,4,0,1,4,9,13,21924,37588,0,0,7027,59513,66541,79116,174589,0,3483,71523,257189,328712
port1160,2026-04-09,Santos,8,5,1,1,1,15,16,16830,17000,0,0,40295,33831,74126,30132,242388,11857,1021,0,285400,285400
port1160,2026-04-10,Santos,5,5,0,0,3,10,13,105185,13138,0,0,24841,118323,143165,6475,180692,0,0,0,187167,187167
port1160,2026-04-11,Santos,2,4,1,0,4,7,11,37701,30184,0,0,2851,67886,70737,19236,160903,20428,0,44117,200568,244685
port1160,2026-04-12,Santos,7,8,0,1,1,16,17,157851,13138,0,0,0,170989,170989,22318,395342,0,7512,404,425173,425577
port1160,2026-04-13,Santos,8,4,0,0,4,12,16,96796,6569,0,0,43584,103366,146950,240193,228871,0,0,6358,469064,475422
port1160,2026-04-14,Santos,6,6,1,1,2,14,16,42657,25105,0,0,27826,67763,95589,69613,233986,800,0,34407,304400,338808
port1160,2026-04-15,Santos,8,7,2,0,2,17,19,64422,40188,5507,0,20679,110118,130798,210108,336113,24431,0,0,570653,570653
port1160,2026-04-16,Santos,5,4,0,0,3,9,12,77971,9762,0,0,40240,87733,127973,55345,188057,0,0,0,243402,243402
port1160,2026-04-17,Santos,7,6,2,1,2,16,18,43604,26304,0,0,2788,69909,72698,59041,211077,47410,0,29304,317530,346834
port1160,2026-04-18,Santos,7,5,0,1,3,13,16,126112,28448,0,0,57098,154560,211658,9751,278231,0,1537,54410,289519,343930
port1160,2026-04-19,Santos,7,5,0,0,3,12,15,39881,59616,0,0,76631,99497,176129,134583,142227,0,0,13585,276811,290396
port1160,2026-04-20,Santos,5,7,2,0,2,14,16,0,0,1626,0,16203,1626,17830,65170,297246,24055,0,17502,386471,403974
port1160,2026-04-21,Santos,7,4,1,1,1,13,14,80506,45185,14257,0,7597,139949,147546,116389,144532,0,2048,0,262970,262970
port1160,2026-04-22,Santos,6,6,1,1,4,14,18,14187,20125,23221,0,28330,57535,85866,43099,281227,0,0,81732,324327,406059
port1160,2026-04-23,Santos,8,5,1,0,1,14,15,31786,23556,0,0,6546,55342,61889,166651,119525,7148,0,0,293326,293326
port1160,2026-04-24,Santos,6,8,1,1,4,16,20,38928,48978,0,0,11064,87906,98971,60094,369193,27940,3526,32842,460754,493597
port1160,2026-04-25,Santos,8,6,1,0,2,15,17,85761,6569,0,0,48104,92330,140434,60745,300782,39236,0,0,400763,400763
port1160,2026-04-26,Santos,7,3,0,1,6,11,17,119038,13138,0,0,22704,132176,154881,112096,148428,0,4119,38368,264643,303012
port1160,2026-04-27,Santos,5,5,1,0,2,11,13,43477,40208,0,0,26727,83685,110413,26045,239108,3291,0,6092,268446,274538
port1160,2026-04-28,Santos,9,2,1,1,3,13,16,78433,0,1626,0,20435,80060,100495,129399,86795,9461,2322,56547,227978,284526
port1160,2026-04-29,Santos,6,2,3,2,0,13,13,15815,0,8199,63,0,24077,24077,61863,28748,34467,4091,0,129170,129170
port1160,2026-04-30,Santos,6,3,1,0,4,10,14,83412,0,1626,0,11866,85039,96905,65784,196748,9461,0,11929,271994,283923
port1160,2026-05-01,Santos,6,9,1,1,0,17,17,33136,6569,0,0,0,39705,39705,30441,417397,233,4358,0,452430,452430
port1160,2026-05-02,Santos,6,2,1,0,4,9,13,154659,5433,0,0,45725,160093,205818,0,57752,13894,0,52660,71647,124307
port1160,2026-05-03,Santos,7,2,0,0,1,9,10,23724,0,0,0,8484,23724,32209,131946,109024,0,0,0,240970,240970
port1160,2026-05-04,Santos,7,5,1,0,3,13,16,101404,71247,1626,0,12258,174279,186537,62336,130800,9461,0,25477,202598,228076
port1160,2026-05-05,Santos,4,11,0,0,3,15,18,43954,43768,0,0,38307,87722,126030,51497,509130,0,0,8926,560628,569554
port1160,2026-05-06,Santos,10,7,1,1,1,19,20,96444,76199,0,0,0,172643,172643,100212,257252,23486,2162,77541,383114,460655
port1160,2026-05-07,Santos,4,4,0,1,1,9,10,12481,0,0,0,7027,12481,19509,57740,194636,0,916,6238,253294,259532
port1160,2026-05-08,Santos,5,8,1,2,6,16,22,7067,90606,0,512,57506,98186,155692,39518,368162,15892,0,45784,423573,469357
port1160,2026-05-09,Santos,7,5,0,0,2,12,14,66256,7006,0,0,10033,73263,83296,47139,247023,0,0,32298,294163,326462
port1160,2026-05-10,Santos,6,4,1,0,2,11,13,77530,0,1626,0,1921,79156,81078,82773,173970,9461,0,0,266205,266205
port1160,2026-05-11,Santos,5,7,1,0,3,13,16,19979,37332,0,0,36412,57311,93723,78472,196434,19653,0,38383,294560,332943
port1160,2026-05-12,Santos,1,6,0,0,2,7,9,0,0,0,0,16925,0,16925,0,266052,0,0,26641,266052,292693
port1160,2026-05-13,Santos,9,5,2,1,2,17,19,23576,0,1626,0,7027,25203,32231,201731,252435,9461,0,6238,463628,469866
port1160,2026-05-14,Santos,8,5,0,1,2,14,16,52539,0,0,0,7027,52539,59567,84212,202758,0,5451,13694,292422,306117
port1160,2026-05-15,Santos,8,6,1,0,3,15,18,152441,10898,0,0,321,163339,163661,51685,232709,564,0,2106,284959,287066
port1160,2026-05-16,Santos,5,5,0,1,5,11,16,134389,51029,0,0,22333,185419,207753,28003,245072,0,1200,118462,274276,392739
port1160,2026-05-17,Santos,4,5,0,0,3,9,12,81426,26861,0,0,44340,108288,152628,46990,268349,0,0,24038,315339,339378
port1160,2026-05-18,Santos,6,9,1,1,4,17,21,17959,68342,0,589,14055,86891,100947,62512,346500,24431,3168,12476,436613,449089
port1160,2026-05-19,Santos,9,2,0,0,4,11,15,53408,6569,0,0,7017,59977,66995,114608,48548,0,0,38862,163156,202018
port1160,2026-05-20,Santos,8,1,0,1,3,10,13,49095,0,0,0,19030,49095,68125,170767,28606,0,6897,5560,206271,211831
port1160,2026-05-21,Santos,5,4,2,1,0,12,12,31060,0,1626,0,0,32687,32687,30196,242199,9461,0,0,281858,281858
port1160,2026-05-22,Santos,7,2,2,0,1,11,12,58480,0,1626,0,3662,60106,63769,100063,132177,29803,0,0,262043,262043
port1160,2026-05-23,Santos,3,5,0,1,2,9,11,40440,6569,0,0,0,47009,47009,0,171728,0,0,58376,171728,230104
port1160,2026-05-24,Santos,7,8,1,0,3,16,19,32502,28131,0,0,36274,60633,96908,199161,318287,22876,0,35481,540325,575807
port1160,2026-05-25,Santos,5,2,0,1,4,8,12,20678,35460,0,0,19538,56138,75676,132730,71251,0,1024,46665,205005,251671
port1160,2026-05-26,Santos,4,5,0,0,0,9,9,69474,52032,0,0,0,121507,121507,31995,186572,0,0,0,218568,218568
port1160,2026-05-27,Santos,10,12,1,0,3,23,26,52771,52772,0,0,3075,105544,108619,62983,560081,5465,0,0,628530,628530
port1160,2026-05-28,Santos,4,6,0,1,3,11,14,9989,13138,0,0,53087,23128,76215,75202,246846,0,0,39660,322049,361710
port1160,2026-05-29,Santos,12,6,1,0,2,19,21,70484,13138,0,0,7027,83622,90650,126868,189280,12493,0,6238,328642,334880
port1188,2025-12-21,Shanghai (Pudong),37,44,14,7,19,102,121,309822,555507,6647,825,113187,872802,985989,257299,304039,18840,13514,88203,593693,681896
port1188,2025-12-22,Shanghai (Pudong),47,47,8,5,23,107,130,433465,352972,5962,986,92493,793386,885880,264410,471221,8943,12544,25298,757120,782418
port1188,2025-12-23,Shanghai (Pudong),30,34,10,4,24,78,102,195376,221954,15545,825,74437,433701,508139,299911,536228,990,7250,127355,844380,971736
port1188,2025-12-24,Shanghai (Pudong),41,42,10,7,26,100,126,292172,291510,23539,508,88279,607730,696009,309389,259252,8853,18385,86533,595881,682415
port1188,2025-12-25,Shanghai (Pudong),40,20,12,5,19,77,96,216247,652535,1008,597,55967,870389,926356,392522,40012,11197,17404,91616,461136,552752
port1188,2025-12-26,Shanghai (Pudong),42,36,13,8,24,99,123,382843,453555,33694,1139,95492,871233,966725,347697,361679,8956,13525,90421,731859,822281
port1188,2025-12-27,Shanghai (Pudong),27,45,14,6,20,92,112,269478,486101,28226,825,56292,784632,840924,310185,410630,3844,14384,95267,739044,834312
port1188,2025-12-28,Shanghai (Pudong),38,34,16,10,22,98,120,534347,318809,8841,1980,66920,863979,930899,204773,319897,18675,23878,25161,567224,592385
port1188,2025-12-29,Shanghai (Pudong),37,30,10,7,25,84,109,322584,481047,10212,2690,178081,816534,994616,351126,137993,8071,4612,67360,501804,569165
port1188,2025-12-30,Shanghai (Pudong),35,39,12,5,20,91,111,95418,395530,19209,725,65322,510884,576207,564950,446756,11562,8132,56179,1031402,1087582
port1188,2025-12-31,Shanghai (Pudong),36,29,15,7,20,87,107,195133,268595,17383,2537,34771,483650,518421,349017,281068,19636,5555,50284,655278,705563
port1188,2026-01-01,Shanghai (Pudong),29,26,5,6,20,66,86,369394,342524,3829,412,52690,716161,768851,295787,163367,4501,7151,48977,470807,519785
port1188,2026-01-02,Shanghai (Pudong),43,36,19,7,19,105,124,449151,263676,26278,233,44583,739340,783923,483876,102724,29802,21394,19477,637798,657275
port1188,2026-01-03,Shanghai (Pudong),36,45,14,4,24,99,123,352567,1013686,13648,2988,68949,1382891,1451841,402841,331194,18608,4668,132361,757312,889674
port1188,2026-01-04,Shanghai (Pudong),30,28,8,4,11,70,81,367607,128657,7102,1238,40681,504606,545287,309752,176217,15134,6164,12236,507268,519504
port1188,2026-01-05,Shanghai (Pudong),40,34,18,7,22,99,121,421992,233916,20977,2165,94381,679051,773433,343350,369873,37841,15871,23661,766937,790599
port1188,2026-01-06,Shanghai (Pudong),42,48,18,3,20,111,131,319942,369607,41888,920,72473,732358,804831,472845,263087,22271,1439,33826,759643,793470
port1188,2026-01-07,Shanghai (Pudong),34,32,15,3,25,84,109,607095,383369,4591,467,57880,995524,1053405,343862,325983,41752,3227,86688,714825,801514
port1188,2026-01-08,Shanghai (Pudong),50,41,13,4,22,108,130,364686,622015,31765,2940,102680,1021408,1124088,335456,215167,6217,6599,28582,563441,592024
port1188,2026-01-09,Shanghai (Pudong),41,39,8,7,28,95,123,247063,255292,15307,1188,145884,518852,664737,482185,285710,7878,15844,116082,791619,907702
port1188,2026-01-10,Shanghai (Pudong),37,40,12,3,17,92,109,560708,260360,16595,0,70613,837665,908278,350924,441716,12166,8744,34550,813552,848103
port1188,2026-01-11,Shanghai (Pudong),33,35,16,5,21,89,110,334043,286371,8414,825,74836,629655,704492,274864,258129,20831,7132,15971,560957,576928
port1188,2026-01-12,Shanghai (Pudong),31,25,16,4,23,76,99,623440,197570,13643,825,52061,835480,887542,254483,182126,28296,2878,89405,467785,557190
port1188,2026-01-13,Shanghai (Pudong),35,34,10,4,19,83,102,578636,323752,19359,1425,38627,923174,961802,346930,126865,7480,7356,33042,488633,521676
port1188,2026-01-14,Shanghai (Pudong),36,28,13,9,24,86,110,467170,357060,22844,1504,46294,848579,894873,354694,155518,10119,21165,74286,541497,615784
port1188,2026-01-15,Shanghai (Pudong),28,42,8,2,18,80,98,238979,591885,7665,72,68722,838603,907325,421657,290925,8571,604,123480,721758,845239
port1188,2026-01-16,Shanghai (Pudong),21,19,3,3,4,46,50,146065,236485,3268,1349,13957,387168,401126,233705,280855,2631,1888,7384,519080,526465
port1188,2026-01-17,Shanghai (Pudong),38,44,15,5,28,102,130,259845,246286,10250,412,121840,516795,638635,396092,669102,12930,17943,135021,1096069,1231091
port1188,2026-01-18,Shanghai (Pudong),34,35,12,6,25,87,112,259037,247401,10826,706,78514,517972,596486,370082,172718,36301,16273,79872,595376,675249
port1188,2026-01-19,Shanghai (Pudong),37,32,12,6,22,87,109,315161,309471,22599,1101,64150,648334,712485,403628,433463,19872,21774,58071,878739,936810
port1188,2026-01-20,Shanghai (Pudong),37,33,7,4,14,81,95,549013,319887,3939,0,26774,872840,899615,338887,447534,2631,8224,7611,797277,804889
port1188,2026-01-21,Shanghai (Pudong),32,26,11,7,26,76,102,83133,327013,13463,1847,31446,425458,456904,449963,311231,4616,4921,49616,770732,820349
port1188,2026-01-22,Shanghai (Pudong),43,49,19,9,33,120,153,736645,721201,18366,2294,59545,1478507,1538053,353164,256894,30790,11563,69147,652412,721560
port1188,2026-01-23,Shanghai (Pudong),37,40,9,5,19,91,110,329201,335206,8479,1238,72570,674125,746696,319307,362863,12702,6282,15981,701156,717138
port1188,2026-01-24,Shanghai (Pudong),39,35,18,9,16,101,117,669322,341852,10183,1590,62214,1022948,1085162,338932,415402,34148,15474,60847,803958,864805
port1188,2026-01-25,Shanghai (Pudong),39,39,14,5,21,97,118,598345,560660,22092,0,116456,1181098,1297555,291217,520326,8592,7594,28014,827730,855744
port1188,2026-01-26,Shanghai (Pudong),36,35,13,7,30,91,121,192796,261403,12190,1479,112628,467869,580497,395755,250717,17916,14311,197825,678701,876526
port1188,2026-01-27,Shanghai (Pudong),35,33,11,6,27,85,112,308523,653779,15307,1604,90682,979215,1069897,327374,104059,6903,8474,65542,446811,512354
port1188,2026-01-28,Shanghai (Pudong),36,34,16,8,18,94,112,325464,368653,13117,1431,43394,708666,752060,386919,228904,21768,22537,40008,660130,700139
port1188,2026-01-29,Shanghai (Pudong),34,30,12,2,16,78,94,180738,330372,17758,0,36430,528870,565300,382079,209061,9693,1952,53825,602787,656612
port1188,2026-01-30,Shanghai (Pudong),34,36,10,6,16,86,102,252737,187943,7992,776,17963,449449,467413,283027,284513,3557,5941,43572,577040,620613
port1188,2026-01-31,Shanghai (Pudong),36,35,10,5,28,86,114,86299,537956,17344,1191,114682,642791,757474,428914,464083,10448,10376,47500,913822,961323
port1188,2026-02-01,Shanghai (Pudong),30,31,17,7,26,85,111,623413,371793,23503,984,87225,1019694,1106919,279256,197170,13287,16199,157679,505914,663594
port1188,2026-02-02,Shanghai (Pudong),32,41,14,5,17,92,109,221176,226903,3705,412,68435,452198,520633,252372,762696,22662,12587,42894,1050319,1093213
port1188,2026-02-03,Shanghai (Pudong),41,47,19,7,21,114,135,227819,838666,23426,3317,65914,1093229,1159143,396980,279383,16931,4318,58919,697613,756532
port1188,2026-02-04,Shanghai (Pudong),37,48,20,10,23,115,138,659117,536530,10356,2477,43867,1208481,1252348,362995,254240,26601,18790,80169,662627,742796
port1188,2026-02-05,Shanghai (Pudong),38,37,17,7,23,99,122,230069,275110,25464,825,87288,531470,618758,340962,502030,14987,15942,116308,873922,990230
port1188,2026-02-06,Shanghai (Pudong),38,30,9,5,9,82,91,201193,384496,11338,825,5492,597854,603347,340631,167636,12373,18251,11109,538892,550002
port1188,2026-02-07,Shanghai (Pudong),39,18,4,7,12,68,80,312467,157505,1845,1910,116531,473728,590259,384190,81825,9030,4721,27094,479768,506862
port1188,2026-02-08,Shanghai (Pudong),37,44,18,10,16,109,125,313676,601600,41612,1059,70221,957949,1028171,492885,242576,17221,13132,15486,765815,781302
port1188,2026-02-09,Shanghai (Pudong),30,29,12,6,36,77,113,149183,163184,7015,2001,85702,321385,407088,276368,369111,24042,13119,159865,682641,842507
port1188,2026-02-10,Shanghai (Pudong),28,34,10,6,15,78,93,103743,334246,1436,825,50392,440252,490644,309343,98543,41621,5225,52200,454733,506934
port1188,2026-02-11,Shanghai (Pudong),31,45,6,7,16,89,105,195937,514654,9017,960,51200,720568,771769,408583,385575,4097,11725,86514,809982,896496
port1188,2026-02-12,Shanghai (Pudong),32,27,16,6,30,81,111,192330,53341,28164,412,86292,274249,360542,347903,471894,15775,15076,99422,850650,950073
port1188,2026-02-13,Shanghai (Pudong),28,27,12,8,18,75,93,272783,216146,16109,3026,79192,508065,587258,179225,181114,19797,9874,65654,390011,455666
port1188,2026-02-14,Shanghai (Pudong),40,42,11,4,20,97,117,160150,772288,30667,233,34416,963340,997757,461465,130348,14156,10355,84367,616326,700693
port1188,2026-02-15,Shanghai (Pudong),24,27,6,5,14,62,76,338831,103675,3810,2013,56053,448330,504384,284354,149536,9466,1439,99807,444797,544604
port1188,2026-02-16,Shanghai (Pudong),41,27,10,5,18,83,101,285318,168413,4657,1666,86150,460056,546207,386628,132396,9378,14927,24179,543330,567509
port1188,2026-02-17,Shanghai (Pudong),40,37,17,8,20,102,122,396146,458141,26568,412,170680,881269,1051949,513045,124413,26582,23229,13767,687271,701039
port1188,2026-02-18,Shanghai (Pudong),30,31,8,7,24,76,100,283508,368053,7924,0,112303,659485,771789,438414,284923,3247,21017,63963,747603,811566
port1188,2026-02-19,Shanghai (Pudong),37,34,12,9,18,92,110,238880,351707,18125,2198,60678,610912,671590,449137,218231,37400,26935,17295,731705,749000
port1188,2026-02-20,Shanghai (Pudong),29,33,11,10,28,83,111,186583,89208,18673,1406,103248,295872,399121,334975,436161,22634,16001,103629,809772,913401
port1188,2026-02-21,Shanghai (Pudong),34,31,10,3,15,78,93,407343,234431,2953,1805,80256,646533,726789,260713,307055,13053,2600,40011,583421,623433
port1188,2026-02-22,Shanghai (Pudong),36,27,10,4,13,77,90,240247,118373,11158,412,34114,370192,404307,282210,40310,10284,14446,5347,347251,352598
port1188,2026-02-23,Shanghai (Pudong),39,31,9,2,19,81,100,362393,204988,14429,0,51834,581811,633646,326903,157648,5412,6742,26998,496706,523704
port1188,2026-02-24,Shanghai (Pudong),37,26,10,2,23,75,98,525591,338827,8804,0,132411,873223,1005634,272304,214680,14827,8879,33249,510691,543941
port1188,2026-02-25,Shanghai (Pudong),31,45,12,6,29,94,123,537070,803428,12884,1019,77407,1354403,1431811,224365,142797,19707,1494,71224,388364,459589
port1188,2026-02-26,Shanghai (Pudong),42,24,6,6,17,78,95,322537,387162,2323,1138,29582,713162,742744,342397,47355,677,2166,44100,392596,436696
port1188,2026-02-27,Shanghai (Pudong),27,30,9,5,28,71,99,277828,345609,5882,2233,109430,631553,740984,199483,82209,14541,5529,76771,301763,378534
port1188,2026-02-28,Shanghai (Pudong),32,41,16,4,24,93,117,510776,349250,29235,1443,58647,890705,949353,298910,475396,22997,7854,56739,805158,861897
port1188,2026-03-01,Shanghai (Pudong),29,39,19,9,19,96,115,409509,336293,27527,2902,98155,776233,874389,262775,312486,39370,8852,101121,623484,724606
port1188,2026-03-02,Shanghai (Pudong),32,23,7,1,16,63,79,676282,100790,5611,0,47981,782684,830665,156742,100125,6665,3097,73315,266629,339945
port1188,2026-03-03,Shanghai (Pudong),39,36,9,11,23,95,118,402998,404929,8345,1881,44238,818154,862393,329585,231007,2708,11929,159642,575231,734874
port1188,2026-03-04,Shanghai (Pudong),32,53,16,8,22,109,131,219172,847640,15081,921,98980,1082816,1181796,252056,307246,8628,11423,62833,579355,642189
port1188,2026-03-05,Shanghai (Pudong),34,26,18,9,25,87,112,204334,198143,12570,7990,159939,423038,582978,325989,171930,14818,19750,107062,532488,639550
port1188,2026-03-06,Shanghai (Pudong),32,35,8,4,23,79,102,536558,352319,6773,849,104018,896500,1000519,176186,73291,12719,6715,68051,268913,336964
port1188,2026-03-07,Shanghai (Pudong),37,42,17,2,20,98,118,556980,354700,11215,0,46283,922897,969181,320132,299864,11837,5634,16079,637468,653548
port1188,2026-03-08,Shanghai (Pudong),35,31,12,5,18,83,101,218995,196450,3672,1482,115744,420601,536345,248984,229234,15712,8525,57041,502457,559498
port1188,2026-03-09,Shanghai (Pudong),38,40,16,7,24,101,125,238110,188758,11556,825,100573,439250,539824,300399,187601,28306,12873,85715,529181,614897
port1188,2026-03-10,Shanghai (Pudong),37,46,14,3,27,100,127,363374,369062,16941,0,82652,749379,832031,261625,311121,9271,11218,33322,593236,626559
port1188,2026-03-11,Shanghai (Pudong),43,34,9,5,19,91,110,549540,222760,14856,687,85789,787845,873635,339627,115387,17620,5517,89290,478153,567444
port1188,2026-03-12,Shanghai (Pudong),36,39,18,5,24,98,122,360281,465834,23557,1651,99018,851324,950342,272560,278477,20285,8679,40015,580002,620017
port1188,2026-03-13,Shanghai (Pudong),33,29,15,3,17,80,97,420275,276594,11300,1019,30336,709189,739525,273106,58258,22126,1439,54610,354930,409540
port1188,2026-03-14,Shanghai (Pudong),38,36,6,5,23,85,108,235515,421841,6064,1016,54673,664436,719110,363958,122501,10476,12569,112473,509506,621980
port1188,2026-03-15,Shanghai (Pudong),38,28,13,6,15,85,100,259164,265333,11732,1478,61708,537708,599416,348285,57098,19498,6739,69593,431622,501216
port1188,2026-03-16,Shanghai (Pudong),37,39,16,7,28,99,127,734015,397808,11593,2374,97762,1145791,1243554,199022,252513,17213,21904,21204,490654,511858
port1188,2026-03-17,Shanghai (Pudong),31,33,13,4,17,81,98,158379,427397,30529,412,42862,616719,659581,338289,176436,15586,7825,70467,538137,608605
port1188,2026-03-18,Shanghai (Pudong),35,25,8,5,24,73,97,166458,96631,12240,1235,49152,276566,325719,370055,232377,12060,7001,70822,621495,692318
port1188,2026-03-19,Shanghai (Pudong),38,29,11,3,15,81,96,547012,323299,17247,412,26360,887972,914332,355484,414440,22677,16992,89439,809595,899035
port1188,2026-03-20,Shanghai (Pudong),40,40,12,6,20,98,118,245153,469359,12955,1546,52423,729014,781438,282570,198316,17787,11580,20207,510255,530463
port1188,2026-03-21,Shanghai (Pudong),38,42,14,6,27,100,127,243390,444372,11784,412,81520,699960,781480,313807,282148,10629,11192,68253,617778,686031
port1188,2026-03-22,Shanghai (Pudong),25,24,14,5,20,68,88,298687,172694,10965,825,122124,483173,605297,224543,115908,27944,9647,14906,378044,392950
port1188,2026-03-23,Shanghai (Pudong),47,47,22,10,21,126,147,652236,570161,21318,1238,62093,1244955,1307048,463430,160275,25562,18129,99379,667399,766779
port1188,2026-03-24,Shanghai (Pudong),40,41,13,7,20,101,121,201297,632973,37002,1700,84193,872974,957167,483132,140670,14974,7354,39067,646131,685199
port1188,2026-03-25,Shanghai (Pudong),35,26,16,6,27,83,110,225754,235415,18579,1791,83103,481541,564644,350176,109869,14766,7345,74533,482158,556691
port1188,2026-03-26,Shanghai (Pudong),41,34,14,5,26,94,120,435434,599364,26927,0,131161,1061725,1192887,331870,124095,6450,8757,33297,471173,504470
port1188,2026-03-27,Shanghai (Pudong),33,41,9,5,19,88,107,253051,372498,12224,1502,27619,639276,666896,348584,142842,15641,12279,12926,519348,532274
port1188,2026-03-28,Shanghai (Pudong),37,31,15,5,15,88,103,493766,216830,17043,3443,66044,731084,797129,197727,119680,15800,8599,78373,341808,420182
port1188,2026-03-29,Shanghai (Pudong),38,31,7,3,17,79,96,332140,249803,32173,412,47719,614530,662249,291623,254460,2631,4329,11109,553045,564154
port1188,2026-03-30,Shanghai (Pudong),35,25,9,7,17,76,93,321171,353451,5746,412,61247,680782,742029,397220,87697,26152,25805,7150,536876,544026
port1188,2026-03-31,Shanghai (Pudong),39,46,16,4,30,105,135,222155,511867,17754,825,110644,752603,863247,333305,176777,18520,9170,37244,537774,575019
port1188,2026-04-01,Shanghai (Pudong),42,38,15,6,19,101,120,379923,244063,29807,637,87701,654431,742133,435280,163120,24520,12751,52391,635673,688064
port1188,2026-04-02,Shanghai (Pudong),32,38,12,7,28,89,117,181139,352289,14000,4683,57057,552113,609170,359853,176850,8519,4608,18345,549832,568177
port1188,2026-04-03,Shanghai (Pudong),32,37,13,6,25,88,113,321658,343555,16843,646,94498,682703,777201,251340,164188,8042,9001,76132,432573,508706
port1188,2026-04-04,Shanghai (Pudong),38,40,13,6,22,97,119,448712,404731,10359,2634,60660,866438,927099,256341,305163,7634,5263,59939,574403,634343
port1188,2026-04-05,Shanghai (Pudong),38,29,14,8,22,89,111,359796,110791,41346,7695,52264,519629,571894,193721,259518,12908,3334,19585,469482,489067
port1188,2026-04-06,Shanghai (Pudong),37,30,12,10,31,89,120,257767,433837,15603,2921,150268,710129,860398,427146,382460,26859,17856,189654,854322,1043976
port1188,2026-04-07,Shanghai (Pudong),37,57,15,5,17,114,131,249247,480771,18927,1700,99320,750646,849966,397614,158577,37654,13929,40559,607776,648336
port1188,2026-04-08,Shanghai (Pudong),36,32,8,5,22,81,103,157887,227871,4310,825,151048,390894,541943,436510,185234,13686,12361,14831,647793,662625
port1188,2026-04-09,Shanghai (Pudong),41,32,9,9,24,91,115,507538,170634,4931,825,80729,683930,764660,319298,40577,14479,21483,33778,395837,429616
port1188,2026-04-10,Shanghai (Pudong),42,38,17,7,25,104,129,566456,367306,23534,825,53077,958123,1011201,333834,231316,12591,11472,113554,589214,702768
port1188,2026-04-11,Shanghai (Pudong),33,25,19,4,16,81,97,314681,320195,30433,412,72002,665723,737726,285891,53354,19127,1806,14838,360178,375017
port1188,2026-04-12,Shanghai (Pudong),33,25,13,5,15,76,91,282698,239597,12307,825,70285,535429,605714,376492,52794,7700,4137,4824,441124,445948
port1188,2026-04-13,Shanghai (Pudong),30,28,13,8,24,79,103,419644,410052,12211,2787,70410,844695,915106,297305,196567,19360,23500,24153,536733,560887
port1188,2026-04-14,Shanghai (Pudong),35,35,12,6,21,88,109,353077,376074,10915,1238,78097,741306,819403,291696,89566,15878,6370,53891,403511,457403
port1188,2026-04-15,Shanghai (Pudong),38,29,22,5,30,94,124,458491,196118,44289,548,51289,699447,750737,472749,204263,16937,29970,125863,723920,849783
port1188,2026-04-16,Shanghai (Pudong),34,35,7,6,16,82,98,255311,209489,3050,3619,52241,471472,523713,411778,72043,16986,1028,32489,501836,534326
port1188,2026-04-17,Shanghai (Pudong),37,37,21,7,16,102,118,399058,538474,54357,1030,53555,992921,1046477,362704,125653,23197,4262,26991,515817,542808
port1188,2026-04-18,Shanghai (Pudong),30,28,11,4,21,73,94,373608,397697,9308,3287,103792,783901,887693,214292,390074,4931,8784,45954,618082,664037
port1188,2026-04-19,Shanghai (Pudong),38,35,17,4,18,94,112,565283,201545,30147,308,64804,797284,862089,373319,139340,26243,566,34446,539469,573915
port1188,2026-04-20,Shanghai (Pudong),33,35,11,6,16,85,101,270517,244996,27128,2568,59838,545211,605050,324915,163400,6576,5882,40664,500775,541439
port1188,2026-04-21,Shanghai (Pudong),37,29,11,3,23,80,103,467836,314328,19994,412,131542,802572,934114,317838,120456,4782,10335,33026,453412,486438
port1188,2026-04-22,Shanghai (Pudong),37,34,13,5,18,89,107,209171,454835,16463,412,52943,680883,733826,402847,185683,6298,12492,19554,607322,626876
port1188,2026-04-23,Shanghai (Pudong),38,36,15,6,22,95,117,661387,286259,21242,2064,44409,970953,1015362,269620,38620,13407,7197,79060,328846,407906
port1188,2026-04-24,Shanghai (Pudong),35,34,21,5,14,95,109,414113,410555,17137,1238,16586,843044,859631,311421,88876,32777,5872,94020,438948,532968
port1188,2026-04-25,Shanghai (Pudong),36,25,12,7,15,80,95,153165,234811,14975,1238,46241,404190,450431,317715,92349,38226,28461,78951,476752,555704
port1188,2026-04-26,Shanghai (Pudong),34,22,15,4,23,75,98,257443,160855,38195,549,31125,457044,488170,333453,172020,14159,984,56418,520618,577036
port1188,2026-04-27,Shanghai (Pudong),32,43,14,5,15,94,109,341166,678097,17882,2565,115488,1039711,1155200,309089,293163,9181,7251,10977,618685,629663
port1188,2026-04-28,Shanghai (Pudong),35,15,6,1,19,57,76,175220,114560,6279,0,109436,296061,405497,331025,59394,9149,7451,87232,407020,494252
port1188,2026-04-29,Shanghai (Pudong),41,33,12,4,12,90,102,768196,212905,20476,825,48719,1002404,1051124,485192,128703,1023,8781,52686,623701,676387
port1188,2026-04-30,Shanghai (Pudong),37,29,19,6,20,91,111,171181,281820,27195,1212,104550,481409,585959,486620,17212,22426,8245,13253,534505,547758
port1188,2026-05-01,Shanghai (Pudong),35,21,10,7,20,73,93,228261,242769,4587,0,70040,475618,545658,280917,22597,14971,16099,16427,334586,351013
port1188,2026-05-02,Shanghai (Pudong),39,21,6,6,15,72,87,339150,241576,12480,8708,104894,601917,706812,396124,144558,5962,6351,6430,552998,559428
port1188,2026-05-03,Shanghai (Pudong),34,27,9,6,16,76,92,285467,238523,8741,431,40136,533163,573299,393122,227940,11180,4268,102335,636511,738847
port1188,2026-05-04,Shanghai (Pudong),42,36,9,5,20,92,112,349931,178100,9460,412,89860,537905,627766,478911,173669,14151,18411,66387,685143,751531
port1188,2026-05-05,Shanghai (Pudong),30,26,4,4,14,64,78,141264,284809,5674,3320,35223,435069,470292,336865,98539,9295,4409,34931,449109,484041
port1188,2026-05-06,Shanghai (Pudong),33,21,15,5,12,74,86,507843,101520,12292,1435,75000,623093,698093,324662,40081,12066,9093,25977,385903,411881
port1188,2026-05-07,Shanghai (Pudong),35,26,3,6,8,70,78,329775,240245,8960,605,13886,579586,593472,232491,159660,2631,5345,11871,400128,412000
port1188,2026-05-08,Shanghai (Pudong),38,20,12,7,21,77,98,472011,251791,12331,1238,33682,737372,771055,344468,37810,34020,15228,115770,431527,547297
port1188,2026-05-09,Shanghai (Pudong),33,25,9,4,11,71,82,132805,303158,16192,646,11368,452802,464170,298879,124488,12093,15658,25341,451120,476461
port1188,2026-05-10,Shanghai (Pudong),32,20,13,8,16,73,89,209353,167457,13148,4934,27134,394893,422028,509394,171301,27367,10361,43624,718424,762048
port1188,2026-05-11,Shanghai (Pudong),34,21,6,8,24,69,93,160695,46766,12276,670,48351,220408,268759,332158,79896,17945,14091,67518,444092,511610
port1188,2026-05-12,Shanghai (Pudong),21,17,8,3,10,49,59,254946,215385,5201,1443,52582,476977,529560,283225,36882,8227,1439,8521,329775,338296
port1188,2026-05-13,Shanghai (Pudong),37,30,13,5,12,85,97,189874,280887,21366,1949,24266,494078,518345,370267,69109,11663,5761,59757,456801,516558
port1188,2026-05-14,Shanghai (Pudong),37,21,7,8,17,73,90,518545,403342,14700,2648,39882,939237,979119,498152,60761,6626,13712,34595,579252,613847
port1188,2026-05-15,Shanghai (Pudong),34,13,14,5,18,66,84,303004,94046,15471,1988,41922,414510,456433,435207,40518,32132,2878,52271,510737,563008
port1188,2026-05-16,Shanghai (Pudong),40,17,5,4,14,66,80,213079,134341,5329,0,114828,352750,467579,429141,65052,7925,18959,19743,521079,540823
port1188,2026-05-17,Shanghai (Pudong),39,16,9,6,11,70,81,385068,187079,12532,412,28104,585093,613197,397496,33963,6754,16599,14197,454812,469010
port1188,2026-05-18,Shanghai (Pudong),31,20,12,9,19,72,91,182834,109991,10032,1532,78924,304390,383315,315678,153396,16155,24177,18793,509407,528200
port1188,2026-05-19,Shanghai (Pudong),37,19,7,6,12,69,81,482428,261613,17657,3793,25812,765492,791304,481615,46759,5326,18602,38353,552303,590657
port1188,2026-05-20,Shanghai (Pudong),33,16,12,6,16,67,83,405540,237843,22768,412,69310,666564,735875,415905,59141,25292,9396,63866,509735,573601
port1188,2026-05-21,Shanghai (Pudong),32,20,17,7,16,76,92,257326,159105,12323,2668,40910,431422,472333,443198,74094,30060,17003,82560,564356,646916
port1188,2026-05-22,Shanghai (Pudong),36,18,5,5,9,64,73,372646,168954,3201,825,17674,545627,563302,397938,92240,5786,10287,6392,506252,512644
port1188,2026-05-23,Shanghai (Pudong),21,11,5,4,7,41,48,279782,138542,4900,825,11769,424051,435820,318866,7722,9301,6418,5605,342309,347914
port1188,2026-05-24,Shanghai (Pudong),29,8,7,6,12,50,62,260464,29629,12491,1553,71924,304139,376063,230380,46776,7843,8138,9711,293139,302850
port1188,2026-05-25,Shanghai (Pudong),8,2,3,3,2,16,18,22659,26534,4991,958,1108,55144,56252,216059,7446,2572,2470,697,228548,229246
port1188,2026-05-26,Shanghai (Pudong),42,29,15,8,18,94,112,273245,236255,10702,1965,20542,522169,542711,464801,114975,16650,8469,37792,604896,642689
port1188,2026-05-27,Shanghai (Pudong),46,24,11,3,20,84,104,295283,327842,9920,412,110219,633459,743679,513046,90193,20214,11798,41946,635253,677199
port1188,2026-05-28,Shanghai (Pudong),25,14,7,5,8,51,59,301495,118236,16501,1502,53947,437735,491683,324451,53847,4826,6224,16091,389350,405442
port1188,2026-05-29,Shanghai (Pudong),34,12,10,7,7,63,70,220286,146263,16076,2994,20789,385620,406410,382843,88195,12722,9098,10631,492859,503491
port1201,2025-12-21,Singapore,44,0,6,3,68,53,121,725681,0,6578,808,711848,733068,1444916,725785,0,2503,1800,340021,730089,1070111
port1201,2025-12-22,Singapore,40,1,10,5,88,56,144,883989,8168,18056,522,461825,910736,1372562,578129,4020,7440,1793,539637,591383,1131021
port1201,2025-12-23,Singapore,40,3,3,3,58,49,107,822365,48951,1427,0,205868,872743,1078612,558548,6023,3929,7061,218516,575563,794080
port1201,2025-12-24,Singapore,39,5,3,4,75,51,126,893417,70852,1924,1386,381501,967580,1349081,794510,3896,1668,1540,364875,801615,1166491
port1201,2025-12-25,Singapore,41,2,5,5,82,53,135,932465,26211,5882,2686,595418,967245,1562663,633419,10927,2197,1788,530197,648333,1178531
port1201,2025-12-26,Singapore,33,2,10,4,69,49,118,583087,21132,6104,2655,724657,612979,1337637,638747,0,5868,1025,272198,645640,917839
port1201,2025-12-27,Singapore,42,0,5,5,61,52,113,587979,0,4343,0,759513,592323,1351836,918285,0,5590,3920,191532,927795,1119328
port1201,2025-12-28,Singapore,29,2,8,4,72,43,115,363509,26132,20319,1688,648439,411650,1060090,553083,6023,13553,5120,188760,577781,766542
port1201,2025-12-29,Singapore,41,1,3,5,82,50,132,1057540,2821,7030,252,511732,1067645,1579377,521024,0,629,2474,295523,524128,819652
port1201,2025-12-30,Singapore,39,1,8,4,79,52,131,891736,54215,9080,252,631150,955283,1586434,622645,0,4732,5683,335039,633061,968101
port1201,2025-12-31,Singapore,38,2,3,1,78,44,122,843083,47658,2662,0,465688,893404,1359093,757259,0,12195,0,391512,769454,1160966
port1201,2026-01-01,Singapore,38,3,8,4,77,53,130,743355,9408,5143,252,397665,758159,1155825,701019,22961,4591,1554,241373,730126,971499
port1201,2026-01-02,Singapore,46,1,6,3,71,56,127,868083,45396,4020,0,325141,917500,1242642,764323,0,3729,3747,214018,771800,985818
port1201,2026-01-03,Singapore,39,3,8,3,76,53,129,376810,97302,9038,6079,579082,489230,1068313,839729,0,11038,899,379150,851667,1230818
port1201,2026-01-04,Singapore,39,3,7,5,59,54,113,718309,26132,3363,252,299144,748057,1047201,591474,20318,19531,7047,340909,638371,979281
port1201,2026-01-05,Singapore,43,0,6,4,88,53,141,757650,0,5615,0,560350,763265,1323616,724190,0,2298,7692,414284,734180,1148465
port1201,2026-01-06,Singapore,41,3,8,2,63,54,117,740712,71641,4330,0,371700,816684,1188385,556544,0,5866,4606,259546,567018,826565
port1201,2026-01-07,Singapore,41,1,5,5,79,52,131,1256021,13066,13949,0,468160,1283036,1751197,772993,3011,3132,6375,347392,785514,1132906
port1201,2026-01-08,Singapore,40,3,2,3,81,48,129,412412,14558,1439,1453,407292,429862,837155,762827,3011,2636,899,315053,769374,1084428
port1201,2026-01-09,Singapore,40,0,7,5,65,52,117,976927,0,4409,252,464891,981588,1446480,635408,0,3799,3627,213620,642835,856455
port1201,2026-01-10,Singapore,32,2,8,3,61,45,106,996603,50439,6311,469,309409,1053823,1363232,604150,12436,3599,1926,226928,622113,849041
port1201,2026-01-11,Singapore,37,7,6,1,69,51,120,305655,157040,3083,0,707151,465780,1172931,785116,14116,6933,2166,380618,808332,1188951
port1201,2026-01-12,Singapore,46,3,6,8,79,63,142,598627,8168,6049,270,789036,613115,1402152,1026853,4508,8703,9754,261865,1049820,1311686
port1201,2026-01-13,Singapore,40,0,10,2,86,52,138,911109,0,22193,0,324724,933303,1258027,756397,0,4975,0,426312,761373,1187685
port1201,2026-01-14,Singapore,37,2,8,2,67,49,116,542851,37371,4621,0,424698,584844,1009542,643301,34933,10173,4023,385775,692432,1078208
port1201,2026-01-15,Singapore,50,6,8,3,75,67,142,808178,32740,2853,2145,719107,845918,1565026,914767,25398,4073,364,310005,944603,1254609
port1201,2026-01-16,Singapore,28,4,10,1,73,43,116,716469,155644,14909,0,293473,887023,1180497,432961,0,6812,2105,427147,441879,869027
port1201,2026-01-17,Singapore,36,3,11,2,68,52,120,782665,73397,8455,0,374158,864518,1238676,1094952,0,2922,0,244974,1097875,1342849
port1201,2026-01-18,Singapore,37,1,7,4,69,49,118,1083060,17778,8303,0,227608,1109142,1336751,840902,0,3331,3812,343603,848046,1191650
port1201,2026-01-19,Singapore,36,3,4,4,89,47,136,737635,57442,2401,504,696864,797983,1494847,782490,0,3241,6242,286001,791974,1077975
port1201,2026-01-20,Singapore,38,1,4,4,71,47,118,874245,13066,4089,1796,391018,893197,1284216,715061,3011,834,5437,347056,724345,1071401
port1201,2026-01-21,Singapore,41,3,5,6,94,55,149,661390,94640,3821,4072,654302,763924,1418226,788896,3011,5903,2238,538698,800049,1338748
port1201,2026-01-22,Singapore,43,3,4,3,71,53,124,635307,84463,4605,1814,670294,726190,1396485,982018,0,17615,1475,456748,1001110,1457858
port1201,2026-01-23,Singapore,43,0,7,5,62,55,117,984931,0,7093,756,788264,992780,1781045,1033705,0,4172,2698,263962,1040575,1304538
port1201,2026-01-24,Singapore,38,3,6,4,86,51,137,725260,78329,3504,377,698457,807471,1505929,605551,0,5700,5169,300813,616420,917234
port1201,2026-01-25,Singapore,36,6,1,6,64,49,113,388619,162169,0,125,306432,550913,857346,591213,19662,3120,9713,221896,623710,845606
port1201,2026-01-26,Singapore,44,1,4,5,82,54,136,538535,9415,2150,252,985954,550353,1536308,835865,0,707,2440,320611,839013,1159624
port1201,2026-01-27,Singapore,46,0,5,2,83,53,136,450429,0,5697,0,658952,456126,1115079,1049644,0,6709,887,521656,1057241,1578897
port1201,2026-01-28,Singapore,38,4,6,4,63,52,115,699263,26132,5439,2002,680088,732837,1412926,757820,7786,3611,4977,273159,774196,1047355
port1201,2026-01-29,Singapore,41,2,6,5,68,54,122,1015796,480,8211,1787,248658,1026276,1274935,585573,0,3359,2714,313693,591646,905340
port1201,2026-01-30,Singapore,46,3,12,5,85,66,151,598832,46793,8129,377,599814,654132,1253947,972273,68776,7981,5372,259550,1054403,1313954
port1201,2026-01-31,Singapore,44,2,7,2,71,55,126,968123,38850,15610,0,697082,1022584,1719667,644657,18596,1632,3075,266809,667962,934771
port1201,2026-02-01,Singapore,42,2,6,5,71,55,126,620201,13066,13563,0,705270,646831,1352101,750030,4094,1668,7977,290490,763772,1054263
port1201,2026-02-02,Singapore,38,2,6,6,86,52,138,747088,2065,4325,764,415606,754243,1169850,494092,0,5608,2943,485019,502644,987663
port1201,2026-02-03,Singapore,36,6,8,5,75,55,130,770409,155044,4810,252,274330,930516,1204847,599963,3011,8954,3989,336594,615919,952513
port1201,2026-02-04,Singapore,41,7,4,1,71,53,124,617499,110538,6392,0,778286,734429,1512715,976469,63428,1611,0,268301,1041509,1309810
port1201,2026-02-05,Singapore,39,4,6,5,78,54,132,762326,36548,9092,0,410192,807966,1218159,802150,7766,1008,3341,521854,814266,1336121
port1201,2026-02-06,Singapore,32,5,9,5,74,51,125,575193,36674,6229,0,579167,618097,1197265,651730,1403,6936,6657,352684,666729,1019413
port1201,2026-02-07,Singapore,42,5,4,4,71,55,126,538546,164572,0,252,588197,703370,1291568,662397,0,4926,1411,288482,668734,957217
port1201,2026-02-08,Singapore,39,3,3,8,77,53,130,741146,16259,5058,1367,765984,763832,1529817,487970,28878,1062,9256,280436,527167,807604
port1201,2026-02-09,Singapore,46,3,7,3,102,59,161,748012,31318,5268,0,589026,784599,1373626,832798,17688,7254,879,401377,858621,1259998
port1201,2026-02-10,Singapore,45,2,8,5,69,60,129,724870,74017,4081,2224,262142,805194,1067337,712852,0,5495,2563,336899,720910,1057809
port1201,2026-02-11,Singapore,36,1,5,7,69,49,118,570139,13066,6471,3258,461448,592935,1054383,996296,3011,1678,4454,328949,1005441,1334391
port1201,2026-02-12,Singapore,36,0,8,2,59,46,105,644753,0,15564,252,407978,660570,1068549,545186,0,3040,1359,216008,549586,765595
port1201,2026-02-13,Singapore,34,1,6,2,84,43,127,478819,14368,4970,270,549915,498429,1048345,936911,0,1455,1407,425494,939774,1365268
port1201,2026-02-14,Singapore,39,1,8,3,78,51,129,1042766,0,14911,0,668439,1057677,1726117,501413,3310,3237,4874,312946,512837,825783
port1201,2026-02-15,Singapore,39,1,3,3,69,46,115,924755,13066,2094,1759,438771,941675,1380447,339575,3011,834,2043,255486,345465,600952
port1201,2026-02-16,Singapore,41,3,7,2,82,53,135,1099107,78198,3881,0,327522,1181188,1508711,536440,7277,5864,2041,325014,551624,876639
port1201,2026-02-17,Singapore,38,1,5,3,59,47,106,1129167,13066,962,1721,148729,1144917,1293647,574150,3011,8748,2852,294117,588763,882881
port1201,2026-02-18,Singapore,44,2,4,2,80,52,132,720186,3145,8653,0,341708,731985,1073693,840239,0,1811,5126,322732,847177,1169909
port1201,2026-02-19,Singapore,46,1,9,5,73,61,134,743405,0,8426,762,433371,752594,1185966,930347,0,16964,3813,393245,951125,1344370
port1201,2026-02-20,Singapore,35,5,7,4,87,51,138,396049,69883,6404,2145,1066816,474483,1541300,705125,16324,3202,0,394633,724652,1119285
port1201,2026-02-21,Singapore,39,1,3,8,77,51,128,646943,0,465,2091,978514,649500,1628015,641419,0,1295,6771,389683,649487,1039171
port1201,2026-02-22,Singapore,37,4,6,3,61,50,111,844574,104372,3848,0,165777,952795,1118572,844331,0,6066,1854,332793,852252,1185045
port1201,2026-02-23,Singapore,42,3,6,0,72,51,123,703180,20547,3840,0,362696,727567,1090263,682632,4020,3486,0,449877,690139,1140016
port1201,2026-02-24,Singapore,44,2,9,4,65,59,124,937300,99457,12839,767,538176,1050365,1588542,692095,0,4793,3108,534483,699997,1234480
port1201,2026-02-25,Singapore,40,2,9,3,59,54,113,787215,10686,10297,0,216766,808199,1024965,956578,0,4116,1939,179298,962635,1141933
port1201,2026-02-26,Singapore,37,5,3,3,70,48,118,528025,95067,2324,125,404572,625543,1030116,719927,0,1668,3739,249205,725335,974541
port1201,2026-02-27,Singapore,32,3,6,3,70,44,114,760325,35128,2886,0,478836,798339,1277175,927366,3011,8982,12297,291171,951658,1242830
port1201,2026-02-28,Singapore,44,1,7,4,78,56,134,591275,0,4417,1981,317545,597674,915220,1320004,584,8632,899,393926,1330120,1724047
port1201,2026-03-01,Singapore,33,0,7,5,68,45,113,728258,0,8907,3518,403338,740684,1144022,618185,0,3023,6879,249025,628089,877114
port1201,2026-03-02,Singapore,36,2,9,5,100,52,152,549542,13066,3848,252,657857,566709,1224567,575819,4460,7232,2428,516959,589940,1106899
port1201,2026-03-03,Singapore,43,0,5,5,76,53,129,407343,0,3583,1017,819534,411943,1231478,963717,0,2485,4352,363949,970555,1334505
port1201,2026-03-04,Singapore,38,4,7,2,86,51,137,472432,122515,4515,5377,443779,604839,1048619,693881,3011,3842,899,486172,701635,1187807
port1201,2026-03-05,Singapore,45,1,5,2,86,53,139,1110600,24554,1963,1451,660463,1138569,1799033,616685,0,1536,0,267101,618222,885323
port1201,2026-03-06,Singapore,44,2,7,4,59,57,116,944458,0,9787,1940,242497,956186,1198684,800370,5232,5855,3325,334832,814784,1149616
port1201,2026-03-07,Singapore,37,4,4,4,65,49,114,1149936,66085,3560,252,454517,1219833,1674350,487449,7032,2298,2959,293581,499740,793321
port1201,2026-03-08,Singapore,42,3,4,5,64,54,118,624208,62003,1539,1796,643952,689547,1333500,546874,4020,6104,2322,276270,559321,835591
port1201,2026-03-09,Singapore,39,2,7,3,96,51,147,563692,15356,6681,0,581586,585730,1167317,956177,0,17207,4822,275399,978207,1253606
port1201,2026-03-10,Singapore,48,1,8,8,62,65,127,1359681,82149,2841,0,291509,1444672,1736182,751023,0,2475,5904,480380,759402,1239782
port1201,2026-03-11,Singapore,38,1,5,1,75,45,120,787073,23354,1578,0,503085,812006,1315091,827525,0,8034,1210,341265,836770,1178035
port1201,2026-03-12,Singapore,47,3,13,4,71,67,138,749269,27893,10982,3132,517403,791278,1308682,466053,0,8246,1925,298843,476226,775069
port1201,2026-03-13,Singapore,43,2,5,3,71,53,124,825537,44640,3848,252,512402,874278,1386681,694201,0,4695,899,354217,699796,1054014
port1201,2026-03-14,Singapore,37,2,6,5,65,50,115,349092,69875,2443,1631,149906,423042,572948,1071469,0,5019,5802,398560,1082291,1480851
port1201,2026-03-15,Singapore,38,2,3,4,65,47,112,476262,16539,962,1941,506719,495705,1002424,850895,0,1001,1532,299739,853429,1153168
port1201,2026-03-16,Singapore,38,0,5,4,102,47,149,600069,0,4325,252,495065,604647,1099712,822818,0,3283,8341,347812,834443,1182256
port1201,2026-03-17,Singapore,38,6,7,4,76,55,131,956855,117403,2984,252,415622,1077494,1493117,543934,4020,24985,4333,443561,577274,1020835
port1201,2026-03-18,Singapore,34,4,3,0,75,41,116,794667,84013,5343,0,455595,884024,1339619,461669,3011,1668,0,311570,466350,777920
port1201,2026-03-19,Singapore,41,1,9,6,77,57,134,945118,0,7560,4757,650846,957436,1608283,875899,0,8962,1944,287910,886806,1174716
port1201,2026-03-20,Singapore,42,0,1,1,73,44,117,371829,0,1961,0,293598,373790,667388,968484,0,0,0,283036,968484,1251520
port1201,2026-03-21,Singapore,36,2,4,2,73,44,117,571984,33411,2892,252,526066,608539,1134606,734592,0,10760,1924,271715,747277,1018993
port1201,2026-03-22,Singapore,37,1,0,5,52,43,95,724100,31705,0,0,303731,755805,1059537,771026,0,0,9107,221932,780134,1002066
port1201,2026-03-23,Singapore,39,4,10,2,81,55,136,408584,53929,10070,1204,293307,473788,767095,978621,12652,8284,0,377127,999557,1376685
port1201,2026-03-24,Singapore,41,5,5,5,84,56,140,1191736,55155,4411,756,659593,1252059,1911653,609537,11421,418,2698,311215,624075,935290
port1201,2026-03-25,Singapore,39,1,3,6,68,49,117,605041,52089,1534,0,407020,658665,1065686,943275,0,6307,2433,351601,952016,1303618
port1201,2026-03-26,Singapore,43,4,6,3,62,56,118,498079,59270,1924,2898,294086,562172,856258,1003603,1053,8082,899,228452,1013638,1242091
port1201,2026-03-27,Singapore,42,2,6,2,65,52,117,462667,8055,6543,0,295533,477266,772799,889670,0,2655,0,330307,892325,1222633
port1201,2026-03-28,Singapore,39,0,4,2,70,45,115,767972,0,2886,274,598588,771133,1369721,969193,0,5726,1437,253645,976357,1230003
port1201,2026-03-29,Singapore,42,3,4,3,65,52,117,677365,26132,2321,0,283632,705819,989451,1155019,11256,1858,1630,288203,1169764,1457968
port1201,2026-03-30,Singapore,41,0,7,5,71,53,124,1336302,0,6025,1693,258451,1344021,1602473,539078,0,6588,2319,376259,547985,924245
port1201,2026-03-31,Singapore,44,4,6,4,67,58,125,714993,117954,3351,1877,543323,838176,1381500,703130,0,3019,1537,281089,707688,988777
port1201,2026-04-01,Singapore,45,3,4,1,70,53,123,554509,43000,12344,252,224878,610106,834984,775704,0,834,899,427754,777437,1205192
port1201,2026-04-02,Singapore,39,2,3,2,64,46,110,449673,41732,962,2274,307858,494643,802501,804530,3011,5807,901,235578,814250,1049828
port1201,2026-04-03,Singapore,39,5,4,6,86,54,140,783048,43997,3417,4143,465549,834606,1300155,834715,7277,6278,6585,518635,854856,1373492
port1201,2026-04-04,Singapore,41,1,5,2,59,49,108,905536,61525,4170,252,269708,971484,1241193,927508,0,1668,899,260225,930076,1190302
port1201,2026-04-05,Singapore,41,1,4,7,64,53,117,988927,30820,4549,620,454416,1024918,1479335,509171,0,2983,1481,352784,513636,866420
port1201,2026-04-06,Singapore,34,4,4,5,84,47,131,604900,57681,4325,125,379668,667032,1046700,564433,5181,3132,2957,373088,575706,948794
port1201,2026-04-07,Singapore,41,1,6,6,78,54,132,449373,27063,6259,1452,575535,484148,1059684,777158,0,3337,899,195639,781395,977035
port1201,2026-04-08,Singapore,40,4,8,2,66,54,120,1008607,47290,3848,252,438675,1059998,1498674,692504,3011,7569,899,287376,703984,991361
port1201,2026-04-09,Singapore,40,0,5,7,70,52,122,587838,0,7902,0,603152,595741,1198893,654661,0,3101,12360,210785,670123,880909
port1201,2026-04-10,Singapore,40,3,8,5,69,56,125,746757,57343,10192,1452,743302,815746,1559048,869308,0,1723,5647,396255,876679,1272934
port1201,2026-04-11,Singapore,34,2,4,3,79,43,122,596121,0,962,0,386165,597083,983249,672915,1418,1991,6043,382871,682367,1065239
port1201,2026-04-12,Singapore,43,3,3,2,68,51,119,838363,2226,3161,1025,270125,844776,1114902,583565,18466,1668,429,340496,604130,944627
port1201,2026-04-13,Singapore,39,8,9,4,80,60,140,752869,115799,7354,504,445347,876527,1321875,524241,36962,5041,1798,423279,568044,991324
port1201,2026-04-14,Singapore,37,2,6,2,68,47,115,493352,29798,6201,1940,567108,531293,1098401,539355,0,4172,899,271652,544427,816080
port1201,2026-04-15,Singapore,38,3,4,1,64,46,110,443050,65572,2886,0,350659,511509,862168,747256,0,2503,1534,251190,751294,1002485
port1201,2026-04-16,Singapore,45,3,7,3,61,58,119,1076807,0,4598,0,302341,1081406,1383747,1113776,33363,6344,1814,304548,1155300,1459848
port1201,2026-04-17,Singapore,33,3,4,3,65,43,108,831681,13377,1924,377,213787,847360,1061148,478093,3011,2101,3849,359554,487056,846611
port1201,2026-04-18,Singapore,40,3,2,4,76,49,125,1042827,97944,2401,0,257547,1143172,1400720,765701,0,1464,2527,453778,769692,1223471
port1201,2026-04-19,Singapore,38,3,11,4,49,56,105,617747,56733,11481,252,144419,686214,830634,721718,6023,8161,3304,205570,739208,944778
port1201,2026-04-20,Singapore,37,1,2,5,68,45,113,797930,13066,2401,555,401205,813953,1215158,777427,3011,1464,601,166036,782505,948541
port1201,2026-04-21,Singapore,40,4,4,4,69,52,121,940555,54858,4258,252,406985,999924,1406909,488571,6023,1668,899,331196,497163,828359
port1201,2026-04-22,Singapore,45,1,7,1,76,54,130,782112,0,1830,2646,318638,786588,1105226,1443750,10140,1455,0,370490,1455345,1825835
port1201,2026-04-23,Singapore,39,5,9,2,59,55,114,527224,87166,11391,0,316285,625782,942067,920816,10398,22492,5944,248596,959652,1208248
port1201,2026-04-24,Singapore,44,4,6,2,59,56,115,574917,47007,4810,125,371872,626860,998732,878966,7338,4172,1413,237069,891890,1128959
port1201,2026-04-25,Singapore,45,6,1,4,66,56,122,732756,90936,0,270,374988,823963,1198952,976133,8774,0,4636,294505,989543,1284048
port1201,2026-04-26,Singapore,39,2,5,6,70,52,122,493804,13066,6665,252,376428,513788,890216,1407198,8096,1775,2912,354035,1419983,1774018
port1201,2026-04-27,Singapore,31,3,6,4,78,44,122,572758,50154,3912,2124,431110,628950,1060061,613492,5439,2894,3197,276260,625023,901284
port1201,2026-04-28,Singapore,37,1,8,3,69,49,118,567789,30820,5310,3554,583202,607475,1190677,566346,0,7305,899,394525,574550,969076
port1201,2026-04-29,Singapore,42,1,7,2,73,52,125,1315788,0,7013,252,259572,1323054,1582627,663721,0,2581,4719,298731,671022,969754
port1201,2026-04-30,Singapore,43,5,3,5,76,56,132,1303856,131989,6808,522,223593,1443177,1666770,596966,69384,3362,4884,315522,674596,990119
port1201,2026-05-01,Singapore,48,1,4,2,59,55,114,1010905,13066,962,252,383526,1025185,1408712,961132,3011,4745,1412,190519,970302,1160821
port1201,2026-05-02,Singapore,37,3,3,4,63,47,110,797224,27246,901,504,238921,825875,1064796,894317,2715,0,2312,306000,899344,1205345
port1201,2026-05-03,Singapore,41,2,2,4,78,49,127,871533,22311,1517,3049,476955,898412,1375367,663473,0,0,899,287729,664372,952102
port1201,2026-05-04,Singapore,41,5,11,5,93,62,155,655814,39409,13550,0,349506,708774,1058280,1160670,4020,8118,1025,439815,1173835,1613650
port1201,2026-05-05,Singapore,41,3,6,3,69,53,122,760443,101632,5310,0,870858,867386,1738245,828877,0,3690,2363,237695,834931,1072627
port1201,2026-05-06,Singapore,33,2,8,4,73,47,120,838752,33237,4569,766,529919,877326,1407245,540950,0,11439,3727,270052,556118,826170
port1201,2026-05-07,Singapore,40,2,10,5,80,57,137,826403,31586,9806,0,453496,867796,1321293,763635,3011,7283,2291,498557,776222,1274779
port1201,2026-05-08,Singapore,48,0,5,6,74,59,133,690808,0,962,252,366778,692022,1058800,810718,0,1344,6892,348001,818956,1166957
port1201,2026-05-09,Singapore,39,5,8,5,78,57,135,771384,64036,9769,3690,305925,848881,1154806,484055,17008,4410,1353,417648,506828,924477
port1201,2026-05-10,Singapore,35,5,6,3,60,49,109,920582,70170,4635,252,605841,995640,1601482,588791,452,3761,3728,240317,596734,837051
port1201,2026-05-11,Singapore,45,0,9,3,95,57,152,817663,0,5536,0,375694,823200,1198895,799327,0,7747,3616,464640,810691,1275331
port1201,2026-05-12,Singapore,41,1,5,2,65,49,114,558982,58669,6340,1026,427333,625018,1052352,1038485,0,2897,0,248910,1041383,1290294
port1201,2026-05-13,Singapore,40,2,4,1,85,47,132,550214,5232,3215,125,423138,558788,981926,745773,476,2503,901,383403,749654,1133057
port1201,2026-05-14,Singapore,36,3,5,2,79,46,125,897219,98537,2728,252,458586,998737,1457323,913811,3011,8769,899,350411,926492,1276903
port1201,2026-05-15,Singapore,37,1,5,4,66,47,113,492085,27063,3848,756,181313,523753,705066,731071,0,3654,4231,265888,738957,1004846
port1201,2026-05-16,Singapore,42,2,8,1,72,53,125,1028884,5772,4281,125,451659,1039063,1490722,666464,0,21360,901,399943,688726,1088669
port1201,2026-05-17,Singapore,33,1,5,2,72,41,113,662004,8168,5989,0,563657,676163,1239820,490821,4020,1432,8443,437038,504717,941755
port1201,2026-05-18,Singapore,38,1,10,4,82,53,135,756647,0,13050,774,458363,770472,1228836,575271,0,7127,3895,289981,586294,876275
port1201,2026-05-19,Singapore,43,1,7,2,60,53,113,523448,13066,6674,377,205386,543566,748952,647087,3011,3118,1800,262329,655018,917347
port1201,2026-05-20,Singapore,41,1,3,3,77,48,125,867810,13066,3737,252,398217,884866,1283083,946504,3011,1668,2057,458328,953243,1411571
port1201,2026-05-21,Singapore,37,2,8,2,81,49,130,647560,71325,5071,0,291280,723957,1015238,725543,3011,9478,0,236418,738033,974452
port1201,2026-05-22,Singapore,41,5,6,2,81,54,135,772803,86090,8531,252,395996,867677,1263673,835487,2049,3130,1757,268556,842425,1110981
port1201,2026-05-23,Singapore,43,3,8,6,58,60,118,610535,14798,5028,125,366033,630487,996521,1005733,3686,5647,4803,366628,1019870,1386498
port1201,2026-05-24,Singapore,38,4,5,1,63,48,111,976689,28708,3848,0,434545,1009246,1443791,488679,3011,3337,1530,182036,496559,678596
port1201,2026-05-25,Singapore,41,4,7,1,82,53,135,854250,6620,6249,0,510230,867120,1377351,645488,4177,6222,0,312934,655888,968823
port1201,2026-05-26,Singapore,40,6,6,4,68,56,124,780616,120297,5016,1796,390173,907727,1297900,692233,8327,4453,1530,283700,706545,990245
port1201,2026-05-27,Singapore,30,3,7,2,62,42,104,869875,20547,9243,0,386367,899666,1286034,362184,3011,2783,0,198691,367979,566671
port1201,2026-05-28,Singapore,45,2,6,5,90,58,148,892651,26132,5576,1940,294400,926301,1220702,825467,6023,3060,899,427145,835451,1262596
port1201,2026-05-29,Singapore,38,1,5,3,73,47,120,440431,0,2886,0,432481,443317,875798,544310,0,7595,5424,400859,557330,958190
port1252,2025-12-21,Taichung,1,0,1,0,2,2,4,17615,0,0,0,52270,17615,69886,0,0,0,0,1279,0,1279
port1252,2025-12-22,Taichung,5,3,1,0,1,9,10,47373,87234,1396,0,4166,136004,140171,8761,0,1128,0,1279,9889,11169
port1252,2025-12-23,Taichung,8,1,1,0,2,10,12,86079,89364,1396,0,7851,176840,184691,82182,0,1128,0,800,83310,84110
port1252,2025-12-24,Taichung,2,3,0,0,0,5,5,7356,0,0,0,0,7356,7356,29041,39081,0,0,0,68122,68122
port1252,2025-12-25,Taichung,1,1,1,0,1,3,4,14479,1916,0,0,2129,16396,18525,0,0,2521,0,0,2521,2521
port1252,2025-12-26,Taichung,3,0,2,0,0,5,5,25376,0,4492,0,0,29869,29869,35807,0,1128,0,0,36935,36935
port1252,2025-12-27,Taichung,3,1,0,0,0,4,4,15351,39947,0,0,0,55298,55298,8849,0,0,0,0,8849,8849
port1252,2025-12-28,Taichung,5,0,1,0,0,6,6,41950,0,169,0,0,42119,42119,31531,0,0,0,0,31531,31531
port1252,2025-12-29,Taichung,6,2,0,0,1,8,9,21769,7928,0,0,12380,29698,42078,14440,0,0,0,106,14440,14546
port1252,2025-12-30,Taichung,3,3,1,0,3,7,10,14713,70388,1396,0,14894,86499,101393,27162,4400,1128,0,28826,32691,61517
port1252,2025-12-31,Taichung,4,0,0,0,1,4,5,22070,0,0,0,3415,22070,25486,29226,0,0,0,0,29226,29226
port1252,2026-01-01,Taichung,2,2,0,0,0,4,4,7425,42032,0,0,0,49457,49457,22553,3450,0,0,0,26004,26004
port1252,2026-01-02,Taichung,1,1,0,0,1,2,3,7425,14607,0,0,4166,22032,26199,8162,0,0,0,1279,8162,9442
port1252,2026-01-03,Taichung,4,1,0,0,1,5,6,24808,25633,0,0,69196,50442,119639,20381,0,0,0,0,20381,20381
port1252,2026-01-04,Taichung,5,2,0,0,2,7,9,26243,11811,0,0,78417,38054,116472,22421,25853,0,0,1279,48274,49554
port1252,2026-01-05,Taichung,3,3,2,0,2,8,10,55078,46732,2080,0,61755,103891,165646,4084,0,1135,0,0,5220,5220
port1252,2026-01-06,Taichung,3,1,3,0,2,7,9,29542,31626,5293,0,0,66461,66461,5939,2200,2256,0,0,10395,10395
port1252,2026-01-07,Taichung,1,0,1,0,0,2,2,0,0,3182,0,0,3182,3182,22647,0,0,0,0,22647,22647
port1252,2026-01-08,Taichung,5,2,0,0,1,7,8,37240,16757,0,0,4426,53998,58424,22516,0,0,0,4794,22516,27311
port1252,2026-01-09,Taichung,1,0,0,0,1,1,2,18337,0,0,0,12906,18337,31243,0,0,0,0,1084,0,1084
port1252,2026-01-10,Taichung,2,1,0,0,2,3,5,7425,10019,0,0,6218,17445,23664,41620,0,0,0,2080,41620,43700
port1252,2026-01-11,Taichung,2,4,2,0,1,8,9,4041,95401,2886,0,4166,102329,106496,0,1761,152,0,1279,1913,3193
port1252,2026-01-12,Taichung,4,5,2,0,4,11,15,30504,111190,1396,0,21239,143092,164331,74008,2853,1128,0,3643,77990,81633
port1252,2026-01-13,Taichung,6,1,1,0,0,8,8,20868,12899,0,0,0,33767,33767,82681,3450,1341,0,0,87474,87474
port1252,2026-01-14,Taichung,8,5,2,0,1,15,16,84347,121778,2793,0,11268,208919,220187,53681,0,2256,0,28826,55937,84764
port1252,2026-01-15,Taichung,3,4,3,0,5,10,15,48141,170165,8126,0,119035,226433,345469,16145,4450,0,0,0,20595,20595
port1252,2026-01-16,Taichung,7,2,3,0,1,12,13,52282,79303,8709,0,4164,140295,144459,51886,0,1128,0,0,53014,53014
port1252,2026-01-17,Taichung,4,1,0,0,3,5,8,30239,27024,0,0,10385,57263,67649,106331,0,0,0,3359,106331,109691
port1252,2026-01-18,Taichung,3,3,2,0,1,8,9,24809,101380,4850,0,4166,131040,135207,0,14374,1128,0,1279,15502,16782
port1252,2026-01-19,Taichung,3,0,0,0,2,3,5,20574,0,0,0,3932,20574,24507,52127,0,0,0,0,52127,52127
port1252,2026-01-20,Taichung,2,0,1,0,1,3,4,14741,0,1396,0,3260,16137,19398,8162,0,1128,0,0,9290,9290
port1252,2026-01-21,Taichung,1,5,1,0,1,7,8,7425,126611,1396,0,4166,135434,139600,8162,16912,1128,0,1279,26202,27482
port1252,2026-01-22,Taichung,4,1,1,0,2,6,8,34471,0,3338,0,9724,37809,47534,11946,55034,0,0,5191,66981,72173
port1252,2026-01-23,Taichung,4,1,1,0,3,6,9,29690,2612,1396,0,5311,33699,39011,13688,0,1128,0,3415,14816,18231
port1252,2026-01-24,Taichung,5,2,1,0,3,8,11,14019,19301,965,0,28408,34285,62694,46827,653,0,0,1491,47480,48971
port1252,2026-01-25,Taichung,3,2,0,0,1,5,6,7425,23566,0,0,11268,30991,42260,30294,0,0,0,28826,30294,59120
port1252,2026-01-26,Taichung,1,0,3,0,2,4,6,12562,0,5015,0,882,17578,18461,0,0,1690,0,0,1690,1690
port1252,2026-01-27,Taichung,4,1,1,1,2,7,9,40843,27045,2039,0,31406,69928,101334,23150,0,0,0,0,23150,23150
port1252,2026-01-28,Taichung,6,1,2,0,2,9,11,46252,55650,2943,0,4166,104846,109013,26173,0,4029,0,64912,30203,95115
port1252,2026-01-29,Taichung,3,0,0,0,2,3,5,14350,0,0,0,16547,14350,30898,8519,0,0,0,1386,8519,9905
port1252,2026-01-30,Taichung,4,1,4,0,1,9,10,19193,31626,2793,0,27066,53613,80680,18136,2200,4047,0,0,24384,24384
port1252,2026-01-31,Taichung,3,1,0,0,1,4,5,22426,73035,0,0,2052,95461,97513,8162,0,0,0,800,8162,8962
port1252,2026-02-01,Taichung,1,1,3,0,1,5,6,0,75639,2793,0,0,78432,78432,29648,0,8434,0,713,38082,38795
port1252,2026-02-02,Taichung,2,0,0,0,0,2,2,4823,0,0,0,0,4823,4823,18001,0,0,0,0,18001,18001
port1252,2026-02-03,Taichung,3,0,1,0,2,4,6,7624,0,2080,0,0,9705,9705,10253,0,562,0,7937,10816,18753
port1252,2026-02-04,Taichung,4,4,2,1,3,11,14,34639,211076,4579,0,83528,250295,333823,20506,0,1128,0,1197,21634,22832
port1252,2026-02-05,Taichung,3,3,1,0,1,7,8,13580,107146,0,0,4807,120726,125533,48286,653,306,0,0,49246,49246
port1252,2026-02-06,Taichung,2,0,3,0,2,5,7,6669,0,3565,0,43403,10234,53638,10253,0,2256,0,34306,12509,46816
port1252,2026-02-07,Taichung,1,0,0,0,0,1,1,0,0,0,0,0,0,0,3473,0,0,0,0,3473,3473
port1252,2026-02-08,Taichung,0,1,0,0,0,1,1,0,14383,0,0,0,14383,14383,0,0,0,0,0,0,0
port1252,2026-02-09,Taichung,5,1,2,0,0,8,8,31456,4748,1735,0,0,37940,37940,24196,0,1128,0,0,25324,25324
port1252,2026-02-10,Taichung,7,7,1,0,1,15,16,31094,154483,1396,0,4166,186974,191141,9317,823,1128,0,1279,11269,12549
port1252,2026-02-11,Taichung,5,1,1,0,2,7,9,35286,31626,603,0,4166,67515,71682,28328,2200,0,0,1279,30528,31808
port1252,2026-02-12,Taichung,4,1,2,0,2,7,9,22545,7293,9880,0,14815,39720,54535,20506,0,0,0,1084,20506,21590
port1252,2026-02-13,Taichung,5,4,1,0,0,10,10,7876,86006,1396,0,0,95279,95279,57467,3270,1128,0,0,61865,61865
port1252,2026-02-14,Taichung,6,1,0,0,1,7,8,61781,31626,0,0,4166,93407,97574,17257,2200,0,0,1279,19457,20737
port1252,2026-02-15,Taichung,5,0,0,0,1,5,6,68179,0,0,0,0,68179,68179,38812,0,0,0,503,38812,39316
port1252,2026-02-16,Taichung,0,0,1,0,1,1,2,0,0,1396,0,4747,1396,6144,0,0,1128,0,0,1128,1128
port1252,2026-02-17,Taichung,1,0,0,0,0,1,1,0,0,0,0,0,0,0,21506,0,0,0,0,21506,21506
port1252,2026-02-18,Taichung,6,0,0,0,1,6,7,38204,0,0,0,5236,38204,43440,30514,0,0,0,0,30514,30514
port1252,2026-02-19,Taichung,1,2,0,0,2,3,5,17923,34339,0,0,2473,52263,54736,0,0,0,0,0,0,0
port1252,2026-02-20,Taichung,3,1,2,0,0,6,6,50998,49199,1130,0,0,101327,101327,13389,0,6068,0,0,19458,19458
port1252,2026-02-21,Taichung,8,2,1,0,2,11,13,84039,0,1223,0,8354,85263,93618,68718,42103,0,0,0,110822,110822
port1252,2026-02-22,Taichung,5,1,0,0,3,6,9,15997,7293,0,0,5353,23291,28644,41019,0,0,0,1279,41019,42299
port1252,2026-02-23,Taichung,1,2,0,0,1,3,4,4823,35777,0,0,4166,40601,44768,10253,2200,0,0,1279,12453,13733
port1252,2026-02-24,Taichung,3,3,0,0,0,6,6,16470,28936,0,0,0,45406,45406,20073,0,0,0,0,20073,20073
port1252,2026-02-25,Taichung,3,1,1,0,2,5,7,11899,84343,1396,0,46181,97639,143821,5092,0,1128,0,0,6220,6220
port1252,2026-02-26,Taichung,4,0,1,0,2,5,7,18822,0,0,0,84425,18822,103247,58906,0,447,0,0,59354,59354
port1252,2026-02-27,Taichung,3,1,1,0,0,5,5,6686,4159,1396,0,0,12243,12243,16910,0,1128,0,0,18038,18038
port1252,2026-02-28,Taichung,3,3,1,0,2,7,9,15047,101175,1396,0,4166,117619,121786,6234,0,1128,0,1279,7362,8642
port1252,2026-03-01,Taichung,2,0,0,0,2,2,4,11004,0,0,0,70164,11004,81168,5195,0,0,0,1279,5195,6475
port1252,2026-03-02,Taichung,4,0,1,0,0,5,5,46846,0,0,0,0,46846,46846,19394,0,2394,0,0,21788,21788
port1252,2026-03-03,Taichung,2,1,1,0,1,4,5,0,7330,397,0,0,7727,7727,52204,0,0,0,0,52204,52204
port1252,2026-03-04,Taichung,3,2,1,0,0,6,6,7580,31626,0,0,0,39207,39207,22471,37311,691,0,0,60473,60473
port1252,2026-03-05,Taichung,3,2,0,0,2,5,7,17248,68320,0,0,7582,85568,93150,26017,2200,0,0,1279,28218,29497
port1252,2026-03-06,Taichung,2,0,1,0,0,3,3,0,0,1396,0,0,1396,1396,49138,0,1128,0,0,50266,50266
port1252,2026-03-07,Taichung,5,0,0,0,2,5,7,42742,0,0,0,9031,42742,51773,39876,0,0,0,0,39876,39876
port1252,2026-03-08,Taichung,2,0,0,0,2,2,4,19384,0,0,0,2052,19384,21436,10188,0,0,0,5815,10188,16004
port1252,2026-03-09,Taichung,3,0,1,0,0,4,4,29365,0,0,0,0,29365,29365,105473,0,6773,0,0,112247,112247
port1252,2026-03-10,Taichung,2,8,1,0,4,11,15,7580,167396,2740,0,63789,177717,241506,12036,9617,0,0,0,21654,21654
port1252,2026-03-11,Taichung,4,5,3,0,1,12,13,26258,98818,1396,0,5298,126473,131771,12250,3450,2298,0,397,18000,18397
port1252,2026-03-12,Taichung,3,3,0,0,1,6,7,8686,70546,0,0,2052,79233,81285,17192,4400,0,0,800,21593,22393
port1252,2026-03-13,Taichung,3,0,2,1,1,6,7,22295,0,1396,5310,0,29002,29002,3298,0,1128,0,0,4426,4426
port1252,2026-03-14,Taichung,4,2,0,0,3,6,9,19835,110102,0,0,4166,129937,134104,0,0,0,0,1598,0,1598
port1252,2026-03-15,Taichung,4,1,2,0,1,7,8,26808,31626,0,0,4166,58434,62601,26112,2200,1383,0,1279,29696,30975
port1252,2026-03-16,Taichung,3,2,0,0,1,5,6,23259,67339,0,0,0,90598,90598,13117,0,0,0,0,13117,13117
port1252,2026-03-17,Taichung,8,4,1,0,0,13,13,81680,114883,1396,0,0,197961,197961,109006,4400,1128,0,0,114535,114535
port1252,2026-03-18,Taichung,1,0,1,0,2,2,4,0,0,1563,0,0,1563,1563,40613,0,0,0,13781,40613,54395
port1252,2026-03-19,Taichung,3,1,2,0,3,6,9,12322,0,2124,0,20736,14446,35182,12551,1675,1128,0,0,15355,15355
port1252,2026-03-20,Taichung,6,1,2,0,1,9,10,65470,26945,2605,0,0,95021,95021,20857,0,1128,0,43327,21985,65313
port1252,2026-03-21,Taichung,4,2,0,0,1,6,7,39879,36053,0,0,0,75933,75933,47429,0,0,0,0,47429,47429
port1252,2026-03-22,Taichung,8,1,0,0,1,9,10,20303,15713,0,0,4166,36016,40183,79203,0,0,0,1279,79203,80483
port1252,2026-03-23,Taichung,3,1,1,0,0,5,5,45970,0,875,0,0,46846,46846,10188,52290,0,0,0,62478,62478
port1252,2026-03-24,Taichung,4,1,2,0,2,7,9,3459,2785,2793,0,24199,9039,33238,21871,0,2256,0,11130,24127,35258
port1252,2026-03-25,Taichung,1,1,0,0,1,2,3,26153,31626,0,0,12906,57779,70685,0,2200,0,0,1084,2200,3284
port1252,2026-03-26,Taichung,2,3,1,0,1,6,7,0,159549,1396,0,1186,160946,162132,16121,2200,1128,0,0,19449,19449
port1252,2026-03-27,Taichung,7,0,1,0,1,8,9,93901,0,1396,0,78300,95298,173599,20376,0,1128,0,0,21504,21504
port1252,2026-03-28,Taichung,2,1,0,1,0,4,4,15161,32821,0,0,0,47983,47983,20376,0,0,0,0,20376,20376
port1252,2026-03-29,Taichung,4,1,1,0,0,6,6,32239,0,0,0,0,32239,32239,20376,0,0,0,0,20376,20376
port1252,2026-03-30,Taichung,7,2,1,0,0,10,10,35563,27045,2080,0,0,64689,64689,30551,22626,562,0,0,53739,53739
port1252,2026-03-31,Taichung,3,1,2,0,1,6,7,25722,31626,1396,0,0,58745,58745,13123,2200,5035,0,0,20358,20358
port1252,2026-04-01,Taichung,0,3,3,0,1,6,7,0,51492,3022,0,41096,54515,95611,0,653,2256,0,0,2909,2909
port1252,2026-04-02,Taichung,3,2,1,0,0,6,6,12663,54848,6640,0,0,74152,74152,18983,0,0,0,0,18983,18983
port1252,2026-04-03,Taichung,3,2,0,0,1,5,6,28234,72818,0,0,0,101052,101052,4776,0,0,0,0,4776,4776
port1252,2026-04-04,Taichung,7,0,1,0,1,8,9,34817,0,174,0,79207,34991,114199,27880,0,0,0,0,27880,27880
port1252,2026-04-05,Taichung,5,1,3,0,2,9,11,29714,4946,522,0,6218,35183,41402,20624,0,1266,0,2080,21891,23971
port1252,2026-04-06,Taichung,1,1,1,0,0,3,3,0,31626,2080,0,0,33707,33707,5764,2200,562,0,0,8527,8527
port1252,2026-04-07,Taichung,6,3,2,0,1,11,12,22732,70546,4980,0,0,98259,98259,34345,4400,1128,0,683,39874,40557
port1252,2026-04-08,Taichung,1,0,0,0,2,1,3,0,0,0,0,0,0,0,2550,0,0,0,7804,2550,10355
port1252,2026-04-09,Taichung,1,5,3,0,2,9,11,17432,176273,4190,0,4166,197896,202063,0,31,3384,0,15047,3415,18463
port1252,2026-04-10,Taichung,10,6,3,1,2,20,22,43755,175104,1396,3015,621,223272,223893,37976,4159,7556,0,28859,49693,78552
port1252,2026-04-11,Taichung,6,2,2,0,3,10,13,56388,81072,1396,0,63021,138857,201879,12855,0,3371,0,1084,16226,17310
port1252,2026-04-12,Taichung,6,1,0,1,0,8,8,23213,19833,0,0,0,43046,43046,34358,0,0,0,0,34358,34358
port1252,2026-04-13,Taichung,4,0,0,0,3,4,7,18290,0,0,0,21005,18290,39296,30937,0,0,0,2363,30937,33301
port1252,2026-04-14,Taichung,1,1,1,0,2,3,5,14643,54226,124,0,5298,68994,74292,0,0,0,0,397,0,397
port1252,2026-04-15,Taichung,4,2,2,0,3,8,11,46974,39146,3477,0,25286,89598,114884,63887,40945,1690,0,1190,106524,107714
port1252,2026-04-16,Taichung,2,3,1,0,0,6,6,0,164210,1446,0,0,165657,165657,27683,13836,0,0,0,41520,41520
port1252,2026-04-17,Taichung,5,2,0,0,1,7,8,23872,7756,0,0,1053,31628,32681,10312,653,0,0,0,10965,10965
port1252,2026-04-18,Taichung,6,2,0,0,0,8,8,36327,53803,0,0,0,90131,90131,17496,10461,0,0,0,27958,27958
port1252,2026-04-19,Taichung,8,5,2,0,0,15,15,31563,261086,1493,0,0,294143,294143,110913,2200,1128,0,0,114241,114241
port1252,2026-04-20,Taichung,6,5,0,0,2,11,13,60218,166406,0,0,47643,226625,274268,39972,2200,0,0,1084,42172,43257
port1252,2026-04-21,Taichung,5,0,4,0,1,9,10,9256,0,2793,0,3404,12049,15454,74132,0,2256,0,0,76388,76388
port1252,2026-04-22,Taichung,1,0,2,0,0,3,3,15942,0,5117,0,0,21059,21059,0,0,1128,0,0,1128,1128
port1252,2026-04-23,Taichung,1,1,1,0,3,3,6,15359,8347,0,0,18881,23706,42587,0,0,2396,0,0,2396,2396
port1252,2026-04-24,Taichung,3,1,0,0,1,4,5,36143,7756,0,0,0,43899,43899,0,653,0,0,0,653,653
port1252,2026-04-25,Taichung,5,2,2,0,0,9,9,40151,84240,678,0,0,125070,125070,11770,0,6996,0,0,18767,18767
port1252,2026-04-26,Taichung,5,6,7,0,3,18,21,41877,282885,17722,0,154492,342485,496977,0,13459,2755,0,0,16214,16214
port1252,2026-04-27,Taichung,6,7,4,0,3,17,20,19999,226695,16895,0,13452,263591,277043,7056,9870,2256,0,1084,19182,20266
port1252,2026-04-28,Taichung,8,5,1,0,3,14,17,53663,314570,1396,0,13528,369631,383159,131748,0,1128,0,1868,132876,134744
port1252,2026-04-29,Taichung,3,5,0,0,1,8,9,15826,103402,0,0,1612,119229,120841,20360,28480,0,0,0,48840,48840
port1252,2026-04-30,Taichung,5,3,1,0,3,9,12,49980,18802,3454,0,3892,72237,76130,10312,0,0,0,0,10312,10312
port1252,2026-05-01,Taichung,8,3,2,0,2,13,15,88299,90214,9926,0,82066,188439,270506,65634,0,1128,0,0,66762,66762
port1252,2026-05-02,Taichung,9,5,1,0,2,15,17,48480,149024,3493,0,1705,200998,202704,5782,2200,0,0,0,7983,7983
port1252,2026-05-03,Taichung,10,3,0,0,3,13,16,66178,114957,0,0,44727,181135,225863,37083,0,0,0,3332,37083,40415
port1252,2026-05-04,Taichung,8,2,0,1,2,11,13,58903,70445,0,0,560,129348,129908,28782,0,0,0,0,28782,28782
port1252,2026-05-05,Taichung,7,4,1,0,3,12,15,6426,35587,2608,0,33222,44623,77845,70173,3450,0,0,18737,73624,92361
port1252,2026-05-06,Taichung,4,5,1,0,2,10,12,11547,157553,3292,0,3780,172393,176174,30316,653,0,0,800,30969,31770
port1252,2026-05-07,Taichung,5,2,3,0,2,10,12,17068,30287,2060,0,34863,49416,84279,19473,0,1812,0,0,21285,21285
port1252,2026-05-08,Taichung,7,7,3,0,1,17,18,88680,143631,2793,0,0,235105,235105,36155,0,9642,0,1053,45797,46851
port1252,2026-05-09,Taichung,10,3,1,1,3,15,18,51949,37530,1396,3547,84204,94424,178628,120066,26998,1128,0,0,148192,148192
port1252,2026-05-10,Taichung,7,5,1,0,4,13,17,33436,292444,0,0,41273,325880,367154,22613,11031,1802,0,0,35447,35447
port1252,2026-05-11,Taichung,6,4,2,0,3,12,15,11927,64816,3672,0,6517,80416,86934,29115,3450,1128,0,1964,33694,35658
port1252,2026-05-12,Taichung,8,4,2,0,2,14,16,11212,39370,1396,0,1728,51979,53708,89385,0,4558,0,1385,93944,95329
port1252,2026-05-13,Taichung,5,3,3,0,3,11,14,18797,49479,3841,0,45176,72118,117295,75005,0,3603,0,732,78608,79341
port1252,2026-05-14,Taichung,8,3,4,1,3,16,19,49797,18729,4735,511,84536,73773,158309,33061,3450,7660,0,0,44172,44172
port1252,2026-05-15,Taichung,7,4,2,0,1,13,14,87111,194219,1794,0,27884,283125,311009,7850,2200,1128,0,0,11179,11179
port1252,2026-05-16,Taichung,9,2,1,0,3,12,15,70220,46933,0,0,7621,117153,124775,64166,0,1263,0,63421,65430,128851
port1252,2026-05-17,Taichung,5,5,4,0,2,14,16,54854,163514,7248,0,9759,225616,235376,0,3450,6207,0,0,9658,9658
port1252,2026-05-18,Taichung,8,2,1,0,3,11,14,54734,38861,0,0,1844,93595,95440,27234,0,3346,0,2461,30580,33041
port1252,2026-05-19,Taichung,6,2,2,0,4,10,14,37622,51544,9205,0,48469,98371,146840,55872,0,1128,0,0,57000,57000
port1252,2026-05-20,Taichung,5,1,2,0,4,8,12,44351,5745,6587,0,9881,56683,66564,12956,0,0,0,1279,12956,14236
port1252,2026-05-21,Taichung,7,2,3,0,5,12,17,41931,31626,0,0,119451,73558,193010,29214,29345,3538,0,1279,62098,63377
port1252,2026-05-22,Taichung,6,3,3,0,1,12,13,58394,177443,1396,0,4166,237234,241401,55795,0,9122,0,1279,64918,66198
port1252,2026-05-23,Taichung,8,1,1,1,4,11,15,25948,83853,304,0,89086,110106,199192,69873,0,0,0,0,69873,69873
port1252,2026-05-24,Taichung,8,3,1,0,1,12,13,26426,93359,0,0,4166,119785,123952,37046,653,726,0,1279,38425,39705
port1252,2026-05-25,Taichung,5,6,3,0,0,14,14,14041,173820,2571,0,0,190432,190432,11237,7851,4907,0,0,23997,23997
port1252,2026-05-26,Taichung,6,5,3,0,2,14,16,19393,80093,1567,0,77904,101054,178958,82287,11375,1279,0,0,94942,94942
port1252,2026-05-27,Taichung,8,6,3,0,1,17,18,29714,124348,7419,0,4212,161483,165695,31493,22703,0,0,0,54196,54196
port1252,2026-05-28,Taichung,5,2,1,0,2,8,10,27277,39382,1396,0,12380,68057,80437,12374,2853,1128,0,629,16356,16985
port1252,2026-05-29,Taichung,9,3,2,1,1,15,16,50285,100414,1396,0,12906,152097,165003,89541,5651,5690,0,1084,100883,101967
port1253,2025-12-21,Suzhou (Taicang),6,2,4,0,1,12,13,6912,218935,3232,0,3670,229080,232750,8075,0,2054,0,478,10130,10609
port1253,2025-12-22,Suzhou (Taicang),3,10,3,1,10,17,27,9846,324771,4726,1548,34742,340894,375636,8853,19519,2672,0,5393,31046,36440
port1253,2025-12-23,Suzhou (Taicang),6,15,4,1,4,26,30,7353,177197,7894,0,9374,192445,201820,5377,36129,135,3858,0,45501,45501
port1253,2025-12-24,Suzhou (Taicang),2,11,3,3,3,19,22,1108,615257,3324,0,17314,619690,637004,2425,8469,14605,6399,478,31901,32379
port1253,2025-12-25,Suzhou (Taicang),4,11,5,2,4,22,26,2420,412523,1008,0,10518,415952,426471,3237,54948,7365,6568,0,72120,72120
port1253,2025-12-26,Suzhou (Taicang),4,9,11,3,4,27,31,14059,202213,12558,726,20019,229558,249578,933,12429,12831,8707,737,34901,35638
port1253,2025-12-27,Suzhou (Taicang),4,13,5,2,3,24,27,0,503466,3232,416,12625,507115,519740,1931,12120,5433,6287,558,25772,26330
port1253,2025-12-28,Suzhou (Taicang),5,6,3,3,0,17,17,2983,232677,1260,0,0,236920,236920,3466,4524,461,7086,0,15539,15539
port1253,2025-12-29,Suzhou (Taicang),7,14,8,4,9,33,42,2951,481525,13831,1245,54379,499554,553933,8013,7735,1403,15615,1745,32768,34513
port1253,2025-12-30,Suzhou (Taicang),4,9,6,0,5,19,24,2588,222161,3232,0,49294,227982,277277,10775,91493,12919,0,421,115188,115609
port1253,2025-12-31,Suzhou (Taicang),8,8,4,2,4,22,26,4796,336375,6982,0,3797,348154,351952,8323,0,4268,1867,5001,14458,19460
port1253,2026-01-01,Suzhou (Taicang),2,9,7,1,2,19,21,6188,292253,3232,0,4178,301674,305853,1349,6638,5861,0,0,13850,13850
port1253,2026-01-02,Suzhou (Taicang),5,7,4,1,7,17,24,2082,244471,9846,0,34472,256399,290872,22544,4807,3210,4258,1462,34821,36283
port1253,2026-01-03,Suzhou (Taicang),6,11,5,1,8,23,31,2505,392058,8601,0,11651,403165,414816,11000,9154,1885,3816,2244,25857,28102
port1253,2026-01-04,Suzhou (Taicang),6,10,5,1,2,22,24,42552,425050,8823,0,8360,476426,484786,13315,12699,1027,4019,480,31062,31542
port1253,2026-01-05,Suzhou (Taicang),4,7,4,1,5,16,21,2469,214750,6158,0,25251,223377,248629,3757,8200,4513,2160,737,18632,19370
port1253,2026-01-06,Suzhou (Taicang),8,11,7,0,6,26,32,2082,332280,4571,0,27212,338934,366146,6956,16142,4200,0,1945,27299,29245
port1253,2026-01-07,Suzhou (Taicang),6,10,5,0,9,21,30,2963,354870,8483,0,56414,366317,422731,10477,28081,6080,0,2382,44638,47021
port1253,2026-01-08,Suzhou (Taicang),5,14,10,0,8,29,37,1041,456085,4848,0,38559,461974,500534,10903,64234,12838,0,1471,87977,89448
port1253,2026-01-09,Suzhou (Taicang),7,8,3,2,3,20,23,2082,318128,7632,726,1965,328570,330535,20290,38869,171,6954,729,66285,67015
port1253,2026-01-10,Suzhou (Taicang),3,11,3,0,4,17,21,13129,559396,6431,0,18427,578957,597385,765,4632,1027,0,258,6425,6684
port1253,2026-01-11,Suzhou (Taicang),3,5,5,0,3,13,16,0,133344,5189,0,89317,138533,227850,6677,7808,2054,0,1203,16540,17743
port1253,2026-01-12,Suzhou (Taicang),4,5,6,0,3,15,18,1858,207595,6343,0,4303,215797,220100,1349,3661,2670,0,478,7682,8160
port1253,2026-01-13,Suzhou (Taicang),6,4,3,0,5,13,18,36223,220357,13910,0,15434,270492,285926,3661,1830,1027,0,421,6519,6941
port1253,2026-01-14,Suzhou (Taicang),7,15,3,0,5,25,30,3953,374639,2638,0,9316,381231,390547,5881,49535,1357,0,12686,56774,69460
port1253,2026-01-15,Suzhou (Taicang),4,10,3,1,2,18,20,273,217774,3110,416,8462,221575,230038,4062,5492,615,1223,0,11394,11394
port1253,2026-01-16,Suzhou (Taicang),2,0,1,0,1,3,4,2082,0,0,0,3670,2082,5752,2699,0,0,0,478,2699,3178
port1253,2026-01-17,Suzhou (Taicang),6,10,8,2,5,26,31,1041,282024,8421,1099,14538,292586,307124,13181,36889,2142,11240,2854,63454,66309
port1253,2026-01-18,Suzhou (Taicang),5,9,6,1,2,21,23,1041,288692,4988,416,4531,295138,299670,8108,5467,10140,1223,421,24939,25361
port1253,2026-01-19,Suzhou (Taicang),4,13,8,0,6,25,31,8084,325851,20594,0,32493,354530,387024,4631,17496,6214,0,0,28342,28342
port1253,2026-01-20,Suzhou (Taicang),2,7,3,2,3,14,17,0,366780,0,333,11069,367113,378183,1341,3661,4816,8963,0,18783,18783
port1253,2026-01-21,Suzhou (Taicang),4,5,6,2,4,17,21,13417,101946,4848,1890,22341,122103,144444,10565,9871,3646,1223,0,25306,25306
port1253,2026-01-22,Suzhou (Taicang),9,13,8,2,6,32,38,13682,364451,13806,874,15488,392815,408304,4515,40973,3723,2302,421,51513,51935
port1253,2026-01-23,Suzhou (Taicang),4,8,5,2,6,19,25,10520,106116,6432,274,34629,123344,157973,4569,954,2670,0,478,8194,8673
port1253,2026-01-24,Suzhou (Taicang),5,10,7,3,6,25,31,1041,380748,7886,666,17669,390342,408012,20734,11529,7611,10150,680,50025,50706
port1253,2026-01-25,Suzhou (Taicang),4,6,7,1,0,18,18,11353,176122,13881,333,0,201690,201690,3522,45192,4748,5075,0,58538,58538
port1253,2026-01-26,Suzhou (Taicang),6,9,8,1,8,24,32,0,296669,7295,0,18578,303964,322543,6597,8446,4109,3094,1995,22248,24243
port1253,2026-01-27,Suzhou (Taicang),3,13,10,0,9,26,35,1041,523050,13368,0,31068,537460,568529,4806,15838,10282,0,723,30927,31651
port1253,2026-01-28,Suzhou (Taicang),4,11,5,2,4,22,26,19015,436274,7546,0,25963,462837,488800,2070,7663,4254,7613,0,21601,21601
port1253,2026-01-29,Suzhou (Taicang),5,10,5,2,3,22,25,3861,406342,5034,833,7043,416071,423114,8926,29982,3081,2446,680,44438,45118
port1253,2026-01-30,Suzhou (Taicang),6,12,3,0,7,21,28,1041,452026,2580,0,29831,455648,485479,10525,9004,2412,0,1653,21943,23596
port1253,2026-01-31,Suzhou (Taicang),7,3,3,2,3,15,18,2082,116789,1877,1548,9653,122298,131951,10971,3661,2271,3612,421,20517,20939
port1253,2026-02-01,Suzhou (Taicang),1,4,7,1,1,13,14,1041,169110,4848,416,580,175416,175996,1349,5953,6568,1223,0,15095,15095
port1253,2026-02-02,Suzhou (Taicang),5,9,4,1,4,19,23,21758,305372,4848,0,2045,331979,334024,1645,5492,3081,5948,0,16168,16168
port1253,2026-02-03,Suzhou (Taicang),3,10,5,1,7,19,26,22320,347511,5277,0,25092,375109,400202,3538,1830,7229,1544,0,14143,14143
port1253,2026-02-04,Suzhou (Taicang),5,4,7,2,2,18,20,2082,95663,18652,1941,7537,118339,125877,6880,0,3757,0,421,10638,11060
port1253,2026-02-05,Suzhou (Taicang),5,18,13,2,3,38,41,17324,570124,12079,416,15877,599945,615823,7258,45615,12257,4694,421,69826,70248
port1253,2026-02-06,Suzhou (Taicang),8,5,8,1,2,22,24,5982,102419,8537,416,11272,117355,128628,13045,1830,14500,1223,0,30600,30600
port1253,2026-02-07,Suzhou (Taicang),2,6,3,3,0,14,14,1408,130701,10740,1609,0,144460,144460,3984,4636,2054,2350,0,13025,13025
port1253,2026-02-08,Suzhou (Taicang),0,8,4,1,2,13,15,0,413132,4863,0,0,417995,417995,0,10300,1703,463,0,12467,12467
port1253,2026-02-09,Suzhou (Taicang),5,14,5,0,7,24,31,717,335236,4173,0,12258,340128,352386,1371,16518,3968,0,516,21858,22375
port1253,2026-02-10,Suzhou (Taicang),4,6,6,1,8,17,25,1041,230416,12358,0,19304,243816,263120,9477,7323,4191,1743,496,22735,23232
port1253,2026-02-11,Suzhou (Taicang),9,9,2,1,5,21,26,9559,392372,2132,0,9853,404064,413917,6476,5492,8488,4227,0,24685,24685
port1253,2026-02-12,Suzhou (Taicang),4,6,7,3,4,20,24,1041,238641,20793,1099,7267,261576,268843,5047,2976,14816,4783,0,27625,27625
port1253,2026-02-13,Suzhou (Taicang),7,14,4,2,3,27,30,18342,314422,25221,192,5369,358178,363547,7801,30289,2054,4197,258,44343,44601
port1253,2026-02-14,Suzhou (Taicang),6,7,5,1,8,19,27,3123,318164,2166,416,29201,323870,353072,10985,2082,2329,1223,25055,16620,41675
port1253,2026-02-15,Suzhou (Taicang),2,5,4,1,1,12,13,1041,106023,9024,333,1306,116422,117728,2694,2951,5850,5075,0,16571,16571
port1253,2026-02-16,Suzhou (Taicang),3,5,5,1,5,14,19,0,223113,6464,0,6111,229578,235689,1544,5492,4109,6464,1113,17610,18724
port1253,2026-02-17,Suzhou (Taicang),1,11,5,0,6,17,23,4972,404598,7364,0,22834,416935,439770,0,9154,3663,0,258,12817,13076
port1253,2026-02-18,Suzhou (Taicang),6,12,5,2,6,25,31,1315,447605,8136,0,22391,457057,479448,10324,7323,1296,6488,680,25433,26113
port1253,2026-02-19,Suzhou (Taicang),5,11,6,2,2,24,26,10,262126,12564,511,8080,275213,283293,13983,6679,4208,0,35,24871,24906
port1253,2026-02-20,Suzhou (Taicang),7,9,4,2,7,22,29,7308,264535,15111,333,33566,287287,320853,5102,12620,5263,12190,737,35178,35915
port1253,2026-02-21,Suzhou (Taicang),9,6,6,0,1,21,22,14527,244392,9053,0,2364,267973,270337,5220,3661,10362,0,0,19245,19245
port1253,2026-02-22,Suzhou (Taicang),4,3,4,0,1,11,12,24277,81375,22750,0,1697,128403,130101,3550,4807,2676,0,136,11034,11171
port1253,2026-02-23,Suzhou (Taicang),2,5,4,1,2,12,14,8079,154432,4027,0,7048,166539,173588,6295,5492,239,2743,0,14771,14771
port1253,2026-02-24,Suzhou (Taicang),3,8,5,1,7,17,24,1041,322396,6464,0,20968,329902,350870,2144,2976,4109,5571,900,14803,15703
port1253,2026-02-25,Suzhou (Taicang),2,3,7,1,4,13,17,2415,56664,8261,0,11410,67341,78752,0,2976,16341,12496,806,31814,32620
port1253,2026-02-26,Suzhou (Taicang),2,8,3,1,5,14,19,2631,361125,4357,1099,8370,369214,377585,2310,4277,1954,0,421,8542,8964
port1253,2026-02-27,Suzhou (Taicang),6,9,6,0,6,21,27,2133,235479,13504,0,61233,251118,312351,6530,8890,458,0,901,15880,16782
port1253,2026-02-28,Suzhou (Taicang),4,6,6,1,8,17,25,0,469904,1633,0,33397,471537,504935,7113,9276,11299,0,0,27689,27689
port1253,2026-03-01,Suzhou (Taicang),6,7,9,2,3,24,27,5413,276924,17974,457,4966,300770,305736,8131,3533,2319,4409,136,18393,18529
port1253,2026-03-02,Suzhou (Taicang),1,8,3,0,1,12,13,2878,371850,14401,0,5701,389129,394831,0,4807,1027,0,0,5835,5835
port1253,2026-03-03,Suzhou (Taicang),4,6,2,4,3,16,19,10961,213882,0,0,9215,224844,234059,1634,3661,8551,10800,385,24648,25033
port1253,2026-03-04,Suzhou (Taicang),6,13,7,2,6,28,34,4542,473926,7933,0,15610,486402,502012,10066,13277,4786,3105,258,31236,31495
port1253,2026-03-05,Suzhou (Taicang),3,8,8,2,4,21,25,4040,241404,7530,0,13697,252975,266673,1349,7323,4985,3523,0,17182,17182
port1253,2026-03-06,Suzhou (Taicang),8,10,7,1,4,26,30,3843,444919,21978,726,17239,471468,488707,28185,9154,7067,0,421,44407,44829
port1253,2026-03-07,Suzhou (Taicang),3,7,8,0,3,18,21,537,151920,8731,0,7430,161189,168620,7115,50540,3618,0,4393,61274,65668
port1253,2026-03-08,Suzhou (Taicang),2,5,2,1,2,10,12,0,104672,4645,1313,3395,110630,114026,2524,4667,1027,0,272,8219,8491
port1253,2026-03-09,Suzhou (Taicang),8,7,4,2,5,21,26,7237,407826,8250,0,21531,423314,444845,9639,6638,2338,4714,680,23330,24010
port1253,2026-03-10,Suzhou (Taicang),1,8,3,1,5,13,18,0,368883,1616,0,22727,370499,393227,6797,3661,1027,2752,136,14239,14375
port1253,2026-03-11,Suzhou (Taicang),5,6,7,1,5,19,24,2082,230688,6464,0,12291,239234,251526,5722,7323,4485,2809,1401,20341,21742
port1253,2026-03-12,Suzhou (Taicang),4,9,7,0,5,20,25,1289,316758,26810,0,15439,344857,360296,2606,10398,12940,0,1338,25945,27283
port1253,2026-03-13,Suzhou (Taicang),5,10,2,2,6,19,25,1041,238386,2927,726,12247,243081,255329,12616,7991,0,0,1425,20607,22033
port1253,2026-03-14,Suzhou (Taicang),5,10,10,0,6,25,31,4788,258937,7839,0,22956,271565,294522,6913,9154,3092,0,136,19159,19296
port1253,2026-03-15,Suzhou (Taicang),4,7,2,1,0,14,14,1041,123401,0,416,0,124859,124859,8596,4888,0,1223,0,14707,14707
port1253,2026-03-16,Suzhou (Taicang),3,4,7,2,5,16,21,1041,157379,21207,1548,13669,181176,194846,3927,1830,3798,0,816,9556,10373
port1253,2026-03-17,Suzhou (Taicang),5,9,6,0,5,20,25,1187,346208,6957,0,19277,354353,373631,4048,3661,11646,0,4600,19356,23957
port1253,2026-03-18,Suzhou (Taicang),5,5,5,0,4,15,19,3504,208905,5404,0,2927,217814,220741,6291,6638,9741,0,0,22671,22671
port1253,2026-03-19,Suzhou (Taicang),5,17,3,0,9,25,34,2082,437647,9834,0,25490,449563,475054,10701,61041,1946,0,2955,73689,76644
port1253,2026-03-20,Suzhou (Taicang),5,8,6,1,6,20,26,1041,286929,5398,1548,42981,294918,337900,7905,1830,4384,0,737,14120,14857
port1253,2026-03-21,Suzhou (Taicang),5,7,6,0,2,18,20,1694,239201,5640,0,3628,246536,250165,1889,11505,8449,0,0,21844,21844
port1253,2026-03-22,Suzhou (Taicang),2,6,7,0,0,15,15,0,130876,13114,0,0,143990,143990,4838,6041,4537,0,0,15416,15416
port1253,2026-03-23,Suzhou (Taicang),8,5,6,2,2,21,23,5045,129469,6464,416,14376,141395,155772,11408,8469,6824,5243,421,31946,32368
port1253,2026-03-24,Suzhou (Taicang),5,16,5,3,4,29,33,15865,404806,6464,833,27267,427969,455237,2699,20912,5486,3476,258,32574,32832
port1253,2026-03-25,Suzhou (Taicang),4,6,5,1,2,16,18,4004,111540,7960,0,3853,123504,127358,4333,2365,2780,0,478,9480,9959
port1253,2026-03-26,Suzhou (Taicang),3,10,3,2,1,18,19,1041,342452,2003,1473,2082,346970,349053,2096,11278,2036,8028,0,23440,23440
port1253,2026-03-27,Suzhou (Taicang),3,11,6,1,4,21,25,767,415129,4856,0,6450,420753,427203,7341,10300,4680,0,0,22323,22323
port1253,2026-03-28,Suzhou (Taicang),7,4,8,1,3,20,23,9174,206000,13595,0,7778,228770,236548,5887,5492,2054,4443,0,17878,17878
port1253,2026-03-29,Suzhou (Taicang),3,12,2,0,4,17,21,1315,298508,1616,0,8163,301440,309604,4058,15793,5917,0,680,25769,26450
port1253,2026-03-30,Suzhou (Taicang),7,11,7,1,3,26,29,1670,355033,6106,1548,8955,364359,373314,16918,12131,9444,0,421,38494,38916
port1253,2026-03-31,Suzhou (Taicang),2,11,4,3,7,20,27,0,229281,5128,0,9757,234410,244168,1349,4821,2054,10972,6766,19198,25965
port1253,2026-04-01,Suzhou (Taicang),8,10,7,0,3,25,28,1041,401855,28947,0,3664,431843,435507,18909,10300,2670,0,4568,31880,36449
port1253,2026-04-02,Suzhou (Taicang),3,7,9,0,4,19,23,0,184865,10510,0,9580,195376,204956,13647,5492,3073,0,900,22213,23114
port1253,2026-04-03,Suzhou (Taicang),2,8,4,3,9,17,26,1041,238844,8192,1548,38430,249626,288056,3402,46389,2670,11873,5966,64336,70302
port1253,2026-04-04,Suzhou (Taicang),2,2,7,0,5,11,16,0,36418,4726,0,9563,41145,50708,1852,1830,8753,0,7126,12437,19564
port1253,2026-04-05,Suzhou (Taicang),3,7,3,2,2,15,17,0,257488,11569,0,5361,269058,274419,3062,5492,2054,3501,558,14111,14669
port1253,2026-04-06,Suzhou (Taicang),11,11,3,3,6,28,34,4550,409134,3232,1965,30181,418882,449064,32941,7847,2054,10488,1295,53332,54627
port1253,2026-04-07,Suzhou (Taicang),6,8,3,0,2,17,19,0,241653,1616,0,3914,243269,247183,8999,7323,6016,0,258,22339,22598
port1253,2026-04-08,Suzhou (Taicang),4,15,3,1,1,23,24,2422,301994,1616,0,15136,306032,321168,6213,21635,6862,0,0,34711,34711
port1253,2026-04-09,Suzhou (Taicang),2,8,5,1,2,16,18,537,182095,7959,373,4122,190965,195088,0,6543,3697,0,0,10241,10241
port1253,2026-04-10,Suzhou (Taicang),3,10,6,0,5,19,24,3848,210415,24482,0,19871,238746,258617,1802,8554,4503,0,258,14861,15119
port1253,2026-04-11,Suzhou (Taicang),2,8,3,0,3,13,16,1041,295217,3110,0,9378,299369,308748,1349,4821,4170,0,0,10341,10341
port1253,2026-04-12,Suzhou (Taicang),4,4,3,1,3,12,15,1095,187553,3847,0,20402,192497,212899,8448,3661,1027,0,421,13137,13559
port1253,2026-04-13,Suzhou (Taicang),5,8,9,1,2,23,25,0,136850,7959,1548,9155,146358,155514,8983,8944,13938,0,0,31866,31866
port1253,2026-04-14,Suzhou (Taicang),6,11,2,3,4,22,26,5344,356136,13298,333,12879,375112,387992,2984,7160,1027,5075,136,16247,16383
port1253,2026-04-15,Suzhou (Taicang),8,7,6,0,3,21,24,23914,269610,10542,0,5329,304067,309397,10476,4821,2976,0,10078,18274,28353
port1253,2026-04-16,Suzhou (Taicang),2,11,2,1,6,16,22,8622,254699,2066,0,5751,265388,271139,1349,6638,2036,12576,9845,22600,32446
port1253,2026-04-17,Suzhou (Taicang),3,8,8,2,4,21,25,1041,322673,17866,1548,14710,343129,357839,3351,6638,4384,0,0,14374,14374
port1253,2026-04-18,Suzhou (Taicang),3,10,7,0,4,20,24,1041,274748,8251,0,85554,284041,369596,2530,9368,7033,0,3415,18933,22348
port1253,2026-04-19,Suzhou (Taicang),7,8,4,1,1,20,21,3999,288011,3977,0,938,295988,296926,8544,7323,2767,10184,0,28821,28821
port1253,2026-04-20,Suzhou (Taicang),5,5,13,1,5,24,29,1041,164929,16315,1548,17092,183834,200926,11024,3661,6698,0,0,21384,21384
port1253,2026-04-21,Suzhou (Taicang),6,8,6,0,5,20,25,26970,281715,6422,0,10942,315108,326051,5955,3661,15647,0,1145,25265,26411
port1253,2026-04-22,Suzhou (Taicang),7,4,4,0,5,15,20,2512,191916,1616,0,15399,196044,211444,8517,4807,2415,0,1169,15740,16910
port1253,2026-04-23,Suzhou (Taicang),1,7,3,2,5,13,18,1922,115527,4726,0,15100,122176,137277,1634,6033,1643,0,3469,9311,12780
port1253,2026-04-24,Suzhou (Taicang),6,8,7,2,4,23,27,1041,340504,7710,0,5873,349255,355129,32082,5492,5289,0,3151,42865,46016
port1253,2026-04-25,Suzhou (Taicang),1,13,5,1,3,20,23,0,425990,6221,0,2860,432211,435072,7669,44958,1741,5548,599,59918,60517
port1253,2026-04-26,Suzhou (Taicang),4,4,1,1,2,10,12,12779,155521,8620,0,4985,176920,181906,4956,0,0,2665,258,7621,7880
port1253,2026-04-27,Suzhou (Taicang),2,9,10,2,4,23,27,1041,351183,10050,1548,4553,363823,368377,2349,13915,5099,2337,1929,23702,25632
port1253,2026-04-28,Suzhou (Taicang),5,8,9,2,5,24,29,1024,310768,19707,0,6503,331500,338004,3441,4033,8056,17535,0,33067,33067
port1253,2026-04-29,Suzhou (Taicang),9,5,4,0,6,18,24,1409,93088,1616,0,28279,96114,124394,12507,1830,8053,0,919,22391,23310
port1253,2026-04-30,Suzhou (Taicang),5,10,7,0,6,22,28,772,486584,6983,0,9797,494340,504137,3653,1830,20409,0,4914,25893,30807
port1253,2026-05-01,Suzhou (Taicang),2,7,7,1,6,17,23,0,174176,12624,0,15007,186801,201808,5893,5152,1649,0,3161,12696,15857
port1253,2026-05-02,Suzhou (Taicang),3,9,4,1,4,17,21,1041,196046,1526,416,11573,199030,210604,6935,6638,5696,1223,421,20494,20916
port1253,2026-05-03,Suzhou (Taicang),8,5,5,1,0,19,19,3123,289381,7577,0,0,300081,300081,11279,1830,485,0,0,13596,13596
port1253,2026-05-04,Suzhou (Taicang),5,13,5,2,6,25,31,5573,256456,5120,0,19365,267150,286515,3731,13753,4400,5298,5131,27183,32314
port1253,2026-05-05,Suzhou (Taicang),2,5,3,0,3,10,13,0,295406,3232,0,867,298639,299506,2624,1830,8214,0,1086,12669,13756
port1253,2026-05-06,Suzhou (Taicang),6,4,3,1,4,14,18,1545,84502,1616,0,4101,87663,91764,11448,48797,1027,3635,1296,64908,66205
port1253,2026-05-07,Suzhou (Taicang),3,4,4,1,5,12,17,1279,102474,12318,416,9988,116489,126478,2000,0,4820,1223,88,8043,8132
port1253,2026-05-08,Suzhou (Taicang),2,6,4,1,2,13,15,0,108447,0,0,5467,108447,113915,28201,0,13556,6181,1596,47938,49535
port1253,2026-05-09,Suzhou (Taicang),5,4,2,1,6,12,18,0,129098,1616,0,7729,130714,138444,8724,8469,3683,9941,11473,30819,42292
port1253,2026-05-10,Suzhou (Taicang),5,4,7,0,6,16,22,13028,127534,5398,0,23987,145960,169948,5631,2976,9904,0,646,18513,19159
port1253,2026-05-11,Suzhou (Taicang),2,8,4,1,5,15,20,0,323175,2405,0,16951,325580,342532,1511,7323,1197,726,738,10759,11498
port1253,2026-05-12,Suzhou (Taicang),5,4,9,0,4,18,22,0,194315,10710,0,8772,205026,213798,9127,3274,9407,0,478,21809,22288
port1253,2026-05-13,Suzhou (Taicang),6,3,3,0,0,12,12,539,118626,7420,0,0,126585,126585,11670,4552,617,0,0,16840,16840
port1253,2026-05-14,Suzhou (Taicang),1,9,7,1,3,18,21,394,283138,28069,0,4013,311602,315616,0,0,9975,1538,0,11513,11513
port1253,2026-05-15,Suzhou (Taicang),3,9,3,1,5,16,21,1541,240829,0,1548,15361,243920,259282,6517,10801,20938,0,480,38258,38738
port1253,2026-05-16,Suzhou (Taicang),3,4,3,2,5,12,17,0,60912,3702,0,10332,64614,74947,2805,0,1027,11486,6839,15319,22158
port1253,2026-05-17,Suzhou (Taicang),2,4,5,1,1,12,13,0,173848,4763,416,1697,179028,180725,1077,1830,2709,1223,136,6841,6977
port1253,2026-05-18,Suzhou (Taicang),7,3,9,3,3,22,25,2963,133260,8438,1548,3671,146210,149882,10362,0,5003,11325,1653,26692,28345
port1253,2026-05-19,Suzhou (Taicang),5,10,6,1,3,22,25,7878,343527,12969,0,12517,364376,376894,3264,7323,2351,2053,723,14993,15716
port1253,2026-05-20,Suzhou (Taicang),4,4,6,1,6,15,21,0,199217,13672,0,8149,212890,221039,13553,3661,2054,0,263,19270,19533
port1253,2026-05-21,Suzhou (Taicang),5,5,6,2,5,18,23,1722,248872,6550,747,11549,257892,269442,963,27918,2054,0,10183,30937,41120
port1253,2026-05-22,Suzhou (Taicang),3,10,4,0,2,17,19,1352,337262,3232,0,3951,341847,345799,4114,15739,10983,0,1031,30838,31870
port1253,2026-05-23,Suzhou (Taicang),3,5,4,1,2,13,15,0,218412,9532,0,6647,227944,234591,10958,3661,1663,3539,0,19823,19823
port1253,2026-05-24,Suzhou (Taicang),2,4,3,0,0,9,9,0,73133,9816,0,0,82949,82949,7466,4331,2054,0,0,13852,13852
port1253,2026-05-25,Suzhou (Taicang),0,7,2,0,1,9,10,0,193510,1038,0,6448,194548,200996,0,6060,0,0,0,6060,6060
port1253,2026-05-26,Suzhou (Taicang),7,3,8,2,5,20,25,7085,59011,16044,726,4433,82868,87302,8956,5645,5294,0,3690,19896,23587
port1253,2026-05-27,Suzhou (Taicang),8,6,10,0,8,24,32,12674,163113,15825,0,10723,191613,202337,7579,3661,11509,0,7478,22750,30229
port1253,2026-05-28,Suzhou (Taicang),5,5,6,0,3,16,19,275,153125,7184,0,6494,160586,167080,5618,1830,5748,0,1452,13197,14650
port1253,2026-05-29,Suzhou (Taicang),4,10,6,3,4,23,27,270,479809,6941,416,7637,487438,495075,10699,6184,2893,8748,680,28525,29206
port1291,2025-12-21,Saigon,12,1,7,0,5,20,25,25549,10454,4290,0,21144,40294,61439,11492,4550,6978,0,276,23021,23297
port1291,2025-12-22,Saigon,12,5,9,0,6,26,32,29437,50881,7536,0,11654,87855,99510,11483,4550,2946,0,598,18980,19578
port1291,2025-12-23,Saigon,13,0,9,1,4,23,27,28280,0,12365,0,438,40646,41085,16338,0,1964,0,0,18302,18302
port1291,2025-12-24,Saigon,13,0,5,0,7,18,25,35253,0,843,0,69961,36096,106058,13352,0,882,0,867,14234,15101
port1291,2025-12-25,Saigon,16,4,4,0,5,24,29,30612,32995,1658,0,14185,65266,79451,24549,9100,2909,0,148,36558,36707
port1291,2025-12-26,Saigon,16,3,9,0,6,28,34,38194,40120,4493,0,96924,82808,179732,17512,15344,13029,0,0,45886,45886
port1291,2025-12-27,Saigon,14,6,6,0,3,26,29,27991,61381,6178,0,15864,95550,111415,11889,31021,7275,0,0,50186,50186
port1291,2025-12-28,Saigon,15,5,6,0,3,26,29,32351,64509,9583,0,35468,106444,141913,15631,13385,2282,0,96,31300,31396
port1291,2025-12-29,Saigon,17,4,5,0,4,26,30,31445,49221,1658,0,26062,82325,108388,17965,4550,8391,0,0,30907,30907
port1291,2025-12-30,Saigon,15,4,10,1,6,30,36,31689,32714,5089,0,68467,69494,137961,16404,15537,11009,0,276,42951,43227
port1291,2025-12-31,Saigon,12,5,7,0,3,24,27,25954,26365,6922,0,34237,59242,93480,11889,10707,2946,0,0,25543,25543
port1291,2026-01-01,Saigon,14,2,5,1,4,22,26,26196,15091,6004,5045,20491,52337,72828,17066,4550,0,0,449,21616,22065
port1291,2026-01-02,Saigon,14,4,8,0,1,26,27,30670,38227,10280,0,12375,79178,91554,14051,0,4931,0,142,18982,19124
port1291,2026-01-03,Saigon,18,2,5,0,6,25,31,43011,13280,8149,0,14894,64442,79336,13720,4550,1003,0,148,19273,19421
port1291,2026-01-04,Saigon,13,4,6,0,3,23,26,29302,53748,4001,0,45046,87052,132099,12363,35957,4293,0,0,52614,52614
port1291,2026-01-05,Saigon,15,3,5,0,4,23,27,36241,40564,0,0,13789,76806,90595,10808,4550,6993,0,523,22351,22875
port1291,2026-01-06,Saigon,17,0,3,0,6,20,26,45504,0,1658,0,14102,47163,61265,20030,0,982,0,126,21012,21139
port1291,2026-01-07,Saigon,16,4,4,0,1,24,25,29244,74611,5528,0,0,109384,109384,15941,28526,1964,0,0,46432,46432
port1291,2026-01-08,Saigon,13,2,4,0,6,19,25,28547,62265,1658,0,32540,92470,125011,12970,0,982,0,873,13952,14825
port1291,2026-01-09,Saigon,12,3,5,0,5,20,25,26465,33857,7474,0,18808,67797,86605,11889,5103,982,0,276,17974,18251
port1291,2026-01-10,Saigon,20,3,6,0,3,29,32,48061,22259,3278,0,16886,73600,90486,22330,18336,6084,0,276,46751,47027
port1291,2026-01-11,Saigon,7,3,3,0,7,13,20,9419,62309,2405,0,80741,74134,154875,7568,4550,6008,0,0,18127,18127
port1291,2026-01-12,Saigon,18,0,3,0,6,21,27,41807,0,5449,0,56629,47257,103886,20314,0,0,0,96,20314,20410
port1291,2026-01-13,Saigon,18,4,3,0,3,25,28,34701,69228,3316,0,20518,107246,127764,21047,5675,1964,0,276,28687,28963
port1291,2026-01-14,Saigon,17,0,4,1,4,22,26,32346,0,5658,2187,4449,40193,44642,21913,0,3368,0,0,25281,25281
port1291,2026-01-15,Saigon,14,2,5,0,3,21,24,30612,0,5960,0,37487,36572,74060,15428,0,2946,0,0,18374,18374
port1291,2026-01-16,Saigon,13,1,5,0,4,19,23,25902,6535,3316,0,41872,35755,77627,15246,0,2108,0,274,17354,17629
port1291,2026-01-17,Saigon,18,1,10,0,3,29,32,40329,10454,9261,0,462,60045,60507,18756,4550,2176,0,0,25483,25483
port1291,2026-01-18,Saigon,13,3,2,0,3,18,21,23877,61601,1658,0,46640,87136,133777,18439,14918,8985,0,869,42343,43212
port1291,2026-01-19,Saigon,16,4,7,1,5,28,33,27637,23485,24947,0,24725,76069,100795,23390,9100,1964,0,276,34455,34731
port1291,2026-01-20,Saigon,15,1,4,0,4,20,24,38919,0,4001,0,8303,42921,51225,15380,6472,6245,0,449,28098,28547
port1291,2026-01-21,Saigon,17,3,9,0,4,29,33,31695,10454,9740,0,66687,51890,118578,15990,14931,7961,0,0,38883,38883
port1291,2026-01-22,Saigon,12,4,6,0,6,22,28,22927,37749,1658,0,35971,62335,98307,19654,1680,7340,0,1039,28676,29715
port1291,2026-01-23,Saigon,15,4,2,0,2,21,23,29991,26578,5120,0,6205,61690,67896,22864,11664,0,0,148,34528,34677
port1291,2026-01-24,Saigon,15,1,1,0,4,17,21,31304,0,1658,0,13806,32962,46768,14949,54179,982,0,148,70111,70259
port1291,2026-01-25,Saigon,13,0,4,0,2,17,19,22927,0,3316,0,1441,26244,27685,20759,0,1964,0,0,22723,22723
port1291,2026-01-26,Saigon,9,2,6,0,5,17,22,21193,10454,3316,0,27834,34964,62799,9727,4550,4150,0,725,18428,19153
port1291,2026-01-27,Saigon,12,3,5,1,5,21,26,21193,33548,0,2646,63106,57388,120495,16471,10442,985,0,449,27899,28348
port1291,2026-01-28,Saigon,15,2,7,0,8,24,32,30612,29400,2559,0,32573,62572,95145,17553,0,4616,0,1023,22169,23192
port1291,2026-01-29,Saigon,13,1,3,1,3,18,21,24537,0,2015,4535,41445,31088,72534,11179,13571,0,0,0,24750,24750
port1291,2026-01-30,Saigon,14,0,4,0,4,18,22,26695,0,1658,0,23423,28353,51777,12653,0,8419,0,142,21073,21215
port1291,2026-01-31,Saigon,18,4,10,0,3,32,35,37727,10454,13248,0,20829,61430,82259,22605,4886,3928,0,96,31420,31517
port1291,2026-02-01,Saigon,7,6,3,1,3,17,20,16483,22542,3316,1543,21534,43886,65420,7565,55012,1964,0,0,64542,64542
port1291,2026-02-02,Saigon,16,3,6,0,4,25,29,31865,30229,5795,0,27841,67890,95732,13048,9100,1964,0,244,24112,24357
port1291,2026-02-03,Saigon,17,2,2,1,5,22,27,41589,10454,3316,0,54910,55360,110271,15513,47460,1964,0,449,64938,65387
port1291,2026-02-04,Saigon,16,2,3,0,6,21,27,31321,45643,1658,0,26915,78623,105538,16850,4550,15832,0,686,37233,37919
port1291,2026-02-05,Saigon,17,2,11,0,6,30,36,35825,2919,26887,0,20220,65631,85852,23209,0,11223,0,1285,34433,35719
port1291,2026-02-06,Saigon,18,3,5,0,0,26,26,35431,20655,1658,0,0,57745,57745,23091,4550,982,0,0,28623,28623
port1291,2026-02-07,Saigon,15,1,4,0,3,20,23,32346,0,11199,0,36232,43546,79778,15513,796,982,0,276,17292,17568
port1291,2026-02-08,Saigon,12,0,5,0,2,17,19,20971,0,2050,0,6983,23022,30005,11228,0,0,0,597,11228,11825
port1291,2026-02-09,Saigon,12,3,5,0,4,20,24,25902,57236,5176,0,56489,88315,144804,16062,9100,2946,0,0,28108,28108
port1291,2026-02-10,Saigon,16,4,3,0,8,23,31,28011,39185,7178,0,32800,74375,107176,28035,13650,0,0,276,41685,41961
port1291,2026-02-11,Saigon,18,2,8,1,6,29,35,41804,0,11005,3106,53534,55916,109450,19682,0,5897,0,898,25580,26478
port1291,2026-02-12,Saigon,15,3,3,0,2,21,23,32410,12339,3404,0,882,48154,49037,15856,5881,982,0,148,22720,22868
port1291,2026-02-13,Saigon,11,2,3,0,6,16,22,27273,10454,226,0,53772,37954,91727,9339,5779,0,0,0,15118,15118
port1291,2026-02-14,Saigon,12,1,2,0,6,15,21,23656,10454,1658,0,56870,35770,92640,13865,4550,982,0,424,19397,19821
port1291,2026-02-15,Saigon,10,2,4,0,5,16,21,16483,15771,7084,0,68034,39339,107374,24237,5448,982,0,0,30667,30667
port1291,2026-02-16,Saigon,17,0,6,0,2,23,25,34700,0,4110,0,10671,38810,49482,31461,0,7703,0,276,39164,39441
port1291,2026-02-17,Saigon,17,0,0,0,3,17,20,35686,0,0,0,50383,35686,86070,24717,0,0,0,276,24717,24994
port1291,2026-02-18,Saigon,10,1,1,2,3,14,17,22927,10454,411,2148,13179,35943,49122,11190,4550,0,0,148,15740,15888
port1291,2026-02-19,Saigon,12,2,0,0,3,14,17,26488,0,0,0,10574,26488,37063,11954,0,0,0,0,11954,11954
port1291,2026-02-20,Saigon,14,0,2,0,3,16,19,28257,0,0,0,48827,28257,77085,12970,0,3876,0,148,16846,16994
port1291,2026-02-21,Saigon,10,1,5,0,4,16,20,23547,0,3316,0,20707,26864,47571,10808,8330,2190,0,276,21329,21606
port1291,2026-02-22,Saigon,15,0,5,1,1,21,22,29423,0,3590,4025,8875,37039,45914,15084,0,1964,0,276,17048,17325
port1291,2026-02-23,Saigon,14,3,8,0,4,25,29,28257,13454,6432,0,22726,48144,70870,14127,360,4489,0,597,18976,19573
port1291,2026-02-24,Saigon,14,3,5,1,3,23,26,30612,16226,10867,917,22669,58624,81293,16172,0,1964,0,4512,18136,22649
port1291,2026-02-25,Saigon,8,2,7,0,4,17,21,18838,22818,1700,0,26829,43357,70186,8646,6422,11915,0,1047,26984,28031
port1291,2026-02-26,Saigon,11,2,4,0,5,17,22,21870,29245,2342,0,11294,53458,64752,10480,4550,1109,0,0,16139,16139
port1291,2026-02-27,Saigon,14,1,7,1,3,23,26,25902,0,3410,1018,9758,30332,40090,21523,0,982,0,424,22505,22930
port1291,2026-02-28,Saigon,14,0,3,0,2,17,19,28257,0,1658,0,3647,29915,33563,16745,0,1661,0,0,18407,18407
port1291,2026-03-01,Saigon,9,2,4,0,5,15,20,20572,11020,3316,0,34179,34910,69090,10109,4550,1964,0,1081,16623,17705
port1291,2026-03-02,Saigon,11,3,6,0,7,20,27,23100,26226,10444,0,35015,59770,94785,9727,4550,9983,0,552,24260,24813
port1291,2026-03-03,Saigon,13,1,8,0,3,22,25,27755,7654,3316,0,5216,38726,43943,12271,0,1964,0,0,14235,14235
port1291,2026-03-04,Saigon,15,5,5,0,3,25,28,30612,41819,10711,0,15341,83142,98484,18728,186059,982,0,11774,205770,217544
port1291,2026-03-05,Saigon,11,1,8,1,4,21,25,20572,0,17745,0,56194,38317,94512,20825,0,1985,3191,598,26001,26600
port1291,2026-03-06,Saigon,16,1,6,0,5,23,28,31726,0,2687,0,32143,34413,66557,17251,29097,982,0,424,47331,47755
port1291,2026-03-07,Saigon,17,6,8,0,3,31,34,29991,45545,6797,0,22976,82334,105310,20246,9618,1964,0,597,31829,32426
port1291,2026-03-08,Saigon,16,7,4,1,4,28,32,36415,74925,4001,0,40180,115342,155522,17284,13650,6240,0,0,37174,37174
port1291,2026-03-09,Saigon,14,3,5,0,4,22,26,25902,20909,239,0,28661,47051,75713,16833,37209,3761,0,276,57804,58080
port1291,2026-03-10,Saigon,10,1,3,0,7,14,21,18838,10454,4175,0,23317,33468,56785,11565,4550,982,0,873,17097,17971
port1291,2026-03-11,Saigon,15,1,5,1,5,22,27,29991,10454,1858,0,25622,42304,67926,16765,4550,4881,0,898,26197,27095
port1291,2026-03-12,Saigon,14,5,6,1,6,26,32,30448,36092,4621,2187,24101,73350,97451,12970,9100,1964,0,597,24034,24631
port1291,2026-03-13,Saigon,16,1,7,0,3,24,27,29991,10454,7371,0,24799,47817,72617,16794,4550,9874,0,0,31219,31219
port1291,2026-03-14,Saigon,20,3,6,1,3,30,33,39411,16948,13898,1154,41083,71412,112496,25735,54607,1964,40,276,82347,82623
port1291,2026-03-15,Saigon,12,1,5,0,3,18,21,22927,25972,3316,0,2265,52216,54481,16715,0,1964,0,9907,18679,28587
port1291,2026-03-16,Saigon,15,4,5,0,3,24,27,26410,51724,3316,0,15674,81451,97126,17385,15537,6636,0,0,39559,39559
port1291,2026-03-17,Saigon,17,2,8,1,8,28,36,39411,2859,5998,0,16741,48269,65011,18756,1624,10491,0,1531,30872,32403
port1291,2026-03-18,Saigon,13,3,9,0,5,25,30,25902,10454,11095,0,29624,47452,77076,19514,4550,5171,0,552,29235,29788
port1291,2026-03-19,Saigon,15,3,7,0,4,25,29,29991,10896,7753,0,62392,48642,111034,17481,30153,12103,0,276,59737,60014
port1291,2026-03-20,Saigon,17,1,7,0,1,25,26,36122,0,7407,0,17373,43529,60903,17116,1055,5121,0,0,23292,23292
port1291,2026-03-21,Saigon,16,1,3,0,2,20,22,33241,0,3690,0,15762,36932,52694,16654,247,1964,0,598,18866,19465
port1291,2026-03-22,Saigon,17,2,2,0,1,21,22,35897,10454,435,0,6100,46787,52887,19198,4550,0,0,449,23748,24197
port1291,2026-03-23,Saigon,15,3,7,1,5,26,31,30612,32400,6712,1154,19692,70879,90572,15529,10987,6943,40,700,33499,34200
port1291,2026-03-24,Saigon,15,1,7,1,3,24,27,28751,4383,10043,4025,41682,47203,88885,15702,0,0,0,6219,15702,21921
port1291,2026-03-25,Saigon,11,3,6,0,5,20,25,25902,31364,14144,0,52669,71411,124081,11889,13650,5112,0,276,30651,30927
port1291,2026-03-26,Saigon,9,3,6,0,6,18,24,20468,18407,8810,0,37902,47686,85588,8646,4550,2946,0,276,16143,16419
port1291,2026-03-27,Saigon,24,4,2,0,5,30,35,41998,42215,0,0,51741,84214,135956,26166,15432,0,0,873,41598,42472
port1291,2026-03-28,Saigon,10,4,4,0,7,18,25,22714,18360,4109,0,44074,45183,89258,9727,44646,1964,0,424,56338,56763
port1291,2026-03-29,Saigon,10,1,4,0,5,15,20,20572,0,3686,0,47043,24259,71302,14010,19469,5647,0,296,39127,39424
port1291,2026-03-30,Saigon,17,4,6,0,3,27,30,32346,34074,6696,0,26971,73118,100090,16811,13650,1964,0,0,32425,32425
port1291,2026-03-31,Saigon,16,0,8,0,2,24,26,30413,0,11414,0,3673,41827,45501,14815,0,2967,0,0,17782,17782
port1291,2026-04-01,Saigon,15,4,8,0,4,27,31,34701,5295,15078,0,35193,55075,90268,16594,14961,5968,0,148,37524,37672
port1291,2026-04-02,Saigon,15,3,6,0,4,24,28,29371,20909,2540,0,6974,52822,59796,18965,14086,510,0,35,33562,33597
port1291,2026-04-03,Saigon,19,1,4,0,5,24,29,35581,0,2186,0,37749,37767,75516,17334,0,1271,0,449,18606,19055
port1291,2026-04-04,Saigon,12,3,2,0,5,17,22,25129,12938,1658,0,24311,39725,64036,10808,4550,3832,0,276,19191,19467
port1291,2026-04-05,Saigon,10,3,2,0,3,15,18,25112,16948,3896,0,53867,45958,99825,15383,4550,0,0,148,19933,20082
port1291,2026-04-06,Saigon,17,1,4,2,6,24,30,44376,0,4001,3106,11090,51483,62574,18561,13213,3350,0,0,35126,35126
port1291,2026-04-07,Saigon,14,6,8,0,5,28,33,32003,109823,10629,0,22067,152456,174524,11462,11486,3949,0,3429,26898,30328
port1291,2026-04-08,Saigon,15,1,7,0,0,23,23,30612,30314,1658,0,0,62585,62585,14708,0,9200,0,0,23908,23908
port1291,2026-04-09,Saigon,15,2,3,0,2,20,22,31726,0,1658,0,10574,33384,43959,16260,11689,982,0,410,28932,29342
port1291,2026-04-10,Saigon,16,1,8,0,3,25,28,27141,10454,7317,0,6100,44914,51014,27257,4550,6000,0,594,37807,38402
port1291,2026-04-11,Saigon,16,0,3,0,2,19,21,31259,0,1658,0,0,32918,32918,17061,0,982,0,0,18044,18044
port1291,2026-04-12,Saigon,15,3,5,0,3,23,26,34950,15977,8663,0,15858,59592,75450,15855,0,8201,0,873,24056,24930
port1291,2026-04-13,Saigon,16,2,3,0,4,21,25,35321,51988,2547,0,31091,89858,120949,18648,0,4108,0,0,22757,22757
port1291,2026-04-14,Saigon,10,6,8,0,4,24,28,22236,40389,10741,0,26646,73367,100014,10491,37771,12617,0,276,60880,61156
port1291,2026-04-15,Saigon,18,4,5,0,3,27,30,37676,56324,10509,0,17294,104510,121804,19518,5588,2433,0,35,27539,27574
port1291,2026-04-16,Saigon,15,1,7,2,3,25,28,27637,10454,3316,0,14999,41408,56408,18281,4550,6356,0,148,29188,29336
port1291,2026-04-17,Saigon,17,2,5,0,1,24,25,32471,14499,4706,0,8875,51677,60552,21263,1309,0,0,276,22573,22849
port1291,2026-04-18,Saigon,17,2,2,0,3,21,24,33278,10454,1658,0,0,45391,45391,12564,7713,1092,0,3027,21370,24397
port1291,2026-04-19,Saigon,17,2,4,0,3,23,26,30612,16948,4819,0,17436,52379,69816,22279,4550,1964,0,449,28793,29242
port1291,2026-04-20,Saigon,12,0,3,0,7,15,22,22526,0,0,0,52036,22526,74563,16502,0,650,0,1402,17153,18555
port1291,2026-04-21,Saigon,18,0,8,1,10,27,37,40417,0,7586,0,120564,48003,168567,18105,0,3376,0,848,21481,22330
port1291,2026-04-22,Saigon,15,2,3,2,3,22,25,35535,15595,3316,1154,10350,55602,65953,14693,4550,1964,40,276,21248,21524
port1291,2026-04-23,Saigon,11,3,7,0,2,21,23,21193,41193,5475,0,17750,67861,85612,16067,4550,4719,0,552,25336,25889
port1291,2026-04-24,Saigon,19,1,8,0,1,28,29,44496,0,4975,0,34950,49471,84422,16976,1133,11378,0,0,29488,29488
port1291,2026-04-25,Saigon,14,2,9,0,3,25,28,23732,52937,6054,0,14698,82724,97422,12375,2959,6678,0,148,22013,22161
port1291,2026-04-26,Saigon,9,2,9,0,3,20,23,21193,14499,13345,0,0,49037,49037,9727,12149,9741,0,0,31618,31618
port1291,2026-04-27,Saigon,13,8,11,0,2,32,34,41480,69198,13696,0,9517,124375,133892,8367,66931,7914,0,0,83213,83213
port1291,2026-04-28,Saigon,12,3,8,0,4,23,27,23250,0,11069,0,22290,34319,56610,13884,14458,2093,0,424,30435,30860
port1291,2026-04-29,Saigon,16,2,5,0,3,23,26,44859,55609,0,0,12266,100468,112735,17858,0,7106,0,276,24965,25241
port1291,2026-04-30,Saigon,14,0,10,0,1,24,25,48375,0,6898,0,3847,55274,59121,11190,0,3572,0,0,14763,14763
port1291,2026-05-01,Saigon,12,3,4,0,2,19,21,40438,25956,1817,0,9758,68213,77971,7947,5861,5930,0,424,19739,20164
port1291,2026-05-02,Saigon,14,2,4,1,6,21,27,21193,28930,5124,508,23689,55756,79445,31254,4550,982,0,0,36787,36787
port1291,2026-05-03,Saigon,15,1,5,0,4,21,25,25811,0,2882,0,13206,28694,41900,9798,5011,7918,0,276,22729,23005
port1291,2026-05-04,Saigon,21,3,3,1,5,28,33,59307,25289,3657,4487,17932,92741,110674,22846,13147,2749,0,424,38742,39167
port1291,2026-05-05,Saigon,14,3,4,1,8,22,30,47237,19814,3730,0,36634,70782,107416,12705,0,982,0,449,13688,14137
port1291,2026-05-06,Saigon,12,1,4,0,5,17,22,31297,10454,7493,0,17491,49245,66737,12626,4550,982,0,276,18158,18435
port1291,2026-05-07,Saigon,14,2,8,0,1,24,25,39528,0,6153,0,7445,45682,53127,13000,6803,8440,0,0,28245,28245
port1291,2026-05-08,Saigon,14,2,5,0,2,21,23,24928,0,3508,0,0,28436,28436,25977,30169,4699,0,587,60846,61434
port1291,2026-05-09,Saigon,15,3,5,0,8,23,31,23025,51605,8429,0,26989,83060,110050,12111,0,2477,0,28866,14588,43454
port1291,2026-05-10,Saigon,13,2,6,0,3,21,24,24862,64821,18605,0,42785,108289,151074,13375,6437,1964,0,0,21777,21777
port1291,2026-05-11,Saigon,19,2,7,0,4,28,32,50314,15595,12697,0,18988,78608,97597,17185,4550,2967,0,4144,24702,28847
port1291,2026-05-12,Saigon,15,3,6,0,6,24,30,30991,21001,4149,0,11748,56142,67891,14815,4550,12948,0,916,32313,33229
port1291,2026-05-13,Saigon,12,4,5,0,3,21,24,37803,17012,3316,0,14688,58132,72821,11475,43834,5215,0,424,60525,60949
port1291,2026-05-14,Saigon,11,4,5,2,6,22,28,17610,30824,8974,2145,18085,59555,77640,8147,4550,1964,0,459,14662,15121
port1291,2026-05-15,Saigon,14,3,8,0,4,25,29,39612,2782,4093,0,46253,46488,92742,10041,0,1964,0,0,12006,12006
port1291,2026-05-16,Saigon,15,2,2,0,3,19,22,36336,17011,3316,0,4233,56664,60897,10968,0,1964,0,598,12932,13531
port1291,2026-05-17,Saigon,10,1,3,0,6,14,20,23295,10454,0,0,10422,33750,44173,7262,4550,0,0,388,11812,12200
port1291,2026-05-18,Saigon,16,0,6,1,4,23,27,42815,0,4975,1688,29984,49479,79464,13048,0,2946,0,0,15994,15994
port1291,2026-05-19,Saigon,17,3,5,0,7,25,32,25444,5140,6085,0,14311,36670,50982,17040,337,1964,0,410,19342,19753
port1291,2026-05-20,Saigon,15,1,5,1,3,22,25,24629,0,4541,2521,13990,31691,45682,15786,0,982,0,0,16769,16769
port1291,2026-05-21,Saigon,11,1,4,0,5,16,21,24662,0,3522,0,85768,28184,113953,12653,0,1964,0,0,14617,14617
port1291,2026-05-22,Saigon,11,0,2,1,6,14,20,29634,0,1658,927,20395,32219,52614,9727,0,4973,0,148,14701,14849
port1291,2026-05-23,Saigon,18,1,7,0,2,26,28,38112,10454,17046,0,9678,65613,75292,21326,4550,2946,0,0,28822,28822
port1291,2026-05-24,Saigon,13,3,4,0,1,20,21,22999,60072,4001,0,8875,87073,95948,19943,9100,1985,0,276,31028,31305
port1291,2026-05-25,Saigon,15,3,5,0,3,23,26,39923,24421,7756,0,9801,72101,81902,15064,4550,2988,0,410,22602,23012
port1291,2026-05-26,Saigon,12,2,11,0,1,25,26,26920,22259,9042,0,0,58222,58222,5786,10987,4910,0,0,21684,21684
port1291,2026-05-27,Saigon,19,1,3,0,2,23,25,57542,10454,1658,0,11030,69655,80686,14577,4550,982,0,0,20109,20109
port1291,2026-05-28,Saigon,14,0,12,1,4,27,31,26340,0,16294,508,16836,43142,59979,10672,0,8881,0,244,19554,19798
port1291,2026-05-29,Saigon,13,2,5,1,6,21,27,17281,20909,6564,1154,20091,45910,66001,16979,9100,11178,40,1472,37298,38770
port1297,2025-12-21,Tianjin Xin Gang,13,15,9,1,3,38,41,141355,1069661,11885,1068,46631,1223970,1270602,654356,266572,23988,0,8385,944917,953303
port1297,2025-12-22,Tianjin Xin Gang,8,10,3,1,10,22,32,172691,270270,6269,799,229781,450032,679813,293321,140766,12211,312,53217,446611,499829
port1297,2025-12-23,Tianjin Xin Gang,9,8,5,1,7,23,30,100070,135875,2097,629,166642,238673,405316,191433,225598,12814,472,5529,430319,435848
port1297,2025-12-24,Tianjin Xin Gang,10,13,2,0,10,25,35,184444,728976,16397,0,225584,929817,1155402,498917,177118,426,0,45149,676462,721611
port1297,2025-12-25,Tianjin Xin Gang,11,8,2,1,7,22,29,434409,141545,2241,0,79060,578197,657258,178253,128318,0,547,7561,307119,314681
port1297,2025-12-26,Tianjin Xin Gang,11,18,4,1,6,34,40,128567,735200,2097,629,24455,866494,890950,489929,269727,6281,472,6370,766411,772781
port1297,2025-12-27,Tianjin Xin Gang,8,9,3,0,11,20,31,43172,155138,2086,0,173970,200397,374368,371832,174923,6991,0,76440,553746,630187
port1297,2025-12-28,Tianjin Xin Gang,6,9,6,0,9,21,30,51200,296152,13682,0,18201,361035,379237,325271,192658,6238,0,11695,524168,535863
port1297,2025-12-29,Tianjin Xin Gang,11,13,1,0,6,25,31,190516,430777,0,0,6917,621293,628211,406955,158020,2744,0,14717,567720,582437
port1297,2025-12-30,Tianjin Xin Gang,12,7,7,2,5,28,33,127742,300750,2097,2698,175907,433288,609195,296801,180358,20193,0,242,497353,497595
port1297,2025-12-31,Tianjin Xin Gang,12,13,7,2,6,34,40,211848,470362,1783,1259,287216,685254,972470,267603,220804,16209,945,7888,505563,513451
port1297,2026-01-01,Tianjin Xin Gang,12,7,2,2,6,23,29,735157,511005,1048,629,8149,1247841,1255990,370961,40123,12981,4013,79423,428079,507503
port1297,2026-01-02,Tianjin Xin Gang,10,11,3,1,6,25,31,234310,282211,2917,0,10830,519438,530268,512881,154619,4126,0,118093,671627,789720
port1297,2026-01-03,Tianjin Xin Gang,5,13,4,1,3,23,26,48740,390958,25097,629,7906,465426,473332,228413,172560,1948,472,8355,403395,411751
port1297,2026-01-04,Tianjin Xin Gang,13,12,7,1,1,33,34,48740,223748,2086,0,0,274575,274575,858858,227450,15425,0,2471,1101734,1104205
port1297,2026-01-05,Tianjin Xin Gang,10,9,3,2,7,24,31,590272,395247,1048,629,359868,987198,1347066,432409,161246,5057,2445,13415,601158,614573
port1297,2026-01-06,Tianjin Xin Gang,12,15,2,3,8,32,40,179308,685457,0,1163,11951,865930,877881,322905,153661,6391,512,41079,483469,524549
port1297,2026-01-07,Tianjin Xin Gang,13,10,0,1,3,24,27,546171,189413,0,629,69088,736214,805302,308979,144104,0,472,111201,453557,564759
port1297,2026-01-08,Tianjin Xin Gang,15,12,6,1,8,34,42,616686,437188,2857,0,243684,1056731,1300416,647024,174301,11986,0,20036,833311,853348
port1297,2026-01-09,Tianjin Xin Gang,3,8,3,2,5,16,21,141544,354221,1048,1641,20146,498455,518602,15260,84870,10010,472,22479,110614,133094
port1297,2026-01-10,Tianjin Xin Gang,5,3,1,0,1,9,10,48740,94784,0,0,3712,143525,147237,413961,53981,0,0,0,467943,467943
port1297,2026-01-11,Tianjin Xin Gang,11,19,10,0,5,40,45,858001,1013698,9692,0,285460,1881392,2166853,385464,316053,22650,0,3272,724168,727440
port1297,2026-01-12,Tianjin Xin Gang,10,8,3,1,7,22,29,299602,266205,511,0,1659,566319,567979,214177,39936,28379,1713,35037,284206,319244
port1297,2026-01-13,Tianjin Xin Gang,10,17,7,1,10,35,45,182125,393013,4524,0,170180,579663,749844,184466,237912,17263,0,17489,439642,457132
port1297,2026-01-14,Tianjin Xin Gang,16,7,4,2,12,29,41,730173,258670,1135,0,41518,989979,1031497,577562,64929,2685,0,28542,645177,673720
port1297,2026-01-15,Tianjin Xin Gang,5,11,2,1,4,19,23,0,379928,1048,629,269560,381607,651168,189536,244732,8576,472,12877,443318,456196
port1297,2026-01-16,Tianjin Xin Gang,19,14,2,3,3,38,41,1183535,901032,8206,629,1155,2093404,2094559,651198,91775,2685,5103,11289,750763,762052
port1297,2026-01-17,Tianjin Xin Gang,15,6,2,1,6,24,30,582316,228802,1048,629,100131,812797,912929,611112,106083,4591,472,12497,722260,734757
port1297,2026-01-18,Tianjin Xin Gang,11,11,5,0,6,27,33,668849,511743,3135,0,6312,1183728,1190040,899570,107806,14646,0,17489,1022023,1039512
port1297,2026-01-19,Tianjin Xin Gang,4,13,3,1,8,21,29,33087,566078,0,2047,100727,601213,701941,61550,227460,7835,0,13614,296847,310461
port1297,2026-01-20,Tianjin Xin Gang,13,9,2,2,7,26,33,666707,229304,2097,629,1893,898739,900633,272097,166101,5371,1636,39380,445206,484586
port1297,2026-01-21,Tianjin Xin Gang,13,17,4,1,3,35,38,462070,621775,1649,629,15812,1086124,1101937,511582,298849,26523,472,2324,837427,839751
port1297,2026-01-22,Tianjin Xin Gang,8,10,3,1,7,22,29,215811,204566,1740,0,9071,422118,431190,154263,95332,3188,273,31041,253058,284099
port1297,2026-01-23,Tianjin Xin Gang,14,13,5,0,5,32,37,97480,359030,24020,0,231421,480531,711952,616328,320335,14642,0,8675,951306,959982
port1297,2026-01-24,Tianjin Xin Gang,6,12,8,1,6,27,33,97480,247254,4507,4729,3716,353972,357689,677043,96522,14325,0,10990,787890,798881
port1297,2026-01-25,Tianjin Xin Gang,12,11,7,1,3,31,34,417283,804673,7650,629,35164,1230236,1265401,531429,88267,16607,472,0,636776,636776
port1297,2026-01-26,Tianjin Xin Gang,12,7,11,1,7,31,38,106326,182705,6769,629,300289,296430,596720,659821,72070,19329,472,40214,751694,791908
port1297,2026-01-27,Tianjin Xin Gang,11,13,4,1,6,29,35,1439489,593205,23433,0,844,2056128,2056973,577310,102908,0,417,31833,680636,712469
port1297,2026-01-28,Tianjin Xin Gang,13,10,6,1,6,30,36,216496,352719,8762,0,28050,577978,606028,602761,109697,7820,0,45856,720279,766135
port1297,2026-01-29,Tianjin Xin Gang,12,11,3,1,5,27,32,469095,94784,2436,629,102514,566946,669461,494483,224521,2860,472,11833,722339,734172
port1297,2026-01-30,Tianjin Xin Gang,14,14,5,1,8,34,42,667735,659229,2703,799,38363,1330468,1368831,1183454,155473,4500,312,13147,1343740,1356888
port1297,2026-01-31,Tianjin Xin Gang,5,8,2,1,4,16,20,180577,290385,1048,629,287473,472641,760115,203060,93855,4588,472,3597,301977,305574
port1297,2026-02-01,Tianjin Xin Gang,8,8,4,0,2,20,22,225875,297608,3145,0,13427,526629,540056,323288,125272,10766,0,5743,459327,465071
port1297,2026-02-02,Tianjin Xin Gang,10,12,7,1,9,30,39,408408,187187,13449,629,123103,609675,732778,363490,134667,30130,472,109515,528761,638277
port1297,2026-02-03,Tianjin Xin Gang,12,13,1,5,3,31,34,202634,383188,1048,1259,271670,588130,859801,389333,158461,2685,11785,16474,562266,578741
port1297,2026-02-04,Tianjin Xin Gang,11,8,2,0,6,21,27,648542,6191,923,0,13944,655657,669602,365859,183417,3825,0,17275,553102,570377
port1297,2026-02-05,Tianjin Xin Gang,11,10,2,2,3,25,28,132980,612934,1048,0,288851,746963,1035815,149808,81973,3700,0,2594,235481,238076
port1297,2026-02-06,Tianjin Xin Gang,12,11,8,3,6,34,40,460737,295954,3076,2541,24511,762309,786821,433098,217592,28584,547,7464,679822,687286
port1297,2026-02-07,Tianjin Xin Gang,16,12,5,0,5,33,38,588092,416306,2320,0,15397,1006719,1022116,521847,332721,13582,0,7811,868151,875963
port1297,2026-02-08,Tianjin Xin Gang,7,7,4,1,5,19,24,89882,230528,3040,0,206654,323451,530105,481124,71297,8634,192,10700,561248,571948
port1297,2026-02-09,Tianjin Xin Gang,7,11,3,0,7,21,28,89882,164480,1744,0,53407,256107,309515,220902,219592,3755,0,45288,444250,489539
port1297,2026-02-10,Tianjin Xin Gang,16,16,3,1,8,36,44,303819,494214,0,629,153428,798663,952092,997921,209687,9541,472,13343,1217623,1230966
port1297,2026-02-11,Tianjin Xin Gang,9,11,1,1,11,22,33,151617,555827,0,0,117281,707444,824726,200501,236417,1061,0,196165,437981,634147
port1297,2026-02-12,Tianjin Xin Gang,9,15,4,1,4,29,33,89882,292071,1048,629,101738,383632,485370,197506,283034,18456,472,9022,499469,508492
port1297,2026-02-13,Tianjin Xin Gang,10,9,1,1,6,21,27,35574,252100,1048,629,164168,289354,453522,840527,155547,2685,472,4234,999233,1003468
port1297,2026-02-14,Tianjin Xin Gang,9,12,6,2,6,29,35,40592,369381,1048,629,18334,411652,429987,798146,333242,14970,472,20832,1146831,1167664
port1297,2026-02-15,Tianjin Xin Gang,11,13,5,0,6,29,35,0,87205,40530,0,19225,127735,146960,986083,219773,9036,0,16818,1214893,1231712
port1297,2026-02-16,Tianjin Xin Gang,1,7,2,0,2,10,12,0,58904,1048,0,3412,59952,63365,19016,107002,3754,0,5157,129773,134930
port1297,2026-02-17,Tianjin Xin Gang,13,11,3,1,6,28,34,311895,706327,5158,629,79092,1024012,1103105,404877,62034,18572,472,21520,485958,507478
port1297,2026-02-18,Tianjin Xin Gang,12,9,1,1,2,23,25,78681,275500,0,1458,2887,355639,358527,407984,120173,11109,0,1732,539266,540999
port1297,2026-02-19,Tianjin Xin Gang,9,9,2,0,4,20,24,304974,409445,0,0,102803,714419,817222,230262,127819,2741,0,3585,360823,364408
port1297,2026-02-20,Tianjin Xin Gang,10,11,2,2,3,25,28,44941,776851,0,1139,16759,822932,839692,236874,197415,372,472,3272,435134,438407
port1297,2026-02-21,Tianjin Xin Gang,3,3,0,0,6,6,12,109474,224261,0,0,22413,333735,356148,20672,22867,0,0,13746,43540,57286
port1297,2026-02-22,Tianjin Xin Gang,12,10,3,2,6,27,33,66531,229388,43057,1939,262503,340918,603421,721485,173646,18459,472,3831,914064,917896
port1297,2026-02-23,Tianjin Xin Gang,9,9,6,1,2,25,27,283439,437845,2447,629,6717,724361,731079,220280,182640,9366,472,0,412760,412760
port1297,2026-02-24,Tianjin Xin Gang,12,10,3,1,7,26,33,422358,154293,6720,629,223151,584003,807154,224893,206225,10357,472,4304,441949,446253
port1297,2026-02-25,Tianjin Xin Gang,7,5,2,1,8,15,23,2368209,187829,0,0,21463,2556038,2577502,63139,137076,3886,1253,27923,205355,233279
port1297,2026-02-26,Tianjin Xin Gang,7,15,2,1,5,25,30,201440,532007,4129,0,6644,737577,744221,133842,228982,3664,0,24746,366488,391235
port1297,2026-02-27,Tianjin Xin Gang,14,8,3,1,5,26,31,495192,227493,0,629,273400,723316,996716,211956,190769,21784,472,7590,424982,432572
port1297,2026-02-28,Tianjin Xin Gang,9,10,5,0,7,24,31,396108,802775,752,0,21390,1199636,1221026,220210,113151,16188,0,13829,349549,363379
port1297,2026-03-01,Tianjin Xin Gang,8,7,3,1,9,19,28,389282,182146,4456,0,25383,575885,601268,125168,148871,0,0,30507,274039,304547
port1297,2026-03-02,Tianjin Xin Gang,8,8,7,1,0,24,24,479108,412821,2867,629,0,895427,895427,312470,72783,7413,472,0,393139,393139
port1297,2026-03-03,Tianjin Xin Gang,12,11,5,1,7,29,36,664906,221236,0,0,41427,886142,927569,299231,77259,19322,0,33835,395813,429649
port1297,2026-03-04,Tianjin Xin Gang,10,10,2,0,5,22,27,446029,345593,0,0,245034,791622,1036656,299343,104293,31617,0,11001,435254,446255
port1297,2026-03-05,Tianjin Xin Gang,12,4,3,3,5,22,27,176349,317871,1568,0,107432,495790,603222,432292,60807,12418,764,17223,506283,523506
port1297,2026-03-06,Tianjin Xin Gang,11,9,4,0,7,24,31,0,635919,4016,0,3722,639936,643658,671194,110049,8057,0,67617,789300,856918
port1297,2026-03-07,Tianjin Xin Gang,3,13,4,1,5,21,26,0,626686,12345,0,17170,639031,656201,75037,171514,909,273,45748,247734,293483
port1297,2026-03-08,Tianjin Xin Gang,12,10,1,1,7,24,31,1116215,174375,0,0,17143,1290590,1307734,363479,227742,201,2043,39049,593467,632516
port1297,2026-03-09,Tianjin Xin Gang,9,10,5,0,5,24,29,473751,410343,2409,0,63477,886504,949981,688304,130002,8817,0,15965,827124,843090
port1297,2026-03-10,Tianjin Xin Gang,9,14,4,1,9,28,37,246012,351303,9300,629,277168,607247,884416,163745,254737,6450,472,3637,425406,429043
port1297,2026-03-11,Tianjin Xin Gang,15,9,5,1,4,30,34,666961,675647,1048,0,192663,1343657,1536321,464561,215532,48432,0,1458,728526,729985
port1297,2026-03-12,Tianjin Xin Gang,18,6,3,1,9,28,37,869720,44738,1037,2047,27809,917545,945354,314011,146291,7506,0,23893,467808,491702
port1297,2026-03-13,Tianjin Xin Gang,8,12,6,3,6,29,35,378082,492546,0,0,44050,870629,914679,1004837,117221,14834,5114,14211,1142007,1156219
port1297,2026-03-14,Tianjin Xin Gang,9,6,2,1,4,18,22,350772,458693,0,629,16430,810095,826526,552094,112553,7203,472,14584,672324,686909
port1297,2026-03-15,Tianjin Xin Gang,11,9,4,1,7,25,32,206429,375623,0,2413,9625,584465,594090,505925,125340,24082,0,9497,655348,664845
port1297,2026-03-16,Tianjin Xin Gang,11,12,2,2,6,27,33,128417,319463,1037,3430,241365,452349,693714,753913,222901,8762,0,14895,985578,1000473
port1297,2026-03-17,Tianjin Xin Gang,13,12,3,1,5,29,34,136478,420288,1919,629,31266,559316,590583,465703,238233,1411,472,11140,705821,716962
port1297,2026-03-18,Tianjin Xin Gang,12,10,4,1,9,27,36,176802,347299,4572,0,256404,528674,785079,618523,176804,25166,2551,5771,823046,828818
port1297,2026-03-19,Tianjin Xin Gang,17,10,6,2,2,35,37,314895,539981,1048,3066,3715,858992,862707,653576,91136,6104,1037,2594,751854,754449
port1297,2026-03-20,Tianjin Xin Gang,12,10,8,0,1,30,31,632865,220549,7788,0,13427,861204,874631,195761,159129,27023,0,3272,381914,385187
port1297,2026-03-21,Tianjin Xin Gang,11,15,3,2,6,31,37,809576,844766,1641,0,21219,1655983,1677203,276344,171443,3939,273,19421,452001,471422
port1297,2026-03-22,Tianjin Xin Gang,7,7,4,1,6,19,25,190642,73996,1807,0,35996,266445,302442,336825,356415,18626,2701,108392,714569,822961
port1297,2026-03-23,Tianjin Xin Gang,10,3,0,0,2,13,15,132195,0,0,0,118005,132195,250201,913458,107294,0,0,8432,1020753,1029185
port1297,2026-03-24,Tianjin Xin Gang,7,25,5,1,10,38,48,596861,958016,1048,629,68067,1556556,1624624,517290,344433,9324,472,83514,871520,955035
port1297,2026-03-25,Tianjin Xin Gang,12,5,4,0,5,21,26,32159,174509,2097,0,272695,208766,481462,488236,117750,10731,0,12151,616718,628869
port1297,2026-03-26,Tianjin Xin Gang,12,15,7,1,6,35,41,2146149,529781,9075,629,14268,2685636,2699905,263801,323797,8079,472,25688,596151,621840
port1297,2026-03-27,Tianjin Xin Gang,14,12,6,1,2,33,35,649679,548920,20649,0,0,1219249,1219249,958200,162270,11423,2031,9892,1133925,1143817
port1297,2026-03-28,Tianjin Xin Gang,8,9,2,3,6,22,28,947935,64772,7357,2377,125590,1022442,1148033,156775,219960,32415,945,20685,410098,430784
port1297,2026-03-29,Tianjin Xin Gang,17,9,3,0,3,29,32,140192,155212,1048,0,13427,296454,309881,1472884,182494,7068,0,32200,1662447,1694648
port1297,2026-03-30,Tianjin Xin Gang,9,10,7,1,6,27,33,29959,436373,17812,629,121062,484776,605838,413620,165280,23675,472,12260,603049,615309
port1297,2026-03-31,Tianjin Xin Gang,14,6,3,0,1,23,24,96109,31428,1048,0,1169,128587,129756,656488,174506,3003,0,0,833999,833999
port1297,2026-04-01,Tianjin Xin Gang,18,20,4,0,6,42,48,223230,1085902,9758,0,97919,1318891,1416810,918254,323925,26890,0,13951,1269070,1283022
port1297,2026-04-02,Tianjin Xin Gang,7,11,3,1,7,22,29,98460,250343,3589,629,43261,353023,396284,420124,228334,4783,472,16531,653714,670246
port1297,2026-04-03,Tianjin Xin Gang,14,9,6,2,5,31,36,811358,335455,799,629,292451,1148243,1440694,425526,192399,9458,1684,21167,629068,650235
port1297,2026-04-04,Tianjin Xin Gang,10,8,5,3,5,26,31,23471,228006,4109,195,24936,255783,280719,311497,62330,7418,273,10527,381520,392048
port1297,2026-04-05,Tianjin Xin Gang,11,16,3,0,3,30,33,334248,768696,1048,0,0,1103993,1103993,947915,172441,16297,0,5352,1136654,1142007
port1297,2026-04-06,Tianjin Xin Gang,6,6,4,0,3,16,19,310162,266328,0,0,196439,576490,772929,170555,133228,10969,0,101346,314753,416099
port1297,2026-04-07,Tianjin Xin Gang,8,11,5,1,9,25,34,395627,117581,6612,629,227470,520451,747922,211277,200747,9770,472,6838,422267,429106
port1297,2026-04-08,Tianjin Xin Gang,8,10,9,4,6,31,37,46355,418299,21174,3760,27622,489589,517212,647150,220698,62068,1585,10467,931503,941970
port1297,2026-04-09,Tianjin Xin Gang,10,11,4,2,5,27,32,514917,253075,0,3884,38605,771878,810483,200691,205899,9244,472,7296,416307,423604
port1297,2026-04-10,Tianjin Xin Gang,13,10,4,0,6,27,33,130361,528966,1048,0,20150,660376,680527,693894,113156,5126,0,11256,812176,823433
port1297,2026-04-11,Tianjin Xin Gang,16,7,7,1,4,31,35,566718,349300,20184,0,64731,936202,1000933,691486,61701,32189,276,9436,785653,795090
port1297,2026-04-12,Tianjin Xin Gang,11,12,3,1,7,27,34,100650,206023,2714,629,218982,310017,529000,261042,232266,4541,472,18615,498322,516938
port1297,2026-04-13,Tianjin Xin Gang,11,17,1,1,2,30,32,0,460506,1048,0,191588,461555,653143,499384,295160,2685,0,4381,797230,801612
port1297,2026-04-14,Tianjin Xin Gang,15,10,4,1,4,30,34,253959,212570,1254,629,7689,468413,476103,356911,214525,12568,472,5480,584477,589958
port1297,2026-04-15,Tianjin Xin Gang,13,12,2,0,3,27,30,233964,276562,0,0,0,510526,510526,377827,368474,2187,0,3117,748489,751606
port1297,2026-04-16,Tianjin Xin Gang,12,13,4,2,3,31,34,371325,465425,10325,3127,188336,850203,1038540,908084,238442,13469,0,12196,1159996,1172193
port1297,2026-04-17,Tianjin Xin Gang,8,7,4,0,4,19,23,114936,31594,1048,0,28518,147579,176098,110247,210747,11885,0,3272,332880,336153
port1297,2026-04-18,Tianjin Xin Gang,11,10,8,2,6,31,37,54193,309203,6769,0,78687,370165,448853,589048,125020,22651,2546,22674,739267,761942
port1297,2026-04-19,Tianjin Xin Gang,6,10,0,1,3,17,20,46355,331140,0,0,7327,377496,384824,174383,188252,0,273,22220,362908,385129
port1297,2026-04-20,Tianjin Xin Gang,10,14,4,2,6,30,36,621711,505136,0,629,210080,1127478,1337558,216154,245958,11096,472,5906,473682,479589
port1297,2026-04-21,Tianjin Xin Gang,12,12,5,0,7,29,36,413616,209240,25140,0,104052,647997,752049,352121,232355,11299,0,13492,595776,609268
port1297,2026-04-22,Tianjin Xin Gang,15,9,6,4,5,34,39,2170506,234705,3201,1259,178432,2409673,2588105,527180,149817,20061,4919,121589,701977,823566
port1297,2026-04-23,Tianjin Xin Gang,11,11,4,1,6,27,33,1228049,829165,21385,0,0,2078600,2078600,688766,86554,1914,2452,19819,779688,799507
port1297,2026-04-24,Tianjin Xin Gang,12,14,6,0,2,32,34,272809,311920,9140,0,90203,593870,684073,372167,193550,11136,0,3141,576854,579995
port1297,2026-04-25,Tianjin Xin Gang,11,10,3,1,3,25,28,292193,263224,0,629,6949,556047,562997,440645,185814,23877,472,0,650810,650810
port1297,2026-04-26,Tianjin Xin Gang,10,10,1,1,5,22,27,0,504611,0,0,40869,504611,545480,1312180,229036,505,0,4219,1541722,1545942
port1297,2026-04-27,Tianjin Xin Gang,5,13,5,2,5,25,30,360567,394756,30996,629,160324,786950,947274,134512,268634,5823,472,13590,409444,423034
port1297,2026-04-28,Tianjin Xin Gang,15,6,4,1,3,26,29,517145,238279,1506,889,2008,757820,759829,465658,13064,8161,0,3319,486883,490202
port1297,2026-04-29,Tianjin Xin Gang,9,12,4,0,5,25,30,117333,468501,2832,0,10992,588667,599660,365795,244832,15332,0,9890,625960,635851
port1297,2026-04-30,Tianjin Xin Gang,11,11,7,2,6,31,37,1831377,151551,3098,3585,13427,1989613,2003040,563969,217158,25114,472,12568,806715,819284
port1297,2026-05-01,Tianjin Xin Gang,10,13,5,0,2,28,30,519605,368846,0,0,17143,888452,905596,416090,175597,26477,0,6869,618166,625035
port1297,2026-05-02,Tianjin Xin Gang,11,9,5,0,4,25,29,618495,320362,3833,0,47448,942691,990139,471214,110589,9176,0,3878,590980,594858
port1297,2026-05-03,Tianjin Xin Gang,12,15,6,2,6,35,41,68424,499087,10791,903,7456,579207,586663,383570,286533,18886,472,15925,689463,705388
port1297,2026-05-04,Tianjin Xin Gang,7,5,2,0,2,14,16,439391,173157,1048,0,0,613597,613597,91103,41536,2685,0,474,135325,135799
port1297,2026-05-05,Tianjin Xin Gang,10,10,2,1,6,23,29,1056140,276709,0,629,96507,1333479,1429986,243494,97612,10375,472,19440,351954,371395
port1297,2026-05-06,Tianjin Xin Gang,9,11,4,2,5,26,31,34387,741536,0,273,94684,776197,870881,526150,121545,24925,0,12791,672621,685412
port1297,2026-05-07,Tianjin Xin Gang,11,12,6,0,3,29,32,97524,201431,18511,0,18824,317467,336292,744441,374240,1044,0,3272,1119726,1122999
port1297,2026-05-08,Tianjin Xin Gang,12,14,6,3,3,35,38,278631,184583,3551,5939,6719,472707,479427,329973,269534,22292,472,13710,622273,635984
port1297,2026-05-09,Tianjin Xin Gang,14,15,4,3,2,36,38,600677,425457,1048,2160,168,1029344,1029512,619803,408369,4649,472,101111,1033295,1134406
port1297,2026-05-10,Tianjin Xin Gang,7,11,3,0,5,21,26,80157,460485,0,0,26428,540643,567072,560190,225653,5626,0,5498,791470,796968
port1297,2026-05-11,Tianjin Xin Gang,8,9,2,1,2,20,22,50033,266883,0,572,0,317489,317489,467880,81600,9627,0,17078,559109,576187
port1297,2026-05-12,Tianjin Xin Gang,10,11,5,3,3,29,32,335787,425348,15780,629,26854,777546,804400,437836,144356,25410,1347,8047,608950,616998
port1297,2026-05-13,Tianjin Xin Gang,9,5,7,0,9,21,30,499594,275027,8385,0,38236,783007,821244,212245,260744,10500,0,20805,483490,504295
port1297,2026-05-14,Tianjin Xin Gang,11,13,4,0,3,28,31,0,129020,8965,0,41465,137986,179451,620573,274739,12487,0,10829,907801,918630
port1297,2026-05-15,Tianjin Xin Gang,10,11,3,0,2,24,26,166795,492604,1412,0,0,660811,660811,332108,237930,3189,0,3823,573228,577051
port1297,2026-05-16,Tianjin Xin Gang,10,9,5,2,5,26,31,709252,318871,51,2592,42620,1030768,1073388,681339,113580,18755,6972,18137,820648,838785
port1297,2026-05-17,Tianjin Xin Gang,9,6,3,3,8,21,29,0,255059,5426,903,209590,261388,470979,405650,85130,16699,7168,3235,514648,517884
port1297,2026-05-18,Tianjin Xin Gang,11,10,2,3,5,26,31,1041846,629369,0,629,13427,1671846,1685273,313774,32044,1775,472,9188,348068,357257
port1297,2026-05-19,Tianjin Xin Gang,11,9,3,0,6,23,29,0,381834,0,0,22605,381834,404440,824434,148590,6476,0,46093,979501,1025594
port1297,2026-05-20,Tianjin Xin Gang,10,10,3,0,3,23,26,483398,513040,612,0,3248,997051,1000299,319522,101153,5674,0,13754,426351,440106
port1297,2026-05-21,Tianjin Xin Gang,13,8,0,2,3,23,26,1168865,541994,0,0,6719,1710859,1717579,554235,167346,0,2047,8733,723630,732363
port1297,2026-05-22,Tianjin Xin Gang,10,13,5,2,7,30,37,129557,403453,3145,2402,145841,538558,684399,381548,320976,10007,472,10233,713004,723238
port1297,2026-05-23,Tianjin Xin Gang,16,8,5,0,6,29,35,447564,223221,6097,0,183220,676882,860103,617847,160433,11625,0,4097,789906,794004
port1297,2026-05-24,Tianjin Xin Gang,9,13,7,0,5,29,34,107233,588407,4611,0,51753,700252,752006,252358,258308,15975,0,7339,526642,533982
port1297,2026-05-25,Tianjin Xin Gang,14,7,0,2,9,23,32,17654,121848,0,629,18233,140133,158367,1084914,117460,0,472,23828,1202848,1226676
port1297,2026-05-26,Tianjin Xin Gang,12,7,4,1,4,24,28,155456,342563,2097,0,35573,500117,535690,706707,102541,10840,0,14331,820089,834421
port1297,2026-05-27,Tianjin Xin Gang,8,11,6,0,4,25,29,693524,830653,12260,0,3716,1536439,1540156,179748,205186,11846,0,11612,396781,408394
port1297,2026-05-28,Tianjin Xin Gang,8,2,1,2,9,13,22,40078,44896,0,511,39732,85486,125219,298464,17993,12664,545,51517,329668,381186
port1297,2026-05-29,Tianjin Xin Gang,11,14,5,0,8,30,38,335723,525486,1551,0,158669,862762,1021432,532178,212916,18677,0,17966,763772,781739
port1304,2025-12-21,Tokuyama,1,0,1,0,8,2,10,0,0,7708,0,5438,7708,13147,2781,0,0,0,5363,2781,8145
port1304,2025-12-22,Tokuyama,1,4,6,0,9,11,20,168,2074,4339,0,1402,6582,7984,0,5490,2872,0,4514,8363,12877
port1304,2025-12-23,Tokuyama,3,3,1,0,8,7,15,697,739,3885,0,3937,5322,9259,2334,4444,0,0,5152,6778,11931
port1304,2025-12-24,Tokuyama,0,3,1,0,9,4,13,0,35682,0,0,5540,35682,41222,0,2535,0,0,3450,2535,5986
port1304,2025-12-25,Tokuyama,0,1,0,0,5,1,6,0,26,0,0,841,26,867,0,0,0,0,7928,0,7928
port1304,2025-12-26,Tokuyama,1,3,4,0,7,8,15,509,31981,2560,0,3909,35050,38960,0,5095,1288,0,4412,6384,10796
port1304,2025-12-27,Tokuyama,1,4,1,0,9,6,15,210,62612,0,0,4782,62823,67605,891,2535,0,0,3822,3427,7249
port1304,2025-12-28,Tokuyama,0,1,0,0,6,1,7,0,80,0,0,1874,80,1955,0,2535,0,0,3988,2535,6524
port1304,2025-12-29,Tokuyama,0,1,0,0,8,1,9,0,12783,0,0,5776,12783,18560,0,0,0,0,2650,0,2650
port1304,2025-12-30,Tokuyama,0,0,2,0,4,2,6,0,0,1084,0,263,1084,1348,0,0,644,0,2382,644,3026
port1304,2025-12-31,Tokuyama,0,0,0,0,0,0,0,0,0,0,0,0,0,0,0,0,0,0,0,0,0
port1304,2026-01-01,Tokuyama,0,0,0,0,2,0,2,0,0,0,0,552,0,552,0,0,0,0,2054,0,2054
port1304,2026-01-02,Tokuyama,0,0,0,0,5,0,5,0,0,0,0,3586,0,3586,0,0,0,0,4058,0,4058
port1304,2026-01-03,Tokuyama,0,1,0,0,9,1,10,0,28555,0,0,7516,28555,36072,0,0,0,0,5728,0,5728
port1304,2026-01-04,Tokuyama,0,2,3,0,4,5,9,0,80,2169,0,1897,2250,4147,0,6812,1288,0,655,8101,8757
port1304,2026-01-05,Tokuyama,0,3,2,0,11,5,16,0,44206,1084,0,6367,45291,51659,0,4496,644,0,4421,5140,9562
port1304,2026-01-06,Tokuyama,1,2,1,0,10,4,14,0,80,1084,0,3038,1165,4203,3491,4919,644,0,5663,9055,14718
port1304,2026-01-07,Tokuyama,1,3,4,0,12,8,20,210,116377,9096,0,11406,125685,137091,891,480,10300,0,17895,11672,29567
port1304,2026-01-08,Tokuyama,1,3,3,0,11,7,18,0,24754,1084,0,6840,25839,32680,3697,3520,802,0,3620,8020,11640
port1304,2026-01-09,Tokuyama,0,1,5,0,9,6,15,0,42404,3254,0,2423,45659,48083,0,0,1933,0,5364,1933,7297
port1304,2026-01-10,Tokuyama,1,4,1,0,11,6,17,275,110547,1084,0,40680,111908,152589,551,5071,644,0,12004,6267,18272
port1304,2026-01-11,Tokuyama,1,2,5,0,6,8,14,210,23558,2169,0,4065,25939,30004,891,1816,2131,0,3383,4839,8223
port1304,2026-01-12,Tokuyama,1,2,3,0,12,6,18,210,35578,2169,0,66021,37959,103980,891,0,1288,0,3161,2180,5341
port1304,2026-01-13,Tokuyama,2,5,5,0,4,12,16,210,31362,4339,0,785,35912,36698,1479,6166,2577,0,655,10223,10878
port1304,2026-01-14,Tokuyama,0,3,3,0,13,6,19,0,23558,1084,0,4741,24643,29384,0,2739,1667,0,2002,4406,6408
port1304,2026-01-15,Tokuyama,0,2,4,0,8,6,14,0,54766,6358,0,3990,61124,65115,0,10019,1149,0,10021,11169,21191
port1304,2026-01-16,Tokuyama,1,4,3,0,9,8,17,1541,80,391,0,2553,2013,4567,0,5748,0,0,4671,5748,10419
port1304,2026-01-17,Tokuyama,1,2,4,0,17,7,24,0,24681,14067,0,7980,38748,46729,358,2535,644,0,11417,3538,14955
port1304,2026-01-18,Tokuyama,2,1,4,0,7,7,14,210,80,2169,0,2719,2461,5180,2661,2535,2438,0,6686,7636,14322
port1304,2026-01-19,Tokuyama,2,5,5,0,23,12,35,210,51792,2169,0,13234,54173,67407,1477,8982,1288,0,19251,11748,30999
port1304,2026-01-20,Tokuyama,0,4,2,0,9,6,15,0,100298,1084,0,3280,101383,104663,0,3247,644,0,3872,3892,7765
port1304,2026-01-21,Tokuyama,0,2,3,0,8,5,13,0,43553,2169,0,1353,45723,47076,0,1703,1288,0,2429,2992,5421
port1304,2026-01-22,Tokuyama,0,3,2,0,8,5,13,0,35635,1084,0,4675,36720,41395,0,835,644,0,4039,1479,5518
port1304,2026-01-23,Tokuyama,2,5,7,0,11,14,25,1235,161,2517,0,1943,3914,5857,891,21704,1288,0,5305,23884,29190
port1304,2026-01-24,Tokuyama,0,3,3,0,10,6,16,0,23558,2809,0,5565,26367,31933,0,2900,1722,0,4896,4623,9520
port1304,2026-01-25,Tokuyama,2,2,4,0,9,8,17,210,32239,2694,0,4444,35145,39589,2684,0,4282,0,3763,6966,10729
port1304,2026-01-26,Tokuyama,0,9,8,0,13,17,30,0,24647,12105,0,4874,36752,41626,0,15704,1622,0,14479,17326,31805
port1304,2026-01-27,Tokuyama,0,0,4,0,7,4,11,0,0,1084,0,4637,1084,5722,0,0,997,0,4712,997,5709
port1304,2026-01-28,Tokuyama,0,1,4,0,10,5,15,0,0,1084,0,4188,1084,5272,0,910,11165,0,6920,12076,18996
port1304,2026-01-29,Tokuyama,1,3,4,0,14,8,22,1340,125755,3254,0,11593,130350,141944,0,2383,1933,0,9769,4316,14086
port1304,2026-01-30,Tokuyama,2,3,4,0,11,9,20,210,23558,2169,0,3164,25939,29103,1786,3052,2311,0,2964,7150,10114
port1304,2026-01-31,Tokuyama,1,2,5,0,13,8,21,210,0,2169,0,7065,2380,9446,891,6487,2713,0,11797,10092,21890
port1304,2026-02-01,Tokuyama,2,2,5,0,3,9,12,771,80,3254,0,300,4106,4406,1277,5802,2452,0,0,9531,9531
port1304,2026-02-02,Tokuyama,2,5,2,0,14,9,23,652,74997,1084,0,5761,76735,82497,891,7161,644,0,8758,8697,17456
port1304,2026-02-03,Tokuyama,1,3,5,0,6,9,15,0,38901,2523,0,3785,41425,45210,1973,5075,2118,0,3118,9167,12285
port1304,2026-02-04,Tokuyama,1,2,2,0,8,5,13,0,0,2169,0,5950,2169,8119,765,1726,1288,0,1907,3781,5688
port1304,2026-02-05,Tokuyama,2,1,4,0,7,7,14,210,80,3254,0,1656,3546,5202,2016,2535,3083,0,2637,7635,10273
port1304,2026-02-06,Tokuyama,1,3,4,0,19,8,27,0,67047,9441,0,5799,76488,82288,21,2535,441,0,12845,2998,15844
port1304,2026-02-07,Tokuyama,1,2,2,0,8,5,13,210,0,2169,0,11052,2380,13432,891,4500,1288,0,4623,6680,11303
port1304,2026-02-08,Tokuyama,0,3,2,0,4,5,9,0,86946,2169,0,824,89116,89940,0,0,1288,0,2637,1288,3926
port1304,2026-02-09,Tokuyama,2,2,2,0,20,6,26,882,1069,1084,0,14551,3037,17588,891,2535,644,0,6791,4071,10862
port1304,2026-02-10,Tokuyama,3,4,6,0,11,13,24,210,31632,2999,0,6284,34843,41127,2426,4396,2886,0,11589,9709,21299
port1304,2026-02-11,Tokuyama,2,3,2,0,10,7,17,3029,161,1724,0,6034,4915,10949,891,6446,1078,0,3666,8415,12082
port1304,2026-02-12,Tokuyama,0,3,6,0,9,9,18,0,80,9928,0,2609,10009,12618,0,5152,5785,0,3332,10937,14270
port1304,2026-02-13,Tokuyama,1,5,0,0,17,6,23,210,48588,0,0,3625,48799,52425,891,7509,0,0,9690,8400,18090
port1304,2026-02-14,Tokuyama,1,1,6,0,5,8,13,210,0,3254,0,1066,3465,4532,891,2903,3083,0,2386,6877,9264
port1304,2026-02-15,Tokuyama,1,1,4,0,10,6,16,760,0,3254,0,4302,4015,8317,0,1756,1933,0,9164,3689,12853
port1304,2026-02-16,Tokuyama,4,4,6,0,15,14,29,697,23558,8174,0,13445,32430,45876,2766,1345,1288,0,7628,5401,13030
port1304,2026-02-17,Tokuyama,1,3,5,0,15,9,24,210,31155,0,0,61518,31366,92885,891,5921,472,0,6689,7285,13974
port1304,2026-02-18,Tokuyama,1,4,2,0,10,7,17,275,44300,0,0,4564,44576,49140,551,7141,0,0,3158,7693,10851
port1304,2026-02-19,Tokuyama,1,4,4,0,13,9,22,1942,62344,4339,0,3230,68626,71857,0,3370,2577,0,5770,5948,11718
port1304,2026-02-20,Tokuyama,2,2,3,0,8,7,15,210,188,2169,0,3280,2568,5849,1317,1352,1288,0,3814,3958,7772
port1304,2026-02-21,Tokuyama,1,3,4,0,14,8,22,210,0,1084,0,4926,1295,6221,891,4058,10518,0,13953,15468,29421
port1304,2026-02-22,Tokuyama,1,2,2,0,8,5,13,0,23639,2169,0,2285,25808,28094,250,2535,1288,0,2167,4074,6242
port1304,2026-02-23,Tokuyama,3,4,9,0,15,16,31,421,23821,6508,0,5882,30752,36634,1949,23601,3866,0,8276,29418,37694
port1304,2026-02-24,Tokuyama,0,2,1,0,5,3,8,0,43734,1084,0,1217,44819,46037,0,1260,644,0,2980,1905,4885
port1304,2026-02-25,Tokuyama,1,4,0,0,9,5,14,0,161,0,0,3160,161,3321,1021,5071,0,0,6965,6093,13058
port1304,2026-02-26,Tokuyama,1,1,2,0,11,4,15,0,0,1084,0,4684,1084,5768,1542,825,989,0,7686,3357,11043
port1304,2026-02-27,Tokuyama,1,3,2,0,10,6,16,0,35807,1651,0,5362,37459,42822,260,4496,644,0,8979,5401,14380
port1304,2026-02-28,Tokuyama,2,3,5,0,14,10,24,210,633,3254,0,6224,4099,10323,2399,1700,1933,0,6855,6033,12889
port1304,2026-03-01,Tokuyama,1,1,1,0,11,3,14,0,0,1084,0,5536,1084,6621,513,349,644,0,7204,1507,8712
port1304,2026-03-02,Tokuyama,3,5,4,0,15,12,27,210,24533,1301,0,6586,26045,32632,1202,35120,644,0,16202,36967,53169
port1304,2026-03-03,Tokuyama,1,2,5,0,7,8,15,210,59768,3254,0,5212,63234,68447,891,910,1933,0,2682,3735,6417
port1304,2026-03-04,Tokuyama,0,2,4,0,11,6,17,0,14947,3893,0,6130,18841,24972,0,419,2367,0,8167,2786,10953
port1304,2026-03-05,Tokuyama,0,7,2,0,15,9,24,0,31894,11681,0,6150,43575,49726,0,13341,0,0,8144,13341,21485
port1304,2026-03-06,Tokuyama,2,5,1,0,13,8,21,4010,269,0,0,6377,4279,10657,0,4196,377,0,13077,4574,17651
port1304,2026-03-07,Tokuyama,1,2,1,0,12,4,16,210,0,1084,0,3158,1295,4453,891,4346,644,0,4544,5881,10425
port1304,2026-03-08,Tokuyama,2,3,2,0,12,7,19,210,31074,0,0,79534,31285,110819,1261,10253,0,0,4715,11515,16231
port1304,2026-03-09,Tokuyama,3,2,4,0,17,9,26,1046,116472,8633,0,8128,126152,134281,335,0,644,0,10956,979,11935
port1304,2026-03-10,Tokuyama,1,5,4,0,7,10,17,0,956,2169,0,2154,3126,5281,1283,3793,1505,0,5766,6582,12349
port1304,2026-03-11,Tokuyama,1,2,6,0,8,9,17,210,23558,2489,0,3253,26258,29511,891,2070,1288,0,3184,4250,7435
port1304,2026-03-12,Tokuyama,0,3,4,0,13,7,20,0,161,3254,0,9969,3415,13385,0,7032,1933,0,9832,8965,18797
port1304,2026-03-13,Tokuyama,2,4,4,0,18,10,28,210,85929,3254,0,35003,89394,124397,2693,3361,1933,0,9734,7988,17722
port1304,2026-03-14,Tokuyama,2,3,1,0,10,6,16,421,14689,0,0,2131,15111,17242,1782,1960,0,0,6000,3743,9743
port1304,2026-03-15,Tokuyama,0,1,2,0,7,3,10,0,31074,1084,0,4722,32159,36881,0,2559,997,0,8796,3556,12353
port1304,2026-03-16,Tokuyama,1,3,2,0,17,6,23,504,38237,72,0,6418,38814,45233,0,5071,0,0,14649,5071,19720
port1304,2026-03-17,Tokuyama,1,5,1,0,13,7,20,0,161,0,0,6106,161,6267,234,7791,0,0,6864,8025,14890
port1304,2026-03-18,Tokuyama,0,4,4,0,9,8,17,0,99867,3254,0,4091,103122,107213,0,470,1933,0,6398,2403,8801
port1304,2026-03-19,Tokuyama,2,1,4,0,8,7,15,0,188,2434,0,5139,2623,7762,3735,835,1288,0,2450,5859,8310
port1304,2026-03-20,Tokuyama,1,4,3,0,14,8,22,210,24533,1084,0,6617,25828,32446,891,3400,1876,0,10969,6167,17137
port1304,2026-03-21,Tokuyama,2,4,4,0,6,10,16,210,43341,1551,0,1686,45104,46791,2925,7455,0,0,1311,10380,11691
port1304,2026-03-22,Tokuyama,0,0,0,0,8,0,8,0,0,0,0,10328,0,10328,0,0,0,0,4006,0,4006
port1304,2026-03-23,Tokuyama,0,3,6,0,14,9,23,0,739,3254,0,7223,3993,11217,0,33460,2150,0,13128,35611,48739
port1304,2026-03-24,Tokuyama,3,5,7,0,6,15,21,1432,63835,6508,0,1959,71776,73736,891,4813,3866,0,6712,9571,16283
port1304,2026-03-25,Tokuyama,1,2,0,0,5,3,8,210,188,0,0,280,399,679,891,1483,0,0,2575,2374,4950
port1304,2026-03-26,Tokuyama,1,3,2,0,9,6,15,0,739,0,0,4313,739,5052,1540,100,0,0,10273,1641,11915
port1304,2026-03-27,Tokuyama,0,1,3,0,13,4,17,0,0,1157,0,10371,1157,11528,0,517,644,0,8775,1161,9937
port1304,2026-03-28,Tokuyama,0,3,8,0,11,11,22,0,28236,4339,0,4490,32576,37067,0,5578,3057,0,6726,8635,15362
port1304,2026-03-29,Tokuyama,0,2,1,0,6,3,9,0,1993,0,0,1874,1993,3867,0,2535,0,0,4491,2535,7027
port1304,2026-03-30,Tokuyama,3,4,5,0,14,12,26,421,75821,1084,0,10430,77328,87758,2811,7127,1390,0,6791,11329,18121
port1304,2026-03-31,Tokuyama,1,4,0,0,8,5,13,0,46346,0,0,833,46346,47179,144,1700,0,0,3490,1844,5335
port1304,2026-04-01,Tokuyama,0,3,4,0,8,7,15,0,29137,2169,0,11468,31307,42776,0,100,2311,0,6111,2412,8523
port1304,2026-04-02,Tokuyama,0,1,6,0,12,7,19,0,0,10370,0,10772,10370,21143,0,752,644,0,7132,1396,8528
port1304,2026-04-03,Tokuyama,1,0,0,0,10,1,11,508,0,0,0,6265,508,6773,0,0,0,0,3269,0,3269
port1304,2026-04-04,Tokuyama,3,7,2,0,6,12,18,632,60702,2169,0,1467,63504,64971,2674,3417,1288,0,7058,7380,14439
port1304,2026-04-05,Tokuyama,0,3,1,0,4,4,8,0,43764,0,0,6752,43764,50516,0,4496,0,0,1536,4496,6033
port1304,2026-04-06,Tokuyama,3,3,6,0,18,12,30,2434,24213,3423,0,4876,30071,34948,891,15384,1992,0,13328,18267,31596
port1304,2026-04-07,Tokuyama,1,3,4,0,9,8,17,0,835,1084,0,7237,1920,9158,1799,5071,850,0,4628,7720,12349
port1304,2026-04-08,Tokuyama,0,5,4,0,7,9,16,0,752,3254,0,25157,4006,29163,0,25025,1933,0,4040,26958,30999
port1304,2026-04-09,Tokuyama,0,3,6,0,8,9,17,0,31968,3372,0,2959,35341,38300,0,4520,1933,0,3717,6453,10170
port1304,2026-04-10,Tokuyama,1,2,3,0,12,6,18,210,0,1084,0,8836,1295,10132,891,825,644,0,5332,2361,7694
port1304,2026-04-11,Tokuyama,1,2,4,0,12,7,19,210,43367,2169,0,7607,45748,53355,891,2535,1288,0,5948,4716,10664
port1304,2026-04-12,Tokuyama,1,5,1,0,10,7,17,210,29594,441,0,7417,30247,37665,891,2383,0,0,3131,3274,6406
port1304,2026-04-13,Tokuyama,1,4,7,0,14,12,26,335,46642,13010,0,5704,59987,65691,0,3706,2421,0,4187,6127,10314
port1304,2026-04-14,Tokuyama,1,1,3,0,14,5,19,0,0,1084,0,7730,1084,8815,251,19831,11281,0,7230,31364,38594
port1304,2026-04-15,Tokuyama,1,5,4,0,13,10,23,0,25551,1084,0,6386,26636,33022,1514,3361,919,0,9964,5795,15759
port1304,2026-04-16,Tokuyama,1,4,4,0,9,9,18,0,80,2169,0,5743,2250,7993,1164,6989,1753,0,5004,9907,14912
port1304,2026-04-17,Tokuyama,3,1,5,0,12,9,21,1449,0,1157,0,9475,2607,12082,1782,1365,644,0,3142,3792,6935
port1304,2026-04-18,Tokuyama,1,1,2,0,9,4,13,210,23558,0,0,14316,23769,38085,891,0,1022,0,5367,1913,7281
port1304,2026-04-19,Tokuyama,0,0,2,0,5,2,7,0,0,1084,0,803,1084,1888,0,0,644,0,1311,644,1956
port1304,2026-04-20,Tokuyama,1,7,7,0,16,15,31,210,25191,4339,0,8739,29741,38481,891,45248,3727,0,14120,49867,63988
port1304,2026-04-21,Tokuyama,0,3,2,0,11,5,16,0,42020,1084,0,6952,43105,50057,0,66,644,0,8246,710,8956
port1304,2026-04-22,Tokuyama,1,5,6,0,9,12,21,210,31155,4620,0,8721,35987,44708,891,10014,1288,0,3083,12194,15278
port1304,2026-04-23,Tokuyama,2,2,1,0,5,5,10,255,0,0,0,2886,255,3142,3881,3268,275,0,3071,7425,10496
port1304,2026-04-24,Tokuyama,1,3,6,0,9,10,19,0,59849,3254,0,4288,63104,67393,213,2535,1933,0,3556,4682,8238
port1304,2026-04-25,Tokuyama,1,4,6,0,11,11,22,210,188,3652,0,5344,4051,9396,891,6662,1933,0,5249,9486,14735
port1304,2026-04-26,Tokuyama,1,7,2,0,5,10,15,0,128101,1084,0,2719,129186,131905,2588,6000,1667,0,2502,10256,12758
port1304,2026-04-27,Tokuyama,3,5,7,0,14,15,29,1092,23639,3254,0,6296,27985,34282,1782,5606,3083,0,7409,10472,17881
port1304,2026-04-28,Tokuyama,2,4,3,0,17,9,26,1037,36765,2169,0,7244,39973,47217,551,4496,1826,0,15366,6874,22240
port1304,2026-04-29,Tokuyama,0,2,2,0,8,4,12,0,0,0,0,5076,0,5076,0,4467,1022,0,4469,5490,9960
port1304,2026-04-30,Tokuyama,0,4,3,0,10,7,17,0,32002,1084,0,5548,33087,38636,0,7992,644,0,4800,8636,13437
port1304,2026-05-01,Tokuyama,1,2,3,0,4,6,10,210,43734,1084,0,1346,45030,46376,891,2494,644,0,881,4029,4911
port1304,2026-05-02,Tokuyama,2,2,3,0,11,7,18,421,0,639,0,5572,1061,6633,1782,1340,1287,0,3010,4410,7421
port1304,2026-05-03,Tokuyama,0,0,3,0,8,3,11,0,0,3254,0,5151,3254,8405,0,0,1933,0,1597,1933,3531
port1304,2026-05-04,Tokuyama,1,1,1,0,10,3,13,0,0,1084,0,5193,1084,6278,508,0,644,0,4039,1152,5192
port1304,2026-05-05,Tokuyama,0,1,2,0,3,3,6,0,0,1084,0,3785,1084,4869,0,0,919,0,2727,919,3647
port1304,2026-05-06,Tokuyama,0,3,4,0,6,7,13,0,23639,3254,0,4559,26893,31453,0,3446,1933,0,1163,5379,6543
port1304,2026-05-07,Tokuyama,0,1,5,0,11,6,17,0,80,2169,0,3451,2250,5701,0,2535,11818,0,6820,14354,21174
port1304,2026-05-08,Tokuyama,0,7,1,0,11,8,19,0,31424,1084,0,3615,32509,36125,0,58107,644,0,9451,58751,68202
port1304,2026-05-09,Tokuyama,0,4,3,0,11,7,18,0,25649,0,0,12026,25649,37676,0,910,479,0,3743,1390,5133
port1304,2026-05-10,Tokuyama,2,2,3,0,7,7,14,2562,0,2169,0,41632,4732,46364,891,3576,1288,0,3608,5756,9365
port1304,2026-05-11,Tokuyama,1,6,4,0,15,11,26,275,90524,2169,0,5974,92970,98944,551,3949,1288,0,6289,5790,12079
port1304,2026-05-12,Tokuyama,1,2,4,0,10,7,17,502,0,2169,0,5768,2672,8441,0,4237,1288,0,8720,5526,14247
port1304,2026-05-13,Tokuyama,2,5,4,0,15,11,26,1749,79361,2169,0,7961,83281,91242,0,5517,1288,0,11869,6805,18675
port1304,2026-05-14,Tokuyama,2,4,3,0,8,9,17,210,23639,1143,0,1593,24993,26587,2422,6926,644,0,3549,9993,13542
port1304,2026-05-15,Tokuyama,0,1,8,0,10,9,19,0,0,3254,0,7805,3254,11059,0,0,2412,0,3864,2412,6277
port1304,2026-05-16,Tokuyama,2,3,1,0,12,6,18,1059,15768,0,0,13293,16828,30121,891,2383,0,0,6372,3274,9647
port1304,2026-05-17,Tokuyama,0,3,2,0,12,5,17,0,4070,2169,0,4769,6240,11009,0,3133,1288,0,7259,4422,11682
port1304,2026-05-18,Tokuyama,1,4,4,0,12,9,21,0,40845,1084,0,5896,41929,47825,168,4447,1580,0,11107,6196,17303
port1304,2026-05-19,Tokuyama,2,1,3,0,15,6,21,210,0,2169,0,11245,2380,13626,1429,0,1288,0,8247,2718,10966
port1304,2026-05-20,Tokuyama,1,5,2,0,9,8,17,0,31074,6294,0,4913,37368,42282,2276,15230,644,0,3859,18151,22010
port1304,2026-05-21,Tokuyama,0,4,3,0,12,7,19,0,47566,2169,0,7351,49736,57087,0,9101,1288,0,7849,10390,18239
port1304,2026-05-22,Tokuyama,1,2,3,0,9,6,15,0,0,6960,0,5139,6960,12100,848,0,0,0,5822,848,6670
port1304,2026-05-23,Tokuyama,2,4,5,0,15,11,26,210,23558,4339,0,8752,28108,36861,2822,4117,2694,0,3374,9635,13009
port1304,2026-05-24,Tokuyama,2,2,4,0,5,8,13,1766,44389,2169,0,3845,48325,52171,891,1976,1288,0,1671,4156,5828
port1304,2026-05-25,Tokuyama,1,5,2,0,6,8,14,0,54713,1084,0,1498,55798,57296,1169,7333,644,0,3306,9147,12453
port1304,2026-05-26,Tokuyama,1,1,1,0,9,3,12,275,0,0,0,2996,275,3272,551,2383,0,0,5617,2934,8552
port1304,2026-05-27,Tokuyama,1,5,6,0,18,12,30,0,62230,3254,0,8629,65484,74114,748,9224,2869,0,18880,12842,31723
port1304,2026-05-28,Tokuyama,1,3,3,0,8,7,15,210,0,1084,0,2439,1295,3734,891,2033,644,0,3443,3569,7013
port1304,2026-05-29,Tokuyama,1,5,1,0,7,7,14,210,62768,0,0,280,62979,63259,891,8100,154,0,1574,9146,10721
port1305,2025-12-21,Tokyo,11,2,4,5,3,22,25,46289,3814,1096,580,8349,51780,60130,37523,383,544,227,73,38679,38752
port1305,2025-12-22,Tokyo,13,1,3,5,3,22,25,92844,0,1096,1021,2059,94962,97022,114284,4475,544,541,73,119846,119919
port1305,2025-12-23,Tokyo,13,3,2,7,3,25,28,76281,8924,1091,1160,4332,87458,91790,42742,0,272,454,0,43470,43470
port1305,2025-12-24,Tokyo,13,0,3,4,2,20,22,40705,0,1324,0,1668,42029,43698,33999,0,272,0,0,34272,34272
port1305,2025-12-25,Tokyo,18,0,7,5,2,30,32,45904,0,2222,1160,0,49287,49287,196296,0,1585,454,0,198336,198336
port1305,2025-12-26,Tokyo,15,3,5,1,3,24,27,79636,20416,2574,0,4111,102627,106739,48904,0,1000,0,0,49905,49905
port1305,2025-12-27,Tokyo,9,1,1,6,4,17,21,21818,2767,548,1021,3216,26155,29371,125058,64,272,541,0,125936,125936
port1305,2025-12-28,Tokyo,15,0,7,1,2,23,25,82322,0,2854,0,2843,85177,88020,60431,0,1000,0,0,61431,61431
port1305,2025-12-29,Tokyo,15,0,6,1,1,22,23,64627,0,2741,0,70,67368,67439,116287,0,1361,0,0,117649,117649
port1305,2025-12-30,Tokyo,8,0,2,3,3,13,16,99103,0,1096,440,5755,100640,106395,0,0,544,314,0,858,858
port1305,2025-12-31,Tokyo,1,1,1,1,4,4,8,3302,2118,548,0,11153,5969,17123,0,0,272,0,73,272,345
port1305,2026-01-01,Tokyo,13,0,1,0,0,14,14,123713,0,0,0,0,123713,123713,27067,0,0,0,0,27067,27067
port1305,2026-01-02,Tokyo,6,0,1,0,1,7,8,36045,0,0,0,0,36045,36045,13251,0,0,0,0,13251,13251
port1305,2026-01-03,Tokyo,7,0,1,0,2,8,10,25872,0,0,0,6235,25872,32108,4473,0,369,0,0,4842,4842
port1305,2026-01-04,Tokyo,9,1,4,1,2,15,17,66963,2018,3790,0,1323,72772,74096,14904,0,544,0,0,15448,15448
port1305,2026-01-05,Tokyo,11,3,7,3,3,24,27,72115,2861,2790,580,1945,78346,80292,33651,0,2090,227,0,35970,35970
port1305,2026-01-06,Tokyo,18,3,5,2,6,28,34,74257,5302,3489,580,12192,83629,95822,160458,20506,272,227,1592,181465,183057
port1305,2026-01-07,Tokyo,15,1,8,5,0,29,29,92966,2222,4192,1740,0,101122,101122,6113,0,1089,682,0,7885,7885
port1305,2026-01-08,Tokyo,11,3,5,4,2,23,25,100064,3278,2741,580,1038,106664,107703,6113,830,1361,227,0,8534,8534
port1305,2026-01-09,Tokyo,9,1,3,2,3,15,18,101049,1081,1148,0,4095,103279,107375,21018,0,272,0,0,21290,21290
port1305,2026-01-10,Tokyo,9,1,2,5,2,17,19,52110,0,548,1160,2723,53819,56542,24448,139,272,454,0,25315,25315
port1305,2026-01-11,Tokyo,8,1,0,5,5,14,19,59951,1813,0,440,15634,62205,77840,6113,0,0,314,73,6428,6501
port1305,2026-01-12,Tokyo,15,1,5,3,1,24,25,99931,2767,1476,580,1399,104755,106154,72222,64,544,227,0,73059,73059
port1305,2026-01-13,Tokyo,6,2,3,5,4,16,20,46877,4906,1644,1601,5478,55030,60508,24240,383,817,768,0,26209,26209
port1305,2026-01-14,Tokyo,15,1,10,5,6,31,37,86443,2767,5585,1021,12847,95817,108664,85171,64,2091,541,73,87868,87942
port1305,2026-01-15,Tokyo,16,3,8,4,0,31,31,76073,3396,2856,1740,0,84067,84067,50680,383,817,682,0,52562,52562
port1305,2026-01-16,Tokyo,11,0,1,3,4,15,19,70495,0,0,0,5095,70495,75591,18341,0,0,0,73,18341,18415
port1305,2026-01-17,Tokyo,12,0,6,6,2,24,26,50906,0,2262,881,2576,54050,56626,109197,0,1976,628,0,111802,111802
port1305,2026-01-18,Tokyo,13,0,8,6,5,27,32,82883,0,3811,1461,5843,88156,93999,228022,0,1361,855,0,230239,230239
port1305,2026-01-19,Tokyo,15,1,4,3,3,23,26,146848,1642,1644,1160,4716,151295,156012,18341,0,817,454,0,19613,19613
port1305,2026-01-20,Tokyo,11,1,9,6,3,27,30,39430,0,3289,580,6687,43300,49987,12470,3505,1634,227,0,17837,17837
port1305,2026-01-21,Tokyo,17,1,7,1,1,26,27,92780,0,2048,0,0,94828,94828,75752,0,272,0,0,76025,76025
port1305,2026-01-22,Tokyo,10,1,3,5,5,19,24,44382,3359,2307,2181,5277,52230,57508,39628,0,544,996,47,41169,41216
port1305,2026-01-23,Tokyo,15,2,0,3,3,20,23,101897,9006,0,440,7018,111345,118364,18909,0,0,314,0,19223,19223
port1305,2026-01-24,Tokyo,10,1,1,3,4,15,19,84666,1149,548,0,7975,86364,94340,28888,0,272,0,0,29160,29160
port1305,2026-01-25,Tokyo,12,0,4,6,3,22,25,65214,0,1096,1021,3458,67332,70790,42036,0,544,541,73,43122,43195
port1305,2026-01-26,Tokyo,20,1,9,3,6,33,39,87605,947,3991,1601,3050,94145,97196,51678,0,1089,768,0,53537,53537
port1305,2026-01-27,Tokyo,13,0,6,7,2,26,28,102059,0,3490,1461,1065,107012,108077,12227,0,1089,855,0,14172,14172
port1305,2026-01-28,Tokyo,13,2,11,4,2,30,32,77425,6205,6357,0,2918,89987,92906,11413,64,2451,0,0,13928,13928
port1305,2026-01-29,Tokyo,14,5,8,5,1,32,33,133127,1803,4075,1740,4716,140747,145463,72865,22948,1361,682,0,97858,97858
port1305,2026-01-30,Tokyo,15,0,6,2,3,23,26,59615,0,1644,580,4375,61840,66215,196529,0,1408,227,0,198165,198165
port1305,2026-01-31,Tokyo,10,0,1,6,4,17,21,39359,0,605,1461,3325,41426,44752,56895,0,0,855,0,57751,57751
port1305,2026-02-01,Tokyo,11,2,5,6,0,24,24,58051,2767,2193,1601,0,64614,64614,10875,64,1939,768,0,13647,13647
port1305,2026-02-02,Tokyo,12,2,8,3,7,25,32,81708,3923,3755,1160,7911,90548,98459,101357,64,1634,454,120,103510,103631
port1305,2026-02-03,Tokyo,9,0,9,4,2,22,24,44474,0,3384,0,6177,47858,54035,2187,0,1361,0,0,3549,3549
port1305,2026-02-04,Tokyo,17,3,6,5,2,31,33,127264,14691,2193,1021,2430,145171,147601,29364,383,1089,541,0,31378,31378
port1305,2026-02-05,Tokyo,14,4,3,6,1,27,28,78685,6396,1033,2320,0,88436,88436,186951,447,272,909,0,188581,188581
port1305,2026-02-06,Tokyo,14,1,8,2,1,25,26,110954,1575,5526,0,1794,118056,119850,32379,0,1846,0,0,34225,34225
port1305,2026-02-07,Tokyo,7,1,4,3,4,15,19,84034,2762,1644,440,5836,88883,94720,10875,0,1274,314,0,12463,12463
port1305,2026-02-08,Tokyo,11,0,3,6,2,20,22,53001,0,1632,580,5755,55213,60968,24248,0,544,227,0,25020,25020
port1305,2026-02-09,Tokyo,11,3,7,5,4,26,30,69917,5502,2813,2622,3436,80856,84292,125162,64,817,1310,0,127354,127354
port1305,2026-02-10,Tokyo,9,0,5,5,4,19,23,113623,0,4084,0,9083,117708,126791,19981,0,1053,0,0,21034,21034
port1305,2026-02-11,Tokyo,13,0,3,3,2,19,21,89929,0,2131,580,411,92640,93052,49944,0,544,227,0,50716,50716
port1305,2026-02-12,Tokyo,10,1,7,5,2,23,25,46641,2767,2193,1021,1399,52623,54022,22872,64,1089,541,0,24567,24567
port1305,2026-02-13,Tokyo,16,2,4,3,2,25,27,111982,2767,1551,580,5781,116882,122664,0,1433,272,227,0,1932,1932
port1305,2026-02-14,Tokyo,13,1,3,5,1,22,23,78262,1884,882,1461,1110,82491,83602,46757,0,272,855,0,47885,47885
port1305,2026-02-15,Tokyo,11,1,10,6,2,28,30,62851,2767,4939,580,6776,71139,77915,43272,64,1634,227,73,45198,45271
port1305,2026-02-16,Tokyo,14,2,3,4,3,23,26,90006,4334,3019,440,1606,97801,99407,26505,0,1415,314,0,28234,28234
port1305,2026-02-17,Tokyo,8,3,6,6,1,23,24,108393,4135,2505,1740,1399,116775,118174,156050,64,1555,682,0,158352,158352
port1305,2026-02-18,Tokyo,14,1,5,5,4,25,29,98978,322,2193,1160,5150,102654,107805,96308,0,1089,454,0,97852,97852
port1305,2026-02-19,Tokyo,12,1,5,5,2,23,25,66823,2046,1644,1021,0,71535,71535,5437,0,817,541,0,6796,6796
port1305,2026-02-20,Tokyo,16,1,5,3,1,25,26,107499,2135,1239,0,2576,110875,113451,125625,0,908,0,0,126534,126534
port1305,2026-02-21,Tokyo,12,1,4,6,5,23,28,82593,2762,1841,2181,6788,89379,96168,29899,0,272,996,73,31167,31241
port1305,2026-02-22,Tokyo,8,1,4,7,0,20,20,44964,4523,1644,881,0,52014,52014,13714,0,817,628,0,15159,15159
port1305,2026-02-23,Tokyo,9,2,5,2,3,18,21,79982,848,1453,580,6185,82865,89051,29439,0,544,227,0,30212,30212
port1305,2026-02-24,Tokyo,16,3,8,6,3,33,36,69696,3582,3033,1021,3686,77333,81020,70460,0,2695,541,0,73696,73696
port1305,2026-02-25,Tokyo,16,2,3,4,2,25,27,142851,1458,548,580,4519,145438,149958,220028,383,1020,227,0,221659,221659
port1305,2026-02-26,Tokyo,11,2,2,6,3,21,24,75851,3491,804,1160,3504,81308,84812,5552,0,272,454,73,6279,6353
port1305,2026-02-27,Tokyo,12,2,7,5,1,26,27,60764,3907,1498,0,1065,66169,67235,8228,64,1984,0,0,10278,10278
port1305,2026-02-28,Tokyo,13,1,2,5,3,21,24,78864,255,1096,1601,4716,81817,86534,83411,383,544,768,0,85108,85108
port1305,2026-03-01,Tokyo,10,3,2,6,1,21,22,81902,6632,548,580,0,89663,89663,29648,0,272,227,0,30148,30148
port1305,2026-03-02,Tokyo,11,1,3,3,3,18,21,40302,5624,2457,1160,4041,49545,53586,75202,3819,963,454,0,80439,80439
port1305,2026-03-03,Tokyo,10,2,6,2,7,20,27,26853,1475,4941,0,4287,33269,37557,28867,22590,1361,0,478,52818,53297
port1305,2026-03-04,Tokyo,8,2,5,4,1,19,20,43383,3503,1644,580,1973,49112,51085,13540,0,817,227,0,14584,14584
port1305,2026-03-05,Tokyo,13,1,6,4,2,24,26,50435,734,2846,1601,148,55618,55766,23720,0,817,768,0,25306,25306
port1305,2026-03-06,Tokyo,14,2,4,2,2,22,24,47759,6706,2594,0,1399,57061,58460,235998,21745,817,0,0,258560,258560
port1305,2026-03-07,Tokyo,14,0,1,6,3,21,24,175619,0,0,1160,4047,176779,180827,30159,0,0,454,0,30613,30613
port1305,2026-03-08,Tokyo,16,1,3,8,3,28,31,88217,2830,1096,1601,3766,93746,97512,118357,0,544,768,0,119671,119671
port1305,2026-03-09,Tokyo,10,1,3,2,1,16,17,50523,2767,548,1021,2576,54860,57436,84782,64,272,541,0,85660,85660
port1305,2026-03-10,Tokyo,11,1,7,7,1,26,27,99520,1175,1731,1160,2059,103588,105647,13540,0,1642,454,73,15637,15711
port1305,2026-03-11,Tokyo,18,1,11,4,2,34,36,101151,0,3471,580,1973,105203,107176,59305,0,3116,227,0,62649,62649
port1305,2026-03-12,Tokyo,14,2,1,7,3,24,27,114285,4622,949,1160,3098,121018,124116,66123,64,0,454,73,66643,66716
port1305,2026-03-13,Tokyo,13,2,6,4,2,25,27,72228,2445,4567,580,3899,79821,83721,13377,0,544,227,0,14149,14149
port1305,2026-03-14,Tokyo,10,0,1,4,2,15,17,50205,0,548,1021,2059,51775,53834,51679,0,272,541,73,52492,52566
port1305,2026-03-15,Tokyo,8,2,0,5,5,15,20,38031,876,0,440,3848,39349,43197,17905,0,0,314,1271,18219,19491
port1305,2026-03-16,Tokyo,10,0,7,4,2,21,23,64872,0,3654,1601,1399,70127,71527,11002,0,2052,768,0,13824,13824
port1305,2026-03-17,Tokyo,13,3,11,7,3,34,37,123888,5684,2741,1021,5903,133335,139238,4513,383,1361,541,0,6799,6799
port1305,2026-03-18,Tokyo,14,0,5,6,1,25,26,131300,0,2222,1160,4716,134683,139399,72632,0,1000,454,0,74087,74087
port1305,2026-03-19,Tokyo,18,0,4,4,2,26,28,120963,0,1096,1021,4030,123081,127112,198951,0,544,541,47,200037,200085
port1305,2026-03-20,Tokyo,10,3,4,4,1,21,22,84731,4827,3025,580,1323,93165,94488,4513,64,544,227,0,5350,5350
port1305,2026-03-21,Tokyo,9,0,3,4,4,16,20,54991,0,548,440,10526,55980,66506,33701,0,1304,314,0,35320,35320
port1305,2026-03-22,Tokyo,9,0,2,6,0,17,17,54682,0,0,580,0,55262,55262,78987,0,0,227,0,79215,79215
port1305,2026-03-23,Tokyo,14,3,6,3,4,26,30,89975,2719,3296,1021,5346,97013,102359,19063,383,812,541,0,20800,20800
port1305,2026-03-24,Tokyo,20,4,5,7,2,36,38,177162,5001,2622,1601,6427,186388,192815,152945,3299,1089,768,73,158103,158176
port1305,2026-03-25,Tokyo,16,0,4,5,2,25,27,74783,0,1096,580,6236,76460,82697,38282,0,544,227,0,39054,39054
port1305,2026-03-26,Tokyo,12,0,5,5,1,22,23,65548,0,1644,580,1399,67774,69173,27911,0,817,227,0,28956,28956
port1305,2026-03-27,Tokyo,18,2,8,3,3,31,34,162728,2350,3532,580,6015,169190,175206,30479,0,817,227,120,31524,31644
port1305,2026-03-28,Tokyo,8,0,4,4,2,16,18,120007,0,1383,1740,4119,123131,127251,15515,0,544,682,146,16742,16889
port1305,2026-03-29,Tokyo,11,0,5,6,3,22,25,47406,0,1644,440,7196,49492,56689,142605,0,817,314,0,143737,143737
port1305,2026-03-30,Tokyo,11,2,6,4,3,23,26,88565,4753,2743,580,6429,96643,103072,66628,0,544,227,73,67400,67473
port1305,2026-03-31,Tokyo,4,1,0,3,2,8,10,20417,1322,0,580,2059,22320,24380,14437,0,0,227,73,14665,14738
port1305,2026-04-01,Tokyo,13,2,1,8,5,24,29,71082,2201,8205,1160,8733,82650,91383,144734,383,0,454,73,145572,145646
port1305,2026-04-02,Tokyo,19,2,11,5,1,37,38,144158,4562,7460,1160,1460,157341,158802,19985,383,2362,454,0,23186,23186
port1305,2026-04-03,Tokyo,13,0,8,1,1,22,23,109872,0,3289,0,1308,113162,114470,0,0,1634,0,0,1634,1634
port1305,2026-04-04,Tokyo,6,0,1,7,4,14,18,53176,0,334,1740,239,55251,55491,11352,0,0,682,1325,12034,13360
port1305,2026-04-05,Tokyo,8,2,0,7,1,17,18,57795,2767,0,881,1323,61444,62768,11352,64,0,628,0,12045,12045
port1305,2026-04-06,Tokyo,15,0,9,3,4,27,31,64201,0,3020,1160,6115,68383,74498,138920,0,1089,454,0,140464,140464
port1305,2026-04-07,Tokyo,11,2,4,6,5,23,28,141383,5421,798,580,9246,148185,157431,17028,0,272,227,73,17528,17601
port1305,2026-04-08,Tokyo,14,3,3,4,2,24,26,89410,3726,429,1160,9990,94726,104717,68169,0,729,454,0,69353,69353
port1305,2026-04-09,Tokyo,17,0,5,6,2,28,30,135176,0,1718,580,2768,137475,140244,97118,0,544,227,0,97890,97890
port1305,2026-04-10,Tokyo,9,1,5,3,3,18,21,71100,1109,1308,0,7635,73518,81153,42199,0,935,0,0,43135,43135
port1305,2026-04-11,Tokyo,17,2,4,5,1,28,29,111496,5624,2857,2622,1308,122600,123908,48486,3819,817,1310,0,54433,54433
port1305,2026-04-12,Tokyo,11,0,8,5,2,24,26,75919,0,3691,0,6388,79610,85998,41158,0,1361,0,0,42520,42520
port1305,2026-04-13,Tokyo,9,1,7,4,2,21,23,99664,1706,3702,580,2768,105653,108422,11352,0,655,227,0,12235,12235
port1305,2026-04-14,Tokyo,12,1,5,5,3,23,26,35681,1935,2741,580,4969,40938,45908,46553,0,1361,227,0,48142,48142
port1305,2026-04-15,Tokyo,15,3,7,4,3,29,32,93344,3551,2193,1160,8060,100250,108310,105421,383,2714,454,0,108974,108974
port1305,2026-04-16,Tokyo,16,0,1,4,1,21,22,83219,0,548,1021,5274,84789,90063,113566,0,272,541,0,114380,114380
port1305,2026-04-17,Tokyo,14,0,5,5,3,24,27,147060,0,3006,0,3253,150067,153321,27391,0,1246,0,0,28637,28637
port1305,2026-04-18,Tokyo,14,1,1,5,0,21,21,109503,2767,0,2181,0,114452,114452,78567,64,899,996,0,80528,80528
port1305,2026-04-19,Tokyo,9,1,9,7,4,26,30,110675,588,3289,0,11000,114554,125554,8363,0,1634,0,0,9997,9997
port1305,2026-04-20,Tokyo,15,1,4,1,1,21,22,88118,4523,1644,580,1323,94866,96190,51763,0,817,227,0,52807,52807
port1305,2026-04-21,Tokyo,12,3,5,7,2,27,29,46068,26711,1873,1021,6115,75674,81790,9518,64,817,541,0,10942,10942
port1305,2026-04-22,Tokyo,9,3,6,4,4,22,26,26698,6644,3400,580,8538,37323,45862,309137,129,1361,227,0,310855,310855
port1305,2026-04-23,Tokyo,12,2,7,7,2,28,30,63431,4611,2535,1160,6024,71739,77764,188766,64,1089,454,0,190375,190375
port1305,2026-04-24,Tokyo,13,1,7,2,1,23,24,41602,2767,1644,0,0,46014,46014,34400,64,2300,0,0,36765,36765
port1305,2026-04-25,Tokyo,12,2,2,6,6,22,28,96357,6066,1353,2181,8551,105958,114510,68843,0,272,996,0,70112,70112
port1305,2026-04-26,Tokyo,14,1,4,5,5,24,29,74520,2898,2193,0,3953,79612,83565,15425,0,1089,0,479,16514,16994
port1305,2026-04-27,Tokyo,13,0,7,4,3,24,27,76925,0,4653,1601,2220,83180,85401,37101,0,1361,768,0,39231,39231
port1305,2026-04-28,Tokyo,7,0,9,5,1,21,22,56350,0,4901,580,2423,61831,64255,5676,0,1906,227,0,7810,7810
port1305,2026-04-29,Tokyo,14,3,7,3,2,27,29,148405,5535,3289,580,3254,157810,161065,12434,129,1634,227,0,14425,14425
port1305,2026-04-30,Tokyo,19,2,3,3,3,27,30,90954,1916,753,1160,12020,94785,106805,35311,0,272,454,47,36039,36086
port1305,2026-05-01,Tokyo,10,0,2,2,1,14,15,55126,0,548,580,0,56254,56254,64394,0,272,227,0,64894,64894
port1305,2026-05-02,Tokyo,14,0,2,4,1,20,21,79044,0,548,580,1308,80172,81481,40519,0,272,227,0,41019,41019
port1305,2026-05-03,Tokyo,9,0,4,1,3,14,17,40870,0,1096,0,2299,41966,44266,91972,0,544,0,552,92516,93068
port1305,2026-05-04,Tokyo,13,0,1,1,1,15,16,91123,0,548,580,1323,92251,93575,18164,0,272,227,0,18664,18664
port1305,2026-05-05,Tokyo,14,0,3,3,3,20,23,31726,0,548,0,4030,32274,36305,40326,0,272,0,47,40598,40645
port1305,2026-05-06,Tokyo,17,3,7,0,2,27,29,84758,8340,1681,0,3853,94779,98633,52989,64,544,0,73,53598,53672
port1305,2026-05-07,Tokyo,17,0,7,2,5,26,31,110969,0,2741,580,7092,114291,121383,25616,0,1361,227,47,27205,27252
port1305,2026-05-08,Tokyo,10,0,3,4,5,17,22,79720,0,1096,580,6662,81397,88060,44988,0,544,227,94,45761,45855
port1305,2026-05-09,Tokyo,15,0,2,2,0,19,19,118816,0,548,580,0,119945,119945,31634,0,1573,227,0,33435,33435
port1305,2026-05-10,Tokyo,12,0,4,6,3,22,25,117229,0,2853,1160,11963,121244,133207,0,0,817,454,0,1271,1271
port1305,2026-05-11,Tokyo,12,0,4,6,3,22,25,92045,0,2193,1021,4036,95259,99296,7451,0,1089,1502,0,10043,10043
port1305,2026-05-12,Tokyo,11,0,7,6,2,24,26,116298,0,3822,1740,6024,121862,127886,14750,0,1089,682,0,16522,16522
port1305,2026-05-13,Tokyo,12,2,8,5,2,27,29,70749,4615,3739,0,2059,79104,81163,33067,64,1089,0,73,34222,34295
port1305,2026-05-14,Tokyo,15,1,1,7,2,24,26,100163,6706,548,2121,6071,109539,115610,139297,0,272,454,0,140024,140024
port1305,2026-05-15,Tokyo,11,1,3,3,3,18,21,47144,0,548,580,2059,48272,50332,34016,0,272,227,73,34516,34589
port1305,2026-05-16,Tokyo,8,1,1,4,1,14,15,32532,1597,548,1461,4715,36140,40855,72176,0,272,855,0,73303,73303
port1305,2026-05-17,Tokyo,9,0,6,7,3,22,25,113310,0,2019,1021,5584,116351,121935,33067,0,544,541,0,34154,34154
port1305,2026-05-18,Tokyo,13,2,4,5,3,24,27,165977,18209,1644,1160,9431,186992,196423,7451,0,817,454,0,8723,8723
port1305,2026-05-19,Tokyo,11,3,5,6,3,25,28,48351,20425,2741,1405,2033,72922,74956,0,675,1361,227,478,2264,2743
port1305,2026-05-20,Tokyo,14,0,8,4,4,26,30,100319,0,3289,580,10053,104189,114242,425714,0,2729,227,0,428671,428671
port1305,2026-05-21,Tokyo,15,2,6,7,3,30,33,73483,4463,1644,1021,790,80613,81403,31202,64,817,1502,0,33586,33586
port1305,2026-05-22,Tokyo,10,2,3,4,2,19,21,81847,4458,1687,580,4519,88574,93093,37365,64,544,227,0,38202,38202
port1305,2026-05-23,Tokyo,13,1,0,3,2,17,19,80116,3777,0,1160,912,85054,85967,82260,0,0,454,0,82715,82715
port1305,2026-05-24,Tokyo,7,0,2,8,2,17,19,73690,0,904,881,4715,75477,80192,11219,0,272,628,0,12119,12119
port1305,2026-05-25,Tokyo,15,2,11,4,4,32,36,114294,2706,5185,1160,4479,123347,127826,26370,0,1602,454,0,28427,28427
port1305,2026-05-26,Tokyo,15,4,7,6,2,32,34,88921,20868,3389,1601,2576,114780,117356,33407,0,817,768,0,34993,34993
port1305,2026-05-27,Tokyo,11,0,5,5,2,21,23,53551,0,2319,580,6510,56451,62961,255965,0,0,227,0,256192,256192
port1305,2026-05-28,Tokyo,22,2,8,5,2,37,39,95948,3380,3548,1160,6731,104038,110769,143473,0,1361,454,73,145290,145363
port1305,2026-05-29,Tokyo,15,1,3,3,5,22,27,68492,2767,1096,580,5968,72936,78905,33067,64,1116,227,73,34477,34550
port1338,2025-12-21,Ulsan,1,1,3,1,12,6,18,5178,0,3908,0,101025,9087,110112,0,0,3050,0,39248,3050,42299
port1338,2025-12-22,Ulsan,2,0,2,1,10,5,15,507,0,2611,601,42357,3719,46076,522,0,0,0,65335,522,65857
port1338,2025-12-23,Ulsan,2,1,5,2,17,10,27,2969,0,9131,0,177190,12100,189290,7702,967,1161,7232,199020,17063,216084
port1338,2025-12-24,Ulsan,3,0,4,2,13,9,22,289,0,6727,0,43652,7017,50670,8175,0,327,5121,80930,13624,94555
port1338,2025-12-25,Ulsan,2,0,3,2,10,7,17,0,0,6417,0,31209,6417,37626,2931,0,327,5770,64421,9029,73451
port1338,2025-12-26,Ulsan,1,0,2,0,11,3,14,0,0,4003,0,18704,4003,22707,210,0,655,0,25941,865,26806
port1338,2025-12-27,Ulsan,1,3,0,1,29,5,34,289,23600,0,0,483055,23890,506946,1793,0,0,2030,173567,3823,177390
port1338,2025-12-28,Ulsan,1,0,3,2,12,6,18,289,0,8653,0,273111,8942,282054,1793,0,359,3030,37981,5182,43164
port1338,2025-12-29,Ulsan,2,1,1,4,19,8,27,0,12954,2172,0,76477,15126,91603,7160,2954,0,9211,55262,19326,74588
port1338,2025-12-30,Ulsan,3,1,3,4,21,11,32,9641,0,4003,96,62230,13741,75971,1293,0,655,1238,77582,3187,80769
port1338,2025-12-31,Ulsan,1,1,2,1,15,5,20,373,5802,4003,0,184567,10179,194746,0,0,655,0,122397,655,123052
port1338,2026-01-01,Ulsan,1,2,3,1,16,7,23,2969,33749,4271,0,171200,40990,212190,2243,2954,327,1016,56272,6542,62815
port1338,2026-01-02,Ulsan,2,0,0,0,12,2,14,0,0,0,0,29471,0,29471,3245,0,0,0,30908,3245,34153
port1338,2026-01-03,Ulsan,2,3,3,1,25,9,34,0,12685,6093,0,177521,18778,196300,1238,43047,655,3486,160377,48427,208805
port1338,2026-01-04,Ulsan,1,1,2,0,11,4,15,0,0,4719,0,313515,4719,318235,1399,1754,32,0,70802,3186,73988
port1338,2026-01-05,Ulsan,1,1,5,0,13,7,20,289,12954,12367,0,320664,25610,346275,1793,2954,655,0,131452,5402,136854
port1338,2026-01-06,Ulsan,1,1,1,3,15,6,21,0,12954,1456,137,35255,14548,49803,1833,2954,0,7822,170061,12611,182672
port1338,2026-01-07,Ulsan,2,0,1,2,19,5,24,543,0,354,0,156052,897,156949,1793,0,0,12088,155834,13881,169716
port1338,2026-01-08,Ulsan,1,2,0,0,16,3,19,0,12954,0,0,142694,12954,155648,2063,2954,0,0,91857,5018,96875
port1338,2026-01-09,Ulsan,3,0,2,2,12,7,19,740,0,3732,0,77301,4472,81774,6713,0,327,0,25354,7041,32395
port1338,2026-01-10,Ulsan,1,1,0,0,8,2,10,0,10874,0,0,6060,10874,16934,2258,2447,0,0,4217,4706,8923
port1338,2026-01-11,Ulsan,1,1,3,2,14,7,21,0,36856,6498,366,58315,43721,102037,4177,0,655,2051,79705,6884,86589
port1338,2026-01-12,Ulsan,1,0,2,2,24,5,29,0,0,4003,0,193726,4003,197729,0,0,655,0,182115,655,182770
port1338,2026-01-13,Ulsan,1,0,2,1,21,4,25,371,0,2001,0,175342,2372,177715,0,0,976,2971,88764,3947,92711
port1338,2026-01-14,Ulsan,2,1,0,3,10,6,16,0,0,0,40,323061,40,323102,2992,0,0,5869,64417,8861,73279
port1338,2026-01-15,Ulsan,1,3,6,1,21,11,32,0,53420,20970,901,74964,75292,150256,3100,0,982,0,96341,4082,100424
port1338,2026-01-16,Ulsan,5,0,2,1,17,8,25,579,0,3161,40,34149,3782,37931,6891,0,327,2105,108866,9324,118190
port1338,2026-01-17,Ulsan,2,1,2,1,18,6,24,3654,5150,4003,0,143652,12807,156460,1793,0,655,0,54596,2448,57045
port1338,2026-01-18,Ulsan,2,0,1,1,7,4,11,0,0,2001,0,99372,2001,101374,3053,0,327,0,52401,3381,55783
port1338,2026-01-19,Ulsan,0,1,2,0,18,3,21,0,12954,4003,0,43461,16957,60418,0,2954,655,0,151630,3609,155240
port1338,2026-01-20,Ulsan,1,1,1,1,6,4,10,0,0,2001,0,79363,2001,81365,1848,486,327,5328,30515,7991,38507
port1338,2026-01-21,Ulsan,1,0,2,1,7,4,11,0,0,4003,0,11498,4003,15501,1263,0,655,5310,34097,7228,41325
port1338,2026-01-22,Ulsan,1,4,1,0,26,6,32,0,42694,7581,0,402945,50276,453221,1645,8242,0,0,147730,9887,157618
port1338,2026-01-23,Ulsan,2,0,3,2,19,7,26,3980,0,4340,0,597973,8321,606294,2243,0,655,2050,121613,4949,126563
port1338,2026-01-24,Ulsan,0,0,1,1,9,2,11,0,0,2001,0,6371,2001,8372,0,0,327,4618,34887,4945,39832
port1338,2026-01-25,Ulsan,4,2,2,2,27,10,37,524,12954,4003,0,77556,17481,95037,5964,3650,655,2367,193047,12638,205686
port1338,2026-01-26,Ulsan,0,4,5,0,22,9,31,0,23828,9922,0,239199,33751,272950,0,40081,1014,0,171156,41096,212252
port1338,2026-01-27,Ulsan,1,0,3,4,18,8,26,0,0,2449,0,320000,2449,322450,779,0,445,11773,113676,12998,126674
port1338,2026-01-28,Ulsan,4,1,1,3,15,9,24,505,10874,2001,0,90870,13381,104251,6589,2447,327,9451,126615,18817,145432
port1338,2026-01-29,Ulsan,2,0,1,2,20,5,25,289,0,2001,0,84400,2291,86691,3065,0,327,10680,196514,14073,210587
port1338,2026-01-30,Ulsan,2,3,0,3,16,8,24,0,38862,0,0,44574,38862,83436,1952,8863,0,583,60709,11399,72108
port1338,2026-01-31,Ulsan,1,0,3,2,14,6,20,4420,0,6004,0,386747,10425,397172,0,0,982,3826,75715,4809,80525
port1338,2026-02-01,Ulsan,1,0,0,4,21,5,26,0,0,0,96,60326,96,60423,2926,0,0,6345,57319,9272,66591
port1338,2026-02-02,Ulsan,2,2,2,2,22,8,30,1048,14684,4003,0,321723,19736,341459,1793,2954,655,509,152036,5912,157949
port1338,2026-02-03,Ulsan,1,1,3,0,21,5,26,289,12651,4431,0,330824,17372,348197,1793,0,655,0,102785,2448,105233
port1338,2026-02-04,Ulsan,4,0,1,2,12,7,19,1046,0,1516,0,22246,2563,24810,6899,0,0,9094,56197,15993,72190
port1338,2026-02-05,Ulsan,3,0,3,0,10,6,16,0,0,4827,0,83778,4827,88605,3563,0,1637,0,99530,5201,104731
port1338,2026-02-06,Ulsan,2,1,2,0,19,5,24,2422,12954,2001,0,301284,17378,318663,1793,2954,2258,0,126574,7005,133579
port1338,2026-02-07,Ulsan,2,0,1,1,6,4,10,2065,0,0,0,16714,2065,18779,1793,0,3120,2945,18151,7859,26011
port1338,2026-02-08,Ulsan,0,0,3,1,8,4,12,0,0,4205,0,32053,4205,36258,0,0,858,3643,30072,4502,34574
port1338,2026-02-09,Ulsan,3,2,4,2,15,11,26,1898,25908,10282,0,293422,38088,331511,1844,5908,655,8009,136410,16418,152828
port1338,2026-02-10,Ulsan,0,1,5,1,19,7,26,0,0,7460,96,252784,7557,260341,0,46323,1153,1238,98086,48715,146802
port1338,2026-02-11,Ulsan,4,0,2,0,13,6,19,289,0,4791,0,29131,5081,34212,5685,0,327,0,27652,6013,33665
port1338,2026-02-12,Ulsan,1,1,4,1,18,7,25,0,12954,4003,0,35800,16957,52758,1498,2954,1231,2974,61370,8658,70029
port1338,2026-02-13,Ulsan,4,2,3,0,23,9,32,869,10394,9854,0,38525,21118,59643,8167,0,655,0,182143,8822,190965
port1338,2026-02-14,Ulsan,0,0,1,2,16,3,19,0,0,2001,0,209395,2001,211396,0,0,327,1021,144560,1348,145909
port1338,2026-02-15,Ulsan,2,1,0,0,14,3,17,0,29568,0,0,105138,29568,134706,2943,0,0,0,29646,2943,32589
port1338,2026-02-16,Ulsan,1,0,3,0,10,4,14,3419,0,4003,0,99440,7422,106862,0,0,655,0,55441,655,56097
port1338,2026-02-17,Ulsan,1,0,1,2,18,4,22,0,0,1879,96,775119,1975,777095,759,0,0,4310,71169,5069,76239
port1338,2026-02-18,Ulsan,2,2,2,0,17,6,23,289,0,1714,0,46539,2004,48543,2081,971,0,0,198990,3052,202043
port1338,2026-02-19,Ulsan,3,0,3,1,25,7,32,1020,0,5015,0,258922,6036,264958,3586,0,327,0,155554,3913,159468
port1338,2026-02-20,Ulsan,2,1,3,0,12,6,18,0,12954,6429,0,8128,19383,27512,4762,2954,327,0,79628,8044,87672
port1338,2026-02-21,Ulsan,0,0,0,1,12,1,13,0,0,0,0,54464,0,54464,0,0,0,0,69110,0,69110
port1338,2026-02-22,Ulsan,0,1,0,0,8,1,9,0,12954,0,0,112509,12954,125463,0,2954,0,0,22081,2954,25035
port1338,2026-02-23,Ulsan,1,2,5,2,33,10,43,0,12954,11734,40,450132,24728,474861,505,2954,1310,2105,169563,6875,176439
port1338,2026-02-24,Ulsan,0,1,1,0,5,2,7,0,12954,2001,0,8847,14955,23802,0,2954,327,0,13958,3281,17240
port1338,2026-02-25,Ulsan,0,0,0,0,5,0,5,0,0,0,0,16853,0,16853,0,0,0,0,5401,0,5401
port1338,2026-02-26,Ulsan,0,0,1,2,7,3,10,0,0,2001,0,22061,2001,24062,0,0,327,8253,25734,8580,34315
port1338,2026-02-27,Ulsan,4,0,3,3,15,10,25,1159,0,5328,40,31928,6528,38456,7172,0,445,6009,66228,13627,79855
port1338,2026-02-28,Ulsan,1,0,4,1,14,6,20,289,0,6004,0,42214,6294,48508,1793,0,4648,5413,37859,11855,49714
port1338,2026-03-01,Ulsan,3,0,0,0,5,3,8,0,0,0,0,11182,0,11182,5489,0,0,0,10803,5489,16293
port1338,2026-03-02,Ulsan,0,0,0,0,4,0,4,0,0,0,0,15151,0,15151,0,0,0,0,9878,0,9878
port1338,2026-03-03,Ulsan,0,0,3,0,14,3,17,0,0,4350,0,61986,4350,66337,0,0,655,0,33674,655,34329
port1338,2026-03-04,Ulsan,4,6,3,3,29,16,45,0,51751,9132,137,67400,61021,128421,2687,3028,622,6803,229997,13142,243139
port1338,2026-03-05,Ulsan,3,1,4,1,39,9,48,289,53467,6004,40,956040,59802,1015843,3988,0,982,2105,198107,7076,205184
port1338,2026-03-06,Ulsan,4,3,1,1,20,9,29,289,25908,2001,0,317103,28199,345302,7903,23283,327,5917,136781,37431,174213
port1338,2026-03-07,Ulsan,3,1,4,0,11,8,19,289,10874,12032,0,331605,23196,354802,3555,2447,687,0,58742,6689,65432
port1338,2026-03-08,Ulsan,0,1,5,2,16,8,24,0,0,4801,137,26795,4939,31734,0,0,825,3343,54073,4169,58243
port1338,2026-03-09,Ulsan,2,3,2,1,14,8,22,505,32346,2001,0,926108,34853,960962,258,2954,1943,0,42786,5156,47942
port1338,2026-03-10,Ulsan,2,2,3,2,13,9,22,1580,0,16789,0,64522,18369,82892,1762,19230,655,6798,108913,28446,137359
port1338,2026-03-11,Ulsan,0,3,3,1,9,7,16,0,12954,6004,0,22083,18958,41042,0,38836,982,0,80820,39819,120639
port1338,2026-03-12,Ulsan,2,0,2,0,17,4,21,289,0,4003,0,79553,4293,83846,5497,0,655,0,94527,6153,100680
port1338,2026-03-13,Ulsan,0,0,0,0,9,0,9,0,0,0,0,38058,0,38058,0,0,0,0,19242,0,19242
port1338,2026-03-14,Ulsan,3,3,4,2,22,12,34,289,14797,6004,0,93191,21091,114283,5486,0,982,10454,113619,16924,130543
port1338,2026-03-15,Ulsan,2,1,3,0,23,6,29,509,12954,7643,0,77376,21107,98483,4893,2954,687,0,173737,8535,182272
port1338,2026-03-16,Ulsan,4,0,3,3,15,10,25,0,0,5641,81,115265,5723,120988,4291,0,4691,4210,116006,13193,129199
port1338,2026-03-17,Ulsan,0,1,2,1,20,4,24,0,8176,4003,0,57179,12179,69359,0,0,655,0,57718,655,58373
port1338,2026-03-18,Ulsan,1,1,3,1,13,6,19,2000,13394,4827,0,57591,20222,77813,0,0,1637,0,18766,1637,20404
port1338,2026-03-19,Ulsan,3,2,4,2,15,11,26,579,12954,6124,96,46656,19755,66411,10608,2954,982,7598,182096,22143,204240
port1338,2026-03-20,Ulsan,4,3,0,1,23,8,31,2544,12954,0,0,431293,15498,446791,4478,41566,0,1184,200468,47229,247697
port1338,2026-03-21,Ulsan,0,0,5,0,8,5,13,0,0,7896,0,11635,7896,19531,0,0,655,0,21826,655,22482
port1338,2026-03-22,Ulsan,2,2,1,1,19,6,25,289,82445,0,0,100498,82735,183233,6290,0,1013,0,85482,7303,92786
port1338,2026-03-23,Ulsan,1,0,1,0,16,2,18,0,0,2001,0,116677,2001,118678,496,0,327,0,88212,824,89036
port1338,2026-03-24,Ulsan,3,1,5,0,24,9,33,289,40509,5270,0,52558,46069,98627,4862,0,655,0,134010,5517,139528
port1338,2026-03-25,Ulsan,0,0,2,3,16,5,21,0,0,4516,0,48613,4516,53129,0,0,327,6866,102803,7194,109998
port1338,2026-03-26,Ulsan,4,1,6,2,16,13,29,579,11710,19786,96,70138,32173,102312,5035,0,3155,2367,90075,10558,100634
port1338,2026-03-27,Ulsan,1,1,5,0,11,7,18,0,0,6829,0,40495,6829,47325,2278,0,1965,0,43283,4243,47526
port1338,2026-03-28,Ulsan,3,1,2,4,26,10,36,0,12954,2060,0,280896,15014,295910,3628,2954,327,5788,167386,12698,180084
port1338,2026-03-29,Ulsan,3,0,4,3,12,10,22,289,0,8006,606,70238,8903,79141,4769,0,1310,1544,89742,7624,97366
port1338,2026-03-30,Ulsan,0,0,1,3,11,4,15,0,0,2001,0,130836,2001,132837,0,0,327,5995,85473,6323,91796
port1338,2026-03-31,Ulsan,1,0,0,1,5,2,7,0,0,0,0,11343,0,11343,1627,0,0,1529,6786,3157,9943
port1338,2026-04-01,Ulsan,3,4,2,0,16,9,25,1084,63696,2415,0,181258,67196,248454,3618,5371,327,0,89420,9317,98737
port1338,2026-04-02,Ulsan,3,2,4,0,16,9,25,1317,53520,6048,0,52420,60887,113307,3586,1292,1631,0,91379,6510,97889
port1338,2026-04-03,Ulsan,4,1,3,1,12,9,21,1940,17154,10981,0,35686,30076,65763,2301,0,655,0,73258,2957,76215
port1338,2026-04-04,Ulsan,0,0,1,2,10,3,13,0,0,2001,301,29762,2302,32064,0,0,327,7928,72777,8255,81032
port1338,2026-04-05,Ulsan,0,1,0,2,20,3,23,0,4858,0,0,126754,4858,131613,0,0,0,0,113369,0,113369
port1338,2026-04-06,Ulsan,5,5,6,0,19,16,35,1648,43283,11310,0,77177,56242,133420,4438,49275,1310,0,68809,55024,123834
port1338,2026-04-07,Ulsan,3,0,1,2,16,6,22,0,0,2001,0,152733,2001,154734,6953,0,327,6082,75824,13363,89188
port1338,2026-04-08,Ulsan,2,1,1,0,13,4,17,930,0,625,0,40373,1556,41929,1793,17975,0,0,51777,19768,71546
port1338,2026-04-09,Ulsan,0,1,3,3,5,7,12,0,14359,6004,0,47069,20364,67433,0,94,982,9933,13047,11011,24058
port1338,2026-04-10,Ulsan,4,0,2,1,13,7,20,253,0,4399,0,41205,4653,45859,4082,0,327,0,53132,4409,57542
port1338,2026-04-11,Ulsan,1,2,5,0,14,8,22,0,37353,9045,0,8937,46398,55335,768,0,327,0,50451,1095,51547
port1338,2026-04-12,Ulsan,3,5,6,1,23,15,38,0,42973,12162,0,192343,55136,247479,5892,48196,1637,0,90169,55727,145896
port1338,2026-04-13,Ulsan,1,4,0,3,12,8,20,289,33963,0,0,49869,34253,84123,1793,10873,0,2903,45634,15570,61205
port1338,2026-04-14,Ulsan,0,2,1,2,13,5,18,0,27626,1584,0,34862,29211,64074,0,3320,0,4287,45571,7608,53179
port1338,2026-04-15,Ulsan,5,1,7,0,35,13,48,289,0,10008,0,257346,10298,267644,12239,0,2536,0,236730,14776,251506
port1338,2026-04-16,Ulsan,1,0,2,1,12,4,16,0,0,4003,0,71742,4003,75745,747,0,655,2344,58358,3746,62105
port1338,2026-04-17,Ulsan,4,0,1,1,16,6,22,579,0,2001,96,117682,2678,120360,5307,0,327,1238,47617,6873,54490
port1338,2026-04-18,Ulsan,0,0,0,2,11,2,13,0,0,0,0,346383,0,346383,0,0,0,4033,26405,4033,30438
port1338,2026-04-19,Ulsan,1,2,0,0,10,3,13,0,14363,0,0,14665,14363,29028,1000,5283,0,0,43851,6283,50135
port1338,2026-04-20,Ulsan,1,1,2,1,12,5,17,0,12954,4003,0,16870,16957,33827,765,2954,655,4060,98831,8434,107266
port1338,2026-04-21,Ulsan,1,0,2,1,9,4,13,0,0,7016,0,339313,7016,346329,3895,0,327,3864,50684,8087,58772
port1338,2026-04-22,Ulsan,2,1,1,2,22,6,28,0,12954,2001,40,204461,14996,219458,635,2954,327,6558,81381,10475,91857
port1338,2026-04-23,Ulsan,2,0,3,0,15,5,20,289,0,6004,0,39677,6294,45971,5298,0,982,0,95584,6281,101866
port1338,2026-04-24,Ulsan,4,2,4,4,21,14,35,289,24923,5246,301,87808,30760,118569,7547,0,1027,6016,46659,14591,61251
port1338,2026-04-25,Ulsan,2,1,0,1,21,4,25,746,12954,0,40,137015,13741,150756,6299,2954,0,2105,61720,11359,73079
port1338,2026-04-26,Ulsan,3,1,4,1,11,9,20,289,14672,2001,0,31866,16964,48830,2551,365,682,3339,88544,6940,95485
port1338,2026-04-27,Ulsan,3,3,6,4,37,16,53,1598,52186,8777,0,791004,62562,853567,509,5908,2680,4292,148518,13392,161911
port1338,2026-04-28,Ulsan,3,1,5,1,13,10,23,1020,0,10114,0,304284,11134,315419,5415,2099,982,7974,156595,16471,173067
port1338,2026-04-29,Ulsan,2,0,8,2,19,12,31,774,0,12260,0,81385,13035,94420,1793,0,6721,8233,50391,16747,67139
port1338,2026-04-30,Ulsan,1,1,2,1,8,5,13,289,55904,2590,0,184162,58784,242947,1793,0,327,3483,6631,5604,12235
port1338,2026-05-01,Ulsan,3,2,1,0,25,6,31,793,12954,2001,0,95566,15749,111315,4568,2954,327,0,190430,7850,198280
port1338,2026-05-02,Ulsan,3,2,6,1,21,12,33,1363,18497,13225,2952,86726,36038,122765,3586,2954,359,0,96936,6900,103837
port1338,2026-05-03,Ulsan,2,0,1,0,7,3,10,1856,0,2001,0,29260,3858,33118,0,0,327,0,15907,327,16235
port1338,2026-05-04,Ulsan,2,4,1,1,24,8,32,289,40933,2001,0,437964,43224,481189,2590,0,327,3430,104392,6348,110740
port1338,2026-05-05,Ulsan,1,2,4,1,18,8,26,1550,0,7643,0,73647,9193,82840,0,43447,4931,0,95378,48378,143756
port1338,2026-05-06,Ulsan,1,2,4,1,22,8,30,270,42588,4003,0,201641,46862,248503,0,2954,3053,2036,92329,8045,100374
port1338,2026-05-07,Ulsan,3,1,2,2,9,8,17,3050,35224,4003,40,32409,42318,74728,1359,0,655,3962,49951,5977,55928
port1338,2026-05-08,Ulsan,2,0,2,0,9,4,13,0,0,2001,0,72373,2001,74374,2672,0,986,0,37615,3658,41274
port1338,2026-05-09,Ulsan,1,3,6,2,32,12,44,0,36006,12466,96,228890,48569,277460,724,30397,6130,2451,126800,39704,166504
port1338,2026-05-10,Ulsan,4,1,6,4,32,15,47,0,0,12943,0,346253,12943,359196,3321,0,327,2701,191733,6350,198083
port1338,2026-05-11,Ulsan,1,0,3,1,15,5,20,0,0,4407,0,65082,4407,69490,1456,0,327,4089,64885,5873,70758
port1338,2026-05-12,Ulsan,2,0,2,0,12,4,16,0,0,2001,0,11141,2001,13143,639,0,977,0,40023,1617,41640
port1338,2026-05-13,Ulsan,0,2,2,0,26,4,30,0,57846,2001,0,254483,59848,314331,0,365,327,0,135810,693,136504
port1338,2026-05-14,Ulsan,5,4,0,1,12,10,22,2250,93108,0,0,75248,95359,170607,10080,2954,0,2859,22806,15895,38701
port1338,2026-05-15,Ulsan,2,3,6,1,33,12,45,289,25718,22021,96,703595,48126,751722,2041,2954,655,1238,190317,6889,197206
port1338,2026-05-16,Ulsan,4,2,3,0,23,9,32,2924,18325,4353,0,167932,25603,193535,3912,2954,564,0,60061,7430,67492
port1338,2026-05-17,Ulsan,0,2,4,0,19,6,25,0,4052,12770,0,71445,16823,88269,0,6383,0,0,77694,6383,84078
port1338,2026-05-18,Ulsan,1,2,5,4,30,12,42,0,29005,6004,96,317104,35107,352211,0,2954,1375,1810,242026,6140,248167
port1338,2026-05-19,Ulsan,5,1,2,1,19,9,28,289,0,2001,0,311686,2291,313978,6978,0,327,6428,99482,13734,113217
port1338,2026-05-20,Ulsan,4,0,5,2,23,11,34,8685,0,9283,40,85775,18010,103785,4587,0,982,6681,159387,12251,171638
port1338,2026-05-21,Ulsan,1,1,1,0,17,3,20,289,12954,2001,0,133498,15245,148744,1793,2954,327,0,63546,5075,68621
port1338,2026-05-22,Ulsan,7,1,2,1,13,11,24,579,14672,4003,0,34709,19255,53964,12085,365,655,0,48792,13106,61898
port1338,2026-05-23,Ulsan,4,2,5,4,38,15,53,762,25908,17538,137,259792,44347,304139,4033,5908,655,6702,252058,17299,269357
port1338,2026-05-24,Ulsan,3,0,6,0,16,9,25,0,0,9783,0,59723,9783,69507,1075,0,1310,0,64069,2385,66455
port1338,2026-05-25,Ulsan,1,2,3,2,22,8,30,25,25908,2890,0,153050,28823,181874,0,5908,4800,7281,184200,17990,202191
port1338,2026-05-26,Ulsan,2,1,5,3,20,11,31,0,18476,10458,40,162785,28975,191761,1494,0,655,7137,139901,9287,149188
port1338,2026-05-27,Ulsan,2,0,5,3,26,10,36,270,0,10133,301,128186,10704,138890,519,0,1310,4088,224111,5918,230029
port1338,2026-05-28,Ulsan,3,3,4,2,26,12,38,2429,38114,7047,0,111234,47591,158826,1804,5908,1323,7349,156088,16385,172474
port1338,2026-05-29,Ulsan,5,1,4,3,30,13,43,1062,12954,8006,0,189813,22023,211836,6408,2954,1310,7065,159474,17739,177213
port1404,2025-12-21,Xiamen,11,3,1,0,3,15,18,131740,117958,591,0,7602,250291,257893,229094,1103,0,0,2768,230198,232967
port1404,2025-12-22,Xiamen,21,2,0,0,3,23,26,234215,37508,0,0,12531,271723,284254,227224,0,0,0,3720,227224,230944
port1404,2025-12-23,Xiamen,16,2,2,0,1,20,21,423129,140668,5347,0,0,569145,569145,381397,0,768,0,31498,382166,413664
port1404,2025-12-24,Xiamen,15,3,2,1,1,21,22,607886,32487,5110,963,6044,646447,652492,255255,53249,1713,1015,0,311233,311233
port1404,2025-12-25,Xiamen,12,2,1,0,2,15,17,161527,175284,3132,0,4334,339944,344279,212063,0,768,0,0,212832,212832
port1404,2025-12-26,Xiamen,13,4,3,0,1,20,21,409244,33240,22480,0,6950,464965,471915,169861,67600,1537,0,1197,238999,240197
port1404,2025-12-27,Xiamen,19,2,1,0,2,22,24,54443,63089,445,0,8523,117978,126502,275453,6533,0,0,0,281986,281986
port1404,2025-12-28,Xiamen,15,4,2,1,2,22,24,46196,159261,3132,963,13164,209553,222718,193627,0,1550,1015,0,196194,196194
port1404,2025-12-29,Xiamen,17,3,2,2,0,24,24,291890,88190,12236,1475,0,393793,393793,367010,0,768,1015,0,368794,368794
port1404,2025-12-30,Xiamen,16,2,2,0,0,20,20,134306,68889,5996,0,0,209191,209191,381955,0,785,0,0,382740,382740
port1404,2025-12-31,Xiamen,13,2,0,0,1,15,16,173688,0,0,0,5372,173688,179060,134377,19326,0,0,0,153704,153704
port1404,2026-01-01,Xiamen,15,2,2,0,0,19,19,174715,66275,3132,0,0,244123,244123,261792,0,1780,0,0,263573,263573
port1404,2026-01-02,Xiamen,15,1,4,0,1,20,21,655660,15311,3132,0,3113,674104,677217,147002,0,2869,0,0,149872,149872
port1404,2026-01-03,Xiamen,9,1,2,0,5,12,17,151336,6977,4759,0,13289,163073,176363,111991,0,275,0,7834,112267,120102
port1404,2026-01-04,Xiamen,14,3,4,1,0,22,22,205303,33821,10979,1524,0,251628,251628,154795,0,1537,0,0,156332,156332
port1404,2026-01-05,Xiamen,14,4,2,1,2,21,23,57191,101865,6352,0,20133,165409,185543,204405,70444,768,3576,0,279194,279194
port1404,2026-01-06,Xiamen,19,5,1,1,2,26,28,76918,142649,3132,11622,12887,234323,247210,404453,6533,768,0,0,411755,411755
port1404,2026-01-07,Xiamen,9,2,0,0,0,11,11,0,68086,0,0,0,68086,68086,157011,6533,0,0,0,163544,163544
port1404,2026-01-08,Xiamen,12,3,0,0,4,15,19,104361,75757,0,0,10359,180119,190479,196901,0,0,0,2768,196901,199670
port1404,2026-01-09,Xiamen,15,2,1,0,1,18,19,104076,106063,3608,0,6259,213748,220007,219222,6533,0,0,0,225756,225756
port1404,2026-01-10,Xiamen,15,2,5,0,2,22,24,364105,75730,4911,0,10335,444747,455082,162034,0,6521,0,0,168556,168556
port1404,2026-01-11,Xiamen,13,3,2,0,1,18,19,117928,66190,6533,0,1398,190652,192050,131804,70248,768,0,0,202822,202822
port1404,2026-01-12,Xiamen,14,3,3,0,0,20,20,407922,18513,13614,0,0,440050,440050,138879,21958,1537,0,0,162375,162375
port1404,2026-01-13,Xiamen,14,1,2,0,1,17,18,144966,29206,27209,0,1065,201383,202449,291897,0,1339,0,0,293237,293237
port1404,2026-01-14,Xiamen,18,3,2,0,1,23,24,521300,99782,253,0,0,621335,621335,233300,6533,2969,0,151,242802,242953
port1404,2026-01-15,Xiamen,14,3,4,0,1,21,22,139128,34066,10132,0,4333,183327,187660,171167,104520,1371,0,0,277060,277060
port1404,2026-01-16,Xiamen,17,3,2,0,0,22,22,106167,107537,5238,0,0,218944,218944,379834,374,768,0,0,380977,380977
port1404,2026-01-17,Xiamen,18,3,0,0,0,21,21,103259,61907,0,0,0,165166,165166,290714,0,0,0,0,290714,290714
port1404,2026-01-18,Xiamen,9,3,1,0,2,13,15,71223,207528,3132,0,4289,281883,286173,77628,36957,768,0,0,115354,115354
port1404,2026-01-19,Xiamen,18,7,3,0,2,28,30,556946,109034,9596,0,6378,675576,681955,385644,78453,1634,0,0,465731,465731
port1404,2026-01-20,Xiamen,17,1,3,0,1,21,22,135679,16919,9072,0,7610,161671,169281,365014,0,801,0,0,365815,365815
port1404,2026-01-21,Xiamen,18,5,2,0,1,25,26,152068,70449,4391,0,1555,226909,228465,286325,6533,768,0,0,293627,293627
port1404,2026-01-22,Xiamen,12,1,1,0,1,14,15,141021,49990,6187,0,1752,197199,198951,158822,0,0,0,0,158822,158822
port1404,2026-01-23,Xiamen,13,3,5,0,1,21,22,178431,61121,9396,0,1398,248950,250348,147482,0,5017,0,0,152499,152499
port1404,2026-01-24,Xiamen,15,3,2,0,2,20,22,83540,48682,12073,0,4023,144295,148319,140536,6533,768,0,7616,147838,155454
port1404,2026-01-25,Xiamen,15,5,3,0,2,23,25,63637,87032,3132,0,12002,153802,165804,174102,126920,5948,0,0,306971,306971
port1404,2026-01-26,Xiamen,17,5,1,0,1,23,24,473309,105698,3132,0,7381,582140,589522,321651,0,768,0,0,322420,322420
port1404,2026-01-27,Xiamen,17,1,3,0,0,21,21,339677,31402,11590,0,0,382670,382670,386239,0,0,0,0,386239,386239
port1404,2026-01-28,Xiamen,19,3,1,0,0,23,23,133507,125553,0,0,0,259060,259060,413913,6533,1101,0,0,421548,421548
port1404,2026-01-29,Xiamen,19,1,4,0,1,24,25,165569,0,16679,0,1398,182249,183647,359053,76259,768,0,0,436082,436082
port1404,2026-01-30,Xiamen,13,5,3,0,1,21,22,139663,96498,12300,0,3241,248462,251704,177369,0,768,0,0,178138,178138
port1404,2026-01-31,Xiamen,14,3,2,0,1,19,20,58542,114763,6264,0,4266,179570,183836,221221,0,1537,0,0,222759,222759
port1404,2026-02-01,Xiamen,16,0,2,1,1,19,20,137393,0,3132,0,1258,140525,141783,146093,0,2836,3565,0,152496,152496
port1404,2026-02-02,Xiamen,17,1,2,0,2,20,22,97716,32487,19540,0,8016,149744,157760,191301,6533,0,0,1197,197834,199032
port1404,2026-02-03,Xiamen,15,4,4,0,0,23,23,363902,99916,9030,0,0,472849,472849,210037,0,1537,0,0,211574,211574
port1404,2026-02-04,Xiamen,21,0,0,0,0,21,21,157438,0,0,0,0,157438,157438,275986,0,0,0,0,275986,275986
port1404,2026-02-05,Xiamen,19,4,1,0,1,24,25,33035,135965,3132,0,2443,172132,174576,325398,81626,768,0,0,407794,407794
port1404,2026-02-06,Xiamen,11,2,2,0,2,15,17,212650,33991,18810,0,12108,265452,277561,110751,0,768,0,0,111520,111520
port1404,2026-02-07,Xiamen,16,3,0,0,1,19,20,480633,169058,0,0,521,649692,650214,233772,0,0,0,0,233772,233772
port1404,2026-02-08,Xiamen,14,1,1,0,0,16,16,3868,0,3132,0,0,7000,7000,363042,5882,768,0,0,369693,369693
port1404,2026-02-09,Xiamen,10,3,4,1,2,18,20,22294,69203,6408,0,6343,97906,104249,207215,9561,3351,1451,5410,221579,226990
port1404,2026-02-10,Xiamen,18,4,4,0,2,26,28,324028,823,12028,0,1065,336879,337945,195844,43824,5517,0,3130,245185,248316
port1404,2026-02-11,Xiamen,12,3,2,0,0,17,17,34628,5820,14041,0,0,54491,54491,260011,73076,0,0,0,333087,333087
port1404,2026-02-12,Xiamen,14,4,4,0,0,22,22,110864,156594,18704,0,0,286162,286162,279203,0,5457,0,0,284660,284660
port1404,2026-02-13,Xiamen,13,3,2,1,1,19,20,62121,61258,23132,0,1065,146512,147578,217403,17639,0,0,0,235042,235042
port1404,2026-02-14,Xiamen,13,0,0,0,1,13,14,351940,0,0,0,2443,351940,354384,153477,0,0,0,0,153477,153477
port1404,2026-02-15,Xiamen,10,0,0,0,1,10,11,9210,0,0,0,22814,9210,32025,104176,0,0,0,0,104176,104176
port1404,2026-02-16,Xiamen,14,1,1,1,2,17,19,48985,99768,0,963,4937,149717,154655,178320,0,1603,1015,163,180939,181102
port1404,2026-02-17,Xiamen,20,3,0,2,1,25,26,256270,97440,0,963,3730,354675,358405,314055,0,0,10585,0,324640,324640
port1404,2026-02-18,Xiamen,15,0,0,0,5,15,20,81343,0,0,0,24323,81343,105667,169689,0,0,0,767,169689,170456
port1404,2026-02-19,Xiamen,17,1,1,0,0,19,19,95572,0,3132,0,0,98704,98704,208075,0,768,0,0,208843,208843
port1404,2026-02-20,Xiamen,10,5,1,0,1,16,17,415363,72760,0,0,913,488123,489036,169018,109007,2927,0,0,280952,280952
port1404,2026-02-21,Xiamen,12,2,0,0,2,14,16,37610,9926,0,0,6878,47536,54415,205075,11367,0,0,0,216443,216443
port1404,2026-02-22,Xiamen,12,1,1,0,1,14,15,537097,70583,3523,0,1398,611205,612603,66967,0,0,0,0,66967,66967
port1404,2026-02-23,Xiamen,8,2,0,0,1,10,11,35403,30799,0,0,517,66203,66721,57698,0,0,0,0,57698,57698
port1404,2026-02-24,Xiamen,9,2,2,0,2,13,15,52526,82234,8857,0,913,143617,144530,192206,6533,768,0,9580,199508,209089
port1404,2026-02-25,Xiamen,10,4,1,0,2,15,17,127323,127121,3132,0,8487,257577,266065,141117,6533,768,0,0,148419,148419
port1404,2026-02-26,Xiamen,12,3,2,0,1,17,18,317925,217055,144,0,3976,535125,539101,122670,6533,1902,0,0,131106,131106
port1404,2026-02-27,Xiamen,7,2,2,0,1,11,12,47728,17282,8669,0,913,73680,74593,133873,0,0,0,0,133873,133873
port1404,2026-02-28,Xiamen,12,4,1,0,2,17,19,60520,102940,3132,0,13304,166592,179896,110795,6533,768,0,0,118097,118097
port1404,2026-03-01,Xiamen,10,4,1,0,1,15,16,482840,305164,0,0,2286,788004,790290,72003,0,0,0,0,72003,72003
port1404,2026-03-02,Xiamen,12,0,3,0,0,15,15,180958,0,9396,0,0,190354,190354,225922,0,2306,0,0,228228,228228
port1404,2026-03-03,Xiamen,16,2,3,0,2,21,23,176607,162739,5109,0,8134,344456,352591,150792,0,970,0,0,151763,151763
port1404,2026-03-04,Xiamen,14,0,4,1,0,19,19,100530,0,2127,963,0,103621,103621,164857,0,2209,1015,0,168082,168082
port1404,2026-03-05,Xiamen,13,4,3,0,3,20,23,130685,90826,10963,0,5455,232476,237931,103784,1589,1537,0,0,106911,106911
port1404,2026-03-06,Xiamen,13,4,2,0,1,19,20,68004,32197,14726,0,913,114928,115841,125691,35474,768,0,0,161935,161935
port1404,2026-03-07,Xiamen,16,0,2,0,1,18,19,56911,0,3132,0,5258,60043,65301,85231,0,1442,0,3720,86673,90393
port1404,2026-03-08,Xiamen,13,6,1,0,0,20,20,2439,93592,0,0,0,96031,96031,228841,0,465,0,0,229306,229306
port1404,2026-03-09,Xiamen,13,2,1,0,0,16,16,162086,81022,3132,0,0,246240,246240,203703,0,768,0,0,204472,204472
port1404,2026-03-10,Xiamen,18,2,2,0,0,22,22,114620,57511,4044,0,0,176175,176175,234246,6533,768,0,0,241548,241548
port1404,2026-03-11,Xiamen,15,4,2,0,3,21,24,125817,91945,3132,0,9323,220894,230218,414104,0,2602,0,0,416706,416706
port1404,2026-03-12,Xiamen,14,3,2,0,2,19,21,89373,84691,1083,0,913,175148,176061,247363,0,402,0,4328,247766,252094
port1404,2026-03-13,Xiamen,13,0,2,0,0,15,15,61413,0,4804,0,0,66217,66217,136732,0,476,0,0,137208,137208
port1404,2026-03-14,Xiamen,17,3,0,0,2,20,22,100287,80660,0,0,22332,180947,203279,144361,54592,0,0,0,198954,198954
port1404,2026-03-15,Xiamen,16,5,1,0,1,22,23,188310,69637,9694,0,0,267642,267642,136812,6533,0,0,16136,143345,159482
port1404,2026-03-16,Xiamen,14,1,3,0,1,18,19,213651,3089,6264,0,7075,223005,230080,233765,0,1537,0,0,235303,235303
port1404,2026-03-17,Xiamen,20,3,5,1,3,29,32,80323,30734,9561,15815,6649,136434,143084,367662,924,815,0,163,369402,369565
port1404,2026-03-18,Xiamen,17,2,0,0,0,19,19,631287,0,0,0,0,631287,631287,94612,24100,0,0,0,118712,118712
port1404,2026-03-19,Xiamen,14,2,4,1,1,21,22,320334,16264,9864,963,913,347427,348340,103091,374,970,1015,0,105451,105451
port1404,2026-03-20,Xiamen,24,2,0,0,2,26,28,347374,23115,0,0,7739,370490,378230,375935,70287,0,0,163,446222,446386
port1404,2026-03-21,Xiamen,9,4,4,0,4,17,21,57072,142171,7823,0,12616,207068,219684,135570,50668,768,0,1197,187007,188205
port1404,2026-03-22,Xiamen,16,3,2,0,2,21,23,54363,0,0,0,2311,54363,56675,170459,13450,11332,0,0,195242,195242
port1404,2026-03-23,Xiamen,17,1,6,0,0,24,24,106458,0,12292,0,0,118751,118751,193667,0,6668,0,0,200336,200336
port1404,2026-03-24,Xiamen,18,2,1,0,0,21,21,600014,126572,1989,0,0,728577,728577,251710,0,0,0,0,251710,251710
port1404,2026-03-25,Xiamen,13,0,0,0,0,13,13,84864,0,0,0,0,84864,84864,161781,0,0,0,0,161781,161781
port1404,2026-03-26,Xiamen,14,1,5,0,3,20,23,310857,0,32609,0,11120,343467,354587,217542,6883,0,0,0,224426,224426
port1404,2026-03-27,Xiamen,13,4,0,0,1,17,18,223025,171677,0,0,0,394703,394703,161898,6939,0,0,5216,168838,174055
port1404,2026-03-28,Xiamen,20,2,4,0,1,26,27,144643,32487,9078,0,4023,186209,190233,285058,6533,1537,0,163,293128,293291
port1404,2026-03-29,Xiamen,11,3,1,0,1,15,16,169627,141980,1506,0,4023,313114,317138,226051,43154,0,0,163,269206,269369
port1404,2026-03-30,Xiamen,12,5,4,0,0,21,21,18867,80953,21935,0,0,121756,121756,207106,9223,1537,0,0,217868,217868
port1404,2026-03-31,Xiamen,17,1,2,1,1,21,22,145315,72898,0,0,592,218213,218806,346208,0,3026,857,756,350092,350849
port1404,2026-04-01,Xiamen,14,4,0,0,1,18,19,126882,18362,0,0,6926,145244,152170,129734,9162,0,0,0,138897,138897
port1404,2026-04-02,Xiamen,14,3,3,0,1,20,21,106683,64717,7109,0,913,178510,179423,217379,0,3247,0,0,220626,220626
port1404,2026-04-03,Xiamen,16,2,2,1,1,21,22,167881,99760,17297,963,2094,285902,287997,273941,0,0,1015,0,274956,274956
port1404,2026-04-04,Xiamen,17,0,2,0,2,19,21,700375,0,5448,0,1258,705823,707081,180014,0,0,0,7762,180014,187777
port1404,2026-04-05,Xiamen,14,3,2,0,1,19,20,71618,167304,21761,0,370,260683,261053,207082,0,768,0,0,207850,207850
port1404,2026-04-06,Xiamen,10,1,2,0,3,13,16,118321,0,3132,0,3432,121453,124886,126310,51375,1062,0,29337,178748,208086
port1404,2026-04-07,Xiamen,14,4,3,1,2,22,24,304041,104487,20066,0,6749,428594,435344,195598,6533,768,0,163,202900,203063
port1404,2026-04-08,Xiamen,21,4,2,0,2,27,29,356550,106403,7431,0,8047,470384,478432,187951,8255,768,0,326,196976,197302
port1404,2026-04-09,Xiamen,18,3,1,0,0,22,22,38026,56772,0,0,0,94798,94798,227389,0,8603,0,0,235993,235993
port1404,2026-04-10,Xiamen,12,4,2,0,0,18,18,133437,183744,0,0,0,317181,317181,159943,58147,3949,0,0,222041,222041
port1404,2026-04-11,Xiamen,19,1,1,0,1,21,22,237297,28177,0,0,760,265474,266235,185953,0,888,0,0,186842,186842
port1404,2026-04-12,Xiamen,19,6,3,0,2,28,30,109965,89314,11466,0,8000,210746,218746,223655,35654,1537,0,163,260848,261011
port1404,2026-04-13,Xiamen,13,3,1,1,2,18,20,88055,40506,0,200,4508,128762,133271,114977,0,3763,0,0,118741,118741
port1404,2026-04-14,Xiamen,13,4,2,0,4,19,23,145696,73952,6264,0,13376,225912,239289,265594,73509,1537,0,3720,340640,344360
port1404,2026-04-15,Xiamen,17,3,5,0,1,25,26,136516,59626,24985,0,0,221128,221128,115007,0,0,0,3441,115007,118449
port1404,2026-04-16,Xiamen,15,3,5,0,3,23,26,314906,83760,7952,0,13830,406619,420450,113442,0,3519,0,0,116962,116962
port1404,2026-04-17,Xiamen,18,3,4,0,1,25,26,78597,129462,9518,0,0,217578,217578,257532,6533,604,0,747,264670,265418
port1404,2026-04-18,Xiamen,15,3,4,0,0,22,22,102024,76199,6264,0,0,184488,184488,277384,6533,6898,0,0,290816,290816
port1404,2026-04-19,Xiamen,15,1,2,0,0,18,18,297952,576,9524,0,0,308053,308053,145460,0,768,0,0,146229,146229
port1404,2026-04-20,Xiamen,10,4,1,0,3,15,18,140156,148414,0,0,4123,288571,292695,80642,6533,2864,0,0,90040,90040
port1404,2026-04-21,Xiamen,17,3,3,0,0,23,23,36311,17296,8205,0,0,61813,61813,371451,0,768,0,0,372220,372220
port1404,2026-04-22,Xiamen,21,1,4,0,0,26,26,40056,0,17391,0,0,57448,57448,469944,9981,4109,0,0,484035,484035
port1404,2026-04-23,Xiamen,11,2,1,0,0,14,14,173877,57536,0,0,0,231414,231414,127314,0,1872,0,0,129187,129187
port1404,2026-04-24,Xiamen,19,2,0,0,0,21,21,17378,88963,0,0,0,106342,106342,361457,0,0,0,0,361457,361457
port1404,2026-04-25,Xiamen,16,3,5,1,2,25,27,148351,107029,9748,0,3972,265129,269101,191731,33677,3912,1873,0,231194,231194
port1404,2026-04-26,Xiamen,11,1,2,0,4,14,18,11927,31950,8017,0,12136,51896,64032,89825,0,604,0,33025,90429,123455
port1404,2026-04-27,Xiamen,17,4,4,0,1,25,26,76271,58429,3132,0,3976,137832,141809,368911,60238,16137,0,0,445287,445287
port1404,2026-04-28,Xiamen,13,6,1,0,0,20,20,92273,97229,2691,0,0,192193,192193,205954,4471,0,0,0,210426,210426
port1404,2026-04-29,Xiamen,18,1,2,0,1,21,22,702030,139961,2781,0,5074,844773,849848,152918,0,0,0,0,152918,152918
port1404,2026-04-30,Xiamen,12,3,1,0,1,16,17,112435,21139,4005,0,1227,137580,138807,234003,0,0,0,0,234003,234003
port1404,2026-05-01,Xiamen,13,3,2,0,1,18,19,184233,58490,8760,0,1398,251484,252883,84433,6533,2691,0,0,93658,93658
port1404,2026-05-02,Xiamen,21,2,4,1,3,28,31,135731,59539,20125,0,15810,215396,231207,308868,0,3050,4184,3720,316102,319822
port1404,2026-05-03,Xiamen,14,1,1,0,0,16,16,22338,54708,11994,0,0,89041,89041,200727,0,0,0,0,200727,200727
port1404,2026-05-04,Xiamen,15,3,3,0,0,21,21,136155,43822,13851,0,0,193829,193829,178338,0,7614,0,0,185953,185953
port1404,2026-05-05,Xiamen,19,3,1,0,1,23,24,348226,23152,0,0,4023,371379,375403,225585,61304,2549,0,163,289439,289602
port1404,2026-05-06,Xiamen,18,0,3,0,0,21,21,245832,0,18349,0,0,264181,264181,169687,0,1030,0,0,170718,170718
port1404,2026-05-07,Xiamen,10,6,1,0,0,17,17,262572,161370,3132,0,0,427075,427075,172168,6700,768,0,0,179637,179637
port1404,2026-05-08,Xiamen,14,1,0,0,2,15,17,0,0,0,0,3009,0,3009,259587,2226,0,0,0,261814,261814
port1404,2026-05-09,Xiamen,19,3,1,0,2,23,25,228310,43591,2691,0,1398,274593,275992,142233,6533,0,0,255,148766,149021
port1404,2026-05-10,Xiamen,15,2,2,0,2,19,21,69532,41971,9734,0,9573,121238,130811,312515,0,768,0,0,313284,313284
port1404,2026-05-11,Xiamen,11,2,0,0,3,13,16,50422,50371,0,0,11014,100794,111809,114611,0,0,0,163,114611,114774
port1404,2026-05-12,Xiamen,16,3,2,0,3,21,24,350676,36783,3132,0,8376,390592,398968,374898,0,1680,0,2423,376579,379002
port1404,2026-05-13,Xiamen,13,3,4,0,1,20,21,185945,108891,9153,0,2124,303991,306115,156887,0,5356,0,0,162244,162244
port1404,2026-05-14,Xiamen,8,2,3,0,1,13,14,125736,5009,8214,0,6894,138961,145855,124328,45773,6094,0,0,176196,176196
port1404,2026-05-15,Xiamen,11,3,2,0,1,16,17,39522,251190,8334,0,3976,299047,303023,197726,16566,768,0,0,215061,215061
port1404,2026-05-16,Xiamen,17,4,3,0,2,24,26,137719,116006,7615,0,4247,261341,265589,252548,10961,1537,0,0,265047,265047
port1404,2026-05-17,Xiamen,11,3,1,0,1,15,16,130608,187254,0,0,2334,317863,320197,133133,6533,2169,0,0,141836,141836
port1404,2026-05-18,Xiamen,18,2,6,0,2,26,28,455533,0,18783,0,4399,474317,478716,145316,0,1923,0,0,147239,147239
port1404,2026-05-19,Xiamen,14,3,1,0,2,18,20,75772,72470,4939,0,11079,153183,164262,299360,13066,481,0,0,312907,312907
port1404,2026-05-20,Xiamen,11,3,3,0,0,17,17,49962,95875,3682,0,0,149520,149520,106571,6533,3160,0,0,116265,116265
port1404,2026-05-21,Xiamen,18,3,0,0,1,21,22,240987,151074,0,0,0,392061,392061,194874,6533,0,0,0,201407,201407
port1404,2026-05-22,Xiamen,10,0,3,0,0,13,13,49701,0,12906,0,0,62608,62608,136561,0,0,0,0,136561,136561
port1404,2026-05-23,Xiamen,16,1,5,0,1,22,23,246563,15005,22454,0,2226,284024,286250,241275,0,1955,0,0,243231,243231
port1404,2026-05-24,Xiamen,12,2,1,0,1,15,16,209371,13727,3132,0,1398,226231,227630,153861,0,768,0,0,154629,154629
port1404,2026-05-25,Xiamen,20,4,2,1,1,27,28,165067,88702,7578,0,4436,261348,265785,360594,54728,11997,513,0,427833,427833
port1404,2026-05-26,Xiamen,13,3,2,0,2,18,20,294598,17954,0,0,4023,312552,316576,94216,6939,4983,0,163,106139,106302
port1404,2026-05-27,Xiamen,16,5,3,0,1,24,25,43557,160137,3132,0,0,206827,206827,225483,6533,8652,0,0,240669,240669
port1404,2026-05-28,Xiamen,10,2,1,0,0,13,13,28405,111261,3132,0,0,142798,142798,193656,6533,768,0,0,200958,200958
port1404,2026-05-29,Xiamen,14,1,0,1,0,16,16,472044,32487,0,963,0,505495,505495,154583,6533,0,1015,0,162131,162131
port1416,2025-12-21,Yokkaichi,2,1,2,2,16,7,23,659,0,2920,0,7086,3580,10667,824,511,0,1017,18187,2353,20541
port1416,2025-12-22,Yokkaichi,2,1,0,2,17,5,22,1267,10737,0,0,11170,12005,23175,1269,116,0,404,9271,1790,11062
port1416,2025-12-23,Yokkaichi,2,0,1,0,17,3,20,255,0,446,0,12769,702,13471,496,0,0,0,16125,496,16621
port1416,2025-12-24,Yokkaichi,3,0,1,0,11,4,15,659,0,1240,0,6242,1900,8142,3030,0,135,0,12642,3165,15808
port1416,2025-12-25,Yokkaichi,2,1,4,1,16,8,24,1059,103,3063,0,8685,4227,12912,2461,1231,270,0,22238,3963,26202
port1416,2025-12-26,Yokkaichi,2,1,0,2,11,5,16,1297,22146,0,0,7076,23444,30520,0,0,0,0,13378,0,13378
port1416,2025-12-27,Yokkaichi,3,1,0,2,15,6,21,1941,0,0,0,6192,1941,8133,252,1645,0,0,15045,1898,16943
port1416,2025-12-28,Yokkaichi,1,0,2,2,16,5,21,659,0,2480,0,8239,3140,11379,552,0,270,2718,18015,3541,21557
port1416,2025-12-29,Yokkaichi,3,0,2,1,17,6,23,2515,0,1240,0,14827,3755,18583,1041,0,135,0,23183,1176,24360
port1416,2025-12-30,Yokkaichi,2,1,0,1,5,4,9,1295,0,0,0,375,1295,1671,552,2400,0,0,5643,2952,8596
port1416,2025-12-31,Yokkaichi,0,0,0,0,5,0,5,0,0,0,0,0,0,0,0,0,0,0,34204,0,34204
port1416,2026-01-01,Yokkaichi,1,0,1,0,12,2,14,0,0,0,0,32447,0,32447,944,0,0,0,13749,944,14694
port1416,2026-01-02,Yokkaichi,1,0,1,0,14,2,16,1399,0,0,0,9852,1399,11252,0,0,0,0,21367,0,21367
port1416,2026-01-03,Yokkaichi,0,0,0,0,10,0,10,0,0,0,0,7138,0,7138,0,0,0,0,7078,0,7078
port1416,2026-01-04,Yokkaichi,1,3,1,0,17,5,22,531,21019,583,0,26827,22134,48961,0,2093,0,0,13085,2093,15179
port1416,2026-01-05,Yokkaichi,3,1,1,0,24,5,29,2601,103,0,0,13775,2705,16481,1105,1231,0,0,22902,2336,25239
port1416,2026-01-06,Yokkaichi,4,0,2,2,14,8,22,2870,0,398,0,83670,3268,86938,0,0,0,0,10655,0,10655
port1416,2026-01-07,Yokkaichi,3,1,2,1,14,7,21,1696,0,3672,0,10948,5368,16317,0,1374,135,0,17393,1509,18903
port1416,2026-01-08,Yokkaichi,1,2,1,0,13,4,17,689,28526,1240,0,20488,30456,50945,0,4977,135,0,10392,5112,15505
port1416,2026-01-09,Yokkaichi,2,0,2,1,16,5,21,0,0,1908,0,8724,1908,10632,2378,0,135,0,22142,2513,24656
port1416,2026-01-10,Yokkaichi,1,1,1,1,12,4,16,1657,0,590,0,4456,2248,6704,0,3284,0,0,12935,3284,16219
port1416,2026-01-11,Yokkaichi,0,0,0,0,6,0,6,0,0,0,0,1127,0,1127,0,0,0,0,9092,0,9092
port1416,2026-01-12,Yokkaichi,1,1,2,2,19,6,25,1286,0,1240,0,9856,2526,12383,0,7194,135,0,2350,7330,9680
port1416,2026-01-13,Yokkaichi,2,0,2,0,13,4,17,2652,0,3582,0,10268,6235,16503,0,0,0,0,6708,0,6708
port1416,2026-01-14,Yokkaichi,1,1,2,1,9,5,14,659,15058,2480,0,2644,18199,20843,552,0,270,0,6642,823,7465
port1416,2026-01-15,Yokkaichi,1,1,2,1,26,5,31,250,0,1240,0,15088,1490,16579,0,1645,135,0,16149,1781,17931
port1416,2026-01-16,Yokkaichi,3,1,2,1,13,7,20,2102,0,1240,50,9368,3392,12761,368,1109,135,265,41473,1878,43352
port1416,2026-01-17,Yokkaichi,0,0,1,1,12,2,14,0,0,0,50,8634,50,8685,0,0,0,265,6072,265,6337
port1416,2026-01-18,Yokkaichi,1,2,1,2,16,6,22,0,0,1240,50,46223,1290,47514,492,2328,135,265,123351,3222,126573
port1416,2026-01-19,Yokkaichi,0,1,2,1,13,4,17,0,103,0,0,11845,103,11949,0,1231,0,0,36362,1231,37593
port1416,2026-01-20,Yokkaichi,2,0,1,1,17,4,21,1247,0,0,0,3074,1247,4321,637,0,0,0,15967,637,16604
port1416,2026-01-21,Yokkaichi,4,0,1,1,17,6,23,2795,0,1240,0,9042,4035,13077,1697,0,135,0,14091,1832,15923
port1416,2026-01-22,Yokkaichi,5,2,2,1,15,10,25,5058,103,2480,0,21858,7643,29501,1065,2877,270,0,6556,4213,10769
port1416,2026-01-23,Yokkaichi,4,1,0,2,11,7,18,659,103,0,0,7187,763,7951,2686,1231,0,0,56814,3917,60732
port1416,2026-01-24,Yokkaichi,1,1,3,0,11,5,16,659,103,4766,0,15211,5530,20742,552,1231,270,0,10008,2055,12063
port1416,2026-01-25,Yokkaichi,0,0,0,1,10,1,11,0,0,0,0,9945,0,9945,0,0,0,0,4706,0,4706
port1416,2026-01-26,Yokkaichi,0,1,3,1,29,5,34,0,103,2480,0,93751,2584,96335,0,1231,270,0,23976,1502,25479
port1416,2026-01-27,Yokkaichi,1,4,2,1,16,8,24,659,49752,2480,0,7904,52892,60797,552,2877,270,0,5343,3700,9044
port1416,2026-01-28,Yokkaichi,3,1,0,0,18,4,22,2242,1776,0,0,16650,4019,20670,1382,0,0,0,7992,1382,9375
port1416,2026-01-29,Yokkaichi,5,1,0,1,12,7,19,2060,103,0,0,10217,2164,12381,5813,1231,0,0,5480,7044,12525
port1416,2026-01-30,Yokkaichi,1,2,1,1,18,5,23,0,52643,590,0,13932,53233,67166,0,1231,0,0,48251,1231,49482
port1416,2026-01-31,Yokkaichi,3,1,2,1,15,7,22,748,103,4215,0,15741,5067,20808,2214,1231,135,1020,13857,4601,18459
port1416,2026-02-01,Yokkaichi,1,0,2,1,14,4,18,1557,0,1638,0,24647,3195,27843,0,0,135,0,21349,135,21484
port1416,2026-02-02,Yokkaichi,0,0,1,2,17,3,20,0,0,0,0,10668,0,10668,0,0,0,0,13440,0,13440
port1416,2026-02-03,Yokkaichi,1,1,3,2,21,7,28,510,0,3349,2791,9851,6652,16504,0,7602,270,0,12284,7873,20158
port1416,2026-02-04,Yokkaichi,2,1,2,0,18,5,23,276,0,1240,0,12177,1516,13693,387,256,135,0,9754,779,10533
port1416,2026-02-05,Yokkaichi,3,2,1,1,18,7,25,1925,52789,1240,0,10729,55955,66684,1719,0,135,0,22863,1854,24718
port1416,2026-02-06,Yokkaichi,2,1,2,0,16,5,21,1358,0,3020,0,12827,4378,17205,2577,1645,135,0,16638,4359,20997
port1416,2026-02-07,Yokkaichi,3,1,2,0,13,6,19,0,0,2480,0,3937,2480,6417,2352,2567,270,0,7345,5190,12535
port1416,2026-02-08,Yokkaichi,1,0,1,2,17,4,21,659,0,1240,0,13088,1900,14988,552,0,135,0,10259,688,10947
port1416,2026-02-09,Yokkaichi,1,2,1,3,13,7,20,0,103,0,0,3061,103,3164,258,3042,0,0,15474,3300,18775
port1416,2026-02-10,Yokkaichi,2,1,0,1,19,4,23,1282,103,0,0,9560,1386,10946,252,1231,0,0,14363,1484,15847
port1416,2026-02-11,Yokkaichi,2,2,1,0,10,5,15,11054,51035,27291,0,58040,89382,147422,0,0,0,0,44580,0,44580
port1416,2026-02-12,Yokkaichi,2,1,1,2,21,6,27,249,0,531,0,14391,780,15172,638,419,0,0,8607,1057,9665
port1416,2026-02-13,Yokkaichi,0,2,2,1,19,5,24,0,5190,1240,0,57859,6431,64290,0,0,135,0,13167,135,13303
port1416,2026-02-14,Yokkaichi,1,3,0,1,18,5,23,0,0,0,0,2546,0,2546,833,4471,0,0,50556,5305,55861
port1416,2026-02-15,Yokkaichi,1,0,3,0,8,4,12,262,0,2756,0,6120,3019,9140,0,0,270,0,9125,270,9396
port1416,2026-02-16,Yokkaichi,2,0,2,1,19,5,24,2445,0,2199,0,19183,4645,23828,1489,0,0,0,23559,1489,25049
port1416,2026-02-17,Yokkaichi,1,2,4,2,21,9,30,659,27973,4574,0,12497,33208,45705,552,599,406,0,19474,1558,21033
port1416,2026-02-18,Yokkaichi,1,1,1,0,12,3,15,1914,184,0,0,3158,2098,5257,0,0,0,0,20605,0,20605
port1416,2026-02-19,Yokkaichi,1,2,1,2,17,6,23,2660,0,1240,0,8567,3900,12468,0,2064,135,0,16598,2200,18798
port1416,2026-02-20,Yokkaichi,3,1,1,0,18,5,23,659,38009,1240,0,17530,39909,57439,2065,0,135,0,28126,2200,30327
port1416,2026-02-21,Yokkaichi,3,0,1,0,19,4,23,1788,0,1240,0,25155,3028,28184,252,0,135,0,14538,387,14926
port1416,2026-02-22,Yokkaichi,3,1,1,1,7,6,13,1058,368,1240,0,4746,2667,7413,1508,0,135,0,3767,1644,5411
port1416,2026-02-23,Yokkaichi,3,0,4,4,16,11,27,1440,0,2557,0,8531,3998,12529,0,0,135,0,20411,135,20546
port1416,2026-02-24,Yokkaichi,3,1,1,2,18,7,25,539,0,2800,0,9337,3340,12678,2354,1645,0,0,16308,4000,20308
port1416,2026-02-25,Yokkaichi,2,1,0,1,16,4,20,515,0,0,50,3740,566,4307,2004,419,0,265,25928,2689,28618
port1416,2026-02-26,Yokkaichi,0,0,2,1,5,3,8,0,0,9038,0,0,9038,9038,0,0,135,0,4716,135,4851
port1416,2026-02-27,Yokkaichi,3,1,2,1,13,7,20,2018,68464,2480,0,7471,72962,80434,1199,0,270,0,11693,1470,13164
port1416,2026-02-28,Yokkaichi,1,1,1,1,17,4,21,533,5195,1240,0,24796,6968,31765,0,0,135,1210,53277,1345,54622
port1416,2026-03-01,Yokkaichi,2,1,2,0,18,5,23,989,0,2480,0,2048,3469,5517,0,256,270,0,15992,526,16519
port1416,2026-03-02,Yokkaichi,2,0,2,0,23,4,27,638,0,1240,0,9700,1878,11579,496,0,135,0,30369,632,31001
port1416,2026-03-03,Yokkaichi,2,1,2,1,6,6,12,2872,10737,0,0,86727,13609,100337,0,116,228,0,6182,345,6528
port1416,2026-03-04,Yokkaichi,2,2,0,2,3,6,9,2564,49104,0,0,5159,51669,56829,743,2898,0,0,1953,3641,5595
port1416,2026-03-05,Yokkaichi,2,0,1,1,6,4,10,2451,0,1240,0,2483,3691,6174,368,0,135,0,10329,503,10833
port1416,2026-03-06,Yokkaichi,1,2,1,0,15,4,19,2292,0,1240,0,1141,3532,4674,0,2064,135,0,13474,2200,15674
port1416,2026-03-07,Yokkaichi,2,2,2,0,9,6,15,659,0,3429,0,6409,4089,10498,1330,787,135,0,10558,2253,12812
port1416,2026-03-08,Yokkaichi,1,1,3,0,7,5,12,0,0,1760,0,4770,1760,6530,255,2225,135,0,3921,2615,6537
port1416,2026-03-09,Yokkaichi,2,2,2,1,15,7,22,1787,0,1240,0,2635,3027,5663,0,2200,135,0,20340,2335,22676
port1416,2026-03-10,Yokkaichi,2,0,0,3,19,5,24,233,0,0,0,15383,233,15616,370,0,0,0,8088,370,8459
port1416,2026-03-11,Yokkaichi,1,2,1,0,15,4,19,532,103,1240,0,3020,1876,4897,0,1650,135,0,42975,1785,44761
port1416,2026-03-12,Yokkaichi,3,2,0,1,7,6,13,538,20920,0,0,52148,21459,73607,488,0,0,0,8833,488,9321
port1416,2026-03-13,Yokkaichi,3,1,1,0,11,5,16,914,22486,1240,0,8538,24640,33178,3790,0,135,0,32014,3926,35940
port1416,2026-03-14,Yokkaichi,3,1,0,1,4,5,9,659,0,0,0,5355,659,6015,3968,419,0,0,1011,4387,5399
port1416,2026-03-15,Yokkaichi,1,0,0,0,13,1,14,659,0,0,0,8775,659,9435,552,0,0,0,10892,552,11445
port1416,2026-03-16,Yokkaichi,0,1,2,3,16,6,22,0,103,1240,0,5064,1344,6408,0,1231,135,3592,21126,4959,26085
port1416,2026-03-17,Yokkaichi,3,2,2,0,15,7,22,2205,0,4907,0,8447,7112,15559,1843,2471,135,0,28906,4450,33357
port1416,2026-03-18,Yokkaichi,3,2,1,1,14,7,21,823,14093,0,0,3681,14916,18598,2185,1231,0,0,13045,3417,16463
port1416,2026-03-19,Yokkaichi,1,0,1,0,6,2,8,0,0,1240,0,11087,1240,12327,233,0,135,0,5323,369,5693
port1416,2026-03-20,Yokkaichi,3,0,1,1,17,5,22,1335,0,1240,0,10016,2575,12591,1469,0,135,0,17257,1605,18862
port1416,2026-03-21,Yokkaichi,2,0,1,1,11,4,15,915,0,1240,0,5427,2155,7583,552,0,135,0,10479,688,11167
port1416,2026-03-22,Yokkaichi,2,2,4,1,12,9,21,5031,35653,3720,0,8766,44405,53171,519,1645,406,0,21281,2571,23852
port1416,2026-03-23,Yokkaichi,2,1,2,1,13,6,19,0,0,1240,0,7485,1240,8725,2527,419,135,0,8625,3081,11707
port1416,2026-03-24,Yokkaichi,2,0,4,2,13,8,21,256,0,6197,0,4404,6453,10857,866,0,406,0,9886,1273,11160
port1416,2026-03-25,Yokkaichi,1,0,0,1,10,2,12,559,0,0,0,1127,559,1686,0,0,0,0,39655,0,39655
port1416,2026-03-26,Yokkaichi,2,0,0,0,4,2,6,763,0,0,0,3158,763,3921,0,0,0,0,1823,0,1823
port1416,2026-03-27,Yokkaichi,3,1,3,3,15,10,25,1358,10996,2480,0,6060,14835,20895,1347,0,270,0,8440,1617,10058
port1416,2026-03-28,Yokkaichi,0,2,1,0,16,3,19,0,207,1240,0,6239,1447,7687,0,2462,135,0,17886,2598,20484
port1416,2026-03-29,Yokkaichi,2,1,2,0,9,5,14,1783,0,2480,0,4313,4263,8576,0,419,270,0,8216,689,8905
port1416,2026-03-30,Yokkaichi,1,0,4,1,18,6,24,0,0,1240,0,102588,1240,103829,255,0,511,0,21363,766,22129
port1416,2026-03-31,Yokkaichi,4,0,0,0,9,4,13,1982,0,0,0,3534,1982,5517,1363,0,0,0,10389,1363,11753
port1416,2026-04-01,Yokkaichi,2,1,1,2,19,6,25,3785,85809,2136,0,9616,91731,101347,0,0,0,0,10415,0,10415
port1416,2026-04-02,Yokkaichi,3,1,0,1,9,5,14,2359,103,0,0,375,2463,2839,0,1231,0,0,16294,1231,17526
port1416,2026-04-03,Yokkaichi,2,0,2,0,11,4,15,659,0,1240,0,5051,1900,6951,2018,0,135,0,12352,2154,14506
port1416,2026-04-04,Yokkaichi,2,0,0,0,9,2,11,2319,0,0,0,60963,2319,63283,984,0,0,0,3613,984,4597
port1416,2026-04-05,Yokkaichi,0,1,1,1,14,3,17,0,0,0,0,4340,0,4340,0,689,150,0,12048,840,12889
port1416,2026-04-06,Yokkaichi,2,0,4,2,11,8,19,659,0,2480,0,1654,3140,4794,1602,0,423,0,10648,2026,12675
port1416,2026-04-07,Yokkaichi,3,2,1,0,13,6,19,1928,103,9994,0,12909,12026,24936,552,2877,0,0,45474,3430,48904
port1416,2026-04-08,Yokkaichi,3,0,1,1,17,5,22,1200,0,0,0,11553,1200,12754,495,0,0,0,18763,495,19258
port1416,2026-04-09,Yokkaichi,1,1,1,1,16,4,20,0,71429,0,0,8434,71429,79864,1062,0,0,0,4820,1062,5882
port1416,2026-04-10,Yokkaichi,1,1,2,0,9,4,13,698,103,1240,0,5590,2042,7633,0,1231,363,0,8514,1595,10110
port1416,2026-04-11,Yokkaichi,1,1,1,2,7,5,12,0,3771,2189,0,6241,5960,12202,1062,0,0,0,20690,1062,21752
port1416,2026-04-12,Yokkaichi,2,1,2,0,20,5,25,0,103,1240,0,11719,1344,13063,888,1231,135,0,14120,2255,16375
port1416,2026-04-13,Yokkaichi,2,1,0,2,12,5,17,0,50063,0,0,9202,50063,59265,2071,0,0,0,7849,2071,9921
port1416,2026-04-14,Yokkaichi,3,1,1,0,13,5,18,1942,0,1240,0,3937,3182,7119,2299,1645,135,0,14777,4080,18858
port1416,2026-04-15,Yokkaichi,0,0,0,0,12,0,12,0,0,0,0,7485,0,7485,0,0,0,0,12496,0,12496
port1416,2026-04-16,Yokkaichi,2,0,1,1,20,4,24,1678,0,1240,0,18548,2918,21467,552,0,135,0,17236,688,17925
port1416,2026-04-17,Yokkaichi,1,0,0,0,6,1,7,527,0,0,0,778,527,1306,0,0,0,0,48052,0,48052
port1416,2026-04-18,Yokkaichi,2,0,0,1,5,3,8,1358,0,0,0,7298,1358,8656,2310,0,0,2226,6094,4537,10632
port1416,2026-04-19,Yokkaichi,1,2,2,0,13,5,18,0,43892,2505,0,6047,46397,52444,256,0,0,0,9672,256,9928
port1416,2026-04-20,Yokkaichi,2,1,1,1,14,5,19,659,0,422,0,22027,1082,23109,809,0,0,0,6206,809,7015
port1416,2026-04-21,Yokkaichi,2,2,2,3,14,9,23,937,30746,2480,0,21767,34165,55932,637,1645,270,0,10974,2554,13528
port1416,2026-04-22,Yokkaichi,0,1,5,0,22,6,28,0,0,3900,0,4294,3900,8195,0,419,406,0,16678,825,17504
port1416,2026-04-23,Yokkaichi,5,0,1,2,14,8,22,2407,0,1240,0,63209,3647,66857,1997,0,135,0,12787,2132,14920
port1416,2026-04-24,Yokkaichi,0,1,2,0,12,3,15,0,0,7766,0,21239,7766,29006,0,419,135,0,21685,554,22239
port1416,2026-04-25,Yokkaichi,2,0,2,1,11,5,16,1728,0,1240,0,8855,2968,11823,552,0,135,0,5806,688,6494
port1416,2026-04-26,Yokkaichi,0,0,1,0,8,1,9,0,0,0,0,3339,0,3339,0,0,0,0,8501,0,8501
port1416,2026-04-27,Yokkaichi,1,2,0,2,17,5,22,1283,72603,0,50,7977,73937,81914,0,419,0,265,15584,684,16268
port1416,2026-04-28,Yokkaichi,1,0,4,1,13,6,19,1103,0,4960,0,6212,6064,12276,0,0,541,0,14407,541,14949
port1416,2026-04-29,Yokkaichi,2,0,2,0,23,4,27,1573,0,2017,0,15553,3591,19145,0,0,135,0,53497,135,53632
port1416,2026-04-30,Yokkaichi,2,0,3,0,13,5,18,2255,0,1240,0,11377,3496,14873,0,0,135,0,12474,135,12610
port1416,2026-05-01,Yokkaichi,2,0,0,0,8,2,10,0,0,0,0,6776,0,6776,9170,0,0,0,303,9170,9473
port1416,2026-05-02,Yokkaichi,2,1,0,0,15,3,18,1924,0,0,0,27620,1924,29544,985,34191,0,0,17316,35176,52493
port1416,2026-05-03,Yokkaichi,1,0,0,1,7,2,9,0,0,0,0,375,0,375,254,0,0,515,1799,769,2568
port1416,2026-05-04,Yokkaichi,2,0,0,0,7,2,9,2711,0,0,0,5542,2711,8253,0,0,0,0,18400,0,18400
port1416,2026-05-05,Yokkaichi,0,0,1,0,15,1,16,0,0,0,0,5660,0,5660,0,0,0,0,7816,0,7816
port1416,2026-05-06,Yokkaichi,2,1,2,1,17,6,23,936,15411,400,0,8197,16749,24946,552,0,0,0,5957,552,6510
port1416,2026-05-07,Yokkaichi,1,1,2,1,10,5,15,0,27671,1586,0,5038,29258,34296,464,0,135,0,15952,600,16553
port1416,2026-05-08,Yokkaichi,1,0,2,1,15,4,19,738,0,2480,0,2250,3218,5469,0,0,270,1161,12878,1432,14310
port1416,2026-05-09,Yokkaichi,1,1,1,1,14,4,18,0,0,0,0,22590,0,22590,529,1110,0,0,11529,1640,13169
port1416,2026-05-10,Yokkaichi,1,1,1,0,18,3,21,659,0,1240,0,17308,1900,19208,552,1312,135,0,6755,2000,8756
port1416,2026-05-11,Yokkaichi,3,1,2,1,13,7,20,3853,0,3043,0,7855,6896,14752,802,419,0,0,9112,1221,10334
port1416,2026-05-12,Yokkaichi,2,0,1,1,20,4,24,3089,0,1240,0,62729,4330,67059,368,0,135,0,20647,503,21151
port1416,2026-05-13,Yokkaichi,1,0,0,2,11,3,14,1058,0,0,0,3377,1058,4435,0,0,0,0,8516,0,8516
port1416,2026-05-14,Yokkaichi,4,1,2,0,19,7,26,4516,0,1240,0,88305,5756,94062,1105,0,135,0,12047,1240,13288
port1416,2026-05-15,Yokkaichi,1,0,2,1,14,4,18,3211,0,342,0,4032,3553,7586,0,0,0,0,14461,0,14461
port1416,2026-05-16,Yokkaichi,2,1,0,1,15,4,19,261,0,0,0,8059,261,8320,2974,419,0,0,13861,3393,17254
port1416,2026-05-17,Yokkaichi,1,0,4,0,16,5,21,1525,0,1240,0,43370,2765,46136,0,0,135,0,14583,135,14718
port1416,2026-05-18,Yokkaichi,1,0,1,1,17,3,20,0,0,2028,0,78375,2028,80403,1273,0,0,0,53202,1273,54475
port1416,2026-05-19,Yokkaichi,1,0,0,2,15,3,18,659,0,0,50,133172,710,133883,552,0,0,265,9721,818,10539
port1416,2026-05-20,Yokkaichi,2,1,2,2,17,7,24,0,0,8877,0,7069,8877,15946,3168,596,135,1201,14964,5101,20066
port1416,2026-05-21,Yokkaichi,2,1,2,0,11,5,16,2290,47674,9003,0,3836,58968,62805,552,0,135,0,10738,688,11426
port1416,2026-05-22,Yokkaichi,0,0,0,1,23,1,24,0,0,0,0,4681,0,4681,0,0,0,0,37630,0,37630
port1416,2026-05-23,Yokkaichi,4,0,1,0,5,5,10,1184,0,0,0,1874,1184,3059,1605,0,0,0,3634,1605,5239
port1416,2026-05-24,Yokkaichi,0,0,3,0,8,3,11,0,0,1240,0,1154,1240,2394,0,0,535,0,11973,535,12508
port1416,2026-05-25,Yokkaichi,1,0,2,2,26,5,31,659,0,1240,0,11587,1900,13488,552,0,135,0,22586,688,23274
port1416,2026-05-26,Yokkaichi,2,0,4,1,14,7,21,1039,0,4473,0,29990,5513,35503,1296,0,406,0,4679,1702,6382
port1416,2026-05-27,Yokkaichi,4,1,3,2,13,10,23,3072,0,1240,0,12836,4312,17149,772,119,135,510,15335,1537,16873
port1416,2026-05-28,Yokkaichi,0,1,0,2,14,3,17,0,0,0,0,6330,0,6330,0,596,0,513,10987,1109,12097
port1416,2026-05-29,Yokkaichi,0,1,1,0,11,2,13,0,21019,0,0,6639,21019,27659,0,191,0,0,7376,191,7568
port1417,2025-12-21,Yokohama,7,2,12,3,7,24,31,15731,967,2599,124,7088,19422,26511,64468,0,4454,1645,2715,70567,73283
port1417,2025-12-22,Yokohama,21,4,10,2,6,37,43,114620,16136,16481,2947,144465,150185,294651,53546,1713,1927,0,1064,57187,58252
port1417,2025-12-23,Yokohama,12,3,9,6,7,30,37,30973,95399,2153,0,5372,128526,133898,54917,84,4481,2467,3872,61951,65824
port1417,2025-12-24,Yokohama,15,1,12,8,9,36,45,11921,923,2153,2256,6859,17254,24114,73181,0,5430,459,10672,79071,89744
port1417,2025-12-25,Yokohama,16,3,16,6,8,41,49,21131,3129,4676,0,79598,28936,108535,76550,0,13047,4198,3261,93796,97057
port1417,2025-12-26,Yokohama,14,2,11,6,6,33,39,47751,5088,1695,0,8272,54535,62808,76089,0,3753,9232,4244,89075,93320
port1417,2025-12-27,Yokohama,12,0,5,4,4,21,25,51900,0,986,1028,3114,53915,57030,40254,0,2145,2587,4588,44987,49575
port1417,2025-12-28,Yokohama,9,1,5,4,2,19,21,15388,13788,1834,0,1364,31010,32375,45755,1629,4546,8242,0,60173,60173
port1417,2025-12-29,Yokohama,16,0,10,3,10,29,39,95215,0,2093,0,25186,97309,122495,33832,0,3152,0,3884,36984,40869
port1417,2025-12-30,Yokohama,8,1,4,0,4,13,17,22806,1907,1076,0,176616,25790,202406,14498,0,3289,0,0,17788,17788
port1417,2025-12-31,Yokohama,2,0,2,0,3,4,7,5883,0,717,0,40641,6601,47242,3818,0,1264,0,2333,5082,7416
port1417,2026-01-01,Yokohama,8,1,3,2,1,14,15,26056,0,717,0,0,26774,26774,3615,549,1264,2419,1399,7848,9247
port1417,2026-01-02,Yokohama,10,1,1,2,6,14,20,55214,0,0,0,5416,55214,60631,28613,0,0,578,3150,29192,32343
port1417,2026-01-03,Yokohama,5,0,2,1,4,8,12,8001,0,358,599,18201,8959,27161,8631,0,632,0,5355,9263,14619
port1417,2026-01-04,Yokohama,10,5,6,2,7,23,30,18659,37516,1794,0,9921,57970,67892,54453,0,3160,364,2995,57978,60974
port1417,2026-01-05,Yokohama,17,3,16,4,9,40,49,63787,20586,3262,0,31318,87636,118955,19040,1629,9567,2178,3303,32415,35718
port1417,2026-01-06,Yokohama,17,5,12,2,9,36,45,45218,14170,3213,62,2135,62664,64799,27711,1084,4200,822,2652,33819,36471
port1417,2026-01-07,Yokohama,18,4,11,2,12,35,47,109269,93922,6295,0,38974,209487,248462,19992,1629,3038,3884,6891,28545,35437
port1417,2026-01-08,Yokohama,10,1,14,6,14,31,45,51006,2118,3558,0,149839,56683,206522,7027,0,4703,1468,5257,13199,18456
port1417,2026-01-09,Yokohama,20,2,16,1,7,39,46,51873,1257,4666,0,6805,57797,64602,15418,0,8479,0,9596,23898,33495
port1417,2026-01-10,Yokohama,2,1,17,1,7,21,28,31794,2348,7650,0,78856,41793,120649,0,84,7241,0,3967,7326,11293
port1417,2026-01-11,Yokohama,6,2,2,4,2,14,16,8114,32247,0,0,0,40361,40361,11604,0,0,3435,0,15039,15039
port1417,2026-01-12,Yokohama,17,6,10,3,8,36,44,37112,16852,2512,124,5950,56602,62553,48398,2628,4996,2081,5200,58105,63306
port1417,2026-01-13,Yokohama,13,6,11,1,10,31,41,48121,26246,3457,0,6096,77824,83921,35094,1382,2528,0,5200,39005,44206
port1417,2026-01-14,Yokohama,13,4,15,5,10,37,47,28895,3063,2720,48,10690,34728,45418,17692,0,5550,3072,123421,26315,149737
port1417,2026-01-15,Yokohama,16,3,10,7,8,36,44,66120,6549,2153,62,42146,74886,117033,50853,169,3792,1852,2454,56668,59122
port1417,2026-01-16,Yokohama,18,4,7,5,13,34,47,68359,18919,3539,0,7059,90818,97878,90276,84,2528,2924,5474,95813,101288
port1417,2026-01-17,Yokohama,11,2,13,6,7,32,39,41455,13788,2846,0,3653,58089,61743,29263,2182,6180,2060,4456,39686,44142
port1417,2026-01-18,Yokohama,12,3,11,3,4,29,33,38788,9943,2562,0,4870,51294,56164,65839,0,5464,1926,31699,73230,104930
port1417,2026-01-19,Yokohama,13,3,13,5,11,34,45,54918,5243,3529,62,17059,63754,80813,4758,999,6250,1979,5540,13988,19528
port1417,2026-01-20,Yokohama,17,4,5,7,5,33,38,55648,15823,1435,62,288901,72970,361872,94115,0,4166,3465,0,101747,101747
port1417,2026-01-21,Yokohama,13,5,12,2,7,32,39,23720,41174,2291,0,10798,67186,77985,35587,0,6342,0,3563,41929,45493
port1417,2026-01-22,Yokohama,15,2,12,3,11,32,43,78242,16357,3545,62,6577,98208,104785,16787,1629,8268,822,5043,27507,32551
port1417,2026-01-23,Yokohama,15,2,12,7,9,36,45,58408,1161,2892,62,186880,62524,249405,44831,0,4784,1988,4462,51604,56066
port1417,2026-01-24,Yokohama,10,2,15,5,9,32,41,23701,85246,3948,0,10428,112896,123324,71631,84,8254,4679,8617,84650,93267
port1417,2026-01-25,Yokohama,13,1,9,8,6,31,37,49808,1396,2401,1649,4916,55255,60172,36062,0,3503,822,4870,40388,45259
port1417,2026-01-26,Yokohama,15,2,8,6,5,31,36,59227,1505,1076,186,5251,61997,67249,69149,0,1896,2467,6468,73513,79982
port1417,2026-01-27,Yokohama,19,3,12,4,6,38,44,52339,2348,2537,1606,6195,58832,65028,86669,84,4684,822,2526,92261,94787
port1417,2026-01-28,Yokohama,15,6,8,5,7,34,41,55968,39175,1549,48,6273,96741,103014,15767,2628,4706,4801,2633,27904,30537
port1417,2026-01-29,Yokohama,13,5,12,5,10,35,45,23041,16547,2628,0,6729,42216,48946,75236,5063,7285,2892,21180,90478,111658
port1417,2026-01-30,Yokohama,14,5,10,7,10,36,46,38286,6656,2560,62,10813,47567,58381,28636,84,4619,10457,8367,43798,52166
port1417,2026-01-31,Yokohama,8,1,10,6,4,25,29,14081,1674,3343,960,51550,20060,71611,19688,0,7042,6004,1624,32736,34361
port1417,2026-02-01,Yokohama,13,4,16,4,10,37,47,59227,2348,4463,0,85028,66040,151068,20023,4142,6507,6276,6472,36949,43421
port1417,2026-02-02,Yokohama,13,3,12,4,6,32,38,32819,5600,1933,0,2763,40352,43116,54427,84,3246,0,2017,57759,59776
port1417,2026-02-03,Yokohama,11,1,6,5,8,23,31,24562,2348,2123,0,47883,29034,76917,7910,84,1896,0,6222,9891,16113
port1417,2026-02-04,Yokohama,12,5,12,4,10,33,43,22760,15314,4775,0,118105,42850,160955,14187,9519,6321,0,2995,30027,33023
port1417,2026-02-05,Yokohama,15,6,11,5,11,37,48,48412,6081,3552,53,2363,58100,60464,32291,11371,4133,2458,11288,50255,61543
port1417,2026-02-06,Yokohama,21,0,9,4,5,34,39,91266,0,2361,0,1421,93627,95048,61958,0,4343,6173,734,72475,73210
port1417,2026-02-07,Yokohama,11,2,8,4,5,25,30,77610,31752,1435,0,4059,110798,114857,60002,583,4553,3285,6354,68425,74779
port1417,2026-02-08,Yokohama,11,2,9,7,4,29,33,29772,8253,1794,62,381,39882,40264,107069,993,5833,4616,3798,118512,122310
port1417,2026-02-09,Yokohama,11,7,7,3,8,28,36,39663,82061,1076,62,3449,122864,126314,40748,84,2985,822,4322,44641,48963
port1417,2026-02-10,Yokohama,17,4,12,5,7,38,45,77492,21853,2871,115,6353,102334,108687,33366,4381,6585,1799,3700,46132,49833
port1417,2026-02-11,Yokohama,12,5,6,3,7,26,33,53264,14987,3163,0,5964,71415,77379,19842,169,2787,2084,6969,24883,31852
port1417,2026-02-12,Yokohama,12,2,10,5,8,29,37,38522,3717,1552,62,35756,43854,79611,18304,84,5076,4332,78944,27797,106741
port1417,2026-02-13,Yokohama,12,3,7,7,6,29,35,57506,2957,2153,0,381,62617,62999,25599,84,3792,2439,3949,31916,35865
port1417,2026-02-14,Yokohama,14,0,5,2,8,21,29,37911,0,1076,48,3449,39036,42486,49498,0,1896,951,21071,52346,73418
port1417,2026-02-15,Yokohama,12,5,12,7,7,36,43,26022,20294,2113,53,2863,48484,51347,82814,1713,4920,3265,2884,92714,95598
port1417,2026-02-16,Yokohama,14,3,8,3,4,28,32,106919,10591,3263,53,0,120828,120828,21451,3667,3792,4943,11046,33855,44901
port1417,2026-02-17,Yokohama,10,1,5,3,9,19,28,35324,2348,1435,0,41062,39109,80171,31275,84,2614,0,6536,33974,40510
port1417,2026-02-18,Yokohama,12,6,16,7,6,41,47,21475,58699,3406,515,34201,84096,118297,32401,0,7170,2060,7607,41632,49239
port1417,2026-02-19,Yokohama,18,2,12,5,8,37,45,74228,3166,4145,124,5357,81666,87023,36482,0,4080,1645,2344,42208,44553
port1417,2026-02-20,Yokohama,19,3,12,1,9,35,44,51297,13862,3520,0,4822,68680,73502,69635,84,7227,0,6497,76947,83444
port1417,2026-02-21,Yokohama,12,2,7,5,6,26,32,37058,13943,1316,0,9893,52317,62211,13231,2628,1896,4618,2425,22375,24801
port1417,2026-02-22,Yokohama,7,0,8,5,4,20,24,42387,0,2783,48,6363,45218,51582,10156,0,3132,4396,945,17685,18630
port1417,2026-02-23,Yokohama,10,5,9,8,8,32,40,21350,83591,1794,124,2840,106862,109702,18623,588,5151,10766,2884,35131,38015
port1417,2026-02-24,Yokohama,13,4,15,4,15,36,51,56143,1442,3197,0,20731,60783,81514,14818,439,7336,2405,10050,25000,35051
port1417,2026-02-25,Yokohama,12,2,11,6,8,31,39,25758,12923,3230,0,7470,41912,49383,69552,0,7817,4815,4107,82185,86293
port1417,2026-02-26,Yokohama,18,0,9,7,7,34,41,91586,0,2063,62,1131,93711,94843,93028,0,4333,2360,2017,99721,101738
port1417,2026-02-27,Yokohama,13,4,13,11,4,41,45,41119,14710,3200,124,4273,59154,63428,36267,1084,8319,15665,4576,61336,65913
port1417,2026-02-28,Yokohama,11,3,5,3,5,22,27,26952,17306,2489,0,97930,46747,144678,64479,894,1775,0,9252,67148,76401
port1417,2026-03-01,Yokohama,12,3,10,5,4,30,34,60206,50212,1794,515,44478,112729,157207,23419,0,5585,7117,3206,36121,39327
port1417,2026-03-02,Yokohama,10,3,14,2,11,29,40,14465,12320,3739,0,119127,30525,149653,79121,1391,5895,0,7982,86408,94391
port1417,2026-03-03,Yokohama,8,3,7,4,7,22,29,41106,3686,1435,62,10028,46291,56319,21091,0,3096,4109,1155,28298,29454
port1417,2026-03-04,Yokohama,9,1,10,2,9,22,31,8832,2348,1794,0,4582,12976,17558,49990,84,6622,0,14097,56697,70795
port1417,2026-03-05,Yokohama,16,3,11,4,7,34,41,28753,16008,2481,62,2105,47305,49410,65603,0,4980,2353,2752,72937,75689
port1417,2026-03-06,Yokohama,12,5,12,6,11,35,46,61147,2587,4011,480,7702,68227,75930,34349,4624,7123,3992,4163,50090,54254
port1417,2026-03-07,Yokohama,16,2,3,6,10,27,37,47682,12522,1076,1190,5923,62471,68394,68663,40,1896,2854,9907,73454,83361
port1417,2026-03-08,Yokohama,11,2,9,4,6,26,32,70171,5570,3057,0,3067,78799,81867,31105,999,3787,2052,4129,37945,42074
port1417,2026-03-09,Yokohama,13,5,10,4,12,32,44,34603,23072,2871,0,147207,60547,207755,47776,184,5673,2492,9575,56126,65702
port1417,2026-03-10,Yokohama,14,1,9,4,5,28,33,26414,687,3757,62,41935,30922,72858,41996,0,3354,822,1414,46174,47588
port1417,2026-03-11,Yokohama,18,5,14,3,7,40,47,93435,51037,2917,0,1306,147389,148696,52827,0,6423,3830,4004,63081,67085
port1417,2026-03-12,Yokohama,14,2,20,8,4,44,48,42078,1568,4127,62,81783,47836,129619,36607,0,9462,4566,4153,50636,54790
port1417,2026-03-13,Yokohama,12,3,10,3,5,28,33,35037,1376,867,0,4535,37280,41816,23670,0,7027,2937,3563,33635,37199
port1417,2026-03-14,Yokohama,11,2,4,4,10,21,31,22948,8524,1725,53,8140,33252,41392,37661,0,1264,976,14546,39902,54448
port1417,2026-03-15,Yokohama,8,3,7,3,3,21,24,66316,34467,1197,62,0,102043,102043,32409,0,1546,4280,0,38235,38235
port1417,2026-03-16,Yokohama,14,4,7,1,10,26,36,64490,16914,1847,0,5105,83252,88358,33875,1629,2088,0,801,37594,38396
port1417,2026-03-17,Yokohama,11,1,13,2,10,27,37,25587,644,3770,48,8806,30050,38857,33139,0,6869,951,4670,40960,45630
port1417,2026-03-18,Yokohama,16,1,10,2,14,29,43,59373,155,2422,48,26587,61999,88586,29413,999,5937,2937,10296,39287,49584
port1417,2026-03-19,Yokohama,17,1,9,5,6,32,38,71953,6622,2153,124,29318,80854,110172,45852,0,4157,1645,9907,51655,61563
port1417,2026-03-20,Yokohama,16,3,8,5,7,32,39,42456,1223,1945,62,7330,45687,53017,72637,0,3134,1846,6034,77618,83652
port1417,2026-03-21,Yokohama,12,1,11,10,3,34,37,63034,3319,2449,1977,850,70781,71631,7551,0,5367,9251,436,22170,22606
port1417,2026-03-22,Yokohama,11,3,10,8,12,32,44,57640,93153,8106,124,2107,159025,161132,16163,0,5057,3406,8282,24627,32909
port1417,2026-03-23,Yokohama,12,7,14,3,15,36,51,49004,8903,1881,0,46618,59789,106407,25166,999,6362,0,7951,32528,40480
port1417,2026-03-24,Yokohama,16,6,7,6,6,35,41,29644,14319,1435,1737,167046,47138,214185,24163,509,3569,822,4700,29065,33766
port1417,2026-03-25,Yokohama,14,0,14,6,9,34,43,53286,0,2512,53,33333,55852,89186,52595,0,8949,9168,8728,70712,79440
port1417,2026-03-26,Yokohama,13,1,7,6,6,27,33,34367,0,986,0,4161,35353,39515,34279,0,6667,2424,3730,43372,47102
port1417,2026-03-27,Yokohama,16,3,7,7,5,33,38,91109,1836,2512,62,5501,95520,101022,67018,999,4424,3778,4808,76221,81030
port1417,2026-03-28,Yokohama,7,0,14,7,9,28,37,43751,0,4666,62,20109,48480,68589,31828,0,8657,9282,65,49768,49833
port1417,2026-03-29,Yokohama,12,4,7,4,13,27,40,22458,9842,2567,0,6721,34867,41588,63051,1077,4455,5256,9201,73841,83043
port1417,2026-03-30,Yokohama,16,5,18,9,8,48,56,78738,2595,6093,0,34838,87428,122266,27672,999,8685,6190,2442,43548,45991
port1417,2026-03-31,Yokohama,7,1,9,2,6,19,25,17572,370,2153,62,3067,20158,23226,45575,0,4339,822,4034,50737,54771
port1417,2026-04-01,Yokohama,15,4,6,3,9,28,37,32151,14923,1528,0,173527,48603,222130,24672,993,1896,0,9262,27562,36824
port1417,2026-04-02,Yokohama,19,2,10,4,4,35,39,90108,2916,2067,0,3067,95092,98160,53696,0,8164,4161,2995,66023,69019
port1417,2026-04-03,Yokohama,13,4,18,5,8,40,48,48252,8420,5643,0,6715,62316,69032,46492,321,12313,1324,2506,60452,62958
port1417,2026-04-04,Yokohama,7,2,6,1,3,16,19,34341,1253,1879,0,381,37474,37856,23144,0,2922,0,734,26067,26802
port1417,2026-04-05,Yokohama,13,5,7,2,7,27,34,13004,4923,1076,0,116718,19004,135723,113929,0,4686,3959,1487,122575,124062
port1417,2026-04-06,Yokohama,17,5,15,4,11,41,52,53732,6192,3882,0,3141,63807,66948,49589,6242,10226,511,12552,66569,79121
port1417,2026-04-07,Yokohama,14,1,8,3,4,26,30,35811,2348,2499,124,763,40783,41547,52982,84,3160,1645,1469,57873,59343
port1417,2026-04-08,Yokohama,15,4,10,4,4,33,37,53064,92662,1435,115,5178,147278,152456,49203,993,5562,1799,210,57558,57768
port1417,2026-04-09,Yokohama,15,3,10,2,10,30,40,52727,44557,3428,0,5597,100714,106311,35200,0,6028,0,6990,41229,48219
port1417,2026-04-10,Yokohama,6,4,4,2,5,16,21,6876,12075,358,0,1976,19310,21287,32383,84,2874,0,7011,35342,42354
port1417,2026-04-11,Yokohama,18,3,8,9,12,38,50,138741,6242,986,62,192501,146033,338534,50698,0,3362,6894,11401,60955,72357
port1417,2026-04-12,Yokohama,15,1,4,5,4,25,29,61545,2348,1076,62,10637,65033,75671,53722,84,4002,1283,6173,59093,65266
port1417,2026-04-13,Yokohama,14,5,7,4,4,30,34,81239,4096,2153,124,3154,87614,90769,17185,84,3792,1645,3331,22708,26039
port1417,2026-04-14,Yokohama,4,3,13,5,5,25,30,3020,12114,3642,107,4938,18884,23823,7663,2112,7206,3482,8808,20464,29273
port1417,2026-04-15,Yokohama,12,2,8,4,9,26,35,53479,3188,1704,0,9310,58372,67683,14364,84,3331,2192,5587,19972,25559
port1417,2026-04-16,Yokohama,20,3,12,6,8,41,49,54003,1609,2512,62,6349,58187,64537,40183,0,5072,3479,3149,48735,51885
port1417,2026-04-17,Yokohama,15,1,6,5,3,27,30,34939,185,6954,0,2076,42079,44156,47848,0,2773,0,2612,50622,53235
port1417,2026-04-18,Yokohama,17,1,2,2,9,22,31,62558,0,908,62,7663,63529,71192,78556,0,632,5076,5643,84264,89908
port1417,2026-04-19,Yokohama,9,4,8,8,6,29,35,18415,2348,1076,124,111000,21965,132965,30032,360,5643,6292,275450,42329,317780
port1417,2026-04-20,Yokohama,12,3,8,5,7,28,35,101966,3173,2512,62,2725,107714,110440,45275,84,4424,5019,2663,54804,57467
port1417,2026-04-21,Yokohama,13,4,11,4,8,32,40,48061,3982,2405,0,991,54449,55440,63873,878,3764,1216,1968,69733,71702
port1417,2026-04-22,Yokohama,8,5,7,7,11,27,38,18985,5091,1794,186,12486,26058,38545,25286,1084,3354,2467,56044,32192,88237
port1417,2026-04-23,Yokohama,12,2,3,8,9,25,34,43551,370,1441,740,2887,46104,48991,14178,0,624,3933,5583,18735,24319
port1417,2026-04-24,Yokohama,19,4,12,3,7,38,45,75668,17387,2871,0,10466,95927,106393,13474,2713,8638,1544,3117,26370,29487
port1417,2026-04-25,Yokohama,8,1,9,4,10,22,32,29842,938,1717,124,115235,32623,147859,72707,0,4683,4888,61454,82279,143733
port1417,2026-04-26,Yokohama,11,0,7,2,5,20,25,24365,0,1876,0,6899,26242,33142,32483,0,2097,1640,3744,36221,39965
port1417,2026-04-27,Yokohama,12,3,16,5,6,36,42,37503,15024,3523,62,1192,56113,57306,21750,0,7310,3563,734,32623,33358
port1417,2026-04-28,Yokohama,17,2,11,4,8,34,42,98995,3524,2606,62,11659,105189,116848,67493,0,3367,822,5434,71683,77117
port1417,2026-04-29,Yokohama,20,2,16,3,7,41,48,31315,4631,3430,2148,22060,41526,63586,39649,0,6963,3754,2837,50367,53204
port1417,2026-04-30,Yokohama,16,3,17,4,11,40,51,65411,3327,4307,48,10861,73094,83956,48620,84,11493,2992,9586,63190,72777
port1417,2026-05-01,Yokohama,10,1,2,3,8,16,24,15355,736,966,0,81162,17058,98221,56823,0,632,1342,7271,58797,66069
port1417,2026-05-02,Yokohama,12,1,5,2,2,20,22,31467,0,1431,0,3552,32898,36450,35284,185,1896,2057,1414,39423,40837
port1417,2026-05-03,Yokohama,9,0,11,1,4,21,25,27273,0,3589,62,4870,30925,35795,55545,0,6321,822,441,62689,63131
port1417,2026-05-04,Yokohama,12,2,3,3,4,20,24,90872,3624,894,1582,46,96974,97021,45691,0,632,3171,1525,49494,51020
port1417,2026-05-05,Yokohama,17,1,8,3,8,29,37,39983,973,717,0,89580,41675,131255,39372,0,2076,0,7963,41449,49413
port1417,2026-05-06,Yokohama,20,2,7,3,11,32,43,61917,0,7598,0,13736,69516,83252,51761,22620,632,4617,287339,79632,366971
port1417,2026-05-07,Yokohama,16,4,13,2,13,35,48,31267,1000,4674,0,18418,36942,55360,23417,0,5256,1736,3116,30410,33526
port1417,2026-05-08,Yokohama,15,2,10,1,11,28,39,92258,52224,3043,0,4260,147526,151787,58125,0,2843,0,4901,60969,65870
port1417,2026-05-09,Yokohama,12,1,7,4,5,24,29,28057,7081,268,512,9646,35920,45566,20222,0,4401,2434,5120,27058,32178
port1417,2026-05-10,Yokohama,14,3,15,7,6,39,45,62313,4076,4347,684,3573,71422,74996,55280,0,6906,3375,2316,65562,67878
port1417,2026-05-11,Yokohama,9,1,17,1,13,28,41,71193,1208,4209,0,19513,76612,96126,21191,0,7862,0,4515,29054,33570
port1417,2026-05-12,Yokohama,16,3,16,4,14,39,53,37365,3245,3319,124,7978,44054,52033,33984,1084,8836,1645,10548,45549,56098
port1417,2026-05-13,Yokohama,12,1,9,3,6,25,31,41379,1899,1076,0,3608,44355,47963,20476,0,9361,1023,3114,30860,33975
port1417,2026-05-14,Yokohama,11,5,13,6,9,35,44,10574,54498,4951,0,12268,70023,82292,33098,0,6103,4373,4019,43575,47594
port1417,2026-05-15,Yokohama,15,4,6,7,9,32,41,30337,26985,1076,124,45172,58525,103698,30076,0,2164,2674,4769,34914,39684
port1417,2026-05-16,Yokohama,5,1,10,5,7,21,28,19588,0,2153,62,6899,21805,28705,26761,1134,6748,2707,15436,37351,52787
port1417,2026-05-17,Yokohama,12,4,10,6,13,32,45,69350,6905,4393,124,12187,80773,92961,55103,999,4346,3979,9410,64428,73839
port1417,2026-05-18,Yokohama,12,5,8,6,10,31,41,126838,8214,2245,62,2834,137361,140196,16871,0,3160,4328,3598,24359,27958
port1417,2026-05-19,Yokohama,11,3,8,4,9,26,35,40772,6191,2710,62,148498,49736,198235,50892,0,5077,822,2955,56792,59747
port1417,2026-05-20,Yokohama,18,1,12,4,9,35,44,55890,2394,2512,0,2242,60798,63040,58796,0,8982,3724,8179,71504,79683
port1417,2026-05-21,Yokohama,12,6,9,6,14,33,47,41003,17099,2063,124,2156,60290,62446,20525,9621,4135,3890,6678,38173,44851
port1417,2026-05-22,Yokohama,13,2,7,3,5,25,30,8981,709,1577,0,89890,11269,101159,70954,999,3134,1489,2209,76578,78787
port1417,2026-05-23,Yokohama,12,1,5,6,8,24,32,25223,6242,1568,53,9332,33088,42420,63565,0,3638,7516,8997,74719,83716
port1417,2026-05-24,Yokohama,12,3,5,4,4,24,28,63160,78015,1435,62,2076,142673,144750,44269,0,3077,1843,1414,49190,50604
port1417,2026-05-25,Yokohama,11,4,10,6,9,31,40,52741,17512,1794,0,3032,72048,75080,17360,999,3517,2895,4315,24772,29087
port1417,2026-05-26,Yokohama,21,4,14,5,10,44,54,118565,10586,4505,62,13360,133720,147081,64608,0,6304,822,9903,71735,81639
port1417,2026-05-27,Yokohama,11,1,8,4,13,24,37,36940,554,2215,0,9680,39710,49390,16303,0,3764,582,11851,20650,32502
port1417,2026-05-28,Yokohama,19,2,9,7,10,37,47,76372,0,1794,0,114809,78166,192976,68052,26141,4332,5694,6917,104221,111139
port1417,2026-05-29,Yokohama,17,5,9,5,10,36,46,68835,31473,2512,0,82238,102821,185060,76257,3343,5665,3081,1791,88348,90139
port2027,2025-12-21,Shanghai (Yangshan),13,2,0,0,0,15,15,120480,0,0,0,0,120480,120480,512095,0,0,0,0,512095,512095
port2027,2025-12-22,Shanghai (Yangshan),11,0,2,0,3,13,16,583283,0,343,0,40853,583626,624480,436879,0,1580,0,4125,438459,442585
port2027,2025-12-23,Shanghai (Yangshan),14,0,1,0,3,15,18,353227,0,0,0,10551,353227,363779,546159,0,0,0,1224,546159,547383
port2027,2025-12-24,Shanghai (Yangshan),11,0,0,0,0,11,11,59116,0,0,0,0,59116,59116,438553,0,0,0,0,438553,438553
port2027,2025-12-25,Shanghai (Yangshan),13,0,0,0,0,13,13,215361,0,0,0,0,215361,215361,471552,0,0,0,0,471552,471552
port2027,2025-12-26,Shanghai (Yangshan),13,0,2,0,5,15,20,184211,0,0,0,43195,184211,227407,499523,0,0,0,3538,499523,503062
port2027,2025-12-27,Shanghai (Yangshan),10,0,0,0,1,10,11,55777,0,0,0,0,55777,55777,353559,0,0,0,1836,353559,355396
port2027,2025-12-28,Shanghai (Yangshan),16,1,1,0,2,18,20,143503,0,0,0,76790,143503,220294,691896,0,0,0,1045,691896,692942
port2027,2025-12-29,Shanghai (Yangshan),13,0,1,0,1,14,15,302376,0,0,0,0,302376,302376,574071,0,0,0,0,574071,574071
port2027,2025-12-30,Shanghai (Yangshan),13,0,0,0,2,13,15,86121,0,0,0,2342,86121,88463,492227,0,0,0,0,492227,492227
port2027,2025-12-31,Shanghai (Yangshan),15,0,1,0,0,16,16,583165,0,0,0,0,583165,583165,673688,0,7186,0,0,680875,680875
port2027,2026-01-01,Shanghai (Yangshan),17,0,1,0,0,18,18,441428,0,343,0,0,441772,441772,508828,0,1580,0,0,510409,510409
port2027,2026-01-02,Shanghai (Yangshan),14,0,3,0,2,17,19,246646,0,343,0,12144,246990,259134,1083131,0,1580,0,1224,1084711,1085936
port2027,2026-01-03,Shanghai (Yangshan),12,0,0,0,4,12,16,259918,0,0,0,77609,259918,337528,458909,0,0,0,0,458909,458909
port2027,2026-01-04,Shanghai (Yangshan),18,0,0,0,3,18,21,880173,0,0,0,2899,880173,883073,838520,0,0,0,4837,838520,843357
port2027,2026-01-05,Shanghai (Yangshan),11,1,1,0,2,13,15,264225,0,0,0,0,264225,264225,369587,0,0,0,70558,369587,440145
port2027,2026-01-06,Shanghai (Yangshan),11,0,1,0,0,12,12,377131,0,0,0,0,377131,377131,365011,0,0,0,0,365011,365011
port2027,2026-01-07,Shanghai (Yangshan),18,1,0,0,3,19,22,558746,0,0,0,42430,558746,601177,495125,1819,0,0,0,496945,496945
port2027,2026-01-08,Shanghai (Yangshan),15,0,1,0,6,16,22,479757,0,0,0,11943,479757,491701,717914,0,0,0,0,717914,717914
port2027,2026-01-09,Shanghai (Yangshan),14,0,1,0,1,15,16,395185,0,0,0,77202,395185,472388,451647,0,0,0,0,451647,451647
port2027,2026-01-10,Shanghai (Yangshan),15,0,0,0,0,15,15,562926,0,0,0,0,562926,562926,611424,0,0,0,0,611424,611424
port2027,2026-01-11,Shanghai (Yangshan),15,0,2,0,2,17,19,364288,0,0,0,82009,364288,446297,581464,0,0,0,0,581464,581464
port2027,2026-01-12,Shanghai (Yangshan),13,1,0,0,4,14,18,348113,0,0,0,928,348113,349041,653957,0,0,0,523,653957,654481
port2027,2026-01-13,Shanghai (Yangshan),14,0,1,0,2,15,17,209498,0,0,0,16426,209498,225925,726803,0,6209,0,0,733012,733012
port2027,2026-01-14,Shanghai (Yangshan),13,0,0,0,1,13,14,550061,0,0,0,2899,550061,552961,441623,0,0,0,3538,441623,445161
port2027,2026-01-15,Shanghai (Yangshan),15,0,0,0,1,15,16,806556,0,0,0,74991,806556,881548,550118,0,0,0,0,550118,550118
port2027,2026-01-16,Shanghai (Yangshan),12,1,1,0,3,14,17,114853,0,0,0,6356,114853,121209,594482,0,0,0,69017,594482,663500
port2027,2026-01-17,Shanghai (Yangshan),13,0,1,0,1,14,15,320277,0,0,0,915,320277,321193,544855,0,0,0,0,544855,544855
port2027,2026-01-18,Shanghai (Yangshan),16,0,0,0,2,16,18,368153,0,0,0,74698,368153,442852,568132,0,0,0,0,568132,568132
port2027,2026-01-19,Shanghai (Yangshan),15,0,1,0,0,16,16,247061,0,0,0,0,247061,247061,574964,0,0,0,0,574964,574964
port2027,2026-01-20,Shanghai (Yangshan),13,0,0,0,0,13,13,45329,0,0,0,0,45329,45329,754779,0,0,0,0,754779,754779
port2027,2026-01-21,Shanghai (Yangshan),13,0,1,0,2,14,16,311651,0,0,0,10421,311651,322073,828959,0,0,0,1224,828959,830184
port2027,2026-01-22,Shanghai (Yangshan),13,0,1,0,2,14,16,341997,0,0,0,45330,341997,387327,460244,0,0,0,3538,460244,463783
port2027,2026-01-23,Shanghai (Yangshan),12,0,0,0,3,12,15,45329,0,0,0,89860,45329,135189,775084,0,0,0,2449,775084,777533
port2027,2026-01-24,Shanghai (Yangshan),16,1,1,0,4,18,22,105525,0,0,0,60887,105525,166413,733176,0,0,0,0,733176,733176
port2027,2026-01-25,Shanghai (Yangshan),14,0,1,0,1,15,16,416084,0,0,0,0,416084,416084,511505,0,0,0,0,511505,511505
port2027,2026-01-26,Shanghai (Yangshan),12,0,0,0,1,12,13,186481,0,0,0,41173,186481,227654,400205,0,0,0,2699,400205,402905
port2027,2026-01-27,Shanghai (Yangshan),16,0,1,0,1,17,18,462730,0,0,0,0,462730,462730,574846,0,1246,0,0,576092,576092
port2027,2026-01-28,Shanghai (Yangshan),13,1,1,0,0,15,15,721053,0,0,0,0,721053,721053,577279,0,0,0,0,577279,577279
port2027,2026-01-29,Shanghai (Yangshan),13,0,0,0,3,13,16,389673,0,0,0,51630,389673,441304,785664,0,0,0,0,785664,785664
port2027,2026-01-30,Shanghai (Yangshan),14,0,0,0,0,14,14,117076,0,0,0,0,117076,117076,549129,0,0,0,0,549129,549129
port2027,2026-01-31,Shanghai (Yangshan),13,1,1,0,3,15,18,822425,0,0,0,10421,822425,832847,344956,0,0,0,1224,344956,346181
port2027,2026-02-01,Shanghai (Yangshan),15,0,1,0,0,16,16,315633,0,0,0,0,315633,315633,682497,0,0,0,0,682497,682497
port2027,2026-02-02,Shanghai (Yangshan),14,0,1,0,2,15,17,255834,0,0,0,0,255834,255834,418030,0,0,0,0,418030,418030
port2027,2026-02-03,Shanghai (Yangshan),11,1,1,0,3,13,16,389825,0,0,0,11981,389825,401807,571763,0,0,0,1224,571763,572988
port2027,2026-02-04,Shanghai (Yangshan),12,1,0,0,1,13,14,217274,0,0,0,0,217274,217274,640652,0,0,0,0,640652,640652
port2027,2026-02-05,Shanghai (Yangshan),16,1,2,0,0,19,19,280085,380,0,0,0,280465,280465,643022,195,0,0,0,643218,643218
port2027,2026-02-06,Shanghai (Yangshan),14,0,0,0,0,14,14,226064,0,0,0,0,226064,226064,316110,0,0,0,0,316110,316110
port2027,2026-02-07,Shanghai (Yangshan),16,0,0,0,0,16,16,622830,0,0,0,0,622830,622830,581610,0,0,0,0,581610,581610
port2027,2026-02-08,Shanghai (Yangshan),15,0,1,0,1,16,17,719305,0,0,0,0,719305,719305,531944,0,0,0,0,531944,531944
port2027,2026-02-09,Shanghai (Yangshan),12,0,1,0,1,13,14,386670,0,0,0,0,386670,386670,454945,0,0,0,0,454945,454945
port2027,2026-02-10,Shanghai (Yangshan),17,0,1,0,1,18,19,488841,0,0,0,76790,488841,565632,649603,0,0,0,0,649603,649603
port2027,2026-02-11,Shanghai (Yangshan),12,1,0,0,2,13,15,41366,0,0,0,10421,41366,51787,694869,0,0,0,1224,694869,696093
port2027,2026-02-12,Shanghai (Yangshan),11,0,1,0,3,12,15,131953,0,0,0,10421,131953,142374,615130,0,0,0,1224,615130,616354
port2027,2026-02-13,Shanghai (Yangshan),13,0,1,0,1,14,15,89548,0,0,0,42436,89548,131985,645132,0,0,0,0,645132,645132
port2027,2026-02-14,Shanghai (Yangshan),11,0,0,0,1,11,12,62638,0,0,0,662,62638,63300,488003,0,0,0,0,488003,488003
port2027,2026-02-15,Shanghai (Yangshan),10,0,1,0,1,11,12,182255,0,0,0,0,182255,182255,197295,0,4694,0,15047,201990,217037
port2027,2026-02-16,Shanghai (Yangshan),15,1,0,0,2,16,18,454583,0,0,0,1306,454583,455889,425307,26396,0,0,0,451704,451704
port2027,2026-02-17,Shanghai (Yangshan),12,1,1,0,1,14,15,257462,0,0,0,0,257462,257462,709987,0,0,0,0,709987,709987
port2027,2026-02-18,Shanghai (Yangshan),15,0,1,0,2,16,18,1539530,0,0,0,1137,1539530,1540668,572696,0,0,0,0,572696,572696
port2027,2026-02-19,Shanghai (Yangshan),13,0,0,0,1,13,14,65474,0,0,0,0,65474,65474,939891,0,0,0,0,939891,939891
port2027,2026-02-20,Shanghai (Yangshan),11,0,0,0,0,11,11,865699,0,0,0,0,865699,865699,206417,0,0,0,0,206417,206417
port2027,2026-02-21,Shanghai (Yangshan),16,0,1,0,3,17,20,0,0,0,0,1601,0,1601,747291,0,0,0,0,747291,747291
port2027,2026-02-22,Shanghai (Yangshan),17,0,0,0,0,17,17,254063,0,0,0,0,254063,254063,592759,0,0,0,0,592759,592759
port2027,2026-02-23,Shanghai (Yangshan),12,1,2,0,0,15,15,91746,0,0,0,0,91746,91746,374670,0,0,0,0,374670,374670
port2027,2026-02-24,Shanghai (Yangshan),14,0,1,0,2,15,17,150053,0,0,0,8218,150053,158271,724934,0,306,0,0,725240,725240
port2027,2026-02-25,Shanghai (Yangshan),10,0,1,0,3,11,14,352813,0,0,0,2369,352813,355182,274581,0,0,0,1044,274581,275625
port2027,2026-02-26,Shanghai (Yangshan),13,0,1,0,2,14,16,465007,0,0,0,51594,465007,516601,493567,0,0,0,3924,493567,497492
port2027,2026-02-27,Shanghai (Yangshan),13,1,0,0,0,14,14,850840,380,0,0,0,851221,851221,188443,195,0,0,0,188638,188638
port2027,2026-02-28,Shanghai (Yangshan),13,0,1,0,2,14,16,555749,0,0,0,0,555749,555749,490135,0,0,0,0,490135,490135
port2027,2026-03-01,Shanghai (Yangshan),9,1,0,0,1,10,11,307253,0,0,0,5309,307253,312562,185712,0,0,0,11477,185712,197190
port2027,2026-03-02,Shanghai (Yangshan),11,0,0,0,0,11,11,654147,0,0,0,0,654147,654147,144734,0,0,0,0,144734,144734
port2027,2026-03-03,Shanghai (Yangshan),15,0,1,0,1,16,17,139294,0,0,0,0,139294,139294,1081148,0,0,0,1323,1081148,1082472
port2027,2026-03-04,Shanghai (Yangshan),9,0,0,0,2,9,11,55901,0,0,0,261,55901,56163,359035,0,0,0,0,359035,359035
port2027,2026-03-05,Shanghai (Yangshan),11,0,0,0,3,11,14,51658,0,0,0,14696,51658,66354,642368,0,0,0,1224,642368,643592
port2027,2026-03-06,Shanghai (Yangshan),15,1,2,0,2,18,20,179325,0,0,0,0,179325,179325,558533,0,0,0,0,558533,558533
port2027,2026-03-07,Shanghai (Yangshan),10,0,0,0,1,10,11,344116,0,0,0,265,344116,344382,347779,0,0,0,0,347779,347779
port2027,2026-03-08,Shanghai (Yangshan),16,0,0,0,0,16,16,523136,0,0,0,0,523136,523136,546777,0,0,0,0,546777,546777
port2027,2026-03-09,Shanghai (Yangshan),15,1,2,0,3,18,21,146695,380,0,0,41173,147076,188249,674878,195,0,0,2699,675074,677774
port2027,2026-03-10,Shanghai (Yangshan),12,0,1,0,1,13,14,603563,0,0,0,0,603563,603563,365656,0,0,0,0,365656,365656
port2027,2026-03-11,Shanghai (Yangshan),13,1,0,0,2,14,16,535956,0,0,0,44165,535956,580122,673714,0,0,0,0,673714,673714
port2027,2026-03-12,Shanghai (Yangshan),13,0,1,0,1,14,15,332737,0,0,0,0,332737,332737,832577,0,0,0,0,832577,832577
port2027,2026-03-13,Shanghai (Yangshan),12,0,1,0,2,13,15,139924,0,0,0,0,139924,139924,494560,0,0,0,0,494560,494560
port2027,2026-03-14,Shanghai (Yangshan),16,0,0,0,2,16,18,263899,0,0,0,77456,263899,341355,762792,0,0,0,0,762792,762792
port2027,2026-03-15,Shanghai (Yangshan),10,0,1,0,3,11,14,291532,0,0,0,0,291532,291532,515598,0,0,0,0,515598,515598
port2027,2026-03-16,Shanghai (Yangshan),14,1,0,0,2,15,17,83897,0,0,0,392,83897,84289,765540,0,0,0,0,765540,765540
port2027,2026-03-17,Shanghai (Yangshan),12,0,0,0,2,12,14,48894,0,0,0,1057,48894,49952,612749,0,0,0,0,612749,612749
port2027,2026-03-18,Shanghai (Yangshan),15,1,2,0,0,18,18,15537,380,0,0,0,15917,15917,1124633,195,0,0,0,1124828,1124828
port2027,2026-03-19,Shanghai (Yangshan),14,0,0,0,2,14,16,257343,0,0,0,1428,257343,258771,568404,0,0,0,0,568404,568404
port2027,2026-03-20,Shanghai (Yangshan),13,0,1,0,0,14,14,396261,0,343,0,0,396604,396604,493384,0,1580,0,0,494965,494965
port2027,2026-03-21,Shanghai (Yangshan),14,1,2,0,2,17,19,596678,0,0,0,3551,596678,600230,243788,0,0,0,0,243788,243788
port2027,2026-03-22,Shanghai (Yangshan),11,0,0,0,3,11,14,506238,0,0,0,930,506238,507168,421384,0,0,0,0,421384,421384
port2027,2026-03-23,Shanghai (Yangshan),18,0,0,0,0,18,18,772911,0,0,0,0,772911,772911,824401,0,0,0,0,824401,824401
port2027,2026-03-24,Shanghai (Yangshan),16,0,1,0,2,17,19,915944,0,0,0,42436,915944,958381,711221,0,0,0,0,711221,711221
port2027,2026-03-25,Shanghai (Yangshan),13,0,0,0,1,13,14,731839,0,0,0,0,731839,731839,627758,0,0,0,0,627758,627758
port2027,2026-03-26,Shanghai (Yangshan),15,1,2,0,2,18,20,370941,0,343,0,10421,371284,381706,562662,0,1580,0,1224,564243,565468
port2027,2026-03-27,Shanghai (Yangshan),16,0,1,0,2,17,19,130540,0,0,0,77056,130540,207597,464921,0,0,0,0,464921,464921
port2027,2026-03-28,Shanghai (Yangshan),16,0,0,0,2,16,18,429995,0,0,0,7714,429995,437710,581816,0,0,0,0,581816,581816
port2027,2026-03-29,Shanghai (Yangshan),14,0,2,0,1,16,17,227298,0,0,0,0,227298,227298,511538,0,0,0,0,511538,511538
port2027,2026-03-30,Shanghai (Yangshan),9,0,0,0,2,9,11,154337,0,0,0,10421,154337,164758,390097,0,0,0,1224,390097,391322
port2027,2026-03-31,Shanghai (Yangshan),10,1,0,0,2,11,13,384943,0,0,0,10421,384943,395364,615005,0,0,0,1224,615005,616230
port2027,2026-04-01,Shanghai (Yangshan),14,0,1,0,1,15,16,517405,0,0,0,652,517405,518057,732216,0,0,0,0,732216,732216
port2027,2026-04-02,Shanghai (Yangshan),12,1,0,0,0,13,13,94719,380,0,0,0,95099,95099,823798,195,0,0,0,823993,823993
port2027,2026-04-03,Shanghai (Yangshan),12,0,1,0,0,13,13,713936,0,0,0,0,713936,713936,635368,0,0,0,0,635368,635368
port2027,2026-04-04,Shanghai (Yangshan),9,0,0,0,3,9,12,66534,0,0,0,1057,66534,67592,359185,0,0,0,0,359185,359185
port2027,2026-04-05,Shanghai (Yangshan),17,0,1,0,2,18,20,506239,0,0,0,10421,506239,516660,785228,0,0,0,1224,785228,786453
port2027,2026-04-06,Shanghai (Yangshan),12,1,1,0,0,14,14,123748,0,0,0,0,123748,123748,424108,0,0,0,0,424108,424108
port2027,2026-04-07,Shanghai (Yangshan),13,0,1,0,4,14,18,583170,0,0,0,4747,583170,587917,608634,0,0,0,0,608634,608634
port2027,2026-04-08,Shanghai (Yangshan),15,1,0,0,0,16,16,582442,0,0,0,0,582442,582442,853166,0,0,0,0,853166,853166
port2027,2026-04-09,Shanghai (Yangshan),14,0,2,0,1,16,17,344666,0,6108,0,0,350775,350775,680954,0,0,0,0,680954,680954
port2027,2026-04-10,Shanghai (Yangshan),12,0,0,0,1,12,13,0,0,0,0,0,0,0,466771,0,0,0,1046,466771,467818
port2027,2026-04-11,Shanghai (Yangshan),13,0,1,0,2,14,16,47359,0,0,0,0,47359,47359,792542,0,0,0,0,792542,792542
port2027,2026-04-12,Shanghai (Yangshan),16,1,0,0,0,17,17,307865,0,0,0,0,307865,307865,539740,0,0,0,0,539740,539740
port2027,2026-04-13,Shanghai (Yangshan),14,0,1,0,3,15,18,762247,0,0,0,9256,762247,771503,382549,0,0,0,3538,382549,386088
port2027,2026-04-14,Shanghai (Yangshan),16,1,1,0,1,18,19,534327,380,0,0,131,534708,534839,749717,195,0,0,0,749912,749912
port2027,2026-04-15,Shanghai (Yangshan),14,2,0,0,2,16,18,588567,0,0,0,76790,588567,665358,541773,0,0,0,0,541773,541773
port2027,2026-04-16,Shanghai (Yangshan),13,0,1,0,1,14,15,0,0,0,0,10421,0,10421,890173,0,0,0,1224,890173,891398
port2027,2026-04-17,Shanghai (Yangshan),17,0,0,0,2,17,19,362832,0,0,0,2899,362832,365732,535317,0,0,0,3538,535317,538856
port2027,2026-04-18,Shanghai (Yangshan),14,1,2,0,2,17,19,272120,0,343,0,2899,272464,275363,393460,0,1580,0,3538,395041,398580
port2027,2026-04-19,Shanghai (Yangshan),11,0,1,0,2,12,14,35284,0,0,0,13320,35284,48605,350211,0,0,0,4763,350211,354975
port2027,2026-04-20,Shanghai (Yangshan),15,0,0,0,3,15,18,98817,0,0,0,2899,98817,101717,822783,0,0,0,4596,822783,827379
port2027,2026-04-21,Shanghai (Yangshan),17,0,1,0,2,18,20,848009,0,0,0,0,848009,848009,477440,0,0,0,0,477440,477440
port2027,2026-04-22,Shanghai (Yangshan),13,0,0,0,0,13,13,44760,0,0,0,0,44760,44760,749039,0,0,0,0,749039,749039
port2027,2026-04-23,Shanghai (Yangshan),10,0,1,0,1,11,12,227296,0,0,0,10421,227296,237717,561326,0,0,0,1224,561326,562551
port2027,2026-04-24,Shanghai (Yangshan),17,1,1,0,2,19,21,703247,0,0,0,0,703247,703247,1044354,0,0,0,261,1044354,1044616
port2027,2026-04-25,Shanghai (Yangshan),19,0,1,0,3,20,23,639931,0,0,0,41173,639931,681104,684579,0,0,0,2699,684579,687279
port2027,2026-04-26,Shanghai (Yangshan),11,0,2,0,2,13,15,942087,0,343,0,759,942431,943191,439268,0,1580,0,792,440848,441641
port2027,2026-04-27,Shanghai (Yangshan),13,0,1,0,3,14,17,313740,0,0,0,0,313740,313740,732104,0,0,0,0,732104,732104
port2027,2026-04-28,Shanghai (Yangshan),12,0,1,0,0,13,13,0,0,0,0,0,0,0,641522,0,0,0,0,641522,641522
port2027,2026-04-29,Shanghai (Yangshan),11,0,0,0,1,11,12,943265,0,0,0,523,943265,943788,683266,0,0,0,0,683266,683266
port2027,2026-04-30,Shanghai (Yangshan),8,2,0,0,2,10,12,426843,380,0,0,77547,427224,504772,216590,195,0,0,0,216785,216785
port2027,2026-05-01,Shanghai (Yangshan),13,0,1,0,1,14,15,3435,0,0,0,1306,3435,4741,904959,0,0,0,0,904959,904959
port2027,2026-05-02,Shanghai (Yangshan),16,0,0,0,2,16,18,463478,0,0,0,400,463478,463879,696118,0,0,0,0,696118,696118
port2027,2026-05-03,Shanghai (Yangshan),14,0,0,0,2,14,16,279751,0,0,0,1044,279751,280796,568306,0,0,0,0,568306,568306
port2027,2026-05-04,Shanghai (Yangshan),14,0,1,0,0,15,15,497235,0,0,0,0,497235,497235,515268,0,0,0,0,515268,515268
port2027,2026-05-05,Shanghai (Yangshan),14,0,0,0,0,14,14,1112769,0,0,0,0,1112769,1112769,639521,0,0,0,0,639521,639521
port2027,2026-05-06,Shanghai (Yangshan),15,1,0,0,2,16,18,695615,0,0,0,42436,695615,738052,480353,0,0,0,0,480353,480353
port2027,2026-05-07,Shanghai (Yangshan),10,2,2,0,1,14,15,42723,0,343,0,7966,43067,51034,411078,0,1580,0,0,412659,412659
port2027,2026-05-08,Shanghai (Yangshan),14,0,0,0,3,14,17,680971,0,0,0,0,680971,680971,473276,0,0,0,785,473276,474062
port2027,2026-05-09,Shanghai (Yangshan),16,0,1,0,3,17,20,934350,0,0,0,0,934350,934350,628787,0,0,0,523,628787,629310
port2027,2026-05-10,Shanghai (Yangshan),15,0,2,0,0,17,17,114408,0,343,0,0,114752,114752,631036,0,1580,0,0,632617,632617
port2027,2026-05-11,Shanghai (Yangshan),17,0,0,0,0,17,17,234712,0,0,0,0,234712,234712,536981,0,0,0,0,536981,536981
port2027,2026-05-12,Shanghai (Yangshan),6,0,1,0,2,7,9,170576,0,0,0,1044,170576,171620,348438,0,0,0,0,348438,348438
port2027,2026-05-13,Shanghai (Yangshan),13,2,0,0,2,15,17,538274,0,0,0,0,538274,538274,733617,0,0,0,9552,733617,743169
port2027,2026-05-14,Shanghai (Yangshan),10,1,0,0,2,11,13,138865,380,0,0,0,139246,139246,501238,195,0,0,0,501434,501434
port2027,2026-05-15,Shanghai (Yangshan),10,0,1,0,0,11,11,284946,0,0,0,0,284946,284946,389094,0,0,0,0,389094,389094
port2027,2026-05-16,Shanghai (Yangshan),14,1,0,0,2,15,17,583360,0,0,0,0,583360,583360,509770,0,0,0,392,509770,510163
port2027,2026-05-17,Shanghai (Yangshan),15,0,0,0,0,15,15,516934,0,0,0,0,516934,516934,613216,0,0,0,0,613216,613216
port2027,2026-05-18,Shanghai (Yangshan),13,0,1,0,3,14,17,474881,0,0,0,77591,474881,552472,541016,0,0,0,0,541016,541016
port2027,2026-05-19,Shanghai (Yangshan),12,0,1,0,3,13,16,259654,0,0,0,1568,259654,261222,553446,0,0,0,0,553446,553446
port2027,2026-05-20,Shanghai (Yangshan),16,1,0,0,1,17,18,188113,0,0,0,0,188113,188113,819836,0,0,0,0,819836,819836
port2027,2026-05-21,Shanghai (Yangshan),8,1,0,0,0,9,9,276642,0,0,0,0,276642,276642,195386,0,0,0,0,195386,195386
port2027,2026-05-22,Shanghai (Yangshan),10,0,1,0,1,11,12,590134,0,0,0,10421,590134,600555,392396,0,0,0,1224,392396,393621
port2027,2026-05-23,Shanghai (Yangshan),6,0,0,0,1,6,7,250540,0,0,0,0,250540,250540,155492,0,0,0,0,155492,155492
port2027,2026-05-24,Shanghai (Yangshan),12,0,1,0,0,13,13,165784,0,0,0,0,165784,165784,567421,0,0,0,0,567421,567421
port2027,2026-05-25,Shanghai (Yangshan),3,0,1,0,2,4,6,69603,0,0,0,2899,69603,72502,85495,0,0,0,3538,85495,89034
port2027,2026-05-26,Shanghai (Yangshan),19,0,0,0,2,19,21,1186262,0,0,0,7714,1186262,1193977,732804,0,0,0,0,732804,732804
port2027,2026-05-27,Shanghai (Yangshan),16,0,1,0,1,17,18,487314,0,0,0,33030,487314,520344,975967,0,0,0,0,975967,975967
port2027,2026-05-28,Shanghai (Yangshan),16,0,1,0,1,17,18,1000413,0,0,0,0,1000413,1000413,493174,0,0,0,2339,493174,495514
port2027,2026-05-29,Shanghai (Yangshan),8,0,0,0,1,8,9,1001983,0,0,0,0,1001983,1001983,543354,0,0,0,0,543354,543354
port239,2025-12-21,Chiba,0,1,11,1,16,13,29,0,41863,8554,0,8634,50418,59052,0,0,4007,0,10884,4007,14892
port239,2025-12-22,Chiba,1,5,5,2,30,13,43,406,175823,1534,0,78002,177764,255766,0,27045,2039,0,26088,29084,55172
port239,2025-12-23,Chiba,1,2,4,2,26,9,35,0,3284,2301,0,54439,5586,60026,1630,6242,2440,0,34237,10313,44550
port239,2025-12-24,Chiba,0,3,2,2,17,7,24,0,13005,1534,0,60775,14540,75316,0,0,1267,0,15493,1267,16760
port239,2025-12-25,Chiba,0,3,6,2,16,11,27,0,17330,3653,0,94671,20983,115655,0,2603,2534,0,28222,5137,33360
port239,2025-12-26,Chiba,0,3,6,3,18,12,30,0,3726,3069,0,11736,6795,18531,0,0,3215,0,17416,3215,20631
port239,2025-12-27,Chiba,1,0,3,3,28,7,35,0,0,1534,0,48532,1534,50067,1656,0,1267,0,57052,2923,59976
port239,2025-12-28,Chiba,0,2,6,0,23,8,31,0,154341,3467,0,50291,157809,208100,0,0,2534,0,26511,2534,29045
port239,2025-12-29,Chiba,0,0,3,0,20,3,23,0,0,1534,0,99867,1534,101402,0,0,1267,0,80120,1267,81388
port239,2025-12-30,Chiba,0,0,1,0,16,1,17,0,0,513,0,17689,513,18202,0,0,0,0,13876,0,13876
port239,2025-12-31,Chiba,1,0,1,0,12,2,14,292,0,0,0,91099,292,91392,0,0,0,0,16260,0,16260
port239,2026-01-01,Chiba,0,2,0,0,13,2,15,0,41156,0,0,8401,41156,49558,0,82,0,0,18373,82,18456
port239,2026-01-02,Chiba,0,0,0,0,20,0,20,0,0,0,0,17069,0,17069,0,0,0,0,20131,0,20131
port239,2026-01-03,Chiba,1,2,0,1,15,4,19,0,80484,0,0,5073,80484,85558,3318,0,0,0,21695,3318,25014
port239,2026-01-04,Chiba,0,4,7,2,20,13,33,0,76916,5110,2530,25374,84556,109931,0,82,3566,0,10842,3649,14492
port239,2026-01-05,Chiba,1,3,6,2,30,12,42,199,103005,2150,0,14443,105354,119798,0,0,1689,0,65012,1689,66701
port239,2026-01-06,Chiba,0,1,5,3,24,9,33,0,0,767,0,23317,767,24084,0,27024,1420,0,29531,28444,57976
port239,2026-01-07,Chiba,0,3,7,1,24,11,35,0,10443,8862,0,17934,19306,37240,0,0,2106,0,30153,2106,32259
port239,2026-01-08,Chiba,0,1,8,2,11,11,22,0,9301,3405,0,8300,12706,21007,0,0,12650,0,37573,12650,50224
port239,2026-01-09,Chiba,0,5,7,4,33,16,49,0,45379,3032,0,18915,48411,67327,0,0,1900,0,48022,1900,49923
port239,2026-01-10,Chiba,0,0,2,0,14,2,16,0,0,767,0,3423,767,4191,0,0,633,0,7932,633,8566
port239,2026-01-11,Chiba,1,2,0,2,14,5,19,0,15012,0,0,19840,15012,34852,752,177,0,0,16474,929,17403
port239,2026-01-12,Chiba,0,1,6,2,24,9,33,0,51509,3524,0,95085,55033,150118,0,0,5699,0,51399,5699,57099
port239,2026-01-13,Chiba,0,3,7,2,13,12,25,0,38349,1534,0,9322,39884,49206,0,0,1478,0,9949,1478,11428
port239,2026-01-14,Chiba,0,4,6,2,37,12,49,0,12468,3923,0,112764,16391,129156,0,6242,3033,0,89596,9276,98873
port239,2026-01-15,Chiba,1,3,6,2,23,12,35,533,88700,12773,0,12005,102007,114013,740,0,1900,0,62575,2641,65217
port239,2026-01-16,Chiba,0,2,9,4,21,15,36,0,45360,3609,499,28096,49468,77565,0,6242,1592,177,26217,8013,34230
port239,2026-01-17,Chiba,2,0,8,4,24,14,38,764,0,2530,0,146594,3294,149889,1101,0,5673,0,32386,6775,39162
port239,2026-01-18,Chiba,0,4,5,2,18,11,29,0,0,2437,0,7173,2437,9610,0,21218,1307,0,9377,22525,31902
port239,2026-01-19,Chiba,0,0,9,2,33,11,44,0,0,6138,0,56854,6138,62992,0,0,5068,0,30368,5068,35436
port239,2026-01-20,Chiba,0,3,10,3,15,16,31,0,44786,6014,0,81695,50801,132497,0,0,6763,0,9850,6763,16613
port239,2026-01-21,Chiba,1,5,7,1,39,14,53,837,238584,1920,0,77009,241342,318352,0,82,5276,0,128623,5359,133982
port239,2026-01-22,Chiba,0,4,5,4,23,13,36,0,39922,1998,0,73613,41921,115534,0,0,1862,0,25966,1862,27829
port239,2026-01-23,Chiba,0,2,7,1,24,10,34,0,0,3836,0,20637,3836,24474,0,0,3456,0,33589,3456,37045
port239,2026-01-24,Chiba,0,0,4,5,19,9,28,0,0,1534,0,46090,1534,47625,0,0,2181,0,69480,2181,71662
port239,2026-01-25,Chiba,0,4,8,1,14,13,27,0,16570,5768,0,14375,22339,36715,0,0,4263,0,10957,4263,15221
port239,2026-01-26,Chiba,1,3,5,2,33,11,44,214,28629,2301,0,21315,31144,52460,0,908,2544,0,78046,3453,81500
port239,2026-01-27,Chiba,0,6,8,4,29,18,47,0,5062,3069,0,15314,8131,23446,0,28484,3181,0,54144,31665,85810
port239,2026-01-28,Chiba,1,2,6,2,22,11,33,533,10653,1567,0,57661,12754,70415,740,3236,2000,0,27702,5978,33680
port239,2026-01-29,Chiba,0,2,13,2,30,17,47,0,0,6609,0,88470,6609,95080,0,0,4699,0,24955,4699,29655
port239,2026-01-30,Chiba,0,4,10,2,13,16,29,0,68452,6360,0,81689,74813,156502,0,0,10772,0,24048,10772,34820
port239,2026-01-31,Chiba,0,2,3,5,21,10,31,0,16721,767,0,107696,17489,125186,0,6242,1729,0,19371,7971,27342
port239,2026-02-01,Chiba,1,1,4,1,26,7,33,501,0,1534,0,13213,2035,15249,0,0,2107,0,68534,2107,70641
port239,2026-02-02,Chiba,0,1,9,2,28,12,40,0,64320,12359,0,14072,76680,90753,0,0,3350,0,23195,3350,26546
port239,2026-02-03,Chiba,0,4,5,2,15,11,26,0,43396,3146,0,4754,46543,51297,0,2502,2112,0,11296,4615,15912
port239,2026-02-04,Chiba,1,0,11,1,27,13,40,202,0,4461,0,51356,4663,56019,0,0,6127,0,35199,6127,41327
port239,2026-02-05,Chiba,0,4,5,3,26,12,38,0,44406,3286,0,23638,47692,71331,0,0,1900,0,27287,1900,29188
port239,2026-02-06,Chiba,1,3,6,3,21,13,34,0,19046,3069,0,13429,22115,35545,2713,0,2803,0,29805,5517,35323
port239,2026-02-07,Chiba,0,0,3,3,21,6,27,0,0,767,0,62569,767,63337,0,0,633,0,14829,633,15462
port239,2026-02-08,Chiba,1,1,4,2,20,8,28,760,36094,3098,0,16456,39953,56409,0,0,1900,0,12524,1900,14424
port239,2026-02-09,Chiba,1,3,9,2,32,15,47,630,42843,3174,0,26720,46648,73368,0,0,5855,0,27669,5855,33524
port239,2026-02-10,Chiba,0,3,7,1,17,11,28,0,0,3836,0,43921,3836,47757,0,11998,3168,0,16943,15166,32110
port239,2026-02-11,Chiba,0,3,4,2,14,9,23,0,10097,3460,0,12156,13558,25715,0,14575,1900,0,32661,16476,49138
port239,2026-02-12,Chiba,0,1,5,2,19,8,27,0,18041,5009,0,43687,23050,66738,0,0,2454,0,18179,2454,20634
port239,2026-02-13,Chiba,0,4,3,3,22,10,32,0,12790,1949,0,10448,14739,25188,0,6337,1267,0,19609,7604,27214
port239,2026-02-14,Chiba,1,1,3,5,21,10,31,533,0,767,0,54781,1300,56082,740,0,915,0,29729,1656,31386
port239,2026-02-15,Chiba,1,3,12,1,28,17,45,0,44328,20616,0,24221,64944,89166,1591,3048,3801,0,71592,8441,80034
port239,2026-02-16,Chiba,0,3,4,2,31,9,40,0,83339,1084,0,23912,84424,108337,0,0,952,0,39691,952,40643
port239,2026-02-17,Chiba,0,2,5,3,19,10,29,0,0,4000,0,9619,4000,13619,0,27024,1912,0,20306,28937,49243
port239,2026-02-18,Chiba,0,2,8,2,20,12,32,0,31872,5012,0,21073,36884,57958,0,0,3168,0,61983,3168,65151
port239,2026-02-19,Chiba,0,5,10,5,32,20,52,0,85277,5153,0,188364,90431,278795,0,0,5959,0,25326,5959,31286
port239,2026-02-20,Chiba,0,3,7,1,30,11,41,0,17364,3653,0,56193,21017,77211,0,3251,1900,0,29395,5152,34547
port239,2026-02-21,Chiba,0,3,3,2,21,8,29,0,23219,767,0,2817,23986,26804,0,2923,2313,0,78222,5236,83459
port239,2026-02-22,Chiba,0,1,2,1,20,4,24,0,0,1534,0,7924,1534,9458,0,0,1267,0,23619,1267,24887
port239,2026-02-23,Chiba,1,1,6,2,25,10,35,1523,2887,3706,0,14368,8117,22486,0,0,2534,0,15273,2534,17807
port239,2026-02-24,Chiba,0,2,11,4,27,17,44,0,159062,5443,0,91783,164505,256289,0,0,4449,0,59172,4449,63621
port239,2026-02-25,Chiba,1,3,2,2,11,8,19,0,55599,1534,0,12599,57133,69733,1412,0,1267,0,11187,2679,13867
port239,2026-02-26,Chiba,0,2,10,1,22,13,35,0,5933,6565,0,11401,12499,23900,0,82,3776,0,30070,3859,33929
port239,2026-02-27,Chiba,0,3,5,2,28,10,38,0,48873,1534,0,32992,50408,83400,0,2408,1930,0,26806,4338,31144
port239,2026-02-28,Chiba,0,2,3,3,18,8,26,0,4473,767,0,10048,5241,15289,0,3224,1410,0,22020,4635,26655
port239,2026-03-01,Chiba,1,5,6,1,21,13,34,545,154955,1534,0,7816,157034,164851,0,0,2385,0,20531,2385,22917
port239,2026-03-02,Chiba,0,3,7,1,35,11,46,0,78168,3069,0,11635,81237,92873,0,2408,5245,0,37517,7653,45170
port239,2026-03-03,Chiba,0,1,5,3,12,9,21,0,4416,3069,0,5934,7485,13419,0,82,5633,0,13454,5716,19171
port239,2026-03-04,Chiba,0,1,5,4,5,10,15,0,58669,1534,0,13115,60203,73319,0,0,2141,0,4101,2141,6242
port239,2026-03-05,Chiba,1,1,10,3,39,15,54,2025,30152,5370,0,53479,37549,91028,0,0,4728,0,80603,4728,85331
port239,2026-03-06,Chiba,0,3,1,2,24,6,30,0,34510,767,0,30995,35278,66273,0,5345,633,0,33472,5978,39451
port239,2026-03-07,Chiba,0,4,7,3,10,14,24,0,34444,1534,0,14180,35979,50159,0,3948,6593,0,9495,10541,20036
port239,2026-03-08,Chiba,0,2,11,1,26,14,40,0,40052,21131,0,16126,61183,77309,0,82,3511,0,52923,3593,56517
port239,2026-03-09,Chiba,1,1,7,2,37,11,48,1441,5834,2672,0,36265,9948,46213,0,0,3086,0,47472,3086,50559
port239,2026-03-10,Chiba,1,4,6,3,28,14,42,0,25355,2103,0,33752,27459,61211,2713,27024,1478,0,25786,31217,57003
port239,2026-03-11,Chiba,0,5,4,2,27,11,38,0,5292,1534,0,14580,6826,21406,0,19208,1267,0,23890,20476,44366
port239,2026-03-12,Chiba,1,1,7,3,27,12,39,533,8509,3069,0,26731,12111,38843,740,0,3543,0,66874,4284,71158
port239,2026-03-13,Chiba,0,2,13,2,19,17,36,0,87736,8237,0,8147,95974,104121,0,0,3493,0,56376,3493,59869
port239,2026-03-14,Chiba,0,2,0,2,16,4,20,0,50436,0,0,78603,50436,129040,0,0,0,0,59404,0,59404
port239,2026-03-15,Chiba,0,1,7,2,13,10,23,0,33012,4123,0,8068,37135,45204,0,0,3044,0,7338,3044,10382
port239,2026-03-16,Chiba,0,3,1,1,29,5,34,0,8535,767,0,149107,9302,158409,0,82,633,0,26117,716,26833
port239,2026-03-17,Chiba,0,1,3,4,22,8,30,0,25021,1534,0,11822,26556,38378,0,0,1746,0,29295,1746,31041
port239,2026-03-18,Chiba,0,6,13,1,29,20,49,0,237829,6085,0,84966,243915,328881,0,0,4811,0,71434,4811,76245
port239,2026-03-19,Chiba,1,1,5,5,28,12,40,533,2229,1534,4007,7649,8304,15954,740,0,6791,0,43101,7532,50634
port239,2026-03-20,Chiba,1,1,2,0,11,4,15,0,16721,1534,0,38819,18256,57075,1216,0,1267,0,7054,2483,9538
port239,2026-03-21,Chiba,0,1,12,3,31,16,47,0,0,3069,0,18313,3069,21382,0,0,5196,0,43106,5196,48302
port239,2026-03-22,Chiba,0,3,6,0,30,9,39,0,0,2253,0,21584,2253,23838,0,0,2121,0,37474,2121,39595
port239,2026-03-23,Chiba,1,0,12,3,35,16,51,2639,0,4205,0,124685,6844,131530,0,0,2218,0,27309,2218,29528
port239,2026-03-24,Chiba,1,4,9,2,29,16,45,533,111821,7633,0,58917,119988,178906,740,680,4811,0,31780,6232,38013
port239,2026-03-25,Chiba,0,1,4,1,30,6,36,0,0,9439,0,52540,9439,61979,0,0,1267,0,41208,1267,42475
port239,2026-03-26,Chiba,0,0,7,1,19,8,27,0,0,1932,0,9967,1932,11900,0,0,4842,0,61418,4842,66261
port239,2026-03-27,Chiba,2,3,4,4,25,13,38,750,16908,1969,0,25421,19628,45049,0,82,633,0,28642,716,29358
port239,2026-03-28,Chiba,0,2,7,2,20,11,31,0,0,3069,0,5716,3069,8785,0,0,2876,0,69708,2876,72585
port239,2026-03-29,Chiba,1,2,3,1,22,7,29,0,54795,1649,0,23381,56445,79826,953,0,1131,0,14126,2084,16211
port239,2026-03-30,Chiba,1,2,12,1,34,16,50,271,1623,6805,0,57507,8699,66207,0,574,4658,0,36149,5233,41382
port239,2026-03-31,Chiba,0,0,8,2,12,10,22,0,0,12051,0,20895,12051,32946,0,0,3168,0,17408,3168,20576
port239,2026-04-01,Chiba,0,4,8,2,20,14,34,0,218966,3932,0,17006,222898,239905,0,0,2534,0,16987,2534,19522
port239,2026-04-02,Chiba,0,2,5,6,24,13,37,0,14783,3836,0,12819,18619,31439,0,82,3168,0,17358,3250,20609
port239,2026-04-03,Chiba,0,2,8,2,26,12,38,0,2383,3836,499,15736,6718,22455,0,0,3616,177,41632,3794,45426
port239,2026-04-04,Chiba,0,1,7,1,17,9,26,0,0,3210,0,93355,3210,96566,0,0,2859,0,13122,2859,15982
port239,2026-04-05,Chiba,0,2,4,2,11,8,19,0,3086,767,0,10747,3853,14601,0,27024,633,0,52251,27658,79909
port239,2026-04-06,Chiba,1,4,6,3,27,14,41,0,5928,2301,0,61414,8230,69644,764,30821,2242,0,55606,33828,89434
port239,2026-04-07,Chiba,0,4,4,2,14,10,24,0,175576,3069,0,11168,178645,189814,0,82,2534,0,5474,2617,8091
port239,2026-04-08,Chiba,1,1,11,2,33,15,48,1218,30220,4972,0,31529,36411,67941,0,0,7987,0,72102,7987,80090
port239,2026-04-09,Chiba,0,1,5,2,14,8,22,0,4416,3836,0,15874,8252,24127,0,82,3168,0,48266,3250,51517
port239,2026-04-10,Chiba,0,4,6,1,24,11,35,0,82586,1964,0,14269,84551,98820,0,0,633,0,30223,633,30857
port239,2026-04-11,Chiba,1,0,4,3,24,8,32,0,0,1534,0,26628,1534,28162,4070,0,1267,0,25982,5337,31319
port239,2026-04-12,Chiba,0,4,8,2,23,14,37,0,4836,6679,0,22415,11515,33931,0,0,3168,0,33183,3168,36351
port239,2026-04-13,Chiba,0,1,5,1,13,7,20,0,150213,2301,0,17529,152515,170045,0,0,1900,0,9918,1900,11818
port239,2026-04-14,Chiba,0,2,6,3,28,11,39,0,1254,3836,0,116565,5091,121656,0,0,9797,0,48417,9797,58214
port239,2026-04-15,Chiba,0,0,5,2,20,7,27,0,0,3836,0,16108,3836,19945,0,0,3168,0,16613,3168,19781
port239,2026-04-16,Chiba,1,3,3,2,19,9,28,539,97881,0,0,73214,98420,171635,0,82,650,0,21535,733,22269
port239,2026-04-17,Chiba,1,1,3,1,18,6,24,1470,0,3019,0,60008,4490,64498,0,0,846,0,19741,846,20588
port239,2026-04-18,Chiba,0,0,0,4,13,4,17,0,0,0,0,11010,0,11010,0,0,0,0,15857,0,15857
port239,2026-04-19,Chiba,0,4,5,1,27,10,37,0,48023,2716,4933,17179,55673,72852,0,36257,633,0,31992,36891,68883
port239,2026-04-20,Chiba,1,3,4,3,30,11,41,0,50253,2301,0,13647,52555,66202,271,0,1900,0,28316,2171,30488
port239,2026-04-21,Chiba,0,3,2,2,31,7,38,0,27032,767,0,188040,27799,215840,0,3948,633,0,73683,4581,78265
port239,2026-04-22,Chiba,2,1,9,3,19,15,34,0,5513,5633,0,21095,11146,32241,3244,0,3510,0,20333,6754,27088
port239,2026-04-23,Chiba,0,1,8,1,16,10,26,0,23219,5370,0,6322,28590,34913,0,2408,4579,0,10969,6988,17957
port239,2026-04-24,Chiba,0,5,9,2,25,16,41,0,27008,6706,0,20253,33715,53968,0,453,2534,0,64037,2987,67025
port239,2026-04-25,Chiba,0,2,3,2,19,7,26,0,1911,767,0,16985,2679,19664,0,0,5855,0,22918,5855,28773
port239,2026-04-26,Chiba,0,3,7,1,19,11,30,0,37752,4603,0,13463,42356,55820,0,0,3801,0,19923,3801,23725
port239,2026-04-27,Chiba,1,5,8,2,37,16,53,0,4124,3274,0,50556,7399,57956,3334,835,1900,0,36287,6070,42357
port239,2026-04-28,Chiba,1,2,6,2,19,11,30,3225,14309,3836,0,65179,21371,86550,0,15624,4050,0,26076,19674,45750
port239,2026-04-29,Chiba,0,3,7,0,32,10,42,0,19491,3131,0,25107,22623,47731,0,445,1900,0,35830,2345,38176
port239,2026-04-30,Chiba,1,3,5,2,23,11,34,533,76684,3263,0,98284,80481,178765,740,0,5556,0,53162,6296,59458
port239,2026-05-01,Chiba,0,2,3,1,9,6,15,0,3620,767,0,3795,4387,8183,0,0,1261,0,7135,1261,8396
port239,2026-05-02,Chiba,1,0,1,1,16,3,19,409,0,767,0,56261,1176,57437,0,0,633,0,11277,633,11911
port239,2026-05-03,Chiba,0,1,3,1,8,5,13,0,2383,2301,0,16128,4685,20813,0,0,1900,0,7210,1900,9111
port239,2026-05-04,Chiba,1,0,1,0,26,2,28,0,0,0,0,15667,0,15667,396,0,491,0,29254,887,30141
port239,2026-05-05,Chiba,1,3,4,2,38,10,48,630,33463,2308,0,28025,36402,64428,0,0,1900,0,43285,1900,45185
port239,2026-05-06,Chiba,0,4,7,1,28,12,40,0,59488,5237,0,40036,64725,104762,0,23141,2758,0,28410,25899,54309
port239,2026-05-07,Chiba,0,2,6,2,30,10,40,0,33567,719,0,17676,34286,51962,0,0,760,0,29208,760,29969
port239,2026-05-08,Chiba,0,6,6,2,18,14,32,0,32119,3293,0,30463,35413,65876,0,27045,1900,0,16562,28946,45508
port239,2026-05-09,Chiba,0,1,4,3,20,8,28,0,52065,767,0,20046,52832,72879,0,0,2114,0,41943,2114,44058
port239,2026-05-10,Chiba,0,1,8,0,24,9,33,0,0,4251,0,5881,4251,10133,0,0,3589,0,28892,3589,32482
port239,2026-05-11,Chiba,1,0,4,2,27,7,34,0,0,767,0,15196,767,15963,269,0,6533,0,25875,6802,32678
port239,2026-05-12,Chiba,0,4,10,3,22,17,39,0,89270,5370,499,59020,95140,154161,0,0,4833,177,33204,5011,38215
port239,2026-05-13,Chiba,0,2,7,3,16,12,28,0,59478,3069,0,6254,62547,68802,0,0,2640,0,18833,2640,21473
port239,2026-05-14,Chiba,0,4,6,5,23,15,38,0,62998,2553,0,77233,65551,142784,0,82,3637,0,34939,3720,38660
port239,2026-05-15,Chiba,0,1,11,0,20,12,32,0,3451,4085,0,8451,7537,15988,0,0,4545,0,13004,4545,17550
port239,2026-05-16,Chiba,1,2,3,4,23,10,33,1158,72094,767,0,91361,74019,165380,0,0,1819,0,18133,1819,19952
port239,2026-05-17,Chiba,0,1,6,0,23,7,30,0,0,9956,0,54980,9956,64936,0,0,2768,0,27761,2768,30529
port239,2026-05-18,Chiba,0,3,7,2,37,12,49,0,35212,7182,0,60163,42394,102558,0,82,3507,0,78714,3590,82305
port239,2026-05-19,Chiba,1,3,6,3,23,13,36,533,44022,3357,0,27191,47913,75104,740,2490,3305,0,28443,6536,34980
port239,2026-05-20,Chiba,1,4,4,3,17,12,29,0,37604,3069,0,84634,40674,125308,1484,82,2534,0,6214,4102,10316
port239,2026-05-21,Chiba,0,3,4,2,24,9,33,0,24748,829,0,61823,25577,87401,0,2408,0,0,23903,2408,26311
port239,2026-05-22,Chiba,1,2,7,2,16,12,28,1213,0,3747,0,49379,4960,54340,0,31141,1900,0,19656,33042,52698
port239,2026-05-23,Chiba,0,1,6,2,15,9,24,0,0,2301,0,13593,2301,15894,0,0,2996,0,10085,2996,13082
port239,2026-05-24,Chiba,0,1,9,3,20,13,33,0,4416,3069,0,24577,7485,32062,0,82,2534,0,20574,2617,23191
port239,2026-05-25,Chiba,0,4,11,2,29,17,46,0,49255,4687,0,32100,53943,86044,0,0,4545,0,63036,4545,67581
port239,2026-05-26,Chiba,0,0,9,2,29,11,40,0,0,5003,0,14174,5003,19178,0,0,5694,0,32492,5694,38186
port239,2026-05-27,Chiba,3,2,8,1,26,14,40,2191,988,3712,0,17537,6893,24430,545,0,2922,0,16007,3468,19475
port239,2026-05-28,Chiba,0,1,8,4,23,13,36,0,0,3924,0,31358,3924,35282,0,0,3451,0,26925,3451,30376
port239,2026-05-29,Chiba,0,4,5,0,16,9,25,0,47217,2384,0,15086,49601,64688,0,6273,1267,0,13115,7540,20656
port273,2025-12-21,Dalian,7,0,4,2,3,13,16,7315,0,5645,1122,5966,14082,20048,14250,0,4086,679,81058,19016,100075
port273,2025-12-22,Dalian,8,2,3,2,2,15,17,2986,317268,574,0,23772,320829,344601,32407,26486,2225,545,0,61664,61664
port273,2025-12-23,Dalian,9,4,5,1,8,19,27,3850,36124,3342,0,0,43316,43316,15870,36837,2897,467,183232,56074,239307
port273,2025-12-24,Dalian,6,2,4,0,6,12,18,13104,24335,661,0,17384,38101,55486,23773,14503,1425,0,22963,39701,62665
port273,2025-12-25,Dalian,2,1,6,2,5,11,16,0,0,2206,206,7476,2413,9889,21024,47560,6512,1359,32752,76456,109209
port273,2025-12-26,Dalian,7,1,2,1,5,11,16,866,0,539,0,34095,1406,35502,25016,28935,2784,0,81302,56736,138039
port273,2025-12-27,Dalian,4,3,7,1,3,15,18,0,93371,2873,0,6823,96244,103068,6988,30670,8380,0,8719,46039,54759
port273,2025-12-28,Dalian,9,0,3,2,5,14,19,7780,0,0,103,451559,7883,459443,37785,0,6079,1147,1742,45011,46754
port273,2025-12-29,Dalian,5,2,1,2,6,10,16,1647,0,0,0,1789,1647,3436,31730,5778,938,604,146758,39051,185810
port273,2025-12-30,Dalian,10,2,3,1,3,16,19,7673,48670,1701,103,7539,58149,65688,41106,29006,610,679,2234,71403,73637
port273,2025-12-31,Dalian,11,4,4,2,7,21,28,4231,415475,311,206,78913,420224,499138,38948,15976,3315,1359,16637,59599,76237
port273,2026-01-01,Dalian,4,2,3,2,2,11,13,3001,53640,2123,103,73021,58868,131890,7812,26858,969,679,64228,36319,100548
port273,2026-01-02,Dalian,11,1,2,2,8,16,24,4108,24335,0,103,4740,28547,33287,36856,14503,15305,1615,102940,68281,171221
port273,2026-01-03,Dalian,7,3,2,0,1,12,13,1906,65901,0,0,0,67807,67807,20843,29175,5314,0,64118,55333,119451
port273,2026-01-04,Dalian,7,1,3,1,2,12,14,2763,24335,0,0,4383,27099,31482,17204,14503,8439,467,2492,40613,43106
port273,2026-01-05,Dalian,6,2,5,0,2,13,15,13438,0,2285,0,22020,15724,37744,31094,15804,5275,0,1039,52174,53213
port273,2026-01-06,Dalian,6,4,2,0,4,12,16,5391,24335,0,0,2471,29727,32198,20511,64049,341,0,10912,84902,95814
port273,2026-01-07,Dalian,12,1,2,3,3,18,21,18429,0,0,206,10198,18635,28834,37802,0,7882,1359,33967,47044,81011
port273,2026-01-08,Dalian,5,3,4,1,5,13,18,2640,119933,1479,103,0,124156,124156,7134,87686,3096,679,113296,98596,211892
port273,2026-01-09,Dalian,4,1,1,1,3,7,10,4647,0,0,0,0,4647,4647,12995,39122,2695,1253,74114,56067,130182
port273,2026-01-10,Dalian,6,1,3,2,0,12,12,2729,1439,0,103,0,4272,4272,25711,0,4542,1147,0,31401,31401
port273,2026-01-11,Dalian,4,4,2,2,3,12,15,0,95151,311,343,0,95806,95806,5529,103279,2058,854,6907,111722,118630
port273,2026-01-12,Dalian,12,3,0,1,5,16,21,8473,391140,0,874,98756,400488,499245,34785,0,0,0,39725,34785,74510
port273,2026-01-13,Dalian,9,2,4,2,5,17,22,11495,37189,311,103,0,49099,49099,6475,63792,13009,1615,140076,84892,224969
port273,2026-01-14,Dalian,4,1,5,1,4,11,15,823,24335,2738,275,0,28172,28172,14920,14503,6966,0,11301,36390,47692
port273,2026-01-15,Dalian,12,2,4,3,3,21,24,11904,15881,0,103,3217,27890,31107,41554,78777,6037,1554,1381,127923,129304
port273,2026-01-16,Dalian,6,3,1,0,2,10,12,1247,24335,311,0,0,25893,25893,11106,30777,1425,0,41780,43308,85089
port273,2026-01-17,Dalian,13,3,4,2,9,22,31,10270,115226,311,103,19649,125911,145561,69475,16167,7847,872,52939,94363,147302
port273,2026-01-18,Dalian,5,0,2,1,2,8,10,467,0,0,103,9808,570,10379,10545,0,2547,679,17166,13773,30939
port273,2026-01-19,Dalian,8,1,2,2,3,13,16,2018,21043,0,103,0,23165,23165,42539,0,3791,679,95792,47010,142802
port273,2026-01-20,Dalian,10,6,1,1,3,18,21,7488,83027,311,0,21431,90826,112258,40296,112223,1425,0,7850,153944,161795
port273,2026-01-21,Dalian,9,0,0,2,4,11,15,22177,0,0,103,5618,22280,27898,26803,0,0,1659,62528,28463,90991
port273,2026-01-22,Dalian,4,4,3,1,8,12,20,2380,242670,311,0,407929,245362,653292,10672,93792,5013,276,135913,109755,245669
port273,2026-01-23,Dalian,8,2,6,0,6,16,22,211,0,0,0,11041,211,11253,16409,20647,5057,0,144199,42114,186314
port273,2026-01-24,Dalian,8,2,3,2,7,15,22,0,0,5641,1122,82097,6763,88861,29976,31462,3835,679,46409,65953,112362
port273,2026-01-25,Dalian,4,2,7,1,1,14,15,381,236956,1277,0,5389,238614,244004,6998,0,9581,467,17166,17048,34214
port273,2026-01-26,Dalian,8,1,5,2,3,16,19,3755,24335,1279,103,5389,29473,34862,73513,14503,3613,1227,22015,92857,114872
port273,2026-01-27,Dalian,10,2,2,0,1,14,15,19249,0,311,0,0,19560,19560,53923,18223,2051,0,6144,74198,80343
port273,2026-01-28,Dalian,9,2,3,1,5,15,20,2726,77898,278,103,70481,81007,151489,67153,0,2523,679,88555,70356,158911
port273,2026-01-29,Dalian,7,1,1,3,5,12,17,1647,22763,768,103,0,25282,25282,74013,8734,245,1554,25619,84547,110167
port273,2026-01-30,Dalian,10,0,2,2,7,14,21,12732,0,272,206,0,13210,13210,36233,0,428,1359,145782,38021,183803
port273,2026-01-31,Dalian,12,3,6,1,4,22,26,3715,162280,0,0,21197,165996,187194,27924,135721,8461,192,39027,172299,211327
port273,2026-02-01,Dalian,7,0,7,3,1,17,18,10895,0,1474,206,3085,12577,15663,20216,0,9858,1359,6594,31434,38028
port273,2026-02-02,Dalian,7,1,4,1,3,13,16,3549,0,4760,889,0,9199,9199,41658,174924,3312,0,134288,219894,354183
port273,2026-02-03,Dalian,6,1,6,2,4,15,19,3337,161184,1097,398,294361,166018,460380,16833,0,6646,741,5567,24221,29789
port273,2026-02-04,Dalian,6,2,3,1,3,12,15,5978,48670,0,0,13825,54649,68475,17965,29006,1867,1713,8391,50552,58944
port273,2026-02-05,Dalian,0,2,1,2,0,5,5,0,46438,1474,206,0,48119,48119,0,16167,1042,1359,0,18569,18569
port273,2026-02-06,Dalian,10,6,3,1,7,20,27,12428,95533,2010,0,105352,109972,215324,74753,272943,1894,0,205118,349591,554709
port273,2026-02-07,Dalian,7,2,3,0,3,12,15,0,151,0,0,0,151,151,26374,5253,1083,0,96653,32711,129365
port273,2026-02-08,Dalian,6,4,1,4,3,15,18,791,136298,0,678,5478,137768,143246,18302,14503,2868,2537,3989,38211,42200
port273,2026-02-09,Dalian,7,0,5,1,5,13,18,823,0,622,0,59144,1445,60590,65735,0,8309,467,28505,74512,103018
port273,2026-02-10,Dalian,13,5,7,1,2,26,28,13287,78965,1244,272,10712,93770,104482,28736,56810,10735,0,2082,96282,98365
port273,2026-02-11,Dalian,4,1,3,2,4,10,14,8951,0,0,103,40476,9054,49531,16281,0,5434,679,40804,22396,63201
port273,2026-02-12,Dalian,5,1,5,1,2,12,14,3611,70206,0,103,0,73921,73921,29429,0,3601,679,7873,33710,41584
port273,2026-02-13,Dalian,5,0,1,1,1,7,8,6404,0,0,0,5389,6404,11793,18890,0,1372,0,17166,20263,37429
port273,2026-02-14,Dalian,7,1,3,0,4,11,15,212,0,0,0,6171,212,6383,16564,45328,3319,0,23514,65211,88726
port273,2026-02-15,Dalian,6,1,2,0,8,9,17,5777,0,0,0,267176,5777,272953,14328,97829,6061,0,129536,118219,247755
port273,2026-02-16,Dalian,6,2,2,1,2,11,13,1106,38216,0,0,4103,39322,43426,40472,0,6881,192,1915,47546,49462
port273,2026-02-17,Dalian,12,1,1,1,6,15,21,4274,0,0,0,112263,4274,116538,52700,4989,553,820,125061,59063,184125
port273,2026-02-18,Dalian,8,1,0,3,3,12,15,3149,24335,0,398,135180,27883,163064,46000,14503,0,741,81909,61244,143154
port273,2026-02-19,Dalian,10,1,2,1,4,14,18,573,49459,0,0,0,50032,50032,50674,0,5368,0,47288,56042,103330
port273,2026-02-20,Dalian,0,0,1,0,1,1,2,0,0,0,0,5389,0,5389,0,0,3917,0,17166,3917,21083
port273,2026-02-21,Dalian,8,0,6,0,0,14,14,1647,0,526,0,0,2174,2174,50615,0,10810,0,0,61425,61425
port273,2026-02-22,Dalian,11,3,0,2,6,16,22,8427,24335,0,1540,23000,34303,57304,26822,94413,0,0,88017,121235,209253
port273,2026-02-23,Dalian,3,2,2,0,7,7,14,5283,69034,196,0,206267,74514,280781,6214,204977,3013,0,99887,214205,314092
port273,2026-02-24,Dalian,4,1,4,0,6,9,15,1915,5470,193,0,10509,7580,18089,4284,0,1671,0,73412,5956,79368
port273,2026-02-25,Dalian,7,1,2,3,4,13,17,2348,24335,0,206,265435,26890,292326,32759,14503,871,2390,88824,50524,139349
port273,2026-02-26,Dalian,5,1,2,0,7,8,15,5986,0,0,0,4808,5986,10794,9352,0,850,0,62018,10203,72222
port273,2026-02-27,Dalian,7,0,4,2,5,13,18,823,0,622,103,95591,1549,97140,15365,0,6927,2537,37460,24829,62290
port273,2026-02-28,Dalian,9,3,3,1,3,16,19,11309,0,622,0,10805,11931,22736,10645,89042,4297,192,0,104178,104178
port273,2026-03-01,Dalian,8,1,1,2,1,12,13,13337,0,0,206,0,13543,13543,25509,71324,3917,1359,31373,102110,133484
port273,2026-03-02,Dalian,12,2,3,0,5,17,22,10067,87689,622,0,19004,98379,117383,32112,14503,8534,0,98793,55149,153942
port273,2026-03-03,Dalian,5,3,4,0,2,12,14,6303,77457,673,0,3245,84434,87680,11019,97829,5692,0,8336,114540,122877
port273,2026-03-04,Dalian,6,0,8,3,3,17,20,5352,0,8441,103,3085,13896,16982,24584,0,4925,3109,70424,32619,103043
port273,2026-03-05,Dalian,5,3,8,1,7,17,24,10273,412931,4324,0,108762,427530,536292,16767,40440,9112,0,39240,66320,105561
port273,2026-03-06,Dalian,10,2,2,3,2,17,19,21755,22475,1803,206,0,46240,46240,31536,0,1425,2452,64290,35414,99705
port273,2026-03-07,Dalian,8,0,4,1,5,13,18,29340,0,185,0,0,29525,29525,16338,0,7332,467,115273,24138,139411
port273,2026-03-08,Dalian,7,2,4,1,4,14,18,13209,176679,1514,103,82117,191506,273623,11946,74116,3570,679,32886,90313,123200
port273,2026-03-09,Dalian,5,4,2,1,6,12,18,5028,68540,768,103,5389,74440,79829,45501,2531,1206,679,115331,49918,165250
port273,2026-03-10,Dalian,7,3,4,1,8,15,23,3613,10793,622,103,23379,15131,38511,33848,106570,11089,679,67858,152187,220046
port273,2026-03-11,Dalian,10,1,6,2,3,19,22,2733,0,5910,206,66292,8850,75142,39161,512,6008,1359,16989,47042,64031
port273,2026-03-12,Dalian,7,4,2,0,0,13,13,3555,24335,311,0,0,28201,28201,23016,42602,3289,0,0,68908,68908
port273,2026-03-13,Dalian,11,0,5,3,5,19,24,2858,0,2053,0,1458,4911,6370,28250,0,7723,467,354348,36442,390790
port273,2026-03-14,Dalian,11,2,4,1,4,18,22,12116,0,773,103,11690,12993,24684,18510,134161,4641,679,57251,157992,215244
port273,2026-03-15,Dalian,4,0,1,1,0,6,6,166,0,0,103,0,269,269,27226,0,1148,679,0,29054,29054
port273,2026-03-16,Dalian,8,4,2,1,1,15,16,5209,11765,0,103,0,17078,17078,25368,16300,2897,679,3217,45246,48463
port273,2026-03-17,Dalian,9,4,4,1,2,18,20,6297,48670,311,0,1728,55279,57008,37394,129036,9761,3387,1758,179579,181338
port273,2026-03-18,Dalian,12,4,4,2,1,22,23,3417,261477,258,103,0,265256,265256,30841,14503,4499,1229,0,51072,51072
port273,2026-03-19,Dalian,5,2,2,0,6,9,15,823,24335,311,0,204308,25470,229778,14100,14503,3156,0,126142,31760,157903
port273,2026-03-20,Dalian,11,2,6,4,9,23,32,3995,55999,4664,0,105064,64659,169723,21231,14503,5707,2162,146867,43604,190471
port273,2026-03-21,Dalian,10,1,2,1,4,14,18,823,24335,0,598,5389,25757,31147,64802,14503,1320,0,36750,80626,117376
port273,2026-03-22,Dalian,7,2,2,2,4,13,17,823,45346,1242,0,21240,47412,68653,27106,0,2678,273,6947,30058,37006
port273,2026-03-23,Dalian,6,1,2,1,2,10,12,1374,49366,3198,103,0,54042,54042,8374,0,0,679,1401,9054,10455
port273,2026-03-24,Dalian,5,1,2,2,8,10,18,5488,0,311,3448,159,9247,9407,8712,37442,8146,706,129764,55008,184772
port273,2026-03-25,Dalian,7,3,5,3,4,18,22,487,1747,272,309,4739,2816,7556,16358,61527,8421,2039,14005,88346,102352
port273,2026-03-26,Dalian,7,1,1,0,1,9,10,4369,0,0,0,0,4369,4369,19863,74116,1473,0,2074,95453,97528
port273,2026-03-27,Dalian,11,0,3,2,8,16,24,0,0,311,103,351899,414,352313,19155,0,5401,1232,83494,25789,109284
port273,2026-03-28,Dalian,10,2,4,2,5,18,23,1590,59606,3128,0,142538,64325,206864,37935,39198,2177,3210,32881,82522,115404
port273,2026-03-29,Dalian,6,2,6,3,3,17,20,0,96547,802,309,1331,97660,98991,37508,14503,8490,2039,57373,62541,119914
port273,2026-03-30,Dalian,8,4,2,2,1,16,17,4199,24335,0,5363,1331,33898,35229,62007,86137,2465,0,5016,150610,155626
port273,2026-03-31,Dalian,11,1,2,1,5,15,20,1565,24335,311,103,85723,26315,112039,45208,14503,3782,679,117135,64174,181309
port273,2026-04-01,Dalian,8,1,3,1,4,13,17,3114,0,622,3541,96590,7278,103869,48214,0,4171,0,46944,52385,99330
port273,2026-04-02,Dalian,8,2,6,3,1,19,20,10075,61283,1091,670,5389,73122,78511,13288,0,6808,679,17166,20776,37943
port273,2026-04-03,Dalian,2,1,1,0,1,4,5,823,24335,311,0,34919,25470,60389,5101,14503,1425,0,1153,21030,22183
port273,2026-04-04,Dalian,11,2,5,3,4,21,25,0,24335,0,0,90213,24335,114549,20594,40440,5107,1694,42079,67836,109915
port273,2026-04-05,Dalian,6,1,1,3,9,11,20,823,54629,0,103,266466,55556,322023,17970,0,2449,872,61468,21291,82760
port273,2026-04-06,Dalian,10,2,4,3,6,19,25,7703,24335,1100,206,0,33346,33346,27609,31586,363,1359,179550,60919,240470
port273,2026-04-07,Dalian,8,2,2,0,2,12,14,2471,0,0,0,0,2471,2471,31936,80801,3441,0,5906,116179,122085
port273,2026-04-08,Dalian,6,2,5,2,5,15,20,820,0,311,103,120105,1234,121339,18984,0,9918,1227,22522,30130,52653
port273,2026-04-09,Dalian,7,3,2,0,1,12,13,10250,48670,311,0,0,59232,59232,54845,29006,2294,0,91354,86146,177501
port273,2026-04-10,Dalian,12,3,1,3,6,19,25,5743,106068,0,483,1488,112295,113784,33075,1982,808,1359,54735,37226,91962
port273,2026-04-11,Dalian,8,2,7,0,6,17,23,823,24335,2782,0,3085,27942,31027,30778,17265,8938,0,131634,56982,188617
port273,2026-04-12,Dalian,11,1,5,2,7,19,26,2073,391140,3174,0,81558,396388,477947,62047,0,4774,1052,66930,67874,134804
port273,2026-04-13,Dalian,9,1,6,1,2,17,19,4907,24335,311,103,87086,29656,116743,38052,14503,12784,679,31471,66020,97492
port273,2026-04-14,Dalian,10,2,2,2,3,16,19,14392,54629,0,103,243376,69125,312502,25154,31537,1309,679,62277,58681,120958
port273,2026-04-15,Dalian,8,4,5,0,4,17,21,2635,106787,805,0,3473,110228,113701,20341,0,5719,0,69352,26061,95413
port273,2026-04-16,Dalian,6,1,5,0,3,12,15,3070,0,4401,0,938,7472,8410,15430,25936,6004,0,38477,47372,85849
port273,2026-04-17,Dalian,8,3,5,2,5,18,23,13519,124732,622,103,0,138977,138977,21180,28289,4326,953,131981,54749,186730
port273,2026-04-18,Dalian,2,1,0,1,1,4,5,0,24335,0,0,0,24335,24335,11495,14503,0,742,1758,26740,28499
port273,2026-04-19,Dalian,10,3,5,1,1,19,20,2712,312562,2554,0,85026,317829,402855,36710,14503,5840,2553,16889,59608,76497
port273,2026-04-20,Dalian,11,5,3,2,6,21,27,3469,95586,311,0,0,99366,99366,89594,90093,7955,273,107082,187917,294999
port273,2026-04-21,Dalian,8,3,2,3,3,16,19,5514,24335,0,206,0,30056,30056,15879,69319,6512,1359,79790,93069,172860
port273,2026-04-22,Dalian,9,1,5,1,3,16,19,7520,0,831,103,2401,8454,10855,58615,69328,6695,679,3050,135319,138370
port273,2026-04-23,Dalian,8,3,2,1,4,14,18,4914,391140,311,0,97873,396365,494239,24183,0,2997,580,19618,27761,47379
port273,2026-04-24,Dalian,11,2,3,2,1,18,19,1376,24335,2012,103,0,27828,27828,37666,14503,2059,1147,28756,55377,84134
port273,2026-04-25,Dalian,10,4,1,0,4,15,19,979,24335,311,0,11918,25625,37544,45655,49105,1425,0,93263,96186,189449
port273,2026-04-26,Dalian,5,1,2,2,3,10,13,1378,205066,0,206,10509,206651,217160,59270,0,6017,1359,11964,66647,78612
port273,2026-04-27,Dalian,11,3,5,1,2,20,22,6865,95222,2249,0,85026,104337,189363,27566,22833,4819,0,59857,55218,115076
port273,2026-04-28,Dalian,7,1,1,4,5,13,18,14385,24335,0,501,10076,39222,49298,24732,14503,2770,2762,20198,44768,64966
port273,2026-04-29,Dalian,8,0,4,1,5,13,18,1045,0,0,0,9948,1045,10993,31147,0,18256,742,47030,50146,97176
port273,2026-04-30,Dalian,5,2,2,2,2,11,13,823,363,0,103,5389,1290,6679,13785,0,3322,1147,22575,18255,40831
port273,2026-05-01,Dalian,7,1,5,1,0,14,14,3512,24335,499,103,0,28450,28450,7559,14503,10216,679,0,32958,32958
port273,2026-05-02,Dalian,8,3,3,0,6,14,20,2498,48670,1086,0,1331,52256,53587,24636,29006,1425,0,11332,55068,66400
port273,2026-05-03,Dalian,9,2,2,0,3,13,16,6788,24335,1121,0,5389,32245,37634,16276,14503,0,0,79836,30779,110616
port273,2026-05-04,Dalian,9,3,6,3,5,21,26,9414,118575,933,0,96823,128923,225746,48722,29006,12398,547,61837,90674,152512
port273,2026-05-05,Dalian,4,1,0,2,1,7,8,11597,24335,0,103,0,36035,36035,3204,14503,0,1843,1758,19551,21310
port273,2026-05-06,Dalian,11,1,5,0,0,17,17,5432,24335,0,0,0,29767,29767,59858,14503,8930,0,0,83291,83291
port273,2026-05-07,Dalian,4,2,7,1,0,14,14,823,203765,311,103,0,205003,205003,11053,17592,14612,679,0,43937,43937
port273,2026-05-08,Dalian,12,3,3,1,6,19,25,8340,119272,0,0,103693,127613,231306,45984,29006,8730,547,22182,84268,106451
port273,2026-05-09,Dalian,5,1,1,2,1,9,10,0,0,311,103,5389,414,5803,22599,25936,1425,679,17166,50641,67807
port273,2026-05-10,Dalian,11,1,0,0,1,12,13,823,0,0,0,5389,823,6213,26834,6471,0,0,17166,33305,50472
port273,2026-05-11,Dalian,5,2,3,1,5,11,16,1473,0,311,0,5389,1784,7173,23476,69935,4120,192,100994,97726,198720
port273,2026-05-12,Dalian,4,3,3,0,5,10,15,8847,113345,1474,0,28858,123667,152526,2693,29006,4757,0,56515,36457,92973
port273,2026-05-13,Dalian,0,0,0,2,0,2,2,0,0,0,0,0,0,0,0,0,0,0,0,0,0
port273,2026-05-14,Dalian,7,5,10,4,7,26,33,18386,73006,14657,309,3085,106359,109445,19609,43509,10381,2585,159702,76086,235788
port273,2026-05-15,Dalian,0,3,1,0,0,4,4,0,73006,311,0,0,73317,73317,0,43509,1425,0,0,44935,44935
port273,2026-05-16,Dalian,8,3,7,2,2,20,22,2150,48670,311,103,3217,51235,54452,35150,61203,10258,1710,10325,108323,118648
port273,2026-05-17,Dalian,9,1,1,1,4,12,16,15138,0,0,103,6072,15241,21313,40644,0,2868,679,9062,44192,53255
port273,2026-05-18,Dalian,13,3,3,1,3,20,23,2880,73006,311,0,18598,76198,94796,65962,43509,3152,547,17166,113171,130338
port273,2026-05-19,Dalian,12,0,3,2,2,17,19,3693,0,311,0,10778,4004,14783,46744,0,3601,820,34333,51166,85499
port273,2026-05-20,Dalian,10,4,1,0,4,15,19,3963,48670,311,0,1425,52945,54370,17278,29006,1425,0,66380,47709,114090
port273,2026-05-21,Dalian,10,7,2,2,7,21,28,2582,81229,311,103,139822,84227,224049,35278,62270,3950,679,42739,102180,144919
port273,2026-05-22,Dalian,9,2,5,0,1,16,17,4881,47098,7410,0,0,59390,59390,37605,23237,5623,0,32148,66466,98614
port273,2026-05-23,Dalian,9,2,5,5,4,21,25,823,170526,1487,1689,0,174527,174527,45136,73238,6979,2751,17310,128105,145415
port273,2026-05-24,Dalian,7,0,3,1,3,11,14,5273,0,622,0,3085,5895,8981,26076,0,5008,192,80026,31277,111303
port273,2026-05-25,Dalian,7,4,6,0,3,17,20,0,220732,2506,0,16150,223239,239389,114075,29006,8200,0,20568,151282,171850
port273,2026-05-26,Dalian,6,1,0,2,3,9,12,2646,24335,0,103,9033,27085,36118,18638,14503,0,679,18503,33821,52324
port273,2026-05-27,Dalian,7,3,1,1,4,12,16,12747,73006,0,0,12894,85753,98648,32160,43509,2255,874,11702,78800,90503
port273,2026-05-28,Dalian,8,2,4,1,6,15,21,5844,48670,2162,103,1819,56781,58601,13555,29006,2851,679,101565,46092,147657
port273,2026-05-29,Dalian,8,0,6,0,3,14,17,4050,0,3965,0,8475,8016,16491,12031,0,12558,0,79813,24589,104403
port425,2025-12-21,Guangzhou (Nansha),23,1,3,3,3,30,33,1234022,66710,2962,1801,12751,1305497,1318248,489726,0,4885,490,951,495103,496054
port425,2025-12-22,Guangzhou (Nansha),20,2,5,3,7,30,37,493893,33843,4167,3993,14268,535898,550167,687092,2605,7391,391,6588,697479,704067
port425,2025-12-23,Guangzhou (Nansha),18,2,1,1,4,22,26,408628,49979,0,2949,11636,461557,473194,454762,2605,2009,0,2307,459377,461684
port425,2025-12-24,Guangzhou (Nansha),20,1,1,1,3,23,26,110157,0,1516,625,1243,112299,113542,537171,48321,0,391,4303,585884,590188
port425,2025-12-25,Guangzhou (Nansha),23,0,1,3,6,27,33,554429,0,2642,0,16371,557072,573443,290099,0,0,192,1436,290292,291728
port425,2025-12-26,Guangzhou (Nansha),24,1,2,1,5,28,33,704690,9024,0,3762,15467,717477,732945,715172,0,5139,0,1415,720311,721726
port425,2025-12-27,Guangzhou (Nansha),19,4,5,0,7,28,35,586171,102330,5272,0,25779,693774,719554,243103,10805,6719,0,3406,260628,264034
port425,2025-12-28,Guangzhou (Nansha),19,2,1,0,3,22,25,275764,71573,0,0,4350,347337,351688,563635,0,0,0,1164,563635,564800
port425,2025-12-29,Guangzhou (Nansha),24,4,2,4,5,34,39,300694,122047,5924,3795,12658,432462,445121,496034,9149,1537,391,1742,507113,508855
port425,2025-12-30,Guangzhou (Nansha),24,0,3,1,3,28,31,397949,0,0,1320,14097,399270,413367,426803,0,8571,0,1032,435375,436407
port425,2025-12-31,Guangzhou (Nansha),23,2,3,0,8,28,36,486657,44978,12856,0,20540,544493,565033,514741,0,768,0,1949,515510,517459
port425,2026-01-01,Guangzhou (Nansha),20,5,5,4,4,34,38,752171,172542,4161,3630,12178,932505,944684,383773,5210,6511,1866,13147,397361,410509
port425,2026-01-02,Guangzhou (Nansha),17,0,2,1,4,20,24,342373,0,3022,625,6641,346020,352661,757455,0,5158,391,1628,763004,764633
port425,2026-01-03,Guangzhou (Nansha),16,2,2,3,4,23,27,366216,0,146,1205,32095,367568,399663,263802,0,1447,3524,463,268774,269238
port425,2026-01-04,Guangzhou (Nansha),18,2,1,3,3,24,27,302863,72138,2272,3254,5034,380528,385563,519047,0,0,339,268,519387,519655
port425,2026-01-05,Guangzhou (Nansha),24,1,1,1,10,27,37,860667,14880,0,0,25209,875547,900757,698426,0,0,0,2871,698426,701297
port425,2026-01-06,Guangzhou (Nansha),19,2,3,2,8,26,34,692536,66524,9349,0,23157,768410,791568,382256,0,768,3008,2192,386034,388227
port425,2026-01-07,Guangzhou (Nansha),21,1,5,1,4,28,32,316271,13641,30855,851,4684,361620,366304,662493,0,2305,485,7068,665284,672353
port425,2026-01-08,Guangzhou (Nansha),25,4,2,2,8,33,41,464767,210521,2309,572,10492,678171,688664,392216,5210,4219,1133,15385,402780,418165
port425,2026-01-09,Guangzhou (Nansha),15,3,1,1,4,20,24,126868,140810,362,0,7196,268040,275236,486890,0,0,0,560,486890,487451
port425,2026-01-10,Guangzhou (Nansha),17,1,3,1,5,22,27,370545,60237,0,2432,8078,433215,441293,224840,0,5069,0,2277,229910,232187
port425,2026-01-11,Guangzhou (Nansha),17,0,0,0,1,17,18,415787,0,0,0,0,415787,415787,410007,0,0,0,1691,410007,411699
port425,2026-01-12,Guangzhou (Nansha),20,6,3,2,3,31,34,311607,151803,1147,625,4025,465183,469209,466337,3563,1022,391,0,471314,471314
port425,2026-01-13,Guangzhou (Nansha),27,2,2,2,9,33,42,528369,39649,0,4309,29568,572329,601897,584408,2605,3116,0,6444,590130,596575
port425,2026-01-14,Guangzhou (Nansha),23,1,2,1,7,27,34,183159,33843,5209,512,9062,222724,231787,574585,2605,2355,0,1370,579545,580916
port425,2026-01-15,Guangzhou (Nansha),24,2,0,1,3,27,30,375764,17638,0,1684,9209,395087,404296,657390,0,0,0,972,657390,658363
port425,2026-01-16,Guangzhou (Nansha),20,2,6,2,7,30,37,356598,1364,5000,4388,119301,367352,486653,393126,10164,7248,391,4289,410931,415220
port425,2026-01-17,Guangzhou (Nansha),16,2,6,2,2,26,28,870897,17463,12070,0,5856,900431,906288,367184,3563,4059,914,1542,375721,377264
port425,2026-01-18,Guangzhou (Nansha),14,0,2,2,4,18,22,463762,0,1022,2673,7093,467458,474552,107377,0,3574,391,2106,111343,113450
port425,2026-01-19,Guangzhou (Nansha),18,2,6,1,5,27,32,361846,121173,7145,3762,8329,493928,502258,318635,0,12716,0,3961,331352,335313
port425,2026-01-20,Guangzhou (Nansha),21,4,0,4,7,29,36,1006146,31509,0,1583,10414,1039240,1049655,662352,5796,0,3950,5063,672099,677162
port425,2026-01-21,Guangzhou (Nansha),22,3,2,1,7,28,35,260196,45036,2962,625,19208,308820,328029,578438,0,3748,391,2307,582578,584885
port425,2026-01-22,Guangzhou (Nansha),17,2,4,1,5,24,29,507988,68737,14653,851,17938,592230,610169,216526,2605,2006,485,568,221622,222190
port425,2026-01-23,Guangzhou (Nansha),19,0,2,1,1,22,23,128072,0,6044,625,3061,134743,137804,474340,0,0,391,0,474731,474731
port425,2026-01-24,Guangzhou (Nansha),19,3,3,1,6,26,32,557026,118442,4635,0,16654,680103,696758,579918,2605,2166,0,2321,584690,587012
port425,2026-01-25,Guangzhou (Nansha),14,3,3,3,3,23,26,163498,60170,0,2244,1441,225912,227354,415635,25391,19376,391,551,460794,461346
port425,2026-01-26,Guangzhou (Nansha),24,1,4,3,5,32,37,443794,1745,7952,2366,87914,455859,543774,541022,0,1016,876,463,542915,543379
port425,2026-01-27,Guangzhou (Nansha),20,0,2,3,4,25,29,152648,0,6080,625,11234,159353,170588,459739,0,0,391,1721,460130,461852
port425,2026-01-28,Guangzhou (Nansha),18,0,1,1,2,20,22,206570,0,2962,3762,2443,213295,215738,650427,0,768,0,0,651195,651195
port425,2026-01-29,Guangzhou (Nansha),18,1,7,1,3,27,30,564624,33843,21206,0,16968,619674,636643,504825,2605,7058,3301,4608,517790,522399
port425,2026-01-30,Guangzhou (Nansha),10,3,1,2,5,16,21,73060,0,6731,2727,13838,82520,96358,213755,113856,0,3878,268,331490,331759
port425,2026-01-31,Guangzhou (Nansha),16,2,4,1,9,23,32,337226,33843,4454,0,61435,375524,436959,357103,9160,7885,219,2343,374368,376712
port425,2026-02-01,Guangzhou (Nansha),21,1,0,1,3,23,26,327612,6305,0,958,19791,334876,354668,464817,0,0,0,1164,464817,465981
port425,2026-02-02,Guangzhou (Nansha),20,1,5,1,4,27,31,1337878,0,8179,625,4911,1346683,1351595,546435,969,8714,391,1384,556509,557894
port425,2026-02-03,Guangzhou (Nansha),21,2,3,3,3,29,32,209499,46816,4818,1829,2316,262964,265281,712040,3563,2786,2174,3483,720565,724048
port425,2026-02-04,Guangzhou (Nansha),19,0,4,0,9,23,32,347947,0,4359,0,24688,352307,376995,306153,0,2307,0,45515,308460,353976
port425,2026-02-05,Guangzhou (Nansha),25,1,3,3,7,32,39,794229,0,6788,5019,81217,806037,887254,569329,54985,5392,391,4623,630099,634722
port425,2026-02-06,Guangzhou (Nansha),22,3,3,2,8,30,38,486895,0,2642,625,33338,490164,523502,897507,233388,4108,2345,5342,1137350,1142692
port425,2026-02-07,Guangzhou (Nansha),13,2,0,0,5,15,20,232521,69473,0,0,10450,301995,312445,256256,0,0,0,5899,256256,262155
port425,2026-02-08,Guangzhou (Nansha),20,0,2,3,4,25,29,210978,0,8829,2746,11115,222554,233669,738966,0,0,874,463,739840,740304
port425,2026-02-09,Guangzhou (Nansha),17,2,1,2,5,22,27,347766,33843,5528,625,24290,387763,412053,745433,73035,0,391,2197,818860,821057
port425,2026-02-10,Guangzhou (Nansha),19,2,2,1,4,24,28,230961,28685,2639,0,12568,262287,274856,290490,3563,4368,598,2238,299021,301259
port425,2026-02-11,Guangzhou (Nansha),23,2,3,1,8,29,37,491652,67656,0,1684,10029,560992,571021,808226,0,8778,0,4725,817005,821731
port425,2026-02-12,Guangzhou (Nansha),20,1,7,1,9,29,38,323008,74159,12530,625,17949,410324,428273,544148,0,14606,391,4098,559146,563244
port425,2026-02-13,Guangzhou (Nansha),13,2,2,3,8,20,28,291417,9561,3202,1251,11772,305431,317204,471000,67050,0,782,5303,538833,544137
port425,2026-02-14,Guangzhou (Nansha),21,1,2,4,5,28,33,452527,0,6392,625,4855,459545,464401,526188,8622,543,2723,267,538077,538345
port425,2026-02-15,Guangzhou (Nansha),21,1,4,0,1,26,27,399613,0,5924,0,1086,405538,406625,364867,43891,12731,0,0,421490,421490
port425,2026-02-16,Guangzhou (Nansha),20,0,0,0,6,20,26,455385,0,0,0,9285,455385,464670,440589,0,0,0,2536,440589,443125
port425,2026-02-17,Guangzhou (Nansha),17,2,2,2,3,23,26,539339,25315,2452,1684,4104,568790,572895,573678,3563,506,2859,12718,580608,593326
port425,2026-02-18,Guangzhou (Nansha),15,2,1,0,4,18,22,31924,72418,7154,0,6610,111497,118108,271928,0,0,0,0,271928,271928
port425,2026-02-19,Guangzhou (Nansha),19,0,0,1,5,20,25,250008,0,0,0,13150,250008,263158,498611,0,0,0,2702,498611,501313
port425,2026-02-20,Guangzhou (Nansha),19,0,0,1,4,20,24,442191,0,0,0,19454,442191,461645,503232,0,0,0,1834,503232,505067
port425,2026-02-21,Guangzhou (Nansha),15,1,2,0,6,18,24,330037,0,5924,0,20753,335962,356716,322786,72168,1537,0,3546,396491,400038
port425,2026-02-22,Guangzhou (Nansha),18,0,1,2,2,21,23,369412,0,2962,1251,1413,373626,375040,266817,0,768,782,0,268368,268368
port425,2026-02-23,Guangzhou (Nansha),16,4,2,1,5,23,28,361824,68707,3212,2047,15727,435791,451519,232825,66417,0,0,1436,299243,300679
port425,2026-02-24,Guangzhou (Nansha),16,3,0,0,5,19,24,207774,141150,0,0,12133,348924,361058,362597,0,0,0,3106,362597,365704
port425,2026-02-25,Guangzhou (Nansha),17,3,1,1,6,22,28,299769,0,0,958,15893,300727,316620,360994,113390,5460,0,2109,479845,481954
port425,2026-02-26,Guangzhou (Nansha),15,1,0,3,3,19,22,462805,0,0,625,14160,463431,477591,195505,67681,0,2273,568,265460,266028
port425,2026-02-27,Guangzhou (Nansha),19,2,2,1,6,24,30,834684,37176,2962,0,13684,874823,888507,314716,0,3630,547,1604,318893,320498
port425,2026-02-28,Guangzhou (Nansha),18,1,6,0,6,25,31,463444,5421,8992,0,61412,477858,539271,210318,0,7087,0,1753,217406,219160
port425,2026-03-01,Guangzhou (Nansha),18,2,1,2,1,23,24,858521,0,2108,851,2865,861481,864346,273495,136897,0,485,1164,410878,412043
port425,2026-03-02,Guangzhou (Nansha),16,3,2,2,6,23,29,463719,48364,0,625,17148,512709,529857,428883,3962,2181,391,3169,435419,438588
port425,2026-03-03,Guangzhou (Nansha),19,2,1,1,5,23,28,397347,92290,0,958,84385,490596,574981,322945,2605,1291,0,0,326841,326841
port425,2026-03-04,Guangzhou (Nansha),17,3,5,3,4,28,32,681068,36465,14560,1251,10602,733346,743948,229766,0,5891,782,4612,236440,241052
port425,2026-03-05,Guangzhou (Nansha),11,4,3,1,4,19,23,133218,45952,11581,0,11891,190752,202643,310952,23689,768,0,568,335409,335978
port425,2026-03-06,Guangzhou (Nansha),18,0,2,2,8,22,30,424273,0,2726,0,8306,426999,435306,301703,0,3064,0,9637,304767,314404
port425,2026-03-07,Guangzhou (Nansha),15,1,5,1,1,22,23,394822,4897,9333,0,2865,409053,411919,395658,0,4107,439,1164,400205,401370
port425,2026-03-08,Guangzhou (Nansha),15,3,3,3,2,24,26,452372,50288,6363,2298,7847,511323,519170,164729,43212,1866,730,836,210540,211377
port425,2026-03-09,Guangzhou (Nansha),18,2,1,3,4,24,28,433969,58278,1114,1958,7075,495321,502396,379166,74014,0,0,0,453180,453180
port425,2026-03-10,Guangzhou (Nansha),24,1,2,2,3,29,32,369347,30945,2962,3948,8345,407203,415549,562816,0,3318,0,927,566134,567062
port425,2026-03-11,Guangzhou (Nansha),20,3,4,2,8,29,37,447338,41671,3015,0,16239,492024,508264,268589,6334,2152,405,5437,277481,282919
port425,2026-03-12,Guangzhou (Nansha),14,3,1,1,9,19,28,407582,36832,0,625,27623,445040,472663,595189,33258,1577,391,5691,630417,636109
port425,2026-03-13,Guangzhou (Nansha),15,1,1,1,5,18,23,471732,17463,0,4386,6010,493582,499592,312259,3563,10397,0,2193,326221,328414
port425,2026-03-14,Guangzhou (Nansha),15,3,2,2,5,22,27,930545,82261,7521,625,3775,1020954,1024730,289543,5210,0,795,19528,295549,315078
port425,2026-03-15,Guangzhou (Nansha),19,0,1,1,2,21,23,570171,0,0,0,4650,570171,574822,518854,0,4950,1923,972,525729,526701
port425,2026-03-16,Guangzhou (Nansha),18,3,3,3,5,27,32,170130,109394,5672,1251,18292,286448,304740,657607,0,768,782,2109,659158,661268
port425,2026-03-17,Guangzhou (Nansha),25,0,1,2,5,28,33,270685,0,0,625,43666,271311,314977,488596,0,9809,391,972,498797,499769
port425,2026-03-18,Guangzhou (Nansha),20,2,5,2,4,29,33,446928,47064,14619,625,12296,509237,521534,466377,37397,5836,1610,6718,511221,517939
port425,2026-03-19,Guangzhou (Nansha),18,3,2,2,4,25,29,619524,76510,5924,625,7635,702585,710221,527317,0,1537,2270,2394,531124,533519
port425,2026-03-20,Guangzhou (Nansha),18,2,4,1,9,25,34,381028,106554,3709,958,30271,492250,522521,299015,2605,1170,0,3092,302791,305883
port425,2026-03-21,Guangzhou (Nansha),23,3,2,1,6,29,35,347048,24935,1848,0,10248,373832,384081,466870,0,75,813,1038,467759,468797
port425,2026-03-22,Guangzhou (Nansha),24,2,5,0,4,31,35,802897,33843,4579,0,16364,841320,857684,863922,2605,3972,0,2108,870499,872608
port425,2026-03-23,Guangzhou (Nansha),15,1,2,0,3,18,21,204117,33843,4258,0,12358,242219,254577,622211,2605,0,0,1032,624816,625848
port425,2026-03-24,Guangzhou (Nansha),19,1,6,2,5,28,33,275759,33843,7993,1907,21113,319502,340616,495033,2605,10995,339,2897,508974,511871
port425,2026-03-25,Guangzhou (Nansha),19,0,5,1,4,25,29,114958,0,10627,0,12625,125586,138211,651946,0,10274,0,2531,662221,664752
port425,2026-03-26,Guangzhou (Nansha),21,0,5,2,4,28,32,295405,0,0,625,6051,296031,302083,715283,0,7607,391,797,723282,724080
port425,2026-03-27,Guangzhou (Nansha),21,3,2,2,1,28,29,549982,47864,5890,0,6566,603736,610302,718799,4224,768,5211,0,729003,729003
port425,2026-03-28,Guangzhou (Nansha),16,1,5,2,7,24,31,827594,21446,4038,625,22679,853705,876384,469003,0,4436,665,851,474105,474956
port425,2026-03-29,Guangzhou (Nansha),21,1,3,2,2,27,29,608574,69389,2962,851,2865,681777,684642,366663,0,11128,485,5796,378278,384075
port425,2026-03-30,Guangzhou (Nansha),19,2,3,0,9,24,33,223437,49905,11647,0,12409,284990,297400,649887,1670,2853,0,4511,654411,658923
port425,2026-03-31,Guangzhou (Nansha),22,0,4,1,7,27,34,141773,0,8711,625,20727,151110,171838,632614,0,2087,391,4422,635093,639516
port425,2026-04-01,Guangzhou (Nansha),17,4,3,3,4,27,31,393002,197716,2868,4393,13179,597981,611160,316272,5210,3996,876,972,326355,327327
port425,2026-04-02,Guangzhou (Nansha),19,2,4,4,7,29,36,632785,85293,2309,3516,27518,723906,751424,425453,0,4734,782,3284,430971,434256
port425,2026-04-03,Guangzhou (Nansha),21,4,4,2,6,31,37,429820,167969,18833,625,8575,617248,625823,429015,9155,804,667,7254,439643,446897
port425,2026-04-04,Guangzhou (Nansha),13,0,4,2,8,19,27,206240,0,6722,0,14330,212962,227292,528664,0,2909,0,1244,531573,532817
port425,2026-04-05,Guangzhou (Nansha),15,2,3,1,1,21,22,291249,60019,10257,0,3775,361526,365302,282178,0,1537,1330,463,285046,285510
port425,2026-04-06,Guangzhou (Nansha),23,4,3,2,1,32,33,397762,72254,15435,2323,0,487775,487775,803600,0,0,0,15305,803600,818906
port425,2026-04-07,Guangzhou (Nansha),16,2,3,2,2,23,25,186473,0,6142,625,3775,193241,197017,477961,49905,6657,391,3038,534915,537954
port425,2026-04-08,Guangzhou (Nansha),24,2,1,1,7,28,35,870880,66853,0,0,25334,937734,963068,299281,0,966,1330,4953,301578,306532
port425,2026-04-09,Guangzhou (Nansha),17,2,2,2,4,23,27,361456,107968,0,0,3248,469425,472674,459049,0,6339,5242,4590,470632,475222
port425,2026-04-10,Guangzhou (Nansha),18,1,3,0,10,22,32,422215,0,1979,0,26064,424195,450260,500079,0,4639,0,7484,504719,512204
port425,2026-04-11,Guangzhou (Nansha),16,0,0,0,5,16,21,937196,0,0,0,8096,937196,945292,461708,0,0,0,2642,461708,464351
port425,2026-04-12,Guangzhou (Nansha),19,2,3,3,3,27,30,423460,1470,11806,1029,1818,437766,439585,596299,19538,1206,391,2019,617436,619456
port425,2026-04-13,Guangzhou (Nansha),22,2,4,3,7,31,38,222944,51709,4728,2712,21275,282094,303369,493031,2605,768,3106,2640,499511,502152
port425,2026-04-14,Guangzhou (Nansha),22,1,2,0,9,25,34,391367,33843,0,0,71957,425211,497168,663010,2605,3059,0,8480,668674,677154
port425,2026-04-15,Guangzhou (Nansha),17,3,3,1,7,24,31,415814,17463,2941,625,11894,436844,448738,524804,3563,9863,391,11122,538623,549745
port425,2026-04-16,Guangzhou (Nansha),25,3,1,3,6,32,38,870405,112808,0,1251,15443,984465,999908,538204,35864,2515,1740,7477,578325,585802
port425,2026-04-17,Guangzhou (Nansha),20,1,5,0,8,26,34,368527,10675,14016,0,26146,393220,419366,630379,0,3532,0,1603,633912,635515
port425,2026-04-18,Guangzhou (Nansha),26,1,4,0,4,31,35,690849,73139,2962,0,10382,766951,777334,681982,0,10608,0,3038,692590,695629
port425,2026-04-19,Guangzhou (Nansha),18,0,5,0,2,23,25,175260,0,11801,0,713,187061,187775,683184,0,3906,0,1718,687090,688808
port425,2026-04-20,Guangzhou (Nansha),23,3,1,4,9,31,40,436730,180056,4702,1251,16183,622741,638924,682139,2605,0,1667,9307,686412,695719
port425,2026-04-21,Guangzhou (Nansha),22,0,3,0,9,25,34,604701,0,1490,0,7269,606191,613461,496986,0,7340,0,7263,504327,511590
port425,2026-04-22,Guangzhou (Nansha),19,1,6,2,8,28,36,378105,17463,3578,877,32564,400024,432589,313418,3563,9535,0,41028,326517,367546
port425,2026-04-23,Guangzhou (Nansha),17,4,2,2,6,25,31,570961,184423,6193,1946,13443,763525,776969,322084,30485,768,391,17139,353729,370869
port425,2026-04-24,Guangzhou (Nansha),18,3,2,2,6,25,31,258644,130824,0,0,30773,389468,420241,429880,3563,5894,3421,463,442760,443224
port425,2026-04-25,Guangzhou (Nansha),19,1,4,1,3,25,28,1027312,0,0,0,8071,1027312,1035383,380994,0,23191,0,2574,404185,406760
port425,2026-04-26,Guangzhou (Nansha),21,1,2,0,1,24,25,224835,66414,8190,0,4675,299441,304117,473246,0,1618,0,0,474865,474865
port425,2026-04-27,Guangzhou (Nansha),16,4,5,2,5,27,32,207258,69890,7863,1684,29388,286696,316084,557577,44932,10851,0,0,613362,613362
port425,2026-04-28,Guangzhou (Nansha),24,1,3,1,5,29,34,274844,33843,1965,0,8532,310652,319185,774305,2605,8089,0,2549,785000,787549
port425,2026-04-29,Guangzhou (Nansha),17,0,2,2,4,21,25,490247,0,0,1251,16221,491498,507720,243545,0,8583,782,10080,252911,262992
port425,2026-04-30,Guangzhou (Nansha),19,6,2,1,5,28,33,496287,198253,9501,460,11103,704503,715606,419752,12945,1155,339,1794,434193,435987
port425,2026-05-01,Guangzhou (Nansha),18,3,1,0,5,22,27,370838,70243,0,0,18934,441081,460016,317125,10361,4804,0,1745,332291,334036
port425,2026-05-02,Guangzhou (Nansha),23,1,0,4,8,28,36,128263,69153,0,2164,15374,199581,214955,773013,0,0,391,8402,773404,781807
port425,2026-05-03,Guangzhou (Nansha),19,1,0,1,3,21,24,1084516,67750,0,0,9265,1152267,1161532,390703,0,0,2531,13278,393234,406512
port425,2026-05-04,Guangzhou (Nansha),20,2,4,4,5,30,35,18983,26928,0,3104,9289,49017,58306,674508,0,25615,391,2533,700515,703048
port425,2026-05-05,Guangzhou (Nansha),26,3,3,2,5,34,39,825112,258562,9530,0,13365,1093204,1106570,396558,73083,5587,4317,7749,479547,487296
port425,2026-05-06,Guangzhou (Nansha),26,3,3,1,4,33,37,858191,82386,7977,0,15093,948555,963649,717857,75329,1126,1020,1273,795335,796608
port425,2026-05-07,Guangzhou (Nansha),22,3,1,2,5,28,33,778354,103753,1635,0,13324,883744,897069,359400,2605,0,2590,4227,364595,368822
port425,2026-05-08,Guangzhou (Nansha),18,1,1,2,3,22,25,361351,29027,3374,1085,43635,394838,438473,553748,0,0,730,827,554479,555306
port425,2026-05-09,Guangzhou (Nansha),20,2,4,0,2,26,28,346772,15605,730,0,0,363108,363108,522129,0,7148,0,7075,529277,536353
port425,2026-05-10,Guangzhou (Nansha),13,4,1,1,2,19,21,480400,159353,0,0,3931,639753,643685,345864,7809,3209,273,463,357157,357621
port425,2026-05-11,Guangzhou (Nansha),20,1,5,1,10,27,37,262760,67856,22168,0,12664,352785,365449,553711,0,7520,3058,2240,564289,566530
port425,2026-05-12,Guangzhou (Nansha),18,6,4,2,7,30,37,303929,165762,192,625,18346,470509,488855,537592,61975,11163,3497,6347,614228,620575
port425,2026-05-13,Guangzhou (Nansha),20,2,1,2,1,25,26,473991,33843,0,0,413,507834,508248,581614,2605,3672,2168,0,590060,590060
port425,2026-05-14,Guangzhou (Nansha),20,3,4,2,7,29,36,416198,72801,0,0,12447,488999,501447,541345,0,13093,1058,5460,555497,560958
port425,2026-05-15,Guangzhou (Nansha),19,2,2,1,6,24,30,405624,103996,0,2047,16430,511669,528099,361057,2605,5164,0,0,368826,368826
port425,2026-05-16,Guangzhou (Nansha),22,0,2,3,5,27,32,609255,0,6935,3341,14401,619531,633933,481555,0,768,391,2979,482715,485695
port425,2026-05-17,Guangzhou (Nansha),13,3,3,0,1,19,20,302579,123155,3959,0,2865,429694,432559,253852,0,4137,0,1164,257990,259155
port425,2026-05-18,Guangzhou (Nansha),16,2,3,2,6,23,29,483515,51306,2962,1538,9770,539323,549093,656473,6168,6224,0,45237,668866,714104
port425,2026-05-19,Guangzhou (Nansha),20,0,2,0,2,22,24,374509,0,5203,0,1522,379712,381235,480677,0,3088,0,5621,483765,489386
port425,2026-05-20,Guangzhou (Nansha),25,1,2,2,2,30,32,274255,0,0,958,36713,275213,311927,714357,12740,5348,0,0,732445,732445
port425,2026-05-21,Guangzhou (Nansha),21,1,4,3,3,29,32,393205,0,0,1251,0,394456,394456,754202,2960,13985,782,6395,771930,778326
port425,2026-05-22,Guangzhou (Nansha),20,0,3,1,3,24,27,586491,0,4068,625,5060,591186,596246,355541,0,12072,391,4702,368005,372708
port425,2026-05-23,Guangzhou (Nansha),18,3,2,2,5,25,30,644814,155999,7612,625,14117,809052,823170,243821,3563,768,1356,1662,249510,251173
port425,2026-05-24,Guangzhou (Nansha),19,1,4,1,2,25,27,961799,0,13419,1089,5700,976308,982008,223798,71922,7604,0,0,303325,303325
port425,2026-05-25,Guangzhou (Nansha),15,2,0,4,2,21,23,187738,0,0,460,4304,188198,192502,663131,33039,0,339,7046,696511,703557
port425,2026-05-26,Guangzhou (Nansha),11,3,4,2,3,20,23,363564,67686,9095,625,18199,440971,459171,295322,68094,5060,4270,972,372748,373721
port425,2026-05-27,Guangzhou (Nansha),20,3,6,2,1,31,32,911578,152814,5225,1251,35329,1070870,1106199,219841,2605,6888,782,0,230118,230118
port425,2026-05-28,Guangzhou (Nansha),21,0,4,1,5,26,31,190774,0,8048,0,16910,198822,215733,843894,0,11609,3965,2425,859469,861894
port425,2026-05-29,Guangzhou (Nansha),15,3,3,1,5,22,27,320455,47864,5924,0,5951,374244,380196,508894,2841,8750,0,2111,520486,522598
port432,2025-12-21,Gwangyang (Kwangyang),9,0,7,1,13,17,30,11317,0,2497,484,104009,14300,118309,10365,0,12555,702,58265,23622,81888
port432,2025-12-22,Gwangyang (Kwangyang),8,3,5,2,25,18,43,65401,118387,2431,201,174887,186421,361309,13033,5929,4614,4291,119476,27870,147346
port432,2025-12-23,Gwangyang (Kwangyang),4,2,7,3,15,16,31,48318,45343,6053,4836,24469,104552,129022,6847,13619,9345,1208,42683,31021,73704
port432,2025-12-24,Gwangyang (Kwangyang),11,3,8,1,15,23,38,20544,186252,1780,5777,103926,214355,318281,83201,30416,9091,0,53807,122709,176516
port432,2025-12-25,Gwangyang (Kwangyang),5,3,4,0,9,12,21,3651,0,3157,0,292960,6809,299769,15970,31582,3583,0,40242,51137,91379
port432,2025-12-26,Gwangyang (Kwangyang),13,9,7,3,19,32,51,35390,353799,2061,597,59005,391848,450854,56032,104133,8806,9548,128057,178520,306578
port432,2025-12-27,Gwangyang (Kwangyang),9,4,7,4,22,24,46,13794,26488,2520,4603,52891,47406,100298,40494,25633,6488,1405,171064,74022,245087
port432,2025-12-28,Gwangyang (Kwangyang),10,4,3,4,10,21,31,21725,293212,1433,3514,31819,319886,351706,54951,16286,3603,702,38902,75544,114447
port432,2025-12-29,Gwangyang (Kwangyang),9,4,9,3,12,25,37,48271,90687,5449,732,25618,145140,170759,21693,70531,10389,1808,38658,104422,143080
port432,2025-12-30,Gwangyang (Kwangyang),6,3,12,1,22,22,44,55077,0,4606,484,157659,60168,217827,28568,37920,15398,702,140500,82589,223089
port432,2025-12-31,Gwangyang (Kwangyang),8,1,4,0,19,13,32,15734,25011,2150,0,420857,42897,463754,19006,0,6189,0,92092,25195,117288
port432,2026-01-01,Gwangyang (Kwangyang),13,0,3,0,20,16,36,28674,0,10253,0,98650,38928,137578,54659,0,1269,0,187266,55928,243195
port432,2026-01-02,Gwangyang (Kwangyang),12,2,6,1,14,21,35,75987,0,5752,606,66758,82346,149105,25967,29279,5487,0,126411,60733,187144
port432,2026-01-03,Gwangyang (Kwangyang),8,6,10,1,17,25,42,17453,230406,3931,0,132044,251791,383836,23575,75616,9326,0,112665,108518,221184
port432,2026-01-04,Gwangyang (Kwangyang),6,0,5,2,16,13,29,40873,0,2502,484,322732,43861,366593,21415,0,7331,702,61335,29450,90785
port432,2026-01-05,Gwangyang (Kwangyang),10,5,6,3,21,24,45,58224,25527,4301,1648,38066,89701,127768,31540,32205,7616,3429,140594,74792,215386
port432,2026-01-06,Gwangyang (Kwangyang),5,0,10,2,19,17,36,24689,0,3584,597,166388,28871,195260,20978,0,12557,4217,225836,37753,263590
port432,2026-01-07,Gwangyang (Kwangyang),5,5,2,2,14,14,28,6144,90304,0,484,14312,96933,111245,6466,8088,3526,702,115768,18784,134552
port432,2026-01-08,Gwangyang (Kwangyang),12,4,5,3,22,24,46,30014,139201,2150,484,63903,171850,235754,89459,17391,6974,5153,207471,118979,326451
port432,2026-01-09,Gwangyang (Kwangyang),8,3,7,0,14,18,32,45119,196896,1803,0,84487,243820,328307,53881,111250,6903,0,83066,172034,255101
port432,2026-01-10,Gwangyang (Kwangyang),9,3,6,1,15,19,34,5178,37359,2867,512,76035,45917,121953,40997,0,8822,0,83513,49819,133333
port432,2026-01-11,Gwangyang (Kwangyang),8,1,8,5,21,22,43,10872,45343,3495,732,368588,60443,429031,25662,5929,8773,4192,58083,44558,102641
port432,2026-01-12,Gwangyang (Kwangyang),9,3,5,2,23,19,42,155263,75716,4392,484,458092,235856,693948,11730,32026,2625,2477,171163,48859,220023
port432,2026-01-13,Gwangyang (Kwangyang),5,1,6,2,18,14,32,17963,0,3584,619,171078,22166,193245,7000,0,9554,792,87590,17346,104936
port432,2026-01-14,Gwangyang (Kwangyang),8,5,7,0,17,20,37,28488,80913,2698,0,109584,112100,221684,37727,72060,4127,0,63990,113915,177906
port432,2026-01-15,Gwangyang (Kwangyang),6,4,4,3,16,17,33,55643,383288,716,1082,300329,440730,741060,8341,8763,6945,2886,113970,26937,140908
port432,2026-01-16,Gwangyang (Kwangyang),8,2,6,1,17,17,34,58970,0,2150,190,40610,61311,101922,16418,7508,12140,0,110308,36068,146376
port432,2026-01-17,Gwangyang (Kwangyang),13,6,9,0,18,28,46,29059,203788,8862,0,62874,241709,304584,99423,35103,6863,0,59774,141390,201164
port432,2026-01-18,Gwangyang (Kwangyang),8,2,5,2,10,17,27,17632,242723,4266,1082,15175,265704,280880,44800,8088,5129,1911,89832,59930,149762
port432,2026-01-19,Gwangyang (Kwangyang),10,3,10,1,22,24,46,29032,156038,2530,484,77583,188086,265670,36089,2485,11918,702,56127,51195,107322
port432,2026-01-20,Gwangyang (Kwangyang),7,3,2,2,18,14,32,19128,134243,716,1368,43938,155457,199396,53781,5929,1269,0,155191,60980,216171
port432,2026-01-21,Gwangyang (Kwangyang),4,4,5,2,10,15,25,8352,139780,5263,1082,102559,154478,257037,19945,14948,3808,1911,30450,40614,71064
port432,2026-01-22,Gwangyang (Kwangyang),7,3,4,1,16,15,31,5588,37531,2150,511,17982,45782,63764,26891,30619,3921,0,145086,61432,206518
port432,2026-01-23,Gwangyang (Kwangyang),12,5,12,2,17,31,48,41431,293245,6088,484,152924,341249,494174,63914,80886,11298,702,151404,156801,308206
port432,2026-01-24,Gwangyang (Kwangyang),9,2,7,2,20,20,40,17683,164847,2520,0,155212,185050,340262,35093,0,5757,0,110301,40851,151153
port432,2026-01-25,Gwangyang (Kwangyang),2,2,8,3,16,15,31,4390,0,3584,353,59028,8328,67356,9378,16591,11227,1458,105824,38655,144480
port432,2026-01-26,Gwangyang (Kwangyang),11,6,8,2,19,27,46,47419,99814,2061,969,138467,150264,288731,38148,37970,20664,1405,110960,98188,209148
port432,2026-01-27,Gwangyang (Kwangyang),9,2,11,2,15,24,39,62586,231128,4212,4950,45996,302877,348874,44320,0,12200,1166,79051,57686,136737
port432,2026-01-28,Gwangyang (Kwangyang),11,0,5,3,16,19,35,15188,0,1780,3063,395358,20032,415391,100082,0,6089,89,79531,106261,185792
port432,2026-01-29,Gwangyang (Kwangyang),9,5,4,0,14,18,32,29520,255736,0,0,28556,285256,313813,23046,17885,6577,0,34254,47510,81764
port432,2026-01-30,Gwangyang (Kwangyang),6,0,11,4,25,21,46,6877,0,3561,1878,46628,12317,58946,25218,0,13251,5295,219306,43765,263072
port432,2026-01-31,Gwangyang (Kwangyang),11,7,3,1,29,22,51,21589,133156,6402,510,198242,161658,359901,48305,54078,2164,0,124768,104548,229317
port432,2026-02-01,Gwangyang (Kwangyang),6,5,4,2,18,17,35,17729,235464,1086,2963,328280,257242,585523,14665,5825,4558,3070,86070,28120,114190
port432,2026-02-02,Gwangyang (Kwangyang),9,1,6,2,22,18,40,85723,61029,4202,484,145029,151440,296470,25621,0,6537,702,104486,32861,137348
port432,2026-02-03,Gwangyang (Kwangyang),3,1,2,2,16,8,24,12350,29564,1063,484,317150,43462,360613,1748,0,2985,5553,144490,10287,154778
port432,2026-02-04,Gwangyang (Kwangyang),3,4,5,2,19,14,33,7200,34702,2150,484,217381,44537,261919,6661,3527,6668,3786,111861,20642,132504
port432,2026-02-05,Gwangyang (Kwangyang),9,1,5,4,19,19,38,66669,31930,3469,511,365934,102580,468514,46452,0,6970,6408,57856,59831,117687
port432,2026-02-06,Gwangyang (Kwangyang),6,4,10,1,20,21,41,27392,1136,2273,645,311613,31448,343061,26256,43465,8709,880,131316,79311,210628
port432,2026-02-07,Gwangyang (Kwangyang),8,4,9,1,12,22,34,87948,121617,6295,0,108292,215861,324154,41898,22576,8114,0,126925,72588,199514
port432,2026-02-08,Gwangyang (Kwangyang),6,0,5,2,12,13,25,10375,0,4878,597,29044,15851,44896,33057,0,3808,5457,92308,42323,134631
port432,2026-02-09,Gwangyang (Kwangyang),9,6,10,1,14,26,40,30249,92016,10643,0,26598,132909,159508,33086,1914,7447,0,36511,42448,78959
port432,2026-02-10,Gwangyang (Kwangyang),9,4,7,3,15,23,38,23854,72215,6226,969,11245,103266,114511,17064,32485,8008,3439,102948,60997,163945
port432,2026-02-11,Gwangyang (Kwangyang),7,4,9,2,19,22,41,76752,45343,3879,484,349490,126461,475951,33820,18736,18082,2479,107982,73119,181102
port432,2026-02-12,Gwangyang (Kwangyang),8,5,12,1,26,26,52,32637,137317,5311,0,39630,175265,214896,23666,17615,10264,3276,92980,54822,147803
port432,2026-02-13,Gwangyang (Kwangyang),7,4,6,2,19,19,38,12754,166814,7177,597,294180,187344,481525,36087,23980,5955,1410,122188,67434,189622
port432,2026-02-14,Gwangyang (Kwangyang),5,3,2,2,17,12,29,13974,108983,0,2131,34766,125089,159856,25075,14018,1663,1208,166173,41966,208139
port432,2026-02-15,Gwangyang (Kwangyang),6,1,7,2,21,16,37,42256,2544,2491,484,48331,47777,96109,16048,0,11371,921,109266,28341,137608
port432,2026-02-16,Gwangyang (Kwangyang),5,2,1,0,23,8,31,22504,241602,716,0,398914,264824,663738,33673,14948,1269,0,129324,49891,179216
port432,2026-02-17,Gwangyang (Kwangyang),6,1,3,0,14,10,24,19546,0,2150,0,143376,21696,165073,27985,0,3808,0,108117,31793,139910
port432,2026-02-18,Gwangyang (Kwangyang),1,4,6,0,19,11,30,0,61400,3231,0,33584,64632,98216,1323,59480,5889,0,137382,66692,204075
port432,2026-02-19,Gwangyang (Kwangyang),12,4,8,0,20,24,44,30402,45343,4084,0,189919,79829,269749,56552,18579,7985,0,77434,83117,160551
port432,2026-02-20,Gwangyang (Kwangyang),10,4,6,3,16,23,39,39218,118239,3826,969,38472,162252,200724,45454,0,5216,1405,63786,52076,115862
port432,2026-02-21,Gwangyang (Kwangyang),6,3,7,2,20,18,38,113108,45343,7126,1013,173117,166591,339709,48350,31880,10287,3521,183749,94040,277789
port432,2026-02-22,Gwangyang (Kwangyang),8,4,5,1,22,18,40,5488,0,1433,3436,315174,10359,325533,45443,51720,6342,0,167670,103506,271176
port432,2026-02-23,Gwangyang (Kwangyang),10,2,7,3,20,22,42,61420,0,7168,780,60810,69368,130179,27296,17333,5470,3892,141386,53992,195379
port432,2026-02-24,Gwangyang (Kwangyang),8,0,8,2,16,18,34,15795,0,1063,484,329924,17344,347269,103645,0,19367,702,55512,123715,179227
port432,2026-02-25,Gwangyang (Kwangyang),8,3,4,4,25,19,44,9173,0,2061,4159,61212,15394,76607,44201,65176,3849,792,230948,114019,344967
port432,2026-02-26,Gwangyang (Kwangyang),7,2,7,2,10,18,28,5058,45343,3463,1082,277334,54948,332282,92576,5929,6234,1911,74068,106652,180721
port432,2026-02-27,Gwangyang (Kwangyang),9,1,5,2,14,17,31,60115,80353,1585,3517,18013,145572,163585,63106,0,4939,702,39906,68748,108654
port432,2026-02-28,Gwangyang (Kwangyang),15,3,6,4,22,28,50,118303,63403,2867,484,94684,185059,279744,92655,5929,7893,6053,141417,112532,253950
port432,2026-03-01,Gwangyang (Kwangyang),10,3,1,2,12,16,28,20394,343764,704,597,48605,365461,414066,38879,10754,0,1668,45628,51303,96931
port432,2026-03-02,Gwangyang (Kwangyang),0,1,2,1,3,4,7,0,0,1433,0,6603,1433,8037,0,4090,2538,0,13549,6629,20178
port432,2026-03-03,Gwangyang (Kwangyang),6,4,9,2,29,21,50,5130,209794,4375,558,441166,219857,661024,156013,5160,10250,604,127160,172028,299189
port432,2026-03-04,Gwangyang (Kwangyang),9,5,9,5,15,28,43,22330,519248,3207,8805,24022,553592,577614,66683,14948,11939,1093,101010,94666,195676
port432,2026-03-05,Gwangyang (Kwangyang),6,3,11,1,13,21,34,23453,87374,10394,484,57714,121707,179422,17825,0,9206,702,52585,27735,80320
port432,2026-03-06,Gwangyang (Kwangyang),11,2,9,0,22,22,44,104954,60358,4581,0,341467,169895,511363,51167,13281,8844,0,164844,73293,238138
port432,2026-03-07,Gwangyang (Kwangyang),9,1,9,3,24,22,46,60814,0,6015,484,77271,67314,144585,52542,20243,17604,1139,168682,91530,260213
port432,2026-03-08,Gwangyang (Kwangyang),8,0,7,2,12,17,29,144861,0,1706,1082,81306,147649,228956,9386,0,9646,1911,32265,20944,53210
port432,2026-03-09,Gwangyang (Kwangyang),11,3,6,3,16,23,39,29455,282836,2497,780,52392,315569,367961,37186,0,6394,4026,141125,47606,188731
port432,2026-03-10,Gwangyang (Kwangyang),0,4,6,2,14,12,26,0,243159,3729,597,137068,247486,384554,0,20878,5778,4397,64536,31054,95591
port432,2026-03-11,Gwangyang (Kwangyang),8,5,5,2,19,20,39,24842,264112,3340,484,308438,292780,601219,32428,37683,4736,702,72237,75551,147788
port432,2026-03-12,Gwangyang (Kwangyang),8,3,6,1,17,18,35,39268,73240,4295,484,21706,117289,138995,24682,9115,5205,702,61974,39705,101679
port432,2026-03-13,Gwangyang (Kwangyang),11,2,6,1,17,20,37,63742,0,5571,484,350177,69798,419976,57171,35818,10046,702,132717,103739,236456
port432,2026-03-14,Gwangyang (Kwangyang),11,4,5,1,15,21,36,22336,131838,1263,484,70498,155922,226421,56274,8088,6780,702,89079,71846,160926
port432,2026-03-15,Gwangyang (Kwangyang),8,4,4,1,12,17,29,34903,0,956,0,135119,35860,170979,12764,15667,4063,0,81555,32495,114051
port432,2026-03-16,Gwangyang (Kwangyang),10,6,9,1,15,26,41,35085,100205,5865,484,22800,141641,164441,30341,42181,11101,702,97931,84327,182258
port432,2026-03-17,Gwangyang (Kwangyang),5,1,5,1,18,12,30,59058,0,2061,134,76552,61254,137807,25048,23332,4953,89,74922,53424,128347
port432,2026-03-18,Gwangyang (Kwangyang),7,4,5,1,14,17,31,28593,34846,4252,0,29650,67692,97343,21927,35241,3521,2046,26619,62737,89357
port432,2026-03-19,Gwangyang (Kwangyang),5,1,12,1,17,19,36,7626,45343,4180,0,31640,57150,88790,9990,5929,13456,6669,260096,36045,296141
port432,2026-03-20,Gwangyang (Kwangyang),12,6,3,1,10,22,32,163684,176755,2075,0,23586,342515,366102,45589,20258,1881,3631,45539,71360,116900
port432,2026-03-21,Gwangyang (Kwangyang),9,4,9,5,19,27,46,16222,164185,3584,619,34046,184611,218658,63541,11859,8875,792,58867,85069,143937
port432,2026-03-22,Gwangyang (Kwangyang),5,3,8,3,15,19,34,13903,247330,5744,597,28442,267575,296018,14972,5929,7466,1208,103297,29577,132875
port432,2026-03-23,Gwangyang (Kwangyang),9,2,9,4,13,24,37,8451,60859,10226,969,21598,80506,102104,53442,25489,8853,1405,78934,89190,168124
port432,2026-03-24,Gwangyang (Kwangyang),9,3,4,1,19,17,36,34121,43501,6343,0,108155,83966,192122,52065,11688,1678,2748,72119,68182,140301
port432,2026-03-25,Gwangyang (Kwangyang),7,4,6,1,14,18,32,9822,37575,1063,134,30049,48596,78646,56785,0,6400,89,52143,63276,115419
port432,2026-03-26,Gwangyang (Kwangyang),5,3,10,3,15,21,36,4911,96563,5223,484,85172,107182,192355,12778,20878,12486,12406,81304,58550,139854
port432,2026-03-27,Gwangyang (Kwangyang),9,1,10,2,8,22,30,35153,50669,4479,988,11845,91289,103135,40590,0,8578,702,10832,49871,60704
port432,2026-03-28,Gwangyang (Kwangyang),3,2,2,3,19,10,29,1828,172700,346,3274,354470,178150,532620,1230,32129,2090,1911,77984,37362,115346
port432,2026-03-29,Gwangyang (Kwangyang),4,4,7,0,8,15,23,10796,368886,3685,0,21814,383367,405182,5647,5929,5171,0,40056,16749,56805
port432,2026-03-30,Gwangyang (Kwangyang),11,6,4,1,16,22,38,41564,207862,2150,3024,98573,254602,353176,40479,42568,5539,0,81429,88587,170017
port432,2026-03-31,Gwangyang (Kwangyang),9,3,2,1,19,15,34,11440,39791,715,0,39227,51947,91174,25214,27839,1304,2551,106616,56910,163526
port432,2026-04-01,Gwangyang (Kwangyang),5,3,9,2,20,19,39,28675,79283,10487,484,39102,118931,158034,39299,17366,7164,1213,52098,65043,117142
port432,2026-04-02,Gwangyang (Kwangyang),9,2,5,6,15,22,37,24602,169912,3529,5011,33716,203056,236773,15400,14948,3659,5032,93905,39041,132946
port432,2026-04-03,Gwangyang (Kwangyang),10,2,9,1,7,22,29,63627,90687,5898,0,18186,160213,178399,18789,11859,9139,4768,19868,44557,64425
port432,2026-04-04,Gwangyang (Kwangyang),7,1,1,2,8,11,19,15228,25946,2145,732,4213,44052,48265,21230,8088,0,1298,25991,30617,56609
port432,2026-04-05,Gwangyang (Kwangyang),7,4,5,0,17,16,33,14436,159417,2150,0,45263,176004,221268,21922,6839,7417,0,99193,36179,135373
port432,2026-04-06,Gwangyang (Kwangyang),10,2,6,4,15,22,37,32945,69314,1086,1195,125235,104542,229778,21282,0,10115,4856,67167,36253,103421
port432,2026-04-07,Gwangyang (Kwangyang),4,1,9,3,5,17,22,15693,45343,5156,484,104244,66677,170921,0,5929,9612,7562,30101,23104,53206
port432,2026-04-08,Gwangyang (Kwangyang),10,3,1,0,14,14,28,80844,25946,716,0,14417,107507,121925,32851,33837,1269,0,48692,67958,116650
port432,2026-04-09,Gwangyang (Kwangyang),5,1,2,0,5,8,13,19455,0,0,0,22348,19455,41803,7667,0,3069,0,32205,10737,42942
port432,2026-04-10,Gwangyang (Kwangyang),17,2,6,4,14,29,43,105026,10501,2150,1103,116596,118782,235378,90283,173,8147,3536,82786,102140,184927
port432,2026-04-11,Gwangyang (Kwangyang),8,4,11,1,10,24,34,135884,410769,10635,597,8787,557886,566673,20301,8088,14385,1208,38929,43984,82914
port432,2026-04-12,Gwangyang (Kwangyang),4,1,4,0,15,9,24,8578,2452,1194,0,63636,12225,75861,19626,0,2176,0,48096,21803,69899
port432,2026-04-13,Gwangyang (Kwangyang),6,1,5,1,7,13,20,4082,18559,4296,484,12080,27422,39502,124604,0,7786,702,60307,133093,193401
port432,2026-04-14,Gwangyang (Kwangyang),8,4,6,3,16,21,37,62095,80485,1063,1082,47254,144727,191982,24732,20412,9460,4661,58341,59267,117609
port432,2026-04-15,Gwangyang (Kwangyang),7,1,2,5,14,15,29,16058,49944,6402,1993,296715,74398,371113,21715,0,799,3461,59561,25977,85538
port432,2026-04-16,Gwangyang (Kwangyang),10,5,6,3,13,24,37,14007,124204,2867,1082,73053,142162,215216,37459,40711,9386,5121,46968,92679,139648
port432,2026-04-17,Gwangyang (Kwangyang),11,2,5,0,23,18,41,19903,38418,1621,0,67004,59942,126947,35736,1702,5929,0,141855,43368,185224
port432,2026-04-18,Gwangyang (Kwangyang),7,3,8,1,8,19,27,7588,92230,5025,134,19787,104978,124766,20132,38014,12098,89,27379,70334,97714
port432,2026-04-19,Gwangyang (Kwangyang),8,3,4,0,14,15,29,23782,25946,1063,0,117071,50792,167863,63064,20429,5824,0,47155,89318,136474
port432,2026-04-20,Gwangyang (Kwangyang),8,1,4,3,13,16,29,47630,0,1726,2771,141130,52128,193258,24262,0,3310,1405,53719,28978,82698
port432,2026-04-21,Gwangyang (Kwangyang),5,4,4,0,17,13,30,14832,78723,5826,0,205069,99382,304452,6604,14948,1678,0,127053,23232,150285
port432,2026-04-22,Gwangyang (Kwangyang),7,1,8,2,19,18,37,10525,54602,2687,484,174614,68300,242914,52224,0,9167,1287,94430,62679,157110
port432,2026-04-23,Gwangyang (Kwangyang),11,3,5,1,15,20,35,29599,174827,2122,597,238671,207147,445818,16590,35975,3748,1208,72483,57522,130006
port432,2026-04-24,Gwangyang (Kwangyang),4,5,5,1,16,15,31,15387,137946,2497,0,73799,155831,229631,14609,11859,6363,1529,101307,34361,135668
port432,2026-04-25,Gwangyang (Kwangyang),10,2,4,4,10,20,30,16330,198051,5756,2658,9319,222796,232115,39071,30087,3387,2107,40112,74653,114765
port432,2026-04-26,Gwangyang (Kwangyang),7,4,14,3,14,28,42,30337,330624,11789,732,294690,373483,668174,4338,5929,13393,2820,90435,26481,116916
port432,2026-04-27,Gwangyang (Kwangyang),11,6,17,1,23,35,58,111352,171185,5675,7850,165971,296065,462036,48601,72722,33068,0,204529,154392,358922
port432,2026-04-28,Gwangyang (Kwangyang),9,3,9,4,8,25,33,18350,86388,6668,484,79200,111892,191093,47606,14948,11782,10639,27716,84978,112694
port432,2026-04-29,Gwangyang (Kwangyang),3,5,12,3,12,23,35,842,362581,8410,1264,23352,373098,396451,14198,2671,12362,1672,60102,30905,91007
port432,2026-04-30,Gwangyang (Kwangyang),13,3,5,4,22,25,47,4093,65105,1063,4255,39033,74518,113551,158251,0,6761,702,185247,165716,350963
port432,2026-05-01,Gwangyang (Kwangyang),7,4,7,2,16,20,36,45369,45343,15671,484,52262,106870,159132,8395,10519,6113,2240,241066,27268,268334
port432,2026-05-02,Gwangyang (Kwangyang),10,2,5,0,13,17,30,55133,63406,4171,0,18132,122711,140844,21679,8088,4480,0,42969,34248,77218
port432,2026-05-03,Gwangyang (Kwangyang),6,4,6,1,15,17,32,38576,299906,8312,484,116521,347279,463801,64626,46077,5863,702,39747,117270,157017
port432,2026-05-04,Gwangyang (Kwangyang),11,3,13,0,17,27,44,57421,243081,10511,0,45527,311014,356541,21172,0,12083,0,73180,33256,106436
port432,2026-05-05,Gwangyang (Kwangyang),7,4,3,2,22,16,38,31230,256689,369,0,49185,288289,337474,43878,0,5422,2488,124674,51788,176463
port432,2026-05-06,Gwangyang (Kwangyang),5,4,9,4,13,22,35,10959,121957,8975,5284,21742,147177,168919,162464,30579,8880,0,55359,201923,257283
port432,2026-05-07,Gwangyang (Kwangyang),10,4,6,2,13,22,35,43884,88083,3689,484,16565,136142,152707,15059,79391,10209,7211,51235,111871,163106
port432,2026-05-08,Gwangyang (Kwangyang),10,4,8,3,16,25,41,21744,126830,4123,0,307104,152698,459802,72114,49695,8661,2841,148598,133313,281911
port432,2026-05-09,Gwangyang (Kwangyang),7,7,12,1,15,27,42,17894,253960,9665,0,46177,281520,327697,20137,28777,17417,0,71281,66332,137614
port432,2026-05-10,Gwangyang (Kwangyang),10,6,11,3,16,30,46,79860,267152,12513,5476,34974,365003,399978,24303,49552,8336,2643,129655,84835,214491
port432,2026-05-11,Gwangyang (Kwangyang),6,5,8,1,29,20,49,46229,471314,8039,403,156208,525987,682196,35880,11437,6063,0,203453,53382,256836
port432,2026-05-12,Gwangyang (Kwangyang),13,8,3,5,16,29,45,26329,170585,716,1566,112817,199198,312015,20740,69568,3613,7382,57524,101304,158828
port432,2026-05-13,Gwangyang (Kwangyang),7,4,8,2,13,21,34,23712,132296,11051,0,90169,167060,257229,20676,173,9723,3461,25290,34034,59324
port432,2026-05-14,Gwangyang (Kwangyang),4,5,9,5,18,23,41,14958,70887,4045,5352,221004,95243,316248,8541,19018,9488,1494,59072,38543,97615
port432,2026-05-15,Gwangyang (Kwangyang),10,1,8,0,13,19,32,56165,2544,4728,0,15491,63438,78930,13586,0,7814,0,74346,21401,95748
port432,2026-05-16,Gwangyang (Kwangyang),8,4,7,0,15,19,34,25845,126366,2397,0,66155,154610,220766,20867,20878,6837,0,136307,48583,184891
port432,2026-05-17,Gwangyang (Kwangyang),11,7,11,1,17,30,47,55063,331136,4779,0,98077,390979,489057,37622,46043,19072,190,122866,102929,225796
port432,2026-05-18,Gwangyang (Kwangyang),6,11,10,4,17,31,48,6383,832671,5067,1614,540644,845736,1386380,63445,42239,12993,3200,43967,121879,165847
port432,2026-05-19,Gwangyang (Kwangyang),10,2,11,3,11,26,37,10408,80696,2497,5823,21519,99426,120945,51538,741,18374,89,25617,70743,96360
port432,2026-05-20,Gwangyang (Kwangyang),11,2,6,2,17,21,38,40998,51371,3675,0,317359,96045,413404,12514,0,2931,4541,87369,19987,107356
port432,2026-05-21,Gwangyang (Kwangyang),10,2,12,2,17,26,43,28433,94509,13145,484,210257,136573,346830,65360,14948,8533,702,129000,89545,218545
port432,2026-05-22,Gwangyang (Kwangyang),8,8,7,1,17,24,41,32034,265154,9350,0,80778,306539,387317,16479,52917,5704,2643,37116,77744,114861
port432,2026-05-23,Gwangyang (Kwangyang),5,5,12,1,19,23,42,7556,173223,12583,0,479024,193363,672388,3144,7120,15396,0,98757,25661,124419
port432,2026-05-24,Gwangyang (Kwangyang),7,6,5,2,11,20,31,24308,187591,1625,2351,28043,215877,243921,16042,58327,3557,89,35098,78016,113114
port432,2026-05-25,Gwangyang (Kwangyang),9,6,7,2,14,24,38,18933,285326,6550,4586,33851,315396,349247,16636,34386,6246,702,97889,57971,155860
port432,2026-05-26,Gwangyang (Kwangyang),9,7,8,2,16,26,42,32052,266165,4154,484,78172,302857,381030,30066,22650,5437,702,105796,58856,164653
port432,2026-05-27,Gwangyang (Kwangyang),8,3,8,3,19,22,41,21178,99113,3584,3885,190867,127761,318628,5890,14948,10806,1208,115977,32854,148831
port432,2026-05-28,Gwangyang (Kwangyang),8,6,9,1,18,24,42,33862,88020,3584,484,125513,125951,251464,63628,320644,11685,702,94187,396661,490848
port432,2026-05-29,Gwangyang (Kwangyang),10,5,8,3,14,26,40,27008,70644,10105,134,37800,107891,145691,18422,37547,3902,89,76766,59961,136727
port434,2025-12-21,Hai Phong,11,0,6,0,5,17,22,23382,0,5128,0,12645,28511,41157,3313,0,3917,0,0,7231,7231
port434,2025-12-22,Hai Phong,12,1,8,2,4,23,27,17244,11466,8132,1584,13072,38427,51499,9558,0,2847,0,0,12405,12405
port434,2025-12-23,Hai Phong,11,3,7,0,7,21,28,25903,21089,9009,0,8904,56002,64906,4271,2360,838,0,95,7470,7566
port434,2025-12-24,Hai Phong,17,0,2,0,4,19,23,23668,0,0,0,15010,23668,38679,28309,0,0,0,0,28309,28309
port434,2025-12-25,Hai Phong,12,0,3,0,4,15,19,21725,0,1647,0,5066,23372,28438,7794,0,1458,0,0,9253,9253
port434,2025-12-26,Hai Phong,9,2,2,1,4,14,18,13843,32969,2151,0,10679,48964,59643,1553,1364,0,0,0,2918,2918
port434,2025-12-27,Hai Phong,13,1,8,0,3,22,25,36536,0,8258,0,10878,44795,55673,3144,0,1797,0,0,4941,4941
port434,2025-12-28,Hai Phong,9,0,4,0,6,13,19,21233,0,3877,0,2450,25110,27561,0,0,0,0,95,0,95
port434,2025-12-29,Hai Phong,7,3,8,0,7,18,25,24227,22389,9849,0,10232,56466,66698,3144,2360,838,0,0,6343,6343
port434,2025-12-30,Hai Phong,12,2,6,1,5,21,26,28960,4855,14770,0,5976,48586,54563,7117,0,8958,0,185,16075,16261
port434,2025-12-31,Hai Phong,16,2,1,0,3,19,22,28777,23346,0,0,2056,52124,54180,900,0,0,0,36,900,937
port434,2026-01-01,Hai Phong,10,0,5,0,8,15,23,30580,0,3577,0,13140,34157,47298,628,0,3738,0,95,4367,4463
port434,2026-01-02,Hai Phong,13,2,6,2,4,23,27,35714,23576,19063,1607,4784,79961,84746,2252,0,419,134,0,2806,2806
port434,2026-01-03,Hai Phong,8,0,6,0,4,14,18,11452,0,1738,0,3519,13191,16710,5521,0,2495,0,0,8017,8017
port434,2026-01-04,Hai Phong,9,0,1,1,5,11,16,32057,0,2603,0,8293,34660,42954,0,0,0,0,95,0,95
port434,2026-01-05,Hai Phong,14,2,5,1,6,22,28,38471,23630,0,960,12796,63062,75858,4915,0,0,0,95,4915,5010
port434,2026-01-06,Hai Phong,4,0,2,0,3,6,9,5611,0,3452,0,2056,9064,11120,5620,0,419,0,1204,6040,7244
port434,2026-01-07,Hai Phong,9,1,4,0,4,14,18,13371,2398,10679,0,0,26449,26449,3857,0,1425,0,0,5283,5283
port434,2026-01-08,Hai Phong,9,1,6,0,4,16,20,8062,0,1647,0,6913,9709,16623,9676,0,1567,0,185,11244,11430
port434,2026-01-09,Hai Phong,16,0,4,0,5,20,25,26539,0,5912,0,4015,32452,36467,5447,0,796,0,964,6244,7208
port434,2026-01-10,Hai Phong,9,0,4,0,4,13,17,13003,0,1796,0,6508,14799,21307,6306,0,0,0,0,6306,6306
port434,2026-01-11,Hai Phong,12,0,9,0,6,21,27,19644,0,12617,0,12035,32261,44297,3785,0,6866,0,0,10651,10651
port434,2026-01-12,Hai Phong,9,1,3,0,6,13,19,18728,7355,2752,0,18744,28837,47581,1039,1364,419,0,190,2823,3014
port434,2026-01-13,Hai Phong,9,2,6,0,7,17,24,22655,17105,4123,0,6219,43884,50104,5006,0,1564,0,95,6571,6666
port434,2026-01-14,Hai Phong,9,1,8,0,1,18,19,10535,0,10768,0,1994,21303,23298,4323,2049,10670,0,0,17042,17042
port434,2026-01-15,Hai Phong,11,0,4,0,6,15,21,16276,0,2140,0,4841,18416,23257,23295,0,931,0,0,24226,24226
port434,2026-01-16,Hai Phong,13,3,6,0,5,22,27,24384,22237,3294,0,5758,49916,55675,4711,230,2429,0,0,7371,7371
port434,2026-01-17,Hai Phong,18,2,4,1,3,25,28,28195,34784,0,0,4544,62979,67524,5380,0,0,0,317,5380,5697
port434,2026-01-18,Hai Phong,10,2,3,0,4,15,19,20103,13733,2119,0,1868,35956,37825,0,996,0,0,95,996,1091
port434,2026-01-19,Hai Phong,9,1,7,0,5,17,22,12226,0,9449,0,15964,21676,37640,2467,0,0,0,95,2467,2562
port434,2026-01-20,Hai Phong,7,1,5,0,7,13,20,8164,7355,4132,0,17570,19652,37222,12551,1364,0,0,0,13916,13916
port434,2026-01-21,Hai Phong,11,0,5,0,6,16,22,17463,0,10585,0,9701,28049,37750,5040,0,1092,0,95,6133,6228
port434,2026-01-22,Hai Phong,14,0,1,0,5,15,20,28746,0,0,0,10743,28746,39490,6038,0,0,0,0,6038,6038
port434,2026-01-23,Hai Phong,11,1,5,0,3,17,20,31846,0,1416,0,3456,33262,36719,628,0,6559,0,0,7188,7188
port434,2026-01-24,Hai Phong,8,2,4,0,5,14,19,9254,8985,4741,0,7741,22980,30722,7216,0,673,0,0,7890,7890
port434,2026-01-25,Hai Phong,10,0,6,0,7,16,23,26223,0,4492,0,17569,30716,48286,1257,0,1306,0,95,2564,2659
port434,2026-01-26,Hai Phong,11,1,4,0,6,16,22,14495,24669,0,0,10523,39164,49688,4518,0,0,0,2996,4518,7515
port434,2026-01-27,Hai Phong,12,2,5,0,5,19,24,29829,1454,1447,0,3983,32730,36714,6442,0,2135,0,0,8578,8578
port434,2026-01-28,Hai Phong,14,0,6,0,5,20,25,32304,0,6994,0,3816,39298,43115,1886,0,946,0,95,2832,2928
port434,2026-01-29,Hai Phong,9,2,5,0,6,16,22,14510,27981,9950,0,5309,52442,57751,1886,0,0,0,317,1886,2203
port434,2026-01-30,Hai Phong,16,1,7,0,6,24,30,34654,0,4673,0,10886,39328,50214,2515,0,838,0,0,3353,3353
port434,2026-01-31,Hai Phong,10,0,8,0,2,18,20,11380,0,16882,0,8673,28263,36936,14230,0,419,0,95,14649,14744
port434,2026-02-01,Hai Phong,10,0,2,2,5,14,19,16758,0,2155,767,7178,19681,26859,4059,0,0,0,0,4059,4059
port434,2026-02-02,Hai Phong,6,1,7,0,8,14,22,22103,13733,10242,0,8520,46079,54599,1421,996,369,0,0,2786,2786
port434,2026-02-03,Hai Phong,7,0,7,0,2,14,16,7165,0,5526,0,11608,12691,24299,628,0,419,0,0,1047,1047
port434,2026-02-04,Hai Phong,7,2,10,0,2,19,21,7173,8107,10618,0,462,25899,26361,5545,0,1399,0,0,6945,6945
port434,2026-02-05,Hai Phong,6,3,6,1,3,16,19,14955,18131,10953,437,9091,44479,53571,628,0,0,134,0,763,763
port434,2026-02-06,Hai Phong,12,1,3,2,7,18,25,28313,0,4076,0,13333,32389,45723,5717,0,0,0,95,5717,5812
port434,2026-02-07,Hai Phong,22,1,5,1,5,29,34,38435,0,6788,0,11381,45223,56605,16573,0,3384,0,317,19958,20275
port434,2026-02-08,Hai Phong,13,0,2,0,7,15,22,37614,0,2453,0,8964,40068,49032,5005,0,0,0,0,5005,5005
port434,2026-02-09,Hai Phong,9,1,6,0,3,16,19,9122,1240,6928,0,8261,17291,25553,1752,0,0,0,95,1752,1847
port434,2026-02-10,Hai Phong,7,1,7,0,6,15,21,4645,8985,2523,0,9659,16154,25813,5872,0,0,0,95,5872,5967
port434,2026-02-11,Hai Phong,13,0,5,0,5,18,23,23294,0,5375,0,1183,28670,29853,1886,0,0,0,0,1886,1886
port434,2026-02-12,Hai Phong,7,1,8,0,7,16,23,9332,7355,5422,0,8524,22109,30634,7912,1364,838,0,221,10115,10337
port434,2026-02-13,Hai Phong,8,2,3,0,3,13,16,14391,0,0,0,8673,14391,23065,9713,0,0,0,95,9713,9808
port434,2026-02-14,Hai Phong,12,3,4,0,2,19,21,24879,0,4274,0,0,29153,29153,4413,0,2287,0,0,6701,6701
port434,2026-02-15,Hai Phong,9,1,5,1,4,16,20,5308,0,9410,0,3737,14719,18456,22737,0,540,0,190,23277,23468
port434,2026-02-16,Hai Phong,12,0,2,0,2,14,16,32367,0,7793,0,102,40160,40263,9589,0,419,0,0,10008,10008
port434,2026-02-17,Hai Phong,10,1,2,0,3,13,16,15482,8622,7837,0,5362,31942,37304,2938,0,2178,0,0,5117,5117
port434,2026-02-18,Hai Phong,4,0,3,0,5,7,12,4320,0,5082,0,6098,9402,15501,2108,0,254,0,221,2362,2584
port434,2026-02-19,Hai Phong,14,0,2,0,4,16,20,26118,0,2657,0,11950,28775,40726,7695,0,0,0,0,7695,7695
port434,2026-02-20,Hai Phong,8,0,1,0,3,9,12,15269,0,0,0,7016,15269,22286,1746,0,0,0,0,1746,1746
port434,2026-02-21,Hai Phong,8,1,2,0,3,11,14,17206,22014,2477,0,522,41699,42221,6435,0,0,0,0,6435,6435
port434,2026-02-22,Hai Phong,5,1,11,1,4,18,22,13544,0,18848,0,6560,32392,38953,4373,0,419,0,0,4792,4792
port434,2026-02-23,Hai Phong,8,0,3,0,3,11,14,30227,0,2818,0,5453,33045,38499,628,0,0,0,0,628,628
port434,2026-02-24,Hai Phong,4,0,4,0,6,8,14,2380,0,0,0,19640,2380,22020,2697,0,3688,0,0,6386,6386
port434,2026-02-25,Hai Phong,10,0,4,0,5,14,19,33490,0,2756,0,14607,36246,50854,8943,0,1397,0,221,10341,10563
port434,2026-02-26,Hai Phong,11,2,3,1,4,17,21,27439,4042,8163,1357,5237,41003,46240,5816,1886,0,0,0,7702,7702
port434,2026-02-27,Hai Phong,10,0,9,0,3,19,22,17942,0,7562,0,9824,25504,35329,8141,0,419,0,0,8560,8560
port434,2026-02-28,Hai Phong,9,1,2,0,2,12,14,17570,13812,4126,0,6497,35509,42007,3585,0,419,0,0,4004,4004
port434,2026-03-01,Hai Phong,9,0,3,0,5,12,17,18302,0,4843,0,5464,23146,28610,2304,0,419,0,0,2723,2723
port434,2026-03-02,Hai Phong,8,1,3,1,7,13,20,13698,4643,6049,3006,7543,27398,34942,2288,0,0,0,221,2288,2510
port434,2026-03-03,Hai Phong,10,1,6,0,4,17,21,33946,7355,4827,0,7010,46129,53140,1668,1364,0,0,0,3033,3033
port434,2026-03-04,Hai Phong,7,1,1,0,5,9,14,8924,2518,0,0,5309,11443,16752,3139,0,0,0,95,3139,3234
port434,2026-03-05,Hai Phong,11,0,4,0,4,15,19,25464,0,16440,0,7527,41905,49432,7091,0,0,0,95,7091,7186
port434,2026-03-06,Hai Phong,10,0,6,0,3,16,19,12142,0,14229,0,2121,26372,28493,3521,0,225,0,2014,3747,5761
port434,2026-03-07,Hai Phong,9,0,7,0,4,16,20,16299,0,3294,0,2592,19593,22185,7446,0,1277,0,95,8723,8819
port434,2026-03-08,Hai Phong,9,0,2,0,4,11,15,19980,0,3941,0,4169,23921,28090,7175,0,419,0,0,7594,7594
port434,2026-03-09,Hai Phong,8,0,6,1,4,15,19,15942,0,7840,3191,8178,26974,35153,1809,0,660,0,0,2469,2469
port434,2026-03-10,Hai Phong,6,0,2,1,4,9,13,6315,0,1954,0,4261,8269,12530,628,0,0,0,0,628,628
port434,2026-03-11,Hai Phong,10,1,6,1,7,18,25,24684,13733,11750,0,13094,50168,63263,3174,996,419,0,317,4589,4906
port434,2026-03-12,Hai Phong,16,1,3,0,5,20,25,35881,1454,1647,0,10432,38982,49415,6582,0,419,0,555,7001,7556
port434,2026-03-13,Hai Phong,13,2,6,0,6,21,27,22698,18775,6109,0,4897,47584,52481,2679,0,0,0,95,2679,2774
port434,2026-03-14,Hai Phong,12,0,3,0,5,15,20,27064,0,452,0,11990,27517,39507,5933,0,0,0,0,5933,5933
port434,2026-03-15,Hai Phong,7,1,6,0,2,14,16,24732,14684,7521,0,732,46939,47671,3679,0,1850,0,0,5529,5529
port434,2026-03-16,Hai Phong,12,1,5,1,5,19,24,24180,1848,9150,0,13865,35179,49045,10541,0,0,0,407,10541,10949
port434,2026-03-17,Hai Phong,6,4,5,0,6,15,21,17092,9874,6629,0,3350,33596,36947,628,1364,1092,0,0,3085,3085
port434,2026-03-18,Hai Phong,13,0,5,0,6,18,24,18471,0,8952,0,9822,27423,37246,6544,0,0,0,185,6544,6730
port434,2026-03-19,Hai Phong,11,0,2,0,5,13,18,17687,0,1647,0,9233,19334,28567,4562,0,419,0,0,4981,4981
port434,2026-03-20,Hai Phong,16,3,5,1,4,25,29,41427,25574,3377,0,6889,70379,77268,5136,2360,0,0,438,7497,7936
port434,2026-03-21,Hai Phong,6,0,4,0,3,10,13,12977,0,5582,0,8329,18559,26889,1886,0,0,0,0,1886,1886
port434,2026-03-22,Hai Phong,13,4,7,0,6,24,30,23482,65298,8325,0,5683,97106,102790,8506,0,1351,0,95,9858,9953
port434,2026-03-23,Hai Phong,8,1,4,0,5,13,18,7341,7355,3120,0,12981,17818,30799,2779,1364,0,0,0,4144,4144
port434,2026-03-24,Hai Phong,10,1,6,0,4,17,21,27157,781,19029,0,7186,46968,54154,1886,0,254,0,0,2140,2140
port434,2026-03-25,Hai Phong,11,6,10,0,3,27,30,17672,46652,13380,0,9158,77704,86863,5314,2729,838,0,0,8882,8882
port434,2026-03-26,Hai Phong,10,0,4,0,3,14,17,17330,0,1787,0,8302,19118,27421,3890,0,1422,0,0,5312,5312
port434,2026-03-27,Hai Phong,13,1,8,0,4,22,26,30307,0,8748,0,5334,39056,44391,4358,0,9468,0,167,13826,13994
port434,2026-03-28,Hai Phong,13,3,3,1,4,20,24,27313,13733,7247,0,2190,48295,50485,6885,6080,0,0,95,12966,13061
port434,2026-03-29,Hai Phong,11,1,3,0,5,15,20,14707,7355,9976,0,18232,32040,50272,7472,1364,254,0,221,9091,9313
port434,2026-03-30,Hai Phong,7,1,4,0,4,12,16,15416,9947,1647,0,7527,27010,34537,3278,0,419,0,95,3697,3792
port434,2026-03-31,Hai Phong,16,0,5,0,3,21,24,34367,0,8163,0,7476,42531,50007,7499,0,419,0,0,7918,7918
port434,2026-04-01,Hai Phong,6,1,5,1,3,13,16,9982,4127,5224,437,3559,19773,23333,1768,0,781,134,0,2685,2685
port434,2026-04-02,Hai Phong,12,1,4,0,3,17,20,22791,0,2230,0,5400,25021,30421,3443,0,0,0,221,3443,3665
port434,2026-04-03,Hai Phong,15,2,4,0,7,21,28,29740,1240,8843,0,18244,39824,58069,5273,5260,0,0,0,10533,10533
port434,2026-04-04,Hai Phong,13,0,6,1,5,20,25,28601,0,0,1633,6652,30235,36887,6064,0,6862,0,95,12926,13022
port434,2026-04-05,Hai Phong,9,1,5,0,5,15,20,13967,22563,4754,0,5867,41285,47152,4157,0,419,0,0,4576,4576
port434,2026-04-06,Hai Phong,8,0,8,0,3,16,19,26459,0,3969,0,8583,30429,39012,276,0,0,0,221,276,497
port434,2026-04-07,Hai Phong,16,0,5,0,5,21,26,36866,0,7725,0,4542,44592,49134,2892,0,0,0,0,2892,2892
port434,2026-04-08,Hai Phong,10,0,0,0,4,10,14,23979,0,0,0,1228,23979,25207,2013,0,0,0,0,2013,2013
port434,2026-04-09,Hai Phong,7,3,7,0,4,17,21,11791,24645,6889,0,6397,43326,49724,7137,7578,419,0,95,15135,15231
port434,2026-04-10,Hai Phong,7,0,5,1,1,13,14,12444,0,10290,0,1259,22735,23994,1786,0,795,0,0,2581,2581
port434,2026-04-11,Hai Phong,14,0,3,0,1,17,18,23165,0,3330,0,0,26496,26496,7179,0,419,0,0,7598,7598
port434,2026-04-12,Hai Phong,13,0,6,0,5,19,24,26168,0,2773,0,1241,28942,30183,1886,0,419,0,163,2305,2468
port434,2026-04-13,Hai Phong,8,0,2,0,4,10,14,13569,0,1233,0,7546,14802,22349,12286,0,259,0,0,12545,12545
port434,2026-04-14,Hai Phong,13,1,9,1,3,24,27,21621,22121,8635,0,7188,52378,59566,4968,0,419,3868,221,9256,9477
port434,2026-04-15,Hai Phong,11,2,3,0,4,16,20,15897,18722,11269,0,5996,45888,51884,4947,0,0,0,0,4947,4947
port434,2026-04-16,Hai Phong,14,0,4,0,3,18,21,47491,0,552,0,3325,48043,51368,3772,0,7621,0,0,11394,11394
port434,2026-04-17,Hai Phong,6,1,3,0,6,10,16,9088,0,4172,0,11527,13260,24788,10287,0,0,0,510,10287,10798
port434,2026-04-18,Hai Phong,16,2,6,0,3,24,27,22051,18698,10002,0,8673,50753,59426,8137,996,838,0,95,9971,10066
port434,2026-04-19,Hai Phong,8,1,3,1,1,13,14,31129,0,3146,0,310,34275,34586,1257,0,1096,0,0,2354,2354
port434,2026-04-20,Hai Phong,11,1,7,0,3,19,22,11703,13733,11178,0,5160,36615,41775,14921,996,0,0,0,15917,15917
port434,2026-04-21,Hai Phong,12,3,4,0,3,19,22,17826,27922,0,0,2802,45749,48552,8897,1364,0,0,95,10261,10357
port434,2026-04-22,Hai Phong,11,1,7,0,3,19,22,29543,5151,10399,0,9507,45094,54602,6295,0,1257,0,0,7552,7552
port434,2026-04-23,Hai Phong,14,1,4,0,2,19,21,25285,0,5304,0,1868,30590,32458,12207,0,0,0,95,12207,12303
port434,2026-04-24,Hai Phong,9,0,9,1,4,19,23,17189,0,10716,0,8838,27906,36745,5172,0,3071,0,0,8243,8243
port434,2026-04-25,Hai Phong,12,0,7,2,4,21,25,23785,0,11918,437,5335,36141,41476,7961,0,4619,1823,2198,14404,16603
port434,2026-04-26,Hai Phong,11,0,3,0,3,14,17,19814,0,0,0,9042,19814,28856,6718,0,0,0,0,6718,6718
port434,2026-04-27,Hai Phong,10,0,6,0,6,16,22,14513,0,18648,0,8486,33161,41648,4741,0,419,0,0,5160,5160
port434,2026-04-28,Hai Phong,13,0,3,0,4,16,20,28584,0,3351,0,3141,31936,35077,6531,0,0,0,0,6531,6531
port434,2026-04-29,Hai Phong,7,1,3,0,2,11,13,9443,935,1770,0,5947,12149,18096,0,0,2859,0,0,2859,2859
port434,2026-04-30,Hai Phong,9,0,2,0,2,11,13,15026,0,0,0,1868,15026,16894,1723,0,0,0,95,1723,1818
port434,2026-05-01,Hai Phong,11,2,7,1,3,21,24,16188,25301,11186,973,6804,53649,60454,13006,0,254,0,0,13260,13260
port434,2026-05-02,Hai Phong,11,1,1,0,2,13,15,25572,4127,2720,0,2638,32421,35060,1257,0,0,0,95,1257,1352
port434,2026-05-03,Hai Phong,11,0,4,0,3,15,18,28557,0,12204,0,727,40762,41489,1257,0,0,0,0,1257,1257
port434,2026-05-04,Hai Phong,8,2,4,0,6,14,20,26695,16252,0,0,12368,42948,55316,628,996,0,0,0,1624,1624
port434,2026-05-05,Hai Phong,9,1,4,0,3,14,17,28697,0,1168,0,10204,29865,40069,2312,0,0,0,190,2312,2502
port434,2026-05-06,Hai Phong,9,1,5,1,1,16,17,20575,2560,5150,3216,2014,31503,33518,5963,0,419,0,0,6382,6382
port434,2026-05-07,Hai Phong,12,2,8,1,3,23,26,38685,0,17805,0,2041,56491,58532,3212,0,419,3868,0,7500,7500
port434,2026-05-08,Hai Phong,10,2,7,2,5,21,26,17951,14656,8163,0,8008,40772,48780,7038,0,0,0,0,7038,7038
port434,2026-05-09,Hai Phong,10,0,3,0,4,13,17,28794,0,877,0,9961,29672,39633,11963,0,0,0,95,11963,12058
port434,2026-05-10,Hai Phong,9,2,5,0,5,16,21,20570,28724,1102,0,4823,50397,55220,1681,1364,0,0,167,3046,3213
port434,2026-05-11,Hai Phong,12,1,7,0,1,20,21,29221,0,7021,0,3045,36243,39289,4771,3125,71,0,0,7968,7968
port434,2026-05-12,Hai Phong,11,1,4,0,6,16,22,20815,7355,3754,0,14681,31926,46607,4640,1364,0,0,0,6005,6005
port434,2026-05-13,Hai Phong,8,0,6,0,3,14,17,9854,0,15786,0,11631,25640,37272,1257,0,0,0,0,1257,1257
port434,2026-05-14,Hai Phong,10,2,2,0,4,14,18,8466,27695,5745,0,4222,41907,46129,5383,996,0,0,36,6379,6416
port434,2026-05-15,Hai Phong,10,0,8,0,5,18,23,9643,0,13040,0,3737,22684,26421,14721,0,1958,0,1921,16679,18601
port434,2026-05-16,Hai Phong,14,1,0,0,6,15,21,30231,13838,0,0,8787,44070,52857,18264,0,0,0,95,18264,18360
port434,2026-05-17,Hai Phong,9,1,8,1,2,19,21,11646,13733,13853,0,0,39234,39234,2904,996,0,0,0,3900,3900
port434,2026-05-18,Hai Phong,11,0,6,1,2,18,20,26435,0,2642,0,5154,29077,34231,6625,0,419,0,95,7045,7140
port434,2026-05-19,Hai Phong,12,3,4,0,5,19,24,22622,16322,3991,0,23142,42936,66078,3813,996,419,0,0,5228,5228
port434,2026-05-20,Hai Phong,12,2,6,0,4,20,24,27035,935,13113,0,5557,41083,46641,4949,0,419,0,95,5369,5464
port434,2026-05-21,Hai Phong,12,1,1,1,5,15,20,21574,25056,0,0,15794,46630,62425,4698,0,0,0,95,4698,4793
port434,2026-05-22,Hai Phong,13,3,4,0,3,20,23,16521,34270,1546,0,4044,52337,56381,11189,996,0,0,0,12185,12185
port434,2026-05-23,Hai Phong,11,1,9,0,3,21,24,10392,3958,11837,0,5751,26187,31939,4189,0,419,0,190,4608,4799
port434,2026-05-24,Hai Phong,3,1,6,0,4,10,14,1760,6865,12607,0,1868,21234,23102,9086,0,419,0,95,9505,9600
port434,2026-05-25,Hai Phong,11,0,4,2,3,17,20,17088,0,4735,2787,586,24611,25197,1528,0,419,134,0,2081,2081
port434,2026-05-26,Hai Phong,9,0,6,0,4,15,19,14960,0,3998,0,8197,18958,27156,1143,0,838,0,0,1981,1981
port434,2026-05-27,Hai Phong,9,1,5,0,2,15,17,13899,12830,1656,0,10677,28386,39064,8403,0,2276,0,0,10679,10679
port434,2026-05-28,Hai Phong,7,2,8,0,5,17,22,16351,0,20206,0,12487,36558,49045,3519,60325,0,0,0,63844,63844
port434,2026-05-29,Hai Phong,11,1,8,0,1,20,21,21632,7355,11640,0,4226,40628,44855,10741,1364,3006,0,185,15113,15298
port446,2025-12-21,Hamburg,14,1,2,0,5,17,22,91580,1104,0,0,6801,92684,99485,589490,0,4766,0,14390,594256,608647
port446,2025-12-22,Hamburg,8,2,3,0,4,13,17,153620,54145,489,0,3778,208255,212034,64824,51475,2786,0,4548,119086,123634
port446,2025-12-23,Hamburg,10,2,3,1,2,16,18,78876,105257,0,0,40082,184133,224216,194180,0,2440,0,674,196621,197295
port446,2025-12-24,Hamburg,5,0,4,0,2,9,11,79240,0,3919,0,1085,83160,84245,27351,0,4244,0,5377,31595,36973
port446,2025-12-25,Hamburg,2,0,6,0,1,8,9,0,0,525,0,16519,525,17044,50690,0,5220,0,0,55910,55910
port446,2025-12-26,Hamburg,8,1,3,1,1,13,14,64964,3565,3097,1376,14,73004,73018,96346,0,2788,0,633,99135,99769
port446,2025-12-27,Hamburg,7,0,1,0,8,8,16,46704,0,0,0,12040,46704,58744,192892,0,1057,0,11062,193950,205012
port446,2025-12-28,Hamburg,7,0,5,0,1,12,13,160242,0,4052,0,0,164294,164294,108720,0,6905,0,674,115625,116300
port446,2025-12-29,Hamburg,12,3,1,0,6,16,22,142512,179460,0,0,45996,321972,367969,157937,0,2860,0,8852,160797,169650
port446,2025-12-30,Hamburg,7,0,3,1,4,11,15,288935,0,0,1897,12017,290832,302850,68889,0,6386,0,17860,75276,93137
port446,2025-12-31,Hamburg,5,0,3,1,7,9,16,47863,0,419,516,38932,48799,87732,17180,0,2366,0,4871,19547,24419
port446,2026-01-01,Hamburg,7,0,1,0,2,8,10,73369,0,0,0,3302,73369,76672,6969,0,696,0,1265,7665,8931
port446,2026-01-02,Hamburg,4,0,1,0,1,5,6,11082,0,0,0,0,11082,11082,58409,0,0,0,0,58409,58409
port446,2026-01-03,Hamburg,10,1,1,0,3,12,15,298271,114481,1315,0,45776,414067,459844,60827,0,0,0,11551,60827,72378
port446,2026-01-04,Hamburg,3,0,1,0,3,4,7,44356,0,0,0,6391,44356,50747,15180,0,1293,0,2798,16474,19273
port446,2026-01-05,Hamburg,7,1,3,0,2,11,13,47548,79051,0,0,0,126600,126600,39538,0,7962,0,6425,47500,53926
port446,2026-01-06,Hamburg,6,3,2,0,2,11,13,44939,20646,0,0,10855,65585,76440,67420,33978,2494,0,395,103893,104289
port446,2026-01-07,Hamburg,7,0,2,0,4,9,13,122957,0,6641,0,50203,129598,179802,49175,0,1401,0,3869,50577,54447
port446,2026-01-08,Hamburg,6,1,5,1,2,13,15,44066,43849,1618,0,1764,89534,91299,236159,0,6821,1522,0,244502,244502
port446,2026-01-09,Hamburg,5,0,1,0,5,6,11,67995,0,0,0,19279,67995,87275,28781,0,381,0,2646,29162,31809
port446,2026-01-10,Hamburg,2,1,3,0,1,6,7,10325,72176,0,0,0,82502,82502,117816,0,2794,0,5124,120611,125735
port446,2026-01-11,Hamburg,7,0,2,0,0,9,9,189742,0,330,0,0,190072,190072,23291,0,1258,0,0,24550,24550
port446,2026-01-12,Hamburg,4,2,2,0,5,8,13,74929,142385,1110,0,3032,218426,221458,82539,0,1308,0,14221,83848,98070
port446,2026-01-13,Hamburg,5,1,6,0,0,12,12,31642,20653,7613,0,0,59909,59909,0,0,2513,0,0,2513,2513
port446,2026-01-14,Hamburg,10,0,2,0,3,12,15,87299,0,0,0,23020,87299,110320,275015,0,1400,0,2798,276416,279215
port446,2026-01-15,Hamburg,13,1,4,0,2,18,20,149397,70243,246,0,15932,219887,235820,252887,0,1343,0,435,254230,254666
port446,2026-01-16,Hamburg,12,2,2,0,2,16,18,280804,78987,0,0,5935,359791,365727,76627,27475,3461,0,9295,107564,116860
port446,2026-01-17,Hamburg,11,0,5,0,1,16,17,209708,0,1164,0,520,210872,211393,218799,0,15670,0,0,234469,234469
port446,2026-01-18,Hamburg,7,0,1,1,3,9,12,225160,0,489,489,551,226139,226691,104698,0,992,991,1297,106682,107979
port446,2026-01-19,Hamburg,10,2,4,1,6,17,23,209372,153031,217,326,38738,362947,401686,113549,0,3369,495,8259,117413,125673
port446,2026-01-20,Hamburg,8,0,2,0,1,10,11,129895,0,0,0,9494,129895,139389,66491,0,2284,0,0,68775,68775
port446,2026-01-21,Hamburg,6,4,5,0,5,15,20,288796,123065,2121,0,37680,413982,451663,61460,59318,5849,0,3869,126627,130496
port446,2026-01-22,Hamburg,16,0,8,2,1,26,27,178728,0,241,1712,0,180682,180682,180484,0,8201,495,0,189180,189180
port446,2026-01-23,Hamburg,10,0,3,0,4,13,17,52718,0,1224,0,290,53942,54233,216476,0,1447,0,14703,217923,232627
port446,2026-01-24,Hamburg,9,2,0,1,4,12,16,43802,78827,0,0,32158,122629,154788,60727,46435,0,1356,1616,108518,110135
port446,2026-01-25,Hamburg,5,1,7,0,5,13,18,110342,39100,3578,0,39015,153020,192036,0,0,6958,0,7795,6958,14754
port446,2026-01-26,Hamburg,8,1,1,0,4,10,14,46278,41002,0,0,50159,87281,137440,176564,8422,1069,0,674,186056,186730
port446,2026-01-27,Hamburg,10,2,5,0,4,17,21,168046,70072,1306,0,37590,239426,277017,44101,33193,4256,0,8919,81551,90471
port446,2026-01-28,Hamburg,7,2,5,0,4,14,18,128234,84129,3183,0,81965,215548,297513,46214,8131,5439,0,26144,59785,85929
port446,2026-01-29,Hamburg,11,0,4,0,1,15,16,211459,0,1618,0,0,213077,213077,223307,0,3882,0,1139,227189,228328
port446,2026-01-30,Hamburg,5,0,5,1,3,11,14,28789,0,2193,1641,0,32624,32624,97159,0,4505,0,2519,101665,104184
port446,2026-01-31,Hamburg,8,0,3,0,2,11,13,146375,0,3644,0,10658,150020,160678,93842,0,2352,0,604,96195,96799
port446,2026-02-01,Hamburg,11,1,2,0,1,14,15,67527,79239,0,0,5935,146767,152702,171989,0,1285,0,2798,173275,176074
port446,2026-02-02,Hamburg,6,2,0,0,1,8,9,19277,26916,0,0,1284,46193,47478,90588,6038,0,0,0,96627,96627
port446,2026-02-03,Hamburg,8,1,3,0,5,12,17,36780,49577,1136,0,80512,87495,168007,75729,0,3332,0,5099,79062,84161
port446,2026-02-04,Hamburg,6,0,5,0,1,11,12,55850,0,978,0,5935,56829,62765,10469,0,10174,0,2798,20644,23443
port446,2026-02-05,Hamburg,11,0,3,0,1,14,15,309017,0,0,0,0,309017,309017,184460,0,3141,0,674,187602,188276
port446,2026-02-06,Hamburg,6,3,8,0,4,17,21,48777,124963,3605,0,7787,177346,185134,71675,61434,8149,0,8416,141259,149675
port446,2026-02-07,Hamburg,10,2,2,1,5,15,20,131986,38353,489,0,4187,170829,175016,86967,0,1751,467,2767,89187,91954
port446,2026-02-08,Hamburg,13,1,0,0,4,14,18,526545,0,0,0,5935,526545,532481,113573,25759,0,0,4505,139332,143838
port446,2026-02-09,Hamburg,10,0,6,0,3,16,19,88469,0,8511,0,3387,96980,100367,186351,0,5392,0,39219,191743,230962
port446,2026-02-10,Hamburg,10,1,3,0,3,14,17,156764,43089,489,0,48613,200342,248956,145002,0,4121,0,13969,149124,163093
port446,2026-02-11,Hamburg,4,2,4,1,3,11,14,20752,61420,855,489,87041,83517,170559,59748,0,2430,991,0,63170,63170
port446,2026-02-12,Hamburg,11,0,4,1,0,16,16,322408,0,0,489,0,322898,322898,79030,0,4373,991,0,84395,84395
port446,2026-02-13,Hamburg,9,0,2,1,3,12,15,61864,0,0,0,37298,61864,99163,324645,0,1836,4896,7281,331377,338659
port446,2026-02-14,Hamburg,10,1,2,0,3,13,16,159243,110360,0,0,24791,269604,294395,126324,0,1551,0,0,127876,127876
port446,2026-02-15,Hamburg,11,1,3,0,6,15,21,160290,110444,1862,0,35076,272596,307673,131714,0,3403,0,10013,135117,145131
port446,2026-02-16,Hamburg,7,0,0,0,5,7,12,299801,0,0,0,41918,299801,341719,222460,0,0,0,14229,222460,236689
port446,2026-02-17,Hamburg,8,2,2,0,2,12,14,20426,41002,0,0,54048,61429,115477,155335,35216,3587,0,2798,194139,196938
port446,2026-02-18,Hamburg,13,1,2,0,1,16,17,96376,39430,572,0,5935,136379,142315,195600,0,1122,0,2798,196723,199522
port446,2026-02-19,Hamburg,7,2,6,0,1,15,16,84827,118490,2065,0,3112,205383,208496,68433,0,5488,0,0,73922,73922
port446,2026-02-20,Hamburg,13,1,4,0,5,18,23,297982,0,3997,0,21677,301979,323657,330878,36082,2837,0,19175,369798,388973
port446,2026-02-21,Hamburg,3,1,6,0,1,10,11,19838,79391,978,0,0,100208,100208,75951,0,6500,0,0,82451,82451
port446,2026-02-22,Hamburg,14,1,3,0,2,18,20,279150,34683,489,0,5935,314322,320258,152619,0,3504,0,3108,156123,159232
port446,2026-02-23,Hamburg,10,0,4,0,2,14,16,133965,0,0,0,198,133965,134164,89731,0,4560,0,0,94292,94292
port446,2026-02-24,Hamburg,8,0,1,0,3,9,12,85414,0,0,0,7253,85414,92667,65637,0,1056,0,11401,66693,78095
port446,2026-02-25,Hamburg,13,2,5,0,3,20,23,235320,101314,3275,0,4791,339910,344702,286021,0,3556,0,2787,289577,292365
port446,2026-02-26,Hamburg,8,2,7,0,2,17,19,125199,0,2630,0,5935,127829,133765,131921,25402,11410,0,3882,168734,172617
port446,2026-02-27,Hamburg,7,1,2,0,4,10,14,105462,0,0,0,118,105462,105581,132739,51385,3789,0,4055,187915,191971
port446,2026-02-28,Hamburg,11,1,3,1,4,16,20,140059,40461,0,1671,7750,182192,189942,47309,0,2456,0,8095,49766,57862
port446,2026-03-01,Hamburg,14,0,0,0,1,14,15,318128,0,0,0,290,318128,318418,193898,0,0,0,395,193898,194294
port446,2026-03-02,Hamburg,11,1,4,0,2,16,18,51919,42003,3644,0,0,97567,97567,101410,2375,14540,0,803,118326,119130
port446,2026-03-03,Hamburg,8,1,5,0,2,14,16,322718,0,7986,0,0,330705,330705,128368,6038,2313,0,7571,136721,144292
port446,2026-03-04,Hamburg,14,1,7,1,4,23,27,216556,39503,3444,0,61762,259505,321267,217891,0,8748,662,1008,227303,228312
port446,2026-03-05,Hamburg,6,4,4,1,6,15,21,75802,214691,440,326,30383,291261,321645,128486,16775,4009,495,3212,149766,152979
port446,2026-03-06,Hamburg,10,1,4,0,3,15,18,158013,0,0,0,6869,158013,164883,171905,30656,5732,0,3068,208295,211364
port446,2026-03-07,Hamburg,8,0,2,0,3,10,13,123879,0,176,0,0,124056,124056,27442,0,1204,0,7837,28646,36483
port446,2026-03-08,Hamburg,10,1,3,0,2,14,16,235127,109211,521,0,41811,344859,386671,198877,0,2382,0,674,201259,201933
port446,2026-03-09,Hamburg,11,1,2,1,2,15,17,58006,58018,489,0,24886,116514,141400,247919,0,1643,0,0,249563,249563
port446,2026-03-10,Hamburg,5,1,1,0,5,7,12,42717,42783,1219,0,5935,86719,92655,109808,0,0,0,38536,109808,148344
port446,2026-03-11,Hamburg,8,0,4,0,1,12,13,82841,0,533,0,0,83374,83374,94482,0,8212,0,0,102694,102694
port446,2026-03-12,Hamburg,9,1,5,0,2,15,17,101267,0,0,0,24780,101267,126048,275668,0,7759,0,118,283427,283546
port446,2026-03-13,Hamburg,7,0,6,0,4,13,17,128908,0,3507,0,5935,132415,138351,67514,0,13380,0,22055,80894,102950
port446,2026-03-14,Hamburg,4,0,2,0,5,6,11,53878,0,489,0,63943,54368,118312,81111,0,2213,0,2798,83325,86124
port446,2026-03-15,Hamburg,12,1,2,0,1,15,16,268534,2051,0,0,1437,270586,272024,86212,0,952,0,0,87164,87164
port446,2026-03-16,Hamburg,12,2,2,0,5,16,21,197970,35650,516,0,45534,234138,279672,239092,24380,1691,0,3362,265163,268526
port446,2026-03-17,Hamburg,6,0,3,1,3,10,13,280176,0,0,0,6174,280176,286351,12227,0,3426,0,456,15653,16109
port446,2026-03-18,Hamburg,12,1,3,0,2,16,18,289798,0,489,0,0,290287,290287,220763,32668,5055,0,674,258487,259161
port446,2026-03-19,Hamburg,5,1,3,0,3,9,12,35320,2198,0,0,2586,37519,40106,148630,0,2450,0,4832,151081,155914
port446,2026-03-20,Hamburg,4,1,4,2,3,11,14,126165,42333,3852,875,5935,173227,179162,157408,0,2453,1831,32119,161693,193813
port446,2026-03-21,Hamburg,8,1,1,0,3,10,13,98029,0,0,0,356,98029,98385,111099,42470,1379,0,674,154949,155624
port446,2026-03-22,Hamburg,13,1,4,2,3,20,23,249738,41002,0,468,13233,291209,304443,212961,8422,3399,0,9991,224783,234774
port446,2026-03-23,Hamburg,9,0,4,0,4,13,17,177749,0,3354,0,8378,181104,189483,46278,0,7262,0,9817,53541,63359
port446,2026-03-24,Hamburg,13,2,6,0,2,21,23,124900,0,1771,0,769,126672,127441,201247,171804,7440,0,8025,380492,388517
port446,2026-03-25,Hamburg,6,3,4,0,2,13,15,171769,184684,2485,0,30818,358939,389757,38122,0,4482,0,674,42604,43278
port446,2026-03-26,Hamburg,10,0,5,0,3,15,18,78076,0,1571,0,5935,79647,85583,403486,0,2455,0,21219,405941,427161
port446,2026-03-27,Hamburg,8,0,9,0,5,17,22,182570,0,489,0,1764,183060,184824,18311,0,10768,0,2482,29080,31562
port446,2026-03-28,Hamburg,8,0,3,0,3,11,14,68875,0,6641,0,479,75516,75996,106495,0,1009,0,1444,107504,108948
port446,2026-03-29,Hamburg,5,1,4,0,2,10,12,87937,89364,775,0,0,178077,178077,77827,0,5037,0,15678,82865,98543
port446,2026-03-30,Hamburg,13,0,4,1,3,18,21,179759,0,1537,1130,10440,182427,192867,140911,0,7110,0,1268,148022,149290
port446,2026-03-31,Hamburg,13,0,3,0,5,16,21,115913,0,2171,0,2327,118084,120412,136600,0,759,0,2230,137359,139589
port446,2026-04-01,Hamburg,11,1,3,0,3,15,18,52520,3830,489,0,10541,56840,67382,251974,0,3790,0,6530,255765,262296
port446,2026-04-02,Hamburg,10,0,5,1,2,16,18,142926,0,18,326,5935,143271,149207,61992,0,14118,495,5078,76606,81684
port446,2026-04-03,Hamburg,6,0,1,0,4,7,11,25514,0,0,0,0,25514,25514,74223,0,735,0,2278,74958,77237
port446,2026-04-04,Hamburg,6,0,2,0,4,8,12,14989,0,0,0,1613,14989,16602,25822,0,3067,0,2657,28889,31547
port446,2026-04-05,Hamburg,5,1,4,0,4,10,14,329991,5748,3161,0,30248,338901,369149,10949,0,1117,0,11371,12067,23438
port446,2026-04-06,Hamburg,13,3,5,0,2,21,23,367689,319347,0,0,1602,687036,688639,37656,0,6937,0,7773,44594,52367
port446,2026-04-07,Hamburg,8,0,6,0,5,14,19,201012,0,3558,0,7578,204571,212149,156408,0,8019,0,7712,164428,172140
port446,2026-04-08,Hamburg,7,3,1,0,3,11,14,100820,101273,0,0,1793,202094,203888,54184,0,1217,0,1381,55402,56783
port446,2026-04-09,Hamburg,11,1,4,0,2,16,18,283590,0,3766,0,0,287357,287357,235836,0,1818,0,7652,237655,245308
port446,2026-04-10,Hamburg,10,1,5,0,2,16,18,160492,117249,0,0,0,277741,277741,152426,0,5927,0,1130,158353,159484
port446,2026-04-11,Hamburg,9,1,3,1,3,14,17,247803,0,489,0,17268,248293,265562,132147,0,3403,1998,19290,137549,156839
port446,2026-04-12,Hamburg,8,0,1,0,7,9,16,124850,0,0,0,103882,124850,228733,86393,0,7741,0,7597,94134,101732
port446,2026-04-13,Hamburg,9,0,1,0,3,10,13,81533,0,515,0,38752,82049,120801,414569,0,0,0,674,414569,415244
port446,2026-04-14,Hamburg,8,1,4,0,4,13,17,50291,4388,489,0,6715,55169,61884,158358,0,3683,0,3590,162041,165632
port446,2026-04-15,Hamburg,13,2,2,0,3,17,20,220739,62671,1921,0,52537,285332,337869,351071,35886,0,0,674,386958,387632
port446,2026-04-16,Hamburg,8,2,2,0,3,12,15,109188,72933,0,0,6406,182121,188528,70132,31428,3185,0,2798,104746,107545
port446,2026-04-17,Hamburg,5,0,3,0,4,8,12,18266,0,489,0,33686,18756,52442,38485,0,3921,0,3959,42407,46366
port446,2026-04-18,Hamburg,10,1,1,0,2,12,14,93839,73467,0,0,16246,167306,183553,52165,0,1054,0,0,53220,53220
port446,2026-04-19,Hamburg,15,1,3,1,4,20,24,136108,0,239,0,17720,136347,154067,263169,51407,2048,1092,5426,317716,323143
port446,2026-04-20,Hamburg,11,3,4,0,2,18,20,510600,101205,4258,0,5935,616064,622000,190699,35936,673,0,10477,227309,237787
port446,2026-04-21,Hamburg,8,1,4,0,5,13,18,48771,134134,121,0,15775,183027,198803,182639,0,3754,0,3194,186393,189588
port446,2026-04-22,Hamburg,15,1,5,0,5,21,26,262994,19845,2113,0,17268,284952,302221,206123,0,1691,0,45737,207815,253552
port446,2026-04-23,Hamburg,9,1,7,0,5,17,22,166437,0,390,0,57336,166827,224163,156816,22884,6951,0,10303,186652,196955
port446,2026-04-24,Hamburg,6,1,3,0,3,10,13,30431,38942,0,0,7588,69373,76962,99408,0,3535,0,1070,102944,104014
port446,2026-04-25,Hamburg,8,1,3,0,5,12,17,100697,117249,3507,0,8305,221455,229760,202154,0,2331,0,10868,204486,215354
port446,2026-04-26,Hamburg,10,0,3,0,2,13,15,101879,0,4472,0,1030,106352,107382,85640,0,0,0,0,85640,85640
port446,2026-04-27,Hamburg,11,3,5,0,3,19,22,176014,3289,2525,0,0,181830,181830,106331,83086,3880,0,674,193299,193974
port446,2026-04-28,Hamburg,13,2,7,0,2,22,24,279966,136274,3528,0,5935,419769,425705,132504,0,5806,0,2798,138310,141109
port446,2026-04-29,Hamburg,7,0,4,1,6,12,18,105748,0,0,1385,7357,107134,114491,70535,0,2668,0,5043,73204,78247
port446,2026-04-30,Hamburg,3,0,0,0,3,3,6,0,0,0,0,6517,0,6517,201603,0,0,0,3590,201603,205194
port446,2026-05-01,Hamburg,8,0,4,0,2,12,14,50223,0,489,0,1975,50712,52688,42514,0,3665,0,6146,46180,52326
port446,2026-05-02,Hamburg,6,0,0,0,1,6,7,175520,0,0,0,0,175520,175520,26804,0,0,0,1072,26804,27877
port446,2026-05-03,Hamburg,11,0,6,0,3,17,20,187788,0,2172,0,24526,189961,214488,143997,0,3907,0,1338,147904,149243
port446,2026-05-04,Hamburg,9,2,3,0,2,14,16,69948,59339,2798,0,7081,132085,139167,204883,0,3644,0,2798,208528,211327
port446,2026-05-05,Hamburg,11,2,2,1,3,16,19,355560,78987,817,916,2036,436281,438318,228568,34158,0,0,395,262727,263123
port446,2026-05-06,Hamburg,15,4,1,0,4,20,24,329617,176053,0,0,23495,505670,529166,116652,76293,527,0,5484,193473,198957
port446,2026-05-07,Hamburg,10,0,1,0,4,11,15,86303,0,0,0,5123,86303,91426,175513,0,11491,0,6980,187005,193986
port446,2026-05-08,Hamburg,12,1,4,0,4,17,21,311683,81586,0,0,51639,393269,444909,199555,0,5814,0,4744,205370,210114
port446,2026-05-09,Hamburg,9,0,6,0,3,15,18,87833,0,701,0,7809,88535,96344,135232,0,6318,0,2808,141550,144359
port446,2026-05-10,Hamburg,9,2,2,0,2,13,15,80455,77703,0,0,5935,158158,164094,252732,0,1677,0,3103,254409,257512
port446,2026-05-11,Hamburg,9,2,5,1,4,17,21,92136,69931,256,1402,0,163727,163727,158813,13253,6415,0,19127,178481,197608
port446,2026-05-12,Hamburg,12,0,0,0,4,12,16,231479,0,0,0,38934,231479,270413,159161,0,0,0,2798,159161,161960
port446,2026-05-13,Hamburg,7,1,5,0,6,13,19,44706,32334,489,0,766,77530,78296,106289,0,6580,0,36830,112869,149699
port446,2026-05-14,Hamburg,7,0,3,0,5,10,15,111852,0,265,0,29128,112118,141246,104692,0,4620,0,5993,109313,115307
port446,2026-05-15,Hamburg,10,0,4,1,2,15,17,64095,0,489,1878,17268,66463,83732,155657,0,6533,0,1616,162190,163807
port446,2026-05-16,Hamburg,8,1,3,0,2,12,14,131300,44348,3916,0,0,179565,179565,230139,0,2714,0,6250,232854,239104
port446,2026-05-17,Hamburg,14,1,5,0,3,20,23,89487,83957,1351,0,6826,174797,181623,168349,0,3851,0,3194,172200,175395
port446,2026-05-18,Hamburg,12,1,3,0,1,16,17,413624,30958,3362,0,1923,447945,449869,85677,0,814,0,0,86492,86492
port446,2026-05-19,Hamburg,9,0,2,0,6,11,17,199645,0,6641,0,88254,206286,294540,170133,0,1285,0,5041,171419,176460
port446,2026-05-20,Hamburg,14,1,4,0,3,19,22,223335,55877,978,0,1895,280191,282086,281414,0,3766,0,1070,285180,286250
port446,2026-05-21,Hamburg,9,1,4,0,1,14,15,522207,0,1792,0,1003,523999,525002,34968,111564,1242,0,0,147774,147774
port446,2026-05-22,Hamburg,6,0,5,0,3,11,14,53853,0,2178,0,15270,56032,71303,122939,0,2130,0,8604,125069,133674
port446,2026-05-23,Hamburg,3,1,2,0,4,6,10,63589,42003,0,0,16402,105592,121995,24327,2375,2065,0,704,28769,29474
port446,2026-05-24,Hamburg,8,0,3,0,3,11,14,102354,0,489,0,0,102844,102844,146311,0,4150,0,21852,150462,172314
port446,2026-05-25,Hamburg,7,3,4,0,2,14,16,137562,1389,85,0,2762,139037,141799,58828,17517,4970,0,304,81316,81620
port446,2026-05-26,Hamburg,9,0,4,0,3,13,16,233937,0,621,0,132,234559,234691,269927,0,2402,0,6418,272330,278749
port446,2026-05-27,Hamburg,9,3,2,0,5,14,19,55854,147375,1208,0,13920,204438,218359,203741,18270,1606,0,18399,223618,242017
port446,2026-05-28,Hamburg,7,2,4,1,6,14,20,49533,69414,3222,326,19051,122496,141548,139438,8422,2762,495,9030,151118,160149
port446,2026-05-29,Hamburg,13,1,2,1,2,17,19,227016,30958,0,1623,0,259598,259598,352005,0,1896,0,318,353902,354221
port45,2025-12-21,Amsterdam,1,2,7,1,17,11,28,0,59752,8466,462,15724,68681,84406,0,0,3575,0,54888,3575,58463
port45,2025-12-22,Amsterdam,0,1,4,0,17,5,22,0,36019,1574,0,39884,37594,77478,0,7552,7052,0,69561,14604,84166
port45,2025-12-23,Amsterdam,1,0,2,1,24,4,28,1973,0,1114,2192,57014,5279,62294,0,0,1476,0,91541,1476,93017
port45,2025-12-24,Amsterdam,1,1,4,1,14,7,21,1700,61979,1987,189,24440,65857,90298,0,0,3089,0,124848,3089,127937
port45,2025-12-25,Amsterdam,0,0,0,0,9,0,9,0,0,0,0,46556,0,46556,0,0,0,0,7114,0,7114
port45,2025-12-26,Amsterdam,0,0,3,1,20,4,24,0,0,2187,330,40846,2517,43363,0,0,3243,31,24336,3274,27611
port45,2025-12-27,Amsterdam,0,0,2,0,15,2,17,0,0,1831,0,87487,1831,89318,0,0,2046,0,31829,2046,33876
port45,2025-12-28,Amsterdam,2,0,1,0,10,3,13,1752,0,0,0,39712,1752,41465,4900,0,1457,0,41685,6358,48043
port45,2025-12-29,Amsterdam,1,0,3,0,14,4,18,0,0,5212,0,17596,5212,22808,0,0,0,0,46470,0,46470
port45,2025-12-30,Amsterdam,0,3,4,1,23,8,31,0,110906,1435,330,72754,112671,185426,0,15001,2588,31,74518,17620,92139
port45,2025-12-31,Amsterdam,0,0,4,0,14,4,18,0,0,3216,0,20558,3216,23774,0,0,1182,0,72076,1182,73259
port45,2026-01-01,Amsterdam,0,1,4,0,14,5,19,0,64107,1274,0,31466,65382,96849,0,0,2952,0,53783,2952,56736
port45,2026-01-02,Amsterdam,0,0,3,0,7,3,10,0,0,6191,0,49203,6191,55395,0,0,1249,0,2688,1249,3937
port45,2026-01-03,Amsterdam,0,0,1,1,17,2,19,0,0,865,1020,81317,1885,83203,0,0,1249,0,79235,1249,80484
port45,2026-01-04,Amsterdam,1,1,1,0,6,3,9,369,0,179,0,42910,549,43460,0,45130,234,0,5784,45364,51149
port45,2026-01-05,Amsterdam,0,3,3,1,13,7,20,0,125476,3098,0,75949,128574,204524,0,0,745,0,46762,745,47507
port45,2026-01-06,Amsterdam,1,1,1,0,15,3,18,1605,36019,0,0,72480,37624,110105,0,7552,610,0,93081,8162,101244
port45,2026-01-07,Amsterdam,3,1,7,0,14,11,25,5642,62192,8581,0,62237,76415,138652,464,0,9679,0,44193,10143,54336
port45,2026-01-08,Amsterdam,1,0,4,0,17,5,22,0,0,0,0,17236,0,17236,1211,0,2580,0,125716,3792,129508
port45,2026-01-09,Amsterdam,0,1,3,1,19,5,24,0,80186,2960,0,100720,83147,183868,0,0,5466,0,27989,5466,33456
port45,2026-01-10,Amsterdam,1,0,3,0,16,4,20,0,0,1094,0,37100,1094,38195,2402,0,3643,0,83933,6046,89979
port45,2026-01-11,Amsterdam,1,1,3,1,9,6,15,206,166670,1231,330,12330,168439,180770,0,0,3345,31,8638,3376,12015
port45,2026-01-12,Amsterdam,0,2,6,0,9,8,17,0,159237,3934,0,25207,163172,188379,0,30509,1024,0,25210,31533,56744
port45,2026-01-13,Amsterdam,1,1,3,1,11,6,17,6756,0,616,3598,24438,10971,35409,0,0,6721,0,116264,6721,122986
port45,2026-01-14,Amsterdam,0,1,5,1,16,7,23,0,49181,914,0,20806,50096,70902,0,0,3907,0,125524,3907,129431
port45,2026-01-15,Amsterdam,0,3,4,1,9,8,17,0,59697,865,330,88340,60892,149233,0,53889,4569,31,23830,58491,82321
port45,2026-01-16,Amsterdam,0,4,5,0,19,9,28,0,168301,537,0,110360,168839,279200,0,28425,7580,0,21338,36005,57343
port45,2026-01-17,Amsterdam,0,1,3,0,20,4,24,0,81061,0,0,120546,81061,201607,0,0,3581,0,13957,3581,17538
port45,2026-01-18,Amsterdam,0,1,7,1,19,9,28,0,58335,1155,0,34276,59491,93767,0,0,5693,0,69074,5693,74768
port45,2026-01-19,Amsterdam,0,0,2,0,13,2,15,0,0,0,0,36412,0,36412,0,0,1021,0,79958,1021,80980
port45,2026-01-20,Amsterdam,0,0,5,0,16,5,21,0,0,10188,0,66519,10188,76708,0,0,234,0,84432,234,84666
port45,2026-01-21,Amsterdam,2,0,3,0,16,5,21,1200,0,1379,0,31652,2579,34232,2324,0,943,0,101052,3268,104321
port45,2026-01-22,Amsterdam,1,3,3,0,18,7,25,0,109929,1139,0,36083,111068,147152,1199,40365,1203,0,22408,42768,65176
port45,2026-01-23,Amsterdam,0,1,4,0,15,5,20,0,27364,2161,0,9210,29526,38737,0,0,2177,0,6032,2177,8209
port45,2026-01-24,Amsterdam,0,2,5,0,16,7,23,0,78957,4990,0,37744,83947,121692,0,49601,200,0,139365,49802,189168
port45,2026-01-25,Amsterdam,1,0,4,0,15,5,20,414,0,1281,0,54428,1695,56124,0,0,1174,0,53325,1174,54500
port45,2026-01-26,Amsterdam,0,1,3,0,18,4,22,0,36779,0,0,42021,36779,78801,0,0,5126,0,88659,5126,93786
port45,2026-01-27,Amsterdam,0,0,9,0,11,9,20,0,0,9807,0,63311,9807,73118,0,0,5742,0,18722,5742,24464
port45,2026-01-28,Amsterdam,1,1,0,0,16,2,18,1584,15192,0,0,18082,16777,34859,0,0,0,0,71450,0,71450
port45,2026-01-29,Amsterdam,3,0,4,1,17,8,25,1501,0,2521,330,95278,4352,99631,3252,0,1450,31,106694,4734,111428
port45,2026-01-30,Amsterdam,1,1,6,0,21,8,29,1218,81061,865,0,31964,83145,115109,0,0,13354,0,76147,13354,89501
port45,2026-01-31,Amsterdam,1,0,2,0,19,3,22,0,0,0,0,69180,0,69180,0,0,3935,0,18203,3935,22139
port45,2026-02-01,Amsterdam,1,1,2,0,13,4,17,4239,32579,0,0,42434,36819,79253,0,0,4013,0,175257,4013,179270
port45,2026-02-02,Amsterdam,0,0,5,1,11,6,17,0,0,6439,330,36729,6769,43499,0,0,4207,31,18063,4238,22302
port45,2026-02-03,Amsterdam,0,0,1,0,17,1,18,0,0,1329,0,23216,1329,24546,0,0,0,0,127830,0,127830
port45,2026-02-04,Amsterdam,0,1,4,0,17,5,22,0,24209,3084,0,117860,27294,145155,0,0,1994,0,35238,1994,37232
port45,2026-02-05,Amsterdam,2,0,6,0,14,8,22,0,0,3688,0,22527,3688,26216,2661,0,3337,0,57230,5999,63229
port45,2026-02-06,Amsterdam,3,0,5,0,15,8,23,14802,0,4883,0,83863,19686,103550,1060,0,978,0,45452,2039,47491
port45,2026-02-07,Amsterdam,1,1,6,0,18,8,26,0,28009,10053,0,104084,38062,142147,742,0,945,0,76845,1688,78533
port45,2026-02-08,Amsterdam,1,0,3,1,13,5,18,1341,0,0,0,37107,1341,38449,0,0,12208,0,11673,12208,23881
port45,2026-02-09,Amsterdam,1,0,2,0,13,3,16,0,0,1679,0,23519,1679,25199,0,0,0,0,26709,0,26709
port45,2026-02-10,Amsterdam,0,0,5,2,19,7,26,0,0,2947,3643,65875,6590,72466,0,0,2602,552,159393,3155,162548
port45,2026-02-11,Amsterdam,1,0,12,0,16,13,29,0,0,5426,0,97046,5426,102472,6873,0,16837,0,21178,23711,44889
port45,2026-02-12,Amsterdam,0,1,5,0,17,6,23,0,53976,2369,0,46499,56345,102844,0,0,8118,0,82590,8118,90708
port45,2026-02-13,Amsterdam,0,2,1,0,17,3,20,0,97217,0,0,43874,97217,141091,0,7552,1943,0,20118,9495,29613
port45,2026-02-14,Amsterdam,0,0,2,1,15,3,18,0,0,865,0,40946,865,41812,0,0,3431,0,82803,3431,86235
port45,2026-02-15,Amsterdam,2,0,6,0,10,8,18,739,0,4074,0,28056,4814,32870,1925,0,2112,0,10973,4037,15011
port45,2026-02-16,Amsterdam,0,0,5,0,12,5,17,0,0,3422,0,83846,3422,87269,0,0,4374,0,25293,4374,29667
port45,2026-02-17,Amsterdam,2,0,2,1,6,5,11,2546,0,1629,0,35410,4176,39587,464,0,2561,0,1612,3025,4638
port45,2026-02-18,Amsterdam,0,1,5,0,14,6,20,0,80727,4048,0,65477,84776,150253,0,0,234,0,77843,234,78078
port45,2026-02-19,Amsterdam,1,2,5,0,20,8,28,0,36278,3166,0,37517,39445,76963,5577,0,3137,0,70961,8715,79676
port45,2026-02-20,Amsterdam,0,1,9,0,19,10,29,0,81935,9182,0,29454,91118,120573,0,0,4990,0,61933,4990,66923
port45,2026-02-21,Amsterdam,1,2,3,0,14,6,20,1162,0,1829,0,18109,2991,21101,0,73087,1896,0,3927,74983,78911
port45,2026-02-22,Amsterdam,1,3,4,0,14,8,22,2465,75559,620,0,47939,78644,126584,0,7552,1741,0,131801,9293,141094
port45,2026-02-23,Amsterdam,0,1,9,0,15,10,25,0,5502,7574,0,78193,13076,91270,0,0,11160,0,21105,11160,32265
port45,2026-02-24,Amsterdam,0,5,2,0,18,7,25,0,163037,1829,0,45351,164866,210217,0,15104,1488,0,98643,16592,115236
port45,2026-02-25,Amsterdam,2,2,8,1,20,13,33,1812,59630,2824,2408,41249,66675,107925,0,29912,13658,0,29009,43571,72580
port45,2026-02-26,Amsterdam,2,1,5,1,17,9,26,11363,36019,4152,330,20133,51865,71998,2583,7552,5238,31,13424,15405,28830
port45,2026-02-27,Amsterdam,1,1,9,1,14,12,26,11944,0,6191,2714,88451,20850,109302,0,33662,4713,0,53391,38376,91768
port45,2026-02-28,Amsterdam,0,2,2,0,20,4,24,0,13826,0,0,25390,13826,39217,0,47130,3164,0,43915,50295,94210
port45,2026-03-01,Amsterdam,0,1,3,0,13,4,17,0,0,3364,0,81531,3364,84896,0,27164,2864,0,4301,30029,34330
port45,2026-03-02,Amsterdam,0,2,3,0,19,5,24,0,60510,3233,0,68903,63744,132648,0,0,617,0,29265,617,29882
port45,2026-03-03,Amsterdam,1,0,5,0,15,6,21,941,0,2308,0,33894,3249,37144,464,0,2970,0,67240,3434,70675
port45,2026-03-04,Amsterdam,1,0,8,0,18,9,27,0,0,8061,0,25463,8061,33524,1040,0,10448,0,55534,11489,67023
port45,2026-03-05,Amsterdam,0,2,6,0,11,8,19,0,34895,1959,0,38493,36855,75348,0,0,5849,0,4504,5849,10353
port45,2026-03-06,Amsterdam,1,1,5,0,18,7,25,554,36019,3170,0,46826,39744,86571,0,7552,2527,0,43449,10079,53528
port45,2026-03-07,Amsterdam,0,1,1,1,14,3,17,0,26712,0,330,55225,27042,82268,0,0,1581,31,40908,1612,42520
port45,2026-03-08,Amsterdam,2,1,5,0,6,8,14,826,80727,3713,0,15180,85268,100448,2578,0,9668,0,3529,12246,15775
port45,2026-03-09,Amsterdam,0,0,5,0,22,5,27,0,0,3118,0,34969,3118,38087,0,0,2203,0,55663,2203,57867
port45,2026-03-10,Amsterdam,2,1,3,1,20,7,27,0,36019,7871,0,32768,43891,76659,3303,7552,0,1429,94275,12285,106560
port45,2026-03-11,Amsterdam,4,0,4,0,22,8,30,13031,0,4247,0,144332,17278,161610,1060,0,3840,0,43742,4900,48643
port45,2026-03-12,Amsterdam,1,0,5,0,17,6,23,0,0,1379,0,43812,1379,45191,1040,0,6047,0,100254,7088,107342
port45,2026-03-13,Amsterdam,0,1,1,1,16,3,19,0,116287,914,1023,106080,118225,224306,0,0,744,0,74454,744,75198
port45,2026-03-14,Amsterdam,0,1,4,0,13,5,18,0,36019,1045,0,71569,37064,108634,0,7552,2183,0,48780,9735,58515
port45,2026-03-15,Amsterdam,0,0,5,0,13,5,18,0,0,4956,0,21741,4956,26698,0,0,888,0,154454,888,155342
port45,2026-03-16,Amsterdam,1,1,2,1,15,5,20,1468,15709,482,330,61098,17990,79088,106,0,2247,31,41780,2384,44165
port45,2026-03-17,Amsterdam,1,2,2,0,12,5,17,1605,71872,0,0,31142,73477,104620,0,7552,1495,0,47216,9047,56263
port45,2026-03-18,Amsterdam,1,1,5,0,17,7,24,1697,71214,5782,0,38173,78694,116867,0,0,2230,0,67335,2230,69565
port45,2026-03-19,Amsterdam,2,0,5,0,15,7,22,881,0,3696,0,58687,4577,63265,1273,0,4264,0,110348,5537,115886
port45,2026-03-20,Amsterdam,1,1,4,0,20,6,26,328,23563,2505,0,29193,26396,55590,1273,0,13143,0,72864,14416,87281
port45,2026-03-21,Amsterdam,0,1,2,1,14,4,18,0,0,865,0,18327,865,19192,0,72219,1397,0,74827,73617,148444
port45,2026-03-22,Amsterdam,1,0,7,2,17,10,27,1443,0,4635,5436,13698,11515,25214,0,0,3176,0,71867,3176,75043
port45,2026-03-23,Amsterdam,1,1,4,0,15,6,21,7356,27199,3977,0,28963,38533,67497,0,0,2208,0,58065,2208,60274
port45,2026-03-24,Amsterdam,2,2,5,0,13,9,22,0,66442,3138,0,29783,69580,99363,5934,0,6881,0,26970,12816,39786
port45,2026-03-25,Amsterdam,0,0,3,1,20,4,24,0,0,3153,1451,60672,4605,65278,0,0,234,0,32360,234,32594
port45,2026-03-26,Amsterdam,1,2,11,0,16,14,30,328,108671,5373,0,34877,114372,149250,1273,0,3121,0,107868,4395,112263
port45,2026-03-27,Amsterdam,1,0,3,0,13,4,17,1294,0,0,0,68754,1294,70048,0,0,2121,0,7531,2121,9652
port45,2026-03-28,Amsterdam,0,2,2,1,16,5,21,0,202844,3310,330,14240,206485,220725,0,0,1249,31,107485,1280,108766
port45,2026-03-29,Amsterdam,1,1,3,0,14,5,19,0,0,2649,0,30397,2649,33047,982,47393,1993,0,72328,50369,122698
port45,2026-03-30,Amsterdam,0,1,1,1,3,3,6,0,0,0,2044,6835,2044,8880,0,25410,0,0,1075,25410,26485
port45,2026-03-31,Amsterdam,0,0,4,0,13,4,17,0,0,3415,0,51535,3415,54951,0,0,1488,0,12038,1488,13527
port45,2026-04-01,Amsterdam,0,3,6,1,22,10,32,0,128013,2180,330,15152,130523,145675,0,7552,6105,31,104526,13689,118215
port45,2026-04-02,Amsterdam,1,2,5,1,19,9,28,1605,106866,865,0,51320,109337,160657,0,0,4321,2786,43060,7108,50168
port45,2026-04-03,Amsterdam,0,2,3,0,22,5,27,0,29845,2207,0,67778,32053,99831,0,53239,2225,0,62934,55465,118400
port45,2026-04-04,Amsterdam,0,0,5,0,12,5,17,0,0,0,0,35510,0,35510,0,0,7271,0,71173,7271,78444
port45,2026-04-05,Amsterdam,0,1,3,0,9,4,13,0,72174,6585,0,6839,78760,85599,0,0,0,0,98384,0,98384
port45,2026-04-06,Amsterdam,1,0,0,0,10,1,11,517,0,0,0,88745,517,89262,0,0,0,0,9284,0,9284
port45,2026-04-07,Amsterdam,0,1,7,0,10,8,18,0,0,7788,0,5278,7788,13066,0,27004,1984,0,28363,28988,57352
port45,2026-04-08,Amsterdam,1,2,3,0,12,6,18,1198,0,1779,0,43635,2978,46613,0,62884,2215,0,12441,65099,77540
port45,2026-04-09,Amsterdam,0,0,3,0,14,3,17,0,0,0,0,18314,0,18314,0,0,3553,0,89966,3553,93520
port45,2026-04-10,Amsterdam,0,0,2,0,22,2,24,0,0,179,0,21690,179,21870,0,0,330,0,47820,330,48151
port45,2026-04-11,Amsterdam,0,3,1,0,22,4,26,0,106920,97,0,12854,107017,119872,0,23171,0,0,20707,23171,43878
port45,2026-04-12,Amsterdam,2,0,2,0,15,4,19,3498,0,1419,0,59985,4918,64904,1253,0,234,0,84984,1487,86472
port45,2026-04-13,Amsterdam,0,2,8,1,11,11,22,0,23820,8462,0,94702,32283,126985,0,0,2597,0,63034,2597,65631
port45,2026-04-14,Amsterdam,0,1,5,0,16,6,22,0,25976,5174,0,18155,31151,49306,0,0,234,0,76303,234,76537
port45,2026-04-15,Amsterdam,1,0,4,1,5,6,11,0,0,3959,887,11563,4847,16410,3302,0,294,203,19328,3800,23129
port45,2026-04-16,Amsterdam,0,2,7,1,16,10,26,0,53325,1616,2448,59346,57391,116738,0,0,7627,0,57911,7627,65539
port45,2026-04-17,Amsterdam,0,1,4,0,15,5,20,0,64648,2845,0,19023,67493,86517,0,0,3427,0,45668,3427,49095
port45,2026-04-18,Amsterdam,1,3,3,0,18,7,25,2225,103413,3644,0,13943,109283,123226,0,50557,5588,0,18217,56146,74363
port45,2026-04-19,Amsterdam,1,1,2,1,11,5,16,620,0,914,330,15048,1865,16913,0,0,2649,31,39375,2680,42056
port45,2026-04-20,Amsterdam,1,1,5,0,17,7,24,0,81061,4417,0,101903,85478,187382,1943,0,234,0,62458,2177,64635
port45,2026-04-21,Amsterdam,1,1,2,0,10,4,14,923,36019,865,0,51158,37808,88966,0,7552,4320,0,35585,11872,47458
port45,2026-04-22,Amsterdam,1,0,4,0,13,5,18,17332,0,865,0,24201,18197,42398,0,0,6458,0,155715,6458,162173
port45,2026-04-23,Amsterdam,1,0,7,0,14,8,22,0,0,29442,0,41109,29442,70551,1119,0,2009,0,16739,3129,19868
port45,2026-04-24,Amsterdam,3,2,1,0,15,6,21,1901,28041,2046,0,28738,31989,60728,1273,0,0,0,19761,1273,21035
port45,2026-04-25,Amsterdam,0,1,1,1,17,3,20,0,0,0,0,44817,0,44817,0,17677,90,581,124456,18350,142806
port45,2026-04-26,Amsterdam,0,1,1,0,12,2,14,0,4865,1014,0,58624,5879,64504,0,0,0,0,32401,0,32401
port45,2026-04-27,Amsterdam,0,0,3,0,11,3,14,0,0,3659,0,15115,3659,18775,0,0,4661,0,16194,4661,20855
port45,2026-04-28,Amsterdam,1,0,10,0,11,11,22,0,0,8483,0,18562,8483,27046,944,0,9782,0,70311,10726,81038
port45,2026-04-29,Amsterdam,2,1,6,2,12,11,23,0,50298,3605,4166,20668,58070,78739,414,0,6836,0,64800,7251,72051
port45,2026-04-30,Amsterdam,2,2,9,1,16,14,30,1323,49050,1483,330,13229,52187,65416,0,9553,9023,31,98784,18608,117392
port45,2026-05-01,Amsterdam,0,0,3,0,11,3,14,0,0,865,0,14494,865,15359,0,0,3808,0,10587,3808,14396
port45,2026-05-02,Amsterdam,0,2,2,0,12,4,16,0,71682,865,0,28887,72547,101434,0,47697,2148,0,37826,49846,87673
port45,2026-05-03,Amsterdam,1,1,6,0,9,8,17,826,36019,5556,0,24333,42402,66736,0,7552,3465,0,16694,11018,27712
port45,2026-05-04,Amsterdam,1,2,3,0,16,6,22,0,92954,5200,0,66894,98155,165049,2401,0,744,0,25716,3146,28862
port45,2026-05-05,Amsterdam,0,1,5,0,21,6,27,0,62512,3558,0,45618,66070,111688,0,0,234,0,26563,234,26798
port45,2026-05-06,Amsterdam,1,1,5,0,15,7,22,0,121665,2254,0,22826,123919,146745,2008,0,6740,0,55099,8749,63849
port45,2026-05-07,Amsterdam,0,3,2,0,17,5,22,0,37491,914,0,51995,38405,90401,0,46394,2384,0,16900,48778,65679
port45,2026-05-08,Amsterdam,0,1,3,0,19,4,23,0,25976,2046,0,41072,28023,69095,0,0,1849,0,34385,1849,36234
port45,2026-05-09,Amsterdam,2,1,3,0,11,6,17,5933,81061,11079,0,41785,98074,139859,1492,0,1249,0,34084,2742,36826
port45,2026-05-10,Amsterdam,0,0,8,0,13,8,21,0,0,3705,0,20378,3705,24083,0,0,6406,0,56316,6406,62722
port45,2026-05-11,Amsterdam,1,2,2,1,20,6,26,1107,107633,1779,330,43814,110850,154664,0,0,1993,31,71590,2024,73615
port45,2026-05-12,Amsterdam,1,1,1,0,15,3,18,1126,26652,0,0,53312,27778,81091,0,0,2274,0,66607,2274,68881
port45,2026-05-13,Amsterdam,0,1,4,0,14,5,19,0,119618,6112,0,40845,125731,166576,0,0,0,0,34076,0,34076
port45,2026-05-14,Amsterdam,1,0,2,0,6,3,9,8867,0,0,0,3238,8867,12105,0,0,1849,0,26409,1849,28259
port45,2026-05-15,Amsterdam,0,0,5,1,19,6,25,0,0,11357,1528,18648,12886,31534,0,0,3501,0,28764,3501,32266
port45,2026-05-16,Amsterdam,1,1,3,0,20,5,25,0,0,1897,0,199881,1897,201778,860,44851,3389,0,57847,49101,106949
port45,2026-05-17,Amsterdam,1,0,5,0,16,6,22,826,0,12639,0,18640,13466,32107,0,0,0,0,12339,0,12339
port45,2026-05-18,Amsterdam,0,2,4,0,14,6,20,0,80186,1753,0,8942,81940,90882,0,5255,7307,0,89161,12562,101724
port45,2026-05-19,Amsterdam,2,0,3,0,14,5,19,0,0,2882,0,12473,2882,15356,2242,0,234,0,57338,2477,59815
port45,2026-05-20,Amsterdam,0,3,7,0,18,10,28,0,129931,7128,0,38051,137059,175111,0,7552,2358,0,56171,9911,66082
port45,2026-05-21,Amsterdam,1,1,6,0,22,8,30,509,67017,2276,0,87719,69804,157523,0,0,6563,0,53799,6563,60363
port45,2026-05-22,Amsterdam,0,1,5,0,10,6,16,0,36019,4827,0,28748,40846,69594,0,7552,3741,0,29004,11293,40297
port45,2026-05-23,Amsterdam,1,1,2,2,12,6,18,9056,32925,1634,330,16830,43947,60777,0,0,234,31,46082,265,46348
port45,2026-05-24,Amsterdam,0,0,3,0,16,3,19,0,0,4492,0,93873,4492,98366,0,0,1249,0,20010,1249,21260
port45,2026-05-25,Amsterdam,0,1,4,0,13,5,18,0,37018,2908,0,91305,39926,131232,0,0,5401,0,10973,5401,16375
port45,2026-05-26,Amsterdam,1,1,3,0,17,5,22,1468,25976,1806,0,56278,29252,85531,106,0,2949,0,59438,3055,62493
port45,2026-05-27,Amsterdam,2,2,1,2,10,7,17,1319,113584,865,1217,31276,116987,148264,0,7552,1249,235,2688,9036,11724
port45,2026-05-28,Amsterdam,0,1,0,1,25,2,27,0,56246,0,330,45080,56576,101657,0,0,0,31,86298,31,86329
port45,2026-05-29,Amsterdam,1,2,3,0,17,6,23,0,72039,0,0,74984,72039,147023,1199,15104,5157,0,23003,21461,44465
port474,2025-12-21,Hong Kong,30,0,2,0,3,32,35,279924,0,9040,0,64201,288964,353166,188996,0,3332,0,497,192329,192827
port474,2025-12-22,Hong Kong,29,1,2,0,10,32,42,134042,169325,363,0,85432,303731,389163,353423,0,1823,0,6598,355246,361845
port474,2025-12-23,Hong Kong,45,0,1,1,5,47,52,233466,0,1161,0,70975,234628,305604,318030,0,0,0,676,318030,318706
port474,2025-12-24,Hong Kong,30,0,1,0,5,31,36,108085,0,0,0,54971,108085,163056,220694,0,1226,0,2362,221921,224283
port474,2025-12-25,Hong Kong,32,1,2,0,3,35,38,172904,7109,1520,0,63985,181534,245520,254780,0,3238,0,0,258019,258019
port474,2025-12-26,Hong Kong,38,0,0,0,7,38,45,321040,0,0,0,46910,321040,367950,209374,0,0,0,1174,209374,210548
port474,2025-12-27,Hong Kong,32,0,3,0,3,35,38,187483,0,0,0,116475,187483,303958,186232,0,868,0,4688,187100,191789
port474,2025-12-28,Hong Kong,34,0,2,0,5,36,41,179248,0,2663,0,33499,181911,215411,195472,0,512,0,1854,195984,197839
port474,2025-12-29,Hong Kong,32,0,2,0,9,34,43,160654,0,1520,0,71165,162174,233340,194560,0,709,0,3154,195269,198423
port474,2025-12-30,Hong Kong,41,0,2,1,4,44,48,256918,0,1641,0,49575,258559,308135,207642,0,2131,0,0,209774,209774
port474,2025-12-31,Hong Kong,41,1,3,0,9,45,54,111917,1113,3889,0,116869,116919,233789,418154,0,831,0,518,418986,419504
port474,2026-01-01,Hong Kong,37,0,1,0,4,38,42,279196,0,879,0,45226,280076,325302,245162,0,0,0,939,245162,246101
port474,2026-01-02,Hong Kong,32,1,0,1,8,34,42,131246,5965,0,523,165225,137735,302961,244746,235,0,119,1684,245101,246785
port474,2026-01-03,Hong Kong,32,1,0,1,5,34,39,284498,24201,0,575,54458,309274,363733,142160,0,0,296,497,142457,142955
port474,2026-01-04,Hong Kong,29,1,1,1,4,32,36,193614,0,1520,4839,44301,199974,244276,223458,18567,709,0,4089,242735,246824
port474,2026-01-05,Hong Kong,34,1,2,0,9,37,46,178909,42093,1520,0,103473,222524,325997,301852,0,709,0,837,302561,303399
port474,2026-01-06,Hong Kong,35,1,1,1,5,38,43,297751,0,983,0,87634,298735,386369,250443,0,0,1188,1486,251632,253118
port474,2026-01-07,Hong Kong,32,3,3,0,8,38,46,99461,33141,1520,0,53476,134122,187599,239324,4740,2142,0,2673,246208,248882
port474,2026-01-08,Hong Kong,35,1,2,0,7,38,45,164003,3989,3041,0,81064,171034,252098,292757,0,1418,0,995,294176,295172
port474,2026-01-09,Hong Kong,35,0,2,0,6,37,43,405417,0,363,0,66844,405781,472625,235864,0,831,0,863,236696,237559
port474,2026-01-10,Hong Kong,30,1,1,1,4,33,37,124046,0,0,0,22815,124046,146862,191143,0,1095,0,11146,192238,203385
port474,2026-01-11,Hong Kong,35,0,0,0,5,35,40,146586,0,0,0,100746,146586,247332,307956,0,0,0,497,307956,308454
port474,2026-01-12,Hong Kong,42,1,1,0,10,44,54,278208,0,2604,0,85185,280812,365997,248755,26029,0,0,676,274784,275460
port474,2026-01-13,Hong Kong,42,0,1,0,9,43,52,175992,0,0,0,166315,175992,342308,223466,0,1156,0,2692,224622,227315
port474,2026-01-14,Hong Kong,36,0,2,0,3,38,41,241473,0,9040,0,70123,250513,320637,275260,0,1469,0,0,276730,276730
port474,2026-01-15,Hong Kong,32,0,2,0,3,34,37,137083,0,2241,0,40880,139325,180205,187529,0,709,0,6300,188239,194539
port474,2026-01-16,Hong Kong,41,0,0,0,9,41,50,274539,0,0,0,116819,274539,391359,290353,0,0,0,2178,290353,292532
port474,2026-01-17,Hong Kong,33,0,0,1,5,34,39,294585,0,0,523,28410,295109,323519,207188,0,0,119,2906,207307,210214
port474,2026-01-18,Hong Kong,28,0,3,0,1,31,32,99289,0,3241,0,4873,102531,107404,189846,0,3119,0,0,192965,192965
port474,2026-01-19,Hong Kong,36,1,1,0,14,38,52,240979,17553,1520,0,257681,260054,517736,319328,4740,709,0,2011,324778,326790
port474,2026-01-20,Hong Kong,34,3,2,0,7,39,46,93214,31021,2337,0,22409,126574,148984,202118,1064,0,0,0,203182,203182
port474,2026-01-21,Hong Kong,34,1,2,0,5,37,42,139709,0,0,0,87898,139709,227608,229286,631,1105,0,995,231022,232018
port474,2026-01-22,Hong Kong,31,1,3,0,4,35,39,166003,84233,4555,0,67438,254792,322230,244295,0,3587,0,143282,247883,391166
port474,2026-01-23,Hong Kong,43,1,1,0,5,45,50,281235,17553,363,0,85242,299152,384395,333900,4740,831,0,339,339472,339812
port474,2026-01-24,Hong Kong,33,0,1,1,4,35,39,139132,0,0,523,43868,139656,183524,250060,0,1118,119,1669,251298,252967
port474,2026-01-25,Hong Kong,35,1,1,0,4,37,41,223989,3304,1520,0,752,228814,229566,193021,0,709,0,178,193731,193909
port474,2026-01-26,Hong Kong,40,0,4,0,5,44,49,140558,0,1884,0,23567,142442,166010,371291,0,5428,0,676,376719,377395
port474,2026-01-27,Hong Kong,32,0,2,0,4,34,38,135224,0,1520,0,80156,136745,216901,278515,0,1808,0,679,280324,281004
port474,2026-01-28,Hong Kong,33,1,1,2,5,37,42,136314,0,0,512,72588,136827,209415,192745,0,1370,0,497,194115,194613
port474,2026-01-29,Hong Kong,26,0,2,1,3,29,32,92581,0,194,192,121873,92968,214842,120941,0,0,0,4688,120941,125630
port474,2026-01-30,Hong Kong,28,3,2,0,5,33,38,214288,16274,4399,0,181461,234961,416423,137064,0,709,0,2194,137773,139968
port474,2026-01-31,Hong Kong,25,0,3,1,6,29,35,68868,0,1520,0,45386,70389,115775,229428,0,914,1092,0,231435,231435
port474,2026-02-01,Hong Kong,23,0,3,0,6,26,32,221162,0,4963,0,4065,226125,230191,166853,0,709,0,2915,167562,170478
port474,2026-02-02,Hong Kong,41,0,1,0,9,42,51,109273,0,1520,0,130605,110793,241399,224556,0,709,0,14081,225265,239347
port474,2026-02-03,Hong Kong,44,0,6,1,5,51,56,234144,0,11134,0,26184,245279,271463,336361,0,9911,391,2337,346663,349001
port474,2026-02-04,Hong Kong,29,1,0,0,3,30,33,170490,0,0,0,6464,170490,176954,179422,0,0,0,0,179422,179422
port474,2026-02-05,Hong Kong,30,1,2,0,6,33,39,90234,43310,0,0,97260,133544,230805,231791,0,1554,0,3358,233346,236704
port474,2026-02-06,Hong Kong,35,1,3,0,8,39,47,104447,17553,7625,0,57672,129626,187299,301696,4740,0,0,3282,306437,309719
port474,2026-02-07,Hong Kong,38,0,0,1,4,39,43,103086,0,0,575,79604,103661,183266,229964,0,0,296,679,230260,230940
port474,2026-02-08,Hong Kong,31,0,2,0,5,33,38,187710,0,2999,0,141778,190710,332488,292738,0,0,0,0,292738,292738
port474,2026-02-09,Hong Kong,30,0,1,0,4,31,35,195834,0,0,0,2574,195834,198409,198940,0,0,0,1852,198940,200792
port474,2026-02-10,Hong Kong,31,0,0,1,9,32,41,180597,0,0,523,47153,181120,228274,201547,0,0,119,339,201666,202006
port474,2026-02-11,Hong Kong,39,1,2,1,6,43,49,99982,7109,0,0,68394,107091,175485,258214,0,4439,0,497,262653,263151
port474,2026-02-12,Hong Kong,25,0,1,0,4,26,30,87682,0,0,0,40837,87682,128520,134549,0,348,0,3375,134898,138274
port474,2026-02-13,Hong Kong,34,0,0,0,3,34,37,230224,0,0,0,82525,230224,312750,161489,0,0,0,1356,161489,162846
port474,2026-02-14,Hong Kong,35,0,0,1,6,36,42,215253,0,0,0,115747,215253,331001,193999,0,0,0,339,193999,194339
port474,2026-02-15,Hong Kong,23,0,0,0,7,23,30,174223,0,0,0,41391,174223,215614,130619,0,0,0,1854,130619,132474
port474,2026-02-16,Hong Kong,26,1,0,0,4,27,31,86554,17553,0,0,108251,104107,212359,153834,4740,0,0,0,158575,158575
port474,2026-02-17,Hong Kong,36,1,1,0,2,38,40,264825,2225,1520,0,24913,268572,293485,115769,0,709,0,0,116478,116478
port474,2026-02-18,Hong Kong,25,1,0,0,7,26,33,76597,17553,0,0,144849,94151,239000,211660,4740,0,0,339,216401,216741
port474,2026-02-19,Hong Kong,33,0,0,0,5,33,38,85814,0,0,0,46948,85814,132763,228034,0,0,0,9532,228034,237566
port474,2026-02-20,Hong Kong,37,1,1,0,2,39,41,250677,0,2289,0,752,252967,253720,266596,2475,0,0,178,269071,269249
port474,2026-02-21,Hong Kong,36,0,0,0,6,36,42,107662,0,0,0,83044,107662,190707,249765,0,0,0,0,249765,249765
port474,2026-02-22,Hong Kong,30,0,0,0,4,30,34,283719,0,0,0,124329,283719,408048,285451,0,0,0,45877,285451,331329
port474,2026-02-23,Hong Kong,39,2,0,0,7,41,48,214950,40705,0,0,31804,255656,287461,248446,235,0,0,497,248682,249180
port474,2026-02-24,Hong Kong,34,1,2,0,7,37,44,146641,0,0,0,71338,146641,217979,241840,0,3005,0,1016,244846,245862
port474,2026-02-25,Hong Kong,35,1,2,1,2,39,41,299763,0,363,0,39802,300127,339929,205439,1065,1811,0,339,208316,208656
port474,2026-02-26,Hong Kong,32,0,1,1,7,34,41,150271,0,1520,854,104217,152646,256863,200568,0,709,0,2515,201277,203793
port474,2026-02-27,Hong Kong,31,0,0,1,5,32,37,246068,0,0,0,133862,246068,379931,135726,0,0,0,8838,135726,144565
port474,2026-02-28,Hong Kong,28,1,2,0,4,31,35,197988,22565,9356,0,9952,229910,239862,167036,0,0,0,12918,167036,179954
port474,2026-03-01,Hong Kong,33,0,2,2,6,37,43,205033,0,1726,523,87722,207282,295005,217211,0,709,119,4217,218039,222257
port474,2026-03-02,Hong Kong,32,0,2,0,4,34,38,252570,0,0,0,75453,252570,328024,268711,0,394,0,339,269106,269446
port474,2026-03-03,Hong Kong,33,0,4,0,5,37,42,252378,0,1214,0,53654,253593,307247,270698,0,1098,0,339,271797,272137
port474,2026-03-04,Hong Kong,32,1,2,1,7,36,43,259660,0,461,0,183255,260122,443378,117915,0,1220,3308,1854,122444,124299
port474,2026-03-05,Hong Kong,29,0,5,0,4,34,38,140760,0,3017,0,104469,143777,248246,138746,0,1664,0,679,140411,141091
port474,2026-03-06,Hong Kong,26,2,0,0,4,28,32,150722,175,0,0,33137,150898,184035,172835,0,0,0,497,172835,173333
port474,2026-03-07,Hong Kong,36,0,1,2,4,39,43,415567,0,0,794,57112,416362,473474,260977,0,3297,296,1356,264571,265928
port474,2026-03-08,Hong Kong,29,0,2,0,2,31,33,223587,0,1520,0,50486,225108,275594,187100,0,3587,0,1696,190688,192385
port474,2026-03-09,Hong Kong,35,1,0,1,7,37,44,322893,46488,0,523,75031,369905,444936,260378,0,0,119,837,260497,261335
port474,2026-03-10,Hong Kong,34,2,1,0,6,37,43,213191,15384,2604,0,99643,231179,330822,163858,26653,0,0,497,190512,191010
port474,2026-03-11,Hong Kong,23,0,1,1,7,25,32,211365,0,0,0,154017,211365,365382,104968,0,0,0,28859,104968,133827
port474,2026-03-12,Hong Kong,41,4,2,0,7,47,54,252590,41900,2080,0,84839,296571,381410,369701,22112,709,0,497,392523,393021
port474,2026-03-13,Hong Kong,29,0,0,0,6,29,35,270385,0,0,0,15128,270385,285514,249914,0,0,0,1921,249914,251836
port474,2026-03-14,Hong Kong,29,0,3,1,8,33,41,180419,0,1259,0,89897,181678,271576,143105,0,2878,1437,2253,147421,149675
port474,2026-03-15,Hong Kong,29,1,0,1,4,31,35,135097,0,0,0,116814,135097,251912,201941,0,0,390,2892,202331,205224
port474,2026-03-16,Hong Kong,38,1,1,0,10,40,50,243277,39028,1520,0,59329,283827,343156,301965,0,709,0,6712,302675,309387
port474,2026-03-17,Hong Kong,31,1,3,2,7,37,44,173235,17553,1802,0,30779,192592,223371,177555,4740,2878,0,497,185174,185672
port474,2026-03-18,Hong Kong,39,3,1,0,5,43,48,161570,55533,0,0,88684,217103,305788,268685,9481,0,0,339,278167,278507
port474,2026-03-19,Hong Kong,47,2,0,0,6,49,55,214174,463,0,0,60290,214638,274929,431799,0,0,0,701,431799,432500
port474,2026-03-20,Hong Kong,29,0,3,0,1,32,33,256538,0,363,0,0,256901,256901,247624,0,5382,0,4715,253007,257722
port474,2026-03-21,Hong Kong,37,0,1,1,5,39,44,241520,0,0,2296,54206,243817,298024,304941,0,0,0,339,304941,305281
port474,2026-03-22,Hong Kong,25,0,1,0,5,26,31,89048,0,552,0,27042,89601,116643,167391,0,0,0,497,167391,167889
port474,2026-03-23,Hong Kong,40,1,1,0,9,42,51,162753,0,1520,0,62617,164274,226892,390950,499,709,0,837,392160,392998
port474,2026-03-24,Hong Kong,38,1,1,0,3,40,43,151905,0,0,0,22815,151905,174720,218281,0,868,0,497,219149,219647
port474,2026-03-25,Hong Kong,37,1,0,0,6,38,44,231653,0,0,0,154821,231653,386474,197534,0,0,0,837,197534,198372
port474,2026-03-26,Hong Kong,31,1,1,0,5,33,38,141671,0,1219,0,126385,142890,269276,229784,0,0,0,1335,229784,231120
port474,2026-03-27,Hong Kong,28,1,2,0,4,31,35,140064,83110,9403,0,76886,232578,309464,230819,0,831,0,178,231651,231829
port474,2026-03-28,Hong Kong,28,2,2,1,4,33,37,137541,1670,7220,523,28886,146955,175841,166800,1527,831,119,1356,169278,170635
port474,2026-03-29,Hong Kong,33,0,2,0,4,35,39,288640,0,1520,0,84103,290161,374265,265469,0,1938,0,2702,267407,270110
port474,2026-03-30,Hong Kong,37,1,0,1,11,39,50,167296,22943,0,523,125904,190762,316667,253481,0,0,119,2357,253600,255958
port474,2026-03-31,Hong Kong,32,1,2,0,4,35,39,153377,29948,1520,0,49045,184846,233892,179984,0,1004,0,11413,180988,192401
port474,2026-04-01,Hong Kong,36,1,1,2,3,40,43,473311,3415,0,1046,26547,477773,504321,286470,0,2878,238,0,289587,289587
port474,2026-04-02,Hong Kong,35,1,1,0,4,37,41,368724,2057,0,0,2298,370781,373080,229733,0,2297,0,0,232030,232030
port474,2026-04-03,Hong Kong,33,0,3,0,5,36,41,107043,0,7611,0,87046,114655,201701,264646,0,709,0,837,265356,266194
port474,2026-04-04,Hong Kong,29,0,2,1,2,32,34,188255,0,2878,0,39802,191133,230936,189057,0,1524,0,339,190582,190922
port474,2026-04-05,Hong Kong,38,2,0,1,2,41,43,270045,72557,0,523,4227,343126,347353,325793,0,0,119,0,325912,325912
port474,2026-04-06,Hong Kong,28,0,1,0,8,29,37,161795,0,0,0,79130,161795,240925,196938,0,2878,0,2850,199817,202668
port474,2026-04-07,Hong Kong,40,0,0,0,7,40,47,175328,0,0,0,103786,175328,279115,261388,0,0,0,22262,261388,283651
port474,2026-04-08,Hong Kong,33,0,3,0,6,36,42,192475,0,1520,0,36074,193996,230070,208062,0,3286,0,2163,211348,213511
port474,2026-04-09,Hong Kong,24,1,0,0,5,25,30,92570,350,0,0,84103,92920,177024,115408,0,0,0,2702,115408,118110
port474,2026-04-10,Hong Kong,33,0,2,0,4,35,39,186868,0,377,0,13425,187245,200671,256086,0,307,0,141,256393,256535
port474,2026-04-11,Hong Kong,33,2,2,1,5,38,43,102996,0,0,879,135913,103876,239789,230643,0,5056,0,2450,235700,238150
port474,2026-04-12,Hong Kong,26,1,0,1,7,28,35,71895,6292,0,509,99987,78696,178684,263860,0,0,0,837,263860,264698
port474,2026-04-13,Hong Kong,34,1,1,1,17,37,54,179119,15384,1520,0,205462,196024,401486,232461,0,709,0,4512,233170,237683
port474,2026-04-14,Hong Kong,37,1,0,0,8,38,46,282478,20971,0,0,171895,303450,475345,202325,0,0,0,11331,202325,213656
port474,2026-04-15,Hong Kong,36,0,2,0,7,38,45,146754,0,3643,0,67791,150398,218189,300152,0,0,0,837,300152,300990
port474,2026-04-16,Hong Kong,31,0,1,0,5,32,37,131127,0,1520,0,5380,132648,138029,228178,0,709,0,1819,228887,230707
port474,2026-04-17,Hong Kong,36,2,1,0,6,39,45,410482,17553,0,0,50602,428036,478638,193557,4740,180,0,15526,198479,214006
port474,2026-04-18,Hong Kong,23,1,3,1,7,28,35,79048,44932,3405,1447,112121,128834,240955,132448,0,2250,0,1493,134698,136192
port474,2026-04-19,Hong Kong,36,0,2,0,1,38,39,129039,0,2936,0,35867,131976,167843,334605,0,709,0,0,335314,335314
port474,2026-04-20,Hong Kong,40,0,2,0,6,42,48,268493,0,9040,0,103217,277533,380751,264700,0,7199,0,2194,271899,274094
port474,2026-04-21,Hong Kong,37,1,2,0,9,40,49,157273,697,0,0,95937,157970,253908,164727,0,5274,0,1696,170002,171699
port474,2026-04-22,Hong Kong,32,1,1,1,5,35,40,202307,0,0,523,58942,202830,261773,167076,0,2283,119,3034,169479,172514
port474,2026-04-23,Hong Kong,33,1,4,0,4,38,42,130311,0,0,0,39802,130311,170113,166811,0,5062,0,339,171874,172214
port474,2026-04-24,Hong Kong,34,1,0,0,7,35,42,270322,0,0,0,136461,270322,406783,262179,696,0,0,25954,262875,288830
port474,2026-04-25,Hong Kong,39,0,2,1,4,42,46,193010,0,4125,512,65134,197647,262782,268184,0,709,0,2515,268893,271409
port474,2026-04-26,Hong Kong,31,1,1,0,5,33,38,160732,0,0,0,27190,160732,187922,174591,339,2203,0,2675,177133,179809
port474,2026-04-27,Hong Kong,41,0,4,0,6,45,51,209778,0,2749,0,36074,212528,248602,290955,0,3069,0,1854,294025,295880
port474,2026-04-28,Hong Kong,28,0,2,0,6,30,36,233307,0,2845,0,86185,236152,322338,220840,0,0,0,1514,220840,222354
port474,2026-04-29,Hong Kong,27,0,1,0,3,28,31,124809,0,0,0,51256,124809,176066,243731,0,2878,0,0,246609,246609
port474,2026-04-30,Hong Kong,37,0,1,0,2,38,40,78934,0,0,0,55658,78934,134592,306073,0,1450,0,4657,307523,312180
port474,2026-05-01,Hong Kong,33,0,1,0,9,34,43,141514,0,305,0,140780,141820,282601,234185,0,0,0,1177,234185,235363
port474,2026-05-02,Hong Kong,30,0,4,2,1,36,37,311229,0,1520,1689,22815,314439,337254,114575,0,5837,119,497,120532,121030
port474,2026-05-03,Hong Kong,29,0,0,0,7,29,36,138200,0,0,0,69757,138200,207957,144339,0,0,0,339,144339,144679
port474,2026-05-04,Hong Kong,34,2,2,1,9,39,48,183725,31660,1266,0,209771,216653,426424,205067,697,0,1188,6883,206953,213836
port474,2026-05-05,Hong Kong,41,0,0,0,3,41,44,215590,0,0,0,0,215590,215590,265474,0,0,0,4458,265474,269933
port474,2026-05-06,Hong Kong,33,0,2,1,4,36,40,121797,0,2469,513,752,124780,125532,368824,0,868,0,178,369692,369870
port474,2026-05-07,Hong Kong,32,0,0,0,3,32,35,223674,0,0,0,42376,223674,266051,117666,0,0,0,6402,117666,124068
port474,2026-05-08,Hong Kong,38,1,2,0,6,41,47,228383,42731,4408,0,27184,275523,302708,275031,0,709,0,2188,275741,277929
port474,2026-05-09,Hong Kong,21,2,3,0,6,26,32,216112,0,1840,0,70469,217953,288422,161315,16563,3587,0,4190,181467,185657
port474,2026-05-10,Hong Kong,43,0,5,0,3,48,51,217346,0,3434,0,92029,220780,312810,342000,0,3414,0,497,345415,345913
port474,2026-05-11,Hong Kong,36,2,2,0,7,40,47,147255,67300,0,0,93966,214556,308523,207729,4740,2310,0,0,214781,214781
port474,2026-05-12,Hong Kong,33,1,4,1,7,39,46,225984,7037,2463,0,101288,235485,336773,290268,99,3587,0,8101,293955,302057
port474,2026-05-13,Hong Kong,30,0,2,0,6,32,38,217942,0,9040,0,48283,226983,275266,208253,0,1656,0,339,209909,210249
port474,2026-05-14,Hong Kong,34,1,1,0,8,36,44,114436,81554,0,0,67088,195991,263079,291526,0,0,0,23777,291526,315303
port474,2026-05-15,Hong Kong,28,0,2,0,5,30,35,102130,0,363,0,111073,102494,213568,269839,0,1631,0,141,271470,271612
port474,2026-05-16,Hong Kong,42,0,1,1,6,44,50,340607,0,1520,523,77883,342651,420534,316762,0,709,119,837,317591,318428
port474,2026-05-17,Hong Kong,49,0,2,0,6,51,57,287176,0,2236,0,11062,289413,300475,355589,0,831,0,0,356421,356421
port474,2026-05-18,Hong Kong,32,0,1,1,8,34,42,215176,0,2610,0,77038,217787,294825,186275,0,0,877,1996,187152,189148
port474,2026-05-19,Hong Kong,31,2,2,0,2,35,37,99854,18420,3688,0,26474,121963,148437,213953,4740,8838,0,178,227533,227711
port474,2026-05-20,Hong Kong,33,0,0,0,10,33,43,221572,0,0,0,181085,221572,402657,205007,0,0,0,44570,205007,249578
port474,2026-05-21,Hong Kong,35,0,2,0,4,37,41,143656,0,4013,0,36428,147670,184098,234437,0,0,0,497,234437,234935
port474,2026-05-22,Hong Kong,34,0,1,1,2,36,38,225175,0,0,523,0,225699,225699,193752,0,868,119,0,194740,194740
port474,2026-05-23,Hong Kong,29,1,3,1,5,34,39,139519,17553,363,482,104199,157918,262118,260357,4740,4674,0,4368,269773,274141
port474,2026-05-24,Hong Kong,21,0,2,0,7,23,30,69241,0,0,0,80476,69241,149717,170899,0,4238,0,339,175137,175477
port474,2026-05-25,Hong Kong,35,0,1,0,9,36,45,98733,0,1520,0,74160,100254,174414,285621,0,709,0,7881,286330,294212
port474,2026-05-26,Hong Kong,28,3,1,1,9,33,42,88597,24816,0,575,34596,113989,148586,169606,4976,0,296,21922,174880,196802
port474,2026-05-27,Hong Kong,27,0,1,0,6,28,34,211867,0,0,0,49128,211867,260995,212006,0,1758,0,497,213765,214263
port474,2026-05-28,Hong Kong,35,0,4,1,5,40,45,118304,0,1646,389,38848,120340,159189,364125,0,3160,0,1854,367286,369140
port474,2026-05-29,Hong Kong,35,1,1,0,12,37,49,166665,0,2661,0,186929,169326,356256,240013,4333,0,0,623,244346,244970
port481,2025-12-21,Houston,0,0,0,0,3,0,3,0,0,0,0,0,0,0,0,0,0,0,166855,0,166855
port481,2025-12-22,Houston,0,0,0,0,0,0,0,0,0,0,0,0,0,0,0,0,0,0,0,0,0
port481,2025-12-23,Houston,2,1,3,0,11,6,17,0,0,3326,0,86022,3326,89349,102110,54233,1598,0,506019,157941,663961
port481,2025-12-24,Houston,1,1,1,0,2,3,5,0,0,2095,0,0,2095,2095,8560,57852,0,0,99318,66413,165732
port481,2025-12-25,Houston,2,0,1,0,12,3,15,106862,0,278,0,2625,107140,109765,21281,0,0,0,567920,21281,589202
port481,2025-12-26,Houston,2,1,0,0,14,3,17,0,10738,0,0,0,10738,10738,92563,13608,0,0,525054,106172,631226
port481,2025-12-27,Houston,7,8,6,0,26,21,47,129673,17571,2533,0,6075,149779,155855,159111,222184,5211,0,521229,386507,907737
port481,2025-12-28,Houston,1,1,0,0,14,2,16,0,32405,0,0,44875,32405,77280,8404,0,0,0,377152,8404,385557
port481,2025-12-29,Houston,3,0,2,0,14,5,19,200710,0,419,0,17901,201129,219031,87503,0,1798,0,381662,89301,470963
port481,2025-12-30,Houston,4,0,2,0,19,6,25,0,0,0,0,4321,0,4321,64194,0,1509,0,665241,65704,730945
port481,2025-12-31,Houston,3,2,1,0,12,6,18,194355,25050,1743,0,90766,221148,311915,14831,0,1423,0,407596,16254,423851
port481,2026-01-01,Houston,3,4,0,0,12,7,19,18789,14967,0,0,394,33756,34151,60059,39282,0,0,467118,99341,566460
port481,2026-01-02,Houston,2,2,1,0,19,5,24,39154,30024,173,0,81948,69353,151301,9238,0,0,0,642969,9238,652207
port481,2026-01-03,Houston,1,0,3,0,10,4,14,0,0,668,0,3569,668,4238,48475,0,15720,0,144848,64196,209045
port481,2026-01-04,Houston,3,0,2,0,14,5,19,119248,0,1743,0,2625,120991,123616,29530,0,1458,0,476067,30989,507056
port481,2026-01-05,Houston,2,3,2,0,14,7,21,0,10738,1135,0,3020,11873,14893,109459,48823,924,0,400753,159207,559961
port481,2026-01-06,Houston,2,2,3,0,11,7,18,74195,33488,2477,0,20521,110161,130683,24199,37454,14369,0,566632,76023,642656
port481,2026-01-07,Houston,2,1,1,0,11,4,15,116444,0,0,0,47305,116444,163749,18907,34597,0,0,323063,53505,376568
port481,2026-01-08,Houston,7,2,2,0,15,11,26,387304,52607,3544,0,115350,443456,558807,111073,0,1423,0,427884,112497,540382
port481,2026-01-09,Houston,1,3,1,0,18,5,23,0,10738,0,0,100240,10738,110978,33451,30236,1127,0,412691,64815,477507
port481,2026-01-10,Houston,1,0,4,0,16,5,21,87076,0,5727,0,2625,92804,95429,0,0,2833,0,595807,2833,598640
port481,2026-01-11,Houston,5,2,0,0,17,7,24,210334,21476,0,0,17521,231810,249332,39664,27217,0,0,358741,66882,425623
port481,2026-01-12,Houston,1,4,0,0,14,5,19,0,0,0,0,107745,0,107745,47733,111830,0,0,357942,159563,517505
port481,2026-01-13,Houston,5,3,3,0,15,11,26,18678,113614,8584,0,3711,140877,144589,66807,0,0,0,463374,66807,530181
port481,2026-01-14,Houston,6,3,1,0,15,10,25,76198,43562,0,0,1572,119760,121333,42759,50919,0,0,477894,93679,571573
port481,2026-01-15,Houston,0,1,3,0,12,4,16,0,0,0,0,41444,0,41444,0,35493,9437,0,339862,44931,384793
port481,2026-01-16,Houston,7,1,1,0,20,9,29,223663,0,0,0,11064,223663,234727,237432,51681,12217,0,744036,301331,1045368
port481,2026-01-17,Houston,2,0,2,0,13,4,17,90239,0,1875,0,51322,92115,143437,0,0,4215,0,267926,4215,272141
port481,2026-01-18,Houston,2,1,1,1,5,5,10,63837,27167,444,0,0,91449,91449,0,0,0,0,117525,0,117525
port481,2026-01-19,Houston,1,5,1,0,20,7,27,6287,38536,6032,0,33033,50857,83891,0,52815,0,0,580276,52815,633091
port481,2026-01-20,Houston,0,0,0,0,14,0,14,0,0,0,0,90111,0,90111,0,0,0,0,296024,0,296024
port481,2026-01-21,Houston,5,4,3,0,13,12,25,113112,23678,2821,0,2625,139613,142238,93727,51006,4092,0,534747,148826,683574
port481,2026-01-22,Houston,1,3,1,0,5,5,10,66226,6037,0,0,37885,72263,110149,0,43948,0,0,44056,43948,88005
port481,2026-01-23,Houston,0,0,0,0,1,0,1,0,0,0,0,0,0,0,0,0,0,0,51697,0,51697
port481,2026-01-24,Houston,3,1,3,0,24,7,31,79814,0,2529,0,91067,82344,173412,28096,0,2527,0,932418,30623,963042
port481,2026-01-25,Houston,2,1,0,0,6,3,9,56458,0,0,0,57781,56458,114239,39107,0,0,0,132652,39107,171759
port481,2026-01-26,Houston,3,1,1,0,7,5,12,0,10738,0,0,81508,10738,92246,104813,13608,463,0,308127,118885,427012
port481,2026-01-27,Houston,1,6,4,0,23,11,34,2164,10738,1743,0,19290,14645,33936,0,206218,5771,0,680792,211990,892782
port481,2026-01-28,Houston,3,0,0,0,27,3,30,130009,0,0,0,118502,130009,248511,64755,0,0,0,694215,64755,758970
port481,2026-01-29,Houston,4,2,2,0,12,8,20,74256,20861,758,0,0,95876,95876,87192,21491,1343,0,442275,110026,552302
port481,2026-01-30,Houston,4,5,3,0,17,12,29,4163,61851,1909,0,53711,67924,121635,152712,72218,1668,0,312911,226599,539511
port481,2026-01-31,Houston,3,4,2,0,12,9,21,76798,38369,1366,0,43566,116534,160100,102279,93578,1664,0,288612,197522,486134
port481,2026-02-01,Houston,3,0,1,0,13,4,17,57443,0,0,0,0,57443,57443,72922,0,14651,0,519751,87573,607325
port481,2026-02-02,Houston,2,4,1,0,10,7,17,123942,76884,0,0,2625,200827,203452,14932,47611,2514,0,407204,65058,472263
port481,2026-02-03,Houston,2,4,2,0,16,8,24,40105,53396,1743,0,49003,95245,144249,16907,71131,3729,0,369742,91768,461510
port481,2026-02-04,Houston,4,1,3,0,16,8,24,346726,0,1334,0,356,348060,348416,14697,4574,2877,0,449805,22149,471955
port481,2026-02-05,Houston,1,6,0,0,13,7,20,0,67434,0,0,16271,67434,83705,14607,37618,0,0,317235,52226,369461
port481,2026-02-06,Houston,3,2,1,0,13,6,19,0,6173,1165,0,2625,7338,9963,128472,52111,0,0,472079,180584,652663
port481,2026-02-07,Houston,4,3,1,0,14,8,22,57710,0,1774,0,145089,59485,204575,88402,56566,0,0,437804,144969,582773
port481,2026-02-08,Houston,2,2,0,0,7,4,11,9987,0,0,0,15791,9987,25778,52080,20373,0,0,215447,72453,287901
port481,2026-02-09,Houston,3,5,1,0,20,9,29,120104,36181,1743,0,197,158028,158226,26411,100689,1423,0,671281,128523,799805
port481,2026-02-10,Houston,3,4,4,0,12,11,23,82544,63814,2614,0,171220,148973,320194,236100,31279,24421,0,186186,291801,477988
port481,2026-02-11,Houston,2,1,2,0,17,5,22,0,7547,5143,0,79876,12691,92567,51259,0,0,0,625082,51259,676342
port481,2026-02-12,Houston,2,2,0,0,12,4,16,0,10779,0,0,157233,10779,168012,12539,14770,0,0,368982,27309,396292
port481,2026-02-13,Houston,0,1,0,0,5,1,6,0,0,0,0,2625,0,2625,0,31776,0,0,186415,31776,218191
port481,2026-02-14,Houston,2,1,0,0,14,3,17,91974,6037,0,0,110450,98011,208462,14697,14770,0,0,613856,29468,643324
port481,2026-02-15,Houston,3,3,3,0,14,9,23,0,10738,213,0,7708,10951,18660,119554,37147,440,0,363587,157142,520729
port481,2026-02-16,Houston,1,2,1,0,10,4,14,0,5452,1021,0,15034,6473,21507,72832,48101,0,0,279492,120934,400426
port481,2026-02-17,Houston,4,2,1,0,14,7,21,170168,0,3143,0,139940,173312,313253,11710,18212,0,0,472942,29922,502865
port481,2026-02-18,Houston,2,4,2,1,16,9,25,0,48764,3126,0,31729,51891,83620,35823,73913,2778,0,435091,112516,547608
port481,2026-02-19,Houston,2,2,0,0,13,4,17,0,0,0,0,7721,0,7721,68732,35776,0,0,455317,104508,559826
port481,2026-02-20,Houston,0,0,0,0,4,0,4,0,0,0,0,0,0,0,0,0,0,0,51405,0,51405
port481,2026-02-21,Houston,2,0,0,0,6,2,8,0,0,0,0,2625,0,2625,67460,0,0,0,301243,67460,368703
port481,2026-02-22,Houston,5,2,6,0,21,13,34,194763,0,1505,0,141545,196268,337813,50498,111099,15307,0,709610,176905,886515
port481,2026-02-23,Houston,3,2,4,0,22,9,31,0,0,5963,0,53210,5963,59173,102361,19122,8770,0,520877,130253,651130
port481,2026-02-24,Houston,5,2,1,0,20,8,28,88175,0,0,0,6292,88175,94467,132559,1138,13919,0,724338,147617,871956
port481,2026-02-25,Houston,2,6,2,0,16,10,26,36632,121263,7626,0,93833,165522,259355,43613,35116,0,0,242247,78729,320977
port481,2026-02-26,Houston,4,2,2,0,17,8,25,260767,49763,9737,0,0,320267,320267,19875,47529,0,0,552528,67405,619934
port481,2026-02-27,Houston,0,1,2,0,10,3,13,0,0,1743,0,0,1743,1743,0,935,2355,0,333477,3291,336768
port481,2026-02-28,Houston,3,1,1,0,17,5,22,37058,0,1743,0,2778,38801,41579,85575,1939,1423,0,504764,88937,593702
port481,2026-03-01,Houston,2,8,4,0,17,14,31,25569,60213,5475,0,4809,91258,96067,73434,185217,1212,0,574894,259863,834758
port481,2026-03-02,Houston,5,2,4,0,18,11,29,215124,23421,1528,0,22495,240075,262570,45556,49069,15529,0,352133,110155,462288
port481,2026-03-03,Houston,1,2,2,0,14,5,19,0,62868,2111,0,3511,64980,68491,17118,13608,642,0,567853,31370,599223
port481,2026-03-04,Houston,4,2,1,0,13,7,20,0,0,1743,0,160315,1743,162058,125895,77365,1423,0,412251,204683,616935
port481,2026-03-05,Houston,2,1,0,0,9,3,12,216099,0,0,0,13082,216099,229181,85257,0,0,0,195844,85257,281101
port481,2026-03-06,Houston,3,2,0,0,11,5,16,182227,10738,0,0,82209,192965,275175,18685,64951,0,0,281133,83637,364771
port481,2026-03-07,Houston,2,3,3,0,24,8,32,0,49044,0,0,24464,49044,73509,73250,45146,5005,0,577869,123402,701271
port481,2026-03-08,Houston,2,2,1,0,16,5,21,0,26675,1087,0,74548,27762,102311,98708,37163,1682,0,442206,137555,579762
port481,2026-03-09,Houston,4,4,0,0,11,8,19,0,3447,0,0,17809,3447,21257,107946,42418,0,0,393789,150365,544155
port481,2026-03-10,Houston,3,1,1,0,16,5,21,300986,498,0,0,129896,301485,431381,33857,0,5954,0,485067,39811,524879
port481,2026-03-11,Houston,4,5,0,0,16,9,25,151794,9893,0,0,0,161688,161688,61340,63027,0,0,404861,124368,529229
port481,2026-03-12,Houston,3,1,2,0,16,6,22,100533,10738,0,0,70697,111271,181969,17792,13608,3058,0,598772,34460,633233
port481,2026-03-13,Houston,3,2,0,0,12,5,17,0,3480,0,0,45230,3480,48710,65053,9224,0,0,333871,74277,408149
port481,2026-03-14,Houston,2,2,1,0,19,5,24,127623,10086,3422,0,138662,141132,279794,18685,46040,0,0,411621,64725,476346
port481,2026-03-15,Houston,4,3,1,0,13,8,21,156677,106771,4583,0,4332,268033,272365,51195,13608,0,0,461353,64804,526157
port481,2026-03-16,Houston,0,0,2,0,16,2,18,0,0,0,0,130774,0,130774,0,0,3818,0,333083,3818,336901
port481,2026-03-17,Houston,1,5,0,0,15,6,21,0,34972,0,0,59898,34972,94871,15826,220843,0,0,457283,236670,693954
port481,2026-03-18,Houston,4,2,1,0,13,7,20,70917,17029,692,0,855,88639,89494,174922,1126,0,0,264643,176048,440692
port481,2026-03-19,Houston,2,1,0,0,14,3,17,0,41718,0,0,11169,41718,52888,100182,0,0,0,328961,100182,429144
port481,2026-03-20,Houston,3,3,4,0,12,10,22,152665,10738,23479,0,197,186883,187080,47981,91359,2735,0,405995,142076,548071
port481,2026-03-21,Houston,1,6,1,0,19,8,27,0,44858,0,0,4383,44858,49242,74676,52347,8274,0,461574,135299,596874
port481,2026-03-22,Houston,3,4,1,0,15,8,23,70962,28183,3671,0,131137,102817,233955,92201,13608,0,0,426075,105810,531886
port481,2026-03-23,Houston,2,2,1,0,21,5,26,194483,12193,3422,0,15336,210098,225434,4268,13608,0,0,596019,17876,613896
port481,2026-03-24,Houston,2,6,2,1,18,11,29,51138,121559,4474,84,34863,177256,212120,37370,48588,0,248,480777,86207,566985
port481,2026-03-25,Houston,4,3,2,0,19,9,28,148386,10738,7985,0,201492,167109,368602,62750,37010,0,0,434167,99760,533928
port481,2026-03-26,Houston,3,4,1,0,16,8,24,0,3385,0,0,42443,3385,45829,63824,37092,428,0,461301,101344,562646
port481,2026-03-27,Houston,2,2,3,0,18,7,25,0,54134,2270,0,10992,56405,67397,22947,0,17186,0,709563,40133,749697
port481,2026-03-28,Houston,0,1,3,0,16,4,20,0,23935,1743,0,33918,25678,59596,0,0,20616,0,424251,20616,444868
port481,2026-03-29,Houston,3,4,0,0,17,7,24,0,16154,0,0,2625,16154,18779,127200,53811,0,0,636939,181012,817952
port481,2026-03-30,Houston,0,2,3,0,14,5,19,0,23501,6049,0,773,29551,30325,0,26922,2827,0,333080,29750,362830
port481,2026-03-31,Houston,1,2,3,0,16,6,22,0,0,1743,0,2625,1743,4368,7848,32014,2966,0,405212,42830,448042
port481,2026-04-01,Houston,5,2,0,0,13,7,20,174009,10738,0,0,108592,184747,293339,98248,71987,0,0,371035,170235,541271
port481,2026-04-02,Houston,3,1,2,0,15,6,21,0,0,19323,0,14443,19323,33766,26504,15663,0,0,544271,42168,586440
port481,2026-04-03,Houston,3,3,0,0,18,6,24,242112,10997,0,0,95607,253109,348716,27238,28184,0,0,616698,55423,672121
port481,2026-04-04,Houston,2,4,3,0,12,9,21,44495,95498,10464,0,105313,150458,255771,71510,20771,1423,0,115350,93705,209055
port481,2026-04-05,Houston,2,2,0,0,15,4,19,106914,50264,0,0,106478,157179,263658,32976,0,0,0,607441,32976,640418
port481,2026-04-06,Houston,3,2,1,0,16,6,22,48232,0,4403,0,23511,52635,76147,5348,15154,0,0,469167,20503,489670
port481,2026-04-07,Houston,2,2,4,0,12,8,20,52024,49947,11227,0,193221,113199,306421,50450,51304,1423,0,221175,103178,324354
port481,2026-04-08,Houston,3,2,4,0,17,9,26,0,0,16055,0,6555,16055,22611,33793,33060,5420,0,530395,72274,602670
port481,2026-04-09,Houston,4,1,1,0,12,6,18,41876,0,0,0,33254,41876,75131,73547,31029,1182,0,472232,105759,577992
port481,2026-04-10,Houston,2,1,2,0,15,5,20,12076,38042,4078,0,25776,54197,79973,12903,0,0,0,402655,12903,415558
port481,2026-04-11,Houston,2,1,2,0,15,5,20,18760,52931,3379,0,2625,75070,77696,23790,0,1682,0,423212,25473,448685
port481,2026-04-12,Houston,2,2,0,0,18,4,22,30613,0,0,0,31215,30613,61828,39132,53531,0,0,393914,92664,486578
port481,2026-04-13,Houston,2,3,1,0,16,6,22,45022,10738,0,0,40356,55760,96117,16203,61330,0,0,436664,77534,514198
port481,2026-04-14,Houston,5,3,1,0,18,9,27,217957,10738,7481,0,52351,236178,288529,80731,66651,0,0,690036,147382,837419
port481,2026-04-15,Houston,2,5,3,0,15,10,25,41491,47740,1743,0,142272,90975,233247,18526,50776,3471,0,628001,72774,700776
port481,2026-04-16,Houston,2,2,2,0,18,6,24,12973,28458,3745,0,734,45177,45911,31207,0,20026,0,577508,51233,628741
port481,2026-04-17,Houston,2,0,1,0,21,3,24,0,0,0,0,125300,0,125300,65033,0,1476,0,711560,66510,778071
port481,2026-04-18,Houston,2,3,1,0,16,6,22,62162,13189,3343,0,125258,78696,203954,49683,59429,0,0,427269,109112,536382
port481,2026-04-19,Houston,3,3,0,0,11,6,17,37520,0,0,0,7250,37520,44771,51022,82863,0,0,324619,133885,458504
port481,2026-04-20,Houston,3,2,4,0,21,9,30,67889,45292,22410,0,43187,135592,178779,48196,18005,5675,0,626862,71877,698740
port481,2026-04-21,Houston,1,1,0,1,10,3,13,30717,0,0,0,197,30717,30914,0,55691,0,0,481489,55691,537180
port481,2026-04-22,Houston,2,3,2,0,12,7,19,0,3875,2423,0,19446,6299,25745,54732,33203,1682,0,417041,89618,506660
port481,2026-04-23,Houston,5,2,0,0,20,7,27,148440,13811,0,0,109724,162251,271975,152772,51580,0,0,635677,204352,840029
port481,2026-04-24,Houston,5,4,1,0,17,10,27,160929,61118,0,0,41074,222048,263122,39933,37128,916,0,389846,77978,467824
port481,2026-04-25,Houston,3,2,2,0,16,7,23,0,11055,12082,0,131957,23138,155095,217715,24441,1423,0,502528,243580,746108
port481,2026-04-26,Houston,2,3,1,0,13,6,19,126968,9259,0,0,32207,136228,168436,9128,31481,2669,0,493219,43278,536498
port481,2026-04-27,Houston,2,1,3,0,17,6,23,0,0,4445,0,41086,4445,45532,98713,53598,528,0,603115,152840,755955
port481,2026-04-28,Houston,3,0,1,0,16,4,20,85733,0,1832,0,143352,87566,230918,58610,0,0,0,509836,58610,568446
port481,2026-04-29,Houston,4,1,0,0,14,5,19,143166,0,0,0,694,143166,143861,99787,0,0,0,361804,99787,461591
port481,2026-04-30,Houston,0,4,2,0,21,6,27,0,71325,0,0,93938,71325,165264,0,13608,1155,0,719270,14764,734035
port481,2026-05-01,Houston,6,2,2,0,15,10,25,224796,62139,4958,0,10490,291894,302384,148952,0,2682,0,424247,151635,575882
port481,2026-05-02,Houston,2,2,2,0,14,6,20,48492,46188,0,0,55069,94680,149750,68826,49188,14211,0,484898,132226,617125
port481,2026-05-03,Houston,2,1,1,0,14,4,18,6710,21438,4369,0,45707,32519,78226,7261,0,0,0,259854,7261,267115
port481,2026-05-04,Houston,2,1,0,0,13,3,16,72854,0,0,0,79247,72854,152102,47012,47426,0,0,178219,94439,272659
port481,2026-05-05,Houston,0,2,2,0,22,4,26,0,16233,1543,0,17552,17777,35329,0,0,1582,0,758096,1582,759678
port481,2026-05-06,Houston,5,4,0,0,11,9,20,169261,73248,0,0,0,242509,242509,78718,57964,0,0,388667,136682,525350
port481,2026-05-07,Houston,1,4,3,0,15,8,23,0,13943,4323,0,75227,18267,93494,9274,0,4288,0,509731,13562,523293
port481,2026-05-08,Houston,2,3,2,0,15,7,22,26202,21740,2206,0,65086,50149,115236,21835,34044,1423,0,435160,57303,492464
port481,2026-05-09,Houston,3,0,0,0,13,3,16,12233,0,0,0,20836,12233,33069,128791,0,0,0,391994,128791,520785
port481,2026-05-10,Houston,4,2,1,0,17,7,24,77197,10738,226,0,356,88162,88519,75721,14390,0,0,575559,90112,665671
port481,2026-05-11,Houston,4,0,1,0,16,5,21,171927,0,0,0,171330,171927,343258,0,0,376,0,383748,376,384124
port481,2026-05-12,Houston,0,2,0,0,18,2,20,0,21476,0,0,52597,21476,74073,0,27217,0,0,687507,27217,714725
port481,2026-05-13,Houston,3,5,3,0,13,11,24,128548,54036,2830,0,14688,185415,200103,62020,131650,4083,0,310197,197754,507951
port481,2026-05-14,Houston,5,1,3,0,18,9,27,113558,22826,1743,0,40802,138128,178931,37968,0,11048,0,454116,49016,503133
port481,2026-05-15,Houston,2,2,0,0,10,4,14,12233,10738,0,0,3558,22971,26530,39269,29049,0,0,241915,68319,310234
port481,2026-05-16,Houston,1,0,2,0,18,3,21,0,0,3756,0,92857,3756,96614,18885,0,1682,0,533734,20568,554303
port481,2026-05-17,Houston,4,2,1,0,13,7,20,0,10979,1743,0,7632,12722,20355,187810,0,1423,0,294323,189233,483557
port481,2026-05-18,Houston,1,3,1,0,18,5,23,95691,36644,1743,0,66141,134080,200221,0,37111,1423,0,503554,38534,542089
port481,2026-05-19,Houston,5,2,1,0,17,8,25,81418,10738,0,0,163023,92156,255179,105933,67348,12830,0,358868,186112,544981
port481,2026-05-20,Houston,0,2,3,0,15,5,20,0,10738,266,0,2625,11005,13630,0,14193,850,0,486103,15043,501147
port481,2026-05-21,Houston,4,2,0,0,17,6,23,193831,56746,0,0,26117,250578,276695,50237,0,0,0,387966,50237,438204
port481,2026-05-22,Houston,4,3,3,0,15,10,25,101107,40847,1900,0,155755,143855,299610,70614,43753,2279,0,392835,116647,509483
port481,2026-05-23,Houston,3,2,5,0,16,10,26,7982,10738,3199,0,38114,21920,60034,93381,73982,1690,0,435381,169054,604435
port481,2026-05-24,Houston,2,2,1,0,12,5,17,0,10738,1743,0,19993,12481,32474,23833,67382,1423,0,479681,92639,572320
port481,2026-05-25,Houston,3,1,1,0,10,5,15,79784,24409,1087,0,0,105280,105280,91108,0,1682,0,426788,92791,519580
port481,2026-05-26,Houston,1,1,1,0,19,3,22,18430,10738,83,0,101335,29252,130587,0,13608,75,0,543988,13684,557673
port481,2026-05-27,Houston,3,4,1,0,19,8,27,64878,16775,0,0,52502,81653,134155,21333,61689,16412,0,480774,99435,580209
port481,2026-05-28,Houston,4,2,1,0,16,7,23,52569,12699,1743,0,44981,67012,111993,26133,13608,1423,0,510941,41166,552107
port481,2026-05-29,Houston,0,4,2,0,19,6,25,0,16775,1087,0,35322,17862,53185,0,28379,2342,0,512007,30721,542729
port493,2025-12-21,Immingham,3,0,2,7,1,12,13,1567,0,1264,7411,28652,10244,38896,0,0,0,193,0,193,193
port493,2025-12-22,Immingham,2,0,1,1,8,4,12,4385,0,1326,1463,55270,7176,62447,0,0,0,0,56005,0,56005
port493,2025-12-23,Immingham,3,1,3,7,3,14,17,10445,54980,14150,4301,0,83878,83878,0,0,0,1144,7588,1144,8732
port493,2025-12-24,Immingham,0,1,0,3,4,4,8,0,0,0,1564,27927,1564,29491,0,0,0,96,7634,96,7731
port493,2025-12-25,Immingham,1,0,0,0,3,1,4,3261,0,0,0,0,3261,3261,0,0,0,0,10833,0,10833
port493,2025-12-26,Immingham,0,2,1,0,4,3,7,0,80235,1922,0,4858,82157,87015,0,0,0,0,10971,0,10971
port493,2025-12-27,Immingham,2,0,1,2,2,5,7,3402,0,0,0,803,3402,4206,0,0,2024,183,43925,2208,46134
port493,2025-12-28,Immingham,2,0,2,5,4,9,13,4206,0,2328,5143,11258,11678,22937,73,0,331,1144,16268,1549,17817
port493,2025-12-29,Immingham,3,1,0,2,3,6,9,3454,32943,0,1564,3059,37963,41022,740,0,0,96,7591,837,8428
port493,2025-12-30,Immingham,1,2,0,4,3,7,10,1677,50987,0,1564,1594,54229,55824,0,0,0,1995,2738,1995,4733
port493,2025-12-31,Immingham,0,0,0,5,4,5,9,0,0,0,4774,3263,4774,8037,0,0,0,96,13743,96,13840
port493,2026-01-01,Immingham,1,0,2,0,4,3,7,878,0,7021,0,1594,7900,9495,0,0,0,0,49641,0,49641
port493,2026-01-02,Immingham,0,0,1,1,2,2,4,0,0,1686,0,0,1686,1686,0,0,433,0,11999,433,12432
port493,2026-01-03,Immingham,0,0,2,2,1,4,5,0,0,1389,1898,0,3287,3287,0,0,3001,0,1458,3001,4460
port493,2026-01-04,Immingham,2,0,0,6,2,8,10,2741,0,0,9345,2449,12087,14537,0,0,0,0,4052,0,4052
port493,2026-01-05,Immingham,2,2,3,2,5,9,14,2306,53045,2283,4838,25157,62474,87632,0,0,1678,0,10997,1678,12676
port493,2026-01-06,Immingham,2,0,1,4,2,7,9,4309,0,831,6205,42534,11346,53881,0,0,0,0,3256,0,3256
port493,2026-01-07,Immingham,1,2,4,5,5,12,17,3467,52137,3001,11235,3085,69843,72928,0,0,4778,96,5463,4875,10338
port493,2026-01-08,Immingham,3,0,3,5,7,11,18,3571,0,12621,5727,35471,21921,57392,0,0,0,0,52509,0,52509
port493,2026-01-09,Immingham,1,1,0,4,3,6,9,1940,0,0,9338,0,11279,11279,0,0,0,96,8646,96,8743
port493,2026-01-10,Immingham,1,0,0,7,4,8,12,1388,0,0,5667,0,7055,7055,0,0,0,834,33976,834,34810
port493,2026-01-11,Immingham,1,1,1,6,2,9,11,1024,52452,0,8381,8746,61858,70605,0,0,1845,0,4052,1845,5897
port493,2026-01-12,Immingham,4,0,2,2,4,8,12,5722,0,3387,1424,21606,10534,32140,1308,0,0,0,142,1308,1450
port493,2026-01-13,Immingham,1,0,2,7,3,10,13,1243,0,3896,8639,0,13779,13779,0,0,0,1477,7008,1477,8486
port493,2026-01-14,Immingham,4,2,1,6,5,13,18,5114,15571,2080,9022,1861,31789,33650,1813,0,0,0,4781,1813,6594
port493,2026-01-15,Immingham,1,0,5,7,2,13,15,1459,0,6780,13251,1024,21491,22516,0,0,2426,0,0,2426,2426
port493,2026-01-16,Immingham,2,0,2,4,5,8,13,2356,0,2424,5886,9057,10667,19724,0,0,0,0,9089,0,9089
port493,2026-01-17,Immingham,2,1,1,9,4,13,17,6971,30789,2938,9355,7787,50054,57842,0,0,0,0,6788,0,6788
port493,2026-01-18,Immingham,2,0,3,5,1,10,11,4271,0,6224,7771,0,18267,18267,0,0,331,96,12362,428,12791
port493,2026-01-19,Immingham,2,0,2,1,6,5,11,3022,0,2447,827,29892,6297,36189,0,0,0,0,21749,0,21749
port493,2026-01-20,Immingham,2,2,0,6,4,10,14,5709,34998,0,9035,17696,49743,67439,0,0,0,0,6808,0,6808
port493,2026-01-21,Immingham,2,2,3,6,5,13,18,5000,91492,6917,10093,784,113504,114289,0,0,0,0,44114,0,44114
port493,2026-01-22,Immingham,1,1,1,5,3,8,11,1458,0,1434,9427,0,12320,12320,0,0,331,0,12045,331,12377
port493,2026-01-23,Immingham,2,1,4,4,4,11,15,4121,0,9345,3616,83807,17083,100891,0,25254,0,0,22787,25254,48042
port493,2026-01-24,Immingham,2,1,0,7,3,10,13,3573,50724,0,13133,32035,67432,99467,0,0,0,96,13685,96,13782
port493,2026-01-25,Immingham,3,1,1,6,1,11,12,4946,30860,2922,3433,0,42162,42162,0,0,0,950,14555,950,15505
port493,2026-01-26,Immingham,2,0,2,2,4,6,10,2832,0,3071,1564,3146,7468,10615,73,0,0,96,41740,170,41910
port493,2026-01-27,Immingham,2,0,0,7,4,9,13,3901,0,0,14724,7156,18625,25782,0,0,0,96,3672,96,3768
port493,2026-01-28,Immingham,2,1,2,6,3,11,14,4492,54531,6521,10127,9599,75672,85272,0,0,0,193,16989,193,17183
port493,2026-01-29,Immingham,3,1,1,5,3,10,13,6767,70740,1434,9563,8165,88506,96671,0,0,331,0,1481,331,1812
port493,2026-01-30,Immingham,3,0,1,5,3,9,12,4308,0,3336,7605,1557,15250,16808,288,0,0,0,40555,288,40844
port493,2026-01-31,Immingham,3,0,3,8,4,14,18,5451,0,7153,14044,34079,26649,60729,0,0,0,96,15778,96,15875
port493,2026-02-01,Immingham,2,1,2,6,4,11,15,2214,52266,3590,4439,3666,62511,66178,73,0,0,1898,8607,1971,10578
port493,2026-02-02,Immingham,3,1,2,3,4,9,13,3895,69637,1793,1830,3889,77157,81046,73,0,1983,0,26965,2056,29022
port493,2026-02-03,Immingham,1,1,5,6,2,13,15,1097,0,5039,8957,534,15094,15629,0,0,331,96,3370,428,3799
port493,2026-02-04,Immingham,2,1,4,7,7,14,21,4200,57935,2766,11926,88005,76829,164835,0,0,3055,193,5496,3249,8745
port493,2026-02-05,Immingham,0,1,2,5,1,8,9,0,0,1387,9590,0,10977,10977,0,0,220,0,1945,220,2166
port493,2026-02-06,Immingham,2,0,4,5,4,11,15,3569,0,6786,5824,8331,16180,24512,0,0,0,0,6790,0,6790
port493,2026-02-07,Immingham,2,2,1,8,4,13,17,4535,165272,1242,12972,8219,184024,192244,0,0,0,193,26062,193,26256
port493,2026-02-08,Immingham,3,0,1,7,4,11,15,5562,0,2074,9549,4713,17185,21899,0,0,0,473,41089,473,41563
port493,2026-02-09,Immingham,2,2,3,2,1,9,10,2652,81171,4214,0,0,88038,88038,0,0,0,414,860,414,1274
port493,2026-02-10,Immingham,2,1,2,6,4,11,15,440,11942,2136,8245,120001,22765,142766,0,0,0,1671,2470,1671,4142
port493,2026-02-11,Immingham,3,0,2,7,4,12,16,9780,0,2914,16232,13786,28927,42714,0,0,331,0,4401,331,4733
port493,2026-02-12,Immingham,3,0,3,5,5,11,16,8015,0,4821,10065,29335,22902,52238,0,0,331,96,18908,428,19336
port493,2026-02-13,Immingham,3,1,0,6,4,10,14,4794,92515,0,10644,11935,107954,119890,0,0,0,0,6338,0,6338
port493,2026-02-14,Immingham,2,1,2,8,5,13,18,5663,30894,3115,11147,1944,50820,52765,0,0,0,817,24577,817,25394
port493,2026-02-15,Immingham,2,0,2,5,3,9,12,1290,0,0,9477,1447,10767,12215,982,0,3674,0,22825,4656,27481
port493,2026-02-16,Immingham,1,0,2,2,3,5,8,2952,0,4643,1564,870,9160,10030,0,0,0,96,4969,96,5066
port493,2026-02-17,Immingham,2,1,1,6,4,10,14,4554,0,1833,8017,3539,14405,17945,0,0,0,96,10297,96,10394
port493,2026-02-18,Immingham,1,0,2,5,3,8,11,1243,0,3904,9508,32142,14656,46799,0,0,0,193,43037,193,43231
port493,2026-02-19,Immingham,0,1,2,5,4,8,12,0,0,3184,7140,6826,10324,17150,0,0,331,0,9249,331,9581
port493,2026-02-20,Immingham,1,2,5,5,4,13,17,1314,106010,8308,9139,13574,124772,138347,0,0,0,193,4462,193,4655
port493,2026-02-21,Immingham,1,0,1,8,5,10,15,2446,0,1257,9712,106146,13416,119562,0,0,0,0,4313,0,4313
port493,2026-02-22,Immingham,3,3,2,4,4,12,16,4820,35118,4642,6755,1703,51336,53040,0,9803,0,474,3800,10277,14078
port493,2026-02-23,Immingham,1,0,4,1,8,6,14,837,0,6447,1564,6994,8849,15844,0,0,0,96,58104,96,58200
port493,2026-02-24,Immingham,2,2,1,7,2,12,14,4889,93096,1242,9312,2284,108541,110826,0,0,0,1481,0,1481,1481
port493,2026-02-25,Immingham,1,0,3,5,3,9,12,2418,0,4831,9126,31724,16377,48102,0,0,0,96,4892,96,4989
port493,2026-02-26,Immingham,3,1,1,6,3,11,14,5283,0,1434,7767,0,14485,14485,433,0,331,0,7662,765,8427
port493,2026-02-27,Immingham,1,0,3,5,7,9,16,0,0,4220,4921,2554,9142,11696,168,0,1545,0,14009,1714,15724
port493,2026-02-28,Immingham,2,1,2,8,4,13,17,1965,0,3675,8723,1444,14364,15808,73,0,0,747,6809,820,7629
port493,2026-03-01,Immingham,3,2,2,3,2,10,12,9023,111749,5164,5886,1594,131824,133419,0,0,0,474,5949,474,6424
port493,2026-03-02,Immingham,3,0,3,4,3,10,13,3900,0,3295,6710,624,13906,14530,279,0,433,193,5502,905,6408
port493,2026-03-03,Immingham,1,3,2,6,4,12,16,1717,41917,712,8810,2797,53158,55956,73,0,1739,96,11875,1909,13785
port493,2026-03-04,Immingham,0,0,3,7,5,10,15,0,0,8882,6771,3462,15654,19117,0,0,0,0,43964,0,43964
port493,2026-03-05,Immingham,3,2,3,5,3,13,16,6026,51808,4072,5268,252,67177,67430,0,0,0,0,2596,0,2596
port493,2026-03-06,Immingham,2,0,2,4,8,8,16,2120,0,4999,6488,26842,13608,40451,0,0,0,96,11611,96,11708
port493,2026-03-07,Immingham,1,1,2,7,3,11,14,920,32618,5498,8025,0,47062,47062,0,0,331,466,4638,797,5436
port493,2026-03-08,Immingham,5,1,2,6,4,14,18,12873,48008,3156,9488,30064,73526,103591,0,0,0,0,10436,0,10436
port493,2026-03-09,Immingham,3,0,4,1,7,8,15,5300,0,23618,1244,756,30162,30919,0,0,0,0,8230,0,8230
port493,2026-03-10,Immingham,1,0,2,7,1,10,11,440,0,5082,6982,1594,12504,14099,0,0,0,193,1774,193,1967
port493,2026-03-11,Immingham,1,0,0,6,5,7,12,2700,0,0,9483,1197,12183,13381,0,0,0,0,26731,0,26731
port493,2026-03-12,Immingham,1,1,6,5,1,13,14,996,47663,13846,9885,0,72391,72391,0,0,0,0,794,0,794
port493,2026-03-13,Immingham,2,0,0,5,5,7,12,2298,0,0,5599,23622,7897,31520,0,0,0,0,2703,0,2703
port493,2026-03-14,Immingham,2,0,2,7,3,11,14,5919,0,2644,6221,3309,14785,18094,0,0,331,193,4139,525,4665
port493,2026-03-15,Immingham,2,1,6,8,5,17,22,1504,28056,17711,21090,10815,68361,79177,489,0,2276,0,37615,2765,40381
port493,2026-03-16,Immingham,3,1,2,1,4,7,11,6044,0,577,1564,2030,8187,10217,0,0,1750,96,5329,1846,7176
port493,2026-03-17,Immingham,1,1,2,7,1,11,12,1965,28450,2801,11640,5188,44858,50046,0,0,0,96,0,96,96
port493,2026-03-18,Immingham,1,1,2,6,4,10,14,3855,0,3359,10420,78966,17635,96601,0,0,331,96,2120,428,2549
port493,2026-03-19,Immingham,2,1,2,6,4,11,15,3136,20883,822,10313,5213,35154,40368,0,0,1401,0,47522,1401,48924
port493,2026-03-20,Immingham,0,1,5,6,5,12,17,0,0,4638,5466,6734,10104,16839,0,0,1234,96,21467,1331,22799
port493,2026-03-21,Immingham,2,1,1,8,4,12,16,3134,90462,1686,16382,8399,111666,120065,0,0,433,464,6953,897,7851
port493,2026-03-22,Immingham,3,2,1,5,5,11,16,7439,8543,611,8319,14832,24914,39746,73,0,0,1047,3914,1120,5035
port493,2026-03-23,Immingham,2,0,2,1,4,5,9,3050,0,3062,0,27024,6112,33137,0,0,0,413,5766,413,6179
port493,2026-03-24,Immingham,2,0,2,6,4,10,14,1971,0,1665,6712,642,10350,10992,0,0,1648,0,1591,1648,3240
port493,2026-03-25,Immingham,0,1,3,6,4,10,14,0,0,2098,7517,428,9616,10044,0,0,3727,899,48640,4626,53266
port493,2026-03-26,Immingham,1,0,3,5,2,9,11,3467,0,2084,4983,15613,10535,26148,0,0,3666,1426,5442,5093,10535
port493,2026-03-27,Immingham,3,2,0,4,3,9,12,3259,68124,0,6298,11122,77683,88806,236,0,0,96,5125,333,5459
port493,2026-03-28,Immingham,1,0,6,6,4,13,17,4099,0,14708,7821,3927,26629,30556,0,0,366,193,14135,560,14695
port493,2026-03-29,Immingham,3,1,0,4,6,8,14,3040,0,0,5269,2612,8310,10922,0,0,0,475,57084,475,57560
port493,2026-03-30,Immingham,3,0,3,3,4,9,13,4953,0,4995,1978,1121,11927,13049,0,0,331,96,1166,428,1594
port493,2026-03-31,Immingham,1,0,2,7,5,10,15,3676,0,1713,20465,4240,25856,30096,0,0,0,96,10435,96,10532
port493,2026-04-01,Immingham,1,2,1,5,2,9,11,1169,10514,2146,9288,2126,23118,25244,0,0,0,96,0,96,96
port493,2026-04-02,Immingham,2,1,3,6,5,12,17,3191,34998,6842,16808,15517,61841,77359,145,0,0,96,2967,242,3209
port493,2026-04-03,Immingham,2,1,1,4,5,8,13,2334,0,3233,5766,12243,11334,23578,0,0,0,0,3439,0,3439
port493,2026-04-04,Immingham,1,0,0,5,5,6,11,2577,0,0,6863,43798,9440,53239,0,0,0,96,18123,96,18220
port493,2026-04-05,Immingham,2,2,1,4,2,9,11,4684,0,2135,5897,0,12717,12717,73,18610,0,96,8981,18780,27762
port493,2026-04-06,Immingham,4,2,5,0,6,11,17,6032,109419,6390,0,8016,121842,129859,73,0,1606,0,56045,1679,57725
port493,2026-04-07,Immingham,1,0,1,3,6,5,11,5986,0,0,7996,20907,13982,34890,0,0,366,96,3295,463,3759
port493,2026-04-08,Immingham,1,1,3,6,3,11,14,220,0,4525,6303,27221,11049,38270,0,19802,1489,0,4175,21292,25468
port493,2026-04-09,Immingham,2,1,4,4,2,11,13,4608,0,27498,5472,0,37579,37579,0,0,0,0,16591,0,16591
port493,2026-04-10,Immingham,2,0,2,5,1,9,10,5609,0,4120,7419,0,17149,17149,0,0,0,96,132,96,228
port493,2026-04-11,Immingham,0,0,2,9,4,11,15,0,0,2193,10704,3122,12897,16020,0,0,0,1185,12589,1185,13774
port493,2026-04-12,Immingham,2,0,2,5,3,9,12,2169,0,2087,9497,1594,13754,15349,0,0,1908,193,3877,2101,5979
port493,2026-04-13,Immingham,4,0,4,1,3,9,12,5915,0,4317,0,23226,10232,33458,1914,0,331,0,5903,2246,8149
port493,2026-04-14,Immingham,1,1,4,7,4,13,17,2953,30992,6548,14260,3263,54754,58017,0,0,331,0,10388,331,10720
port493,2026-04-15,Immingham,2,1,4,6,2,13,15,2117,54893,9795,14383,5700,81190,86890,0,0,331,96,1106,428,1535
port493,2026-04-16,Immingham,2,0,3,5,3,10,13,1717,0,3360,14029,0,19107,19107,364,0,1938,0,6742,2303,9045
port493,2026-04-17,Immingham,2,0,4,5,5,11,16,1747,0,5740,8545,23037,16033,39071,1621,0,0,0,19100,1621,20722
port493,2026-04-18,Immingham,2,1,0,9,5,12,17,2191,24487,0,9258,7447,35937,43384,0,0,0,96,4449,96,4546
port493,2026-04-19,Immingham,4,1,2,4,1,11,12,10406,81376,4255,10662,0,106699,106699,0,0,0,0,1945,0,1945
port493,2026-04-20,Immingham,0,1,2,1,1,4,5,0,32159,3466,1564,8605,37191,45796,0,0,0,96,0,96,96
port493,2026-04-21,Immingham,3,1,3,6,6,13,19,5311,0,11575,5476,7967,22363,30330,0,0,0,193,8343,193,8536
port493,2026-04-22,Immingham,5,1,2,5,4,13,17,11643,69260,4352,10401,16243,95657,111901,2017,0,331,96,4574,2445,7019
port493,2026-04-23,Immingham,1,2,2,4,3,9,12,3855,28481,2003,6502,5071,40842,45914,0,0,0,96,10388,96,10485
port493,2026-04-24,Immingham,2,1,2,5,8,10,18,4212,64952,3798,8888,2090,81852,83942,0,0,0,0,29274,0,29274
port493,2026-04-25,Immingham,3,0,3,9,3,15,18,5544,0,1872,10553,0,17970,17970,73,0,4386,1194,4726,5654,10381
port493,2026-04-26,Immingham,3,0,2,4,4,9,13,2953,0,4289,2515,47504,9757,57262,2671,0,0,96,5941,2767,8708
port493,2026-04-27,Immingham,3,0,4,2,6,9,15,5730,0,6649,3433,2603,15812,18415,0,0,663,0,5390,663,6053
port493,2026-04-28,Immingham,1,2,2,7,5,12,17,1717,33326,2850,10461,2552,48356,50909,73,28449,0,1513,4468,30036,34505
port493,2026-04-29,Immingham,2,0,3,6,4,11,15,2979,0,9252,12460,135483,24691,160175,0,0,0,96,9842,96,9939
port493,2026-04-30,Immingham,2,1,4,6,3,13,16,3186,36508,3358,16648,11288,59702,70990,436,0,2128,96,16982,2661,19643
port493,2026-05-01,Immingham,1,0,3,6,2,10,12,878,0,7163,9555,0,17596,17596,0,0,331,193,9587,525,10112
port493,2026-05-02,Immingham,2,0,0,9,4,11,15,4539,0,0,12894,3699,17434,21133,0,0,0,1098,10310,1098,11408
port493,2026-05-03,Immingham,3,0,3,4,2,10,12,5301,0,4179,4966,15702,14447,30150,73,0,414,669,4175,1156,5332
port493,2026-05-04,Immingham,2,0,3,3,6,8,14,3552,0,2827,1693,25105,8074,33179,0,0,5519,0,14364,5519,19883
port493,2026-05-05,Immingham,3,3,2,6,1,14,15,4554,130077,915,7554,0,143101,143101,0,0,1019,0,0,1019,1019
port493,2026-05-06,Immingham,3,1,3,6,0,13,13,7078,38871,3173,11832,0,60955,60955,0,0,751,96,0,848,848
port493,2026-05-07,Immingham,3,2,1,5,5,11,16,4307,35233,0,5864,6061,45405,51467,0,990,537,0,1725,1528,3253
port493,2026-05-08,Immingham,4,1,3,6,6,14,20,7441,31695,4904,11264,98993,55305,154299,146,0,0,0,14755,146,14902
port493,2026-05-09,Immingham,1,0,3,8,3,12,15,1677,0,6994,11262,19948,19934,39882,0,0,0,914,287,914,1201
port493,2026-05-10,Immingham,2,0,3,5,2,10,12,2438,0,5914,10702,1594,19055,20650,0,0,0,96,5373,96,5470
port493,2026-05-11,Immingham,2,2,3,1,3,8,11,5661,81063,2893,0,1612,89619,91231,0,0,2029,0,1340,2029,3370
port493,2026-05-12,Immingham,2,0,4,7,3,13,16,3965,0,3101,12496,0,19563,19563,0,0,799,0,44446,799,45245
port493,2026-05-13,Immingham,1,0,4,6,5,11,16,1997,0,4766,13661,36005,20425,56431,0,0,387,96,2539,484,3023
port493,2026-05-14,Immingham,2,2,5,6,2,15,17,3458,108667,5290,18234,10493,135651,146145,145,0,890,96,0,1132,1132
port493,2026-05-15,Immingham,4,0,2,6,3,12,15,7447,0,0,5023,94003,12471,106475,146,0,2917,96,4489,3160,7650
port493,2026-05-16,Immingham,0,1,2,10,7,13,20,0,48439,2869,11420,20198,62729,82927,0,0,331,1010,47692,1342,49035
port493,2026-05-17,Immingham,3,1,2,4,3,10,13,5056,59380,5565,6791,3263,76794,80058,73,0,1610,193,7339,1877,9217
port493,2026-05-18,Immingham,2,1,1,2,4,6,10,1851,48552,1434,0,3539,51839,55378,0,0,331,0,6355,331,6687
port493,2026-05-19,Immingham,2,1,1,6,1,10,11,3849,0,1174,3401,296,8424,8721,0,0,0,2428,0,2428,2428
port493,2026-05-20,Immingham,3,2,4,6,4,15,19,8227,48136,7081,11764,1614,75210,76825,0,0,0,96,2353,96,2450
port493,2026-05-21,Immingham,3,2,2,5,2,12,14,8358,31734,1872,8896,0,50861,50861,73,0,2413,193,8053,2680,10734
port493,2026-05-22,Immingham,3,1,2,6,6,12,18,5733,28156,2498,8640,81569,45029,126599,0,0,1698,96,4545,1795,6340
port493,2026-05-23,Immingham,2,1,3,7,3,13,16,538,81477,3561,12821,0,98399,98399,0,0,331,96,18668,428,19096
port493,2026-05-24,Immingham,1,1,4,4,5,10,15,1068,31230,6897,6679,6396,45876,52273,0,0,1647,96,7559,1744,9303
port493,2026-05-25,Immingham,2,0,2,0,1,4,5,2004,0,4542,0,0,6546,6546,0,0,0,0,2311,0,2311
port493,2026-05-26,Immingham,0,2,2,4,4,8,12,0,19048,2861,6428,0,28338,28338,0,0,0,193,26597,193,26791
port493,2026-05-27,Immingham,2,1,2,6,3,11,14,4272,28601,2080,9994,1944,44949,46894,73,0,753,0,8288,827,9115
port493,2026-05-28,Immingham,2,0,5,6,2,13,15,2773,0,4741,11373,0,18888,18888,0,0,3364,96,48629,3461,52091
port493,2026-05-29,Immingham,1,1,1,5,3,8,11,1475,35233,2080,8427,4795,47217,52012,0,990,0,0,6330,990,7320
port494,2025-12-21,Incheon,6,1,7,1,2,15,17,20377,23512,12519,0,13111,56410,69521,2451,0,743,2541,0,5736,5736
port494,2025-12-22,Incheon,7,2,3,1,5,13,18,16789,93204,2258,0,212396,112252,324649,2633,0,417,0,4269,3050,7320
port494,2025-12-23,Incheon,7,3,2,0,8,12,20,11783,37006,5237,0,22358,54027,76385,2996,1839,0,0,25818,4835,30654
port494,2025-12-24,Incheon,8,4,8,1,6,21,27,12469,61094,16019,0,144082,89583,233665,3428,0,2376,1424,25440,7229,32669
port494,2025-12-25,Incheon,4,0,2,0,2,6,8,9268,0,4462,0,37037,13731,50768,819,0,428,0,12327,1247,13575
port494,2025-12-26,Incheon,10,3,2,0,5,15,20,29634,35244,2642,0,119152,67521,186673,7689,25310,214,0,46078,33214,79292
port494,2025-12-27,Incheon,6,2,6,1,7,15,22,18974,12110,12277,0,28346,43362,71709,409,0,651,4757,17020,5819,22839
port494,2025-12-28,Incheon,6,3,12,1,6,22,28,8952,43474,28707,0,101699,81133,182833,4263,4840,395,0,14188,9499,23688
port494,2025-12-29,Incheon,9,3,7,0,3,19,22,15569,73749,16098,0,80228,105416,185644,4678,0,214,0,0,4892,4892
port494,2025-12-30,Incheon,6,1,4,0,7,11,18,10102,0,7901,0,30132,18004,48136,409,48839,428,0,33525,49677,83202
port494,2025-12-31,Incheon,9,1,2,0,6,12,18,22483,2350,6588,0,55497,31422,86920,2521,0,0,0,18566,2521,21087
port494,2026-01-01,Incheon,4,1,5,0,6,10,16,5942,0,9199,0,92873,15142,108015,1075,595,428,0,7084,2099,9184
port494,2026-01-02,Incheon,8,3,6,1,5,18,23,9450,65636,17177,0,8638,92264,100902,1032,0,395,1019,11021,2448,13469
port494,2026-01-03,Incheon,5,0,8,0,3,13,16,6020,0,25068,0,6805,31088,37894,3763,0,214,0,0,3977,3977
port494,2026-01-04,Incheon,9,0,2,0,7,11,18,20053,0,3900,0,74714,23954,98668,2822,0,214,0,0,3036,3036
port494,2026-01-05,Incheon,10,2,6,0,5,18,23,22114,25356,17599,0,40404,65070,105474,5418,0,0,0,24743,5418,30162
port494,2026-01-06,Incheon,8,2,9,1,5,20,25,14335,71138,12210,0,42650,97684,140334,2048,0,3273,5677,19158,11000,30158
port494,2026-01-07,Incheon,9,1,5,1,2,16,18,17436,31453,9700,0,0,58590,58590,1907,0,1808,0,14233,3715,17949
port494,2026-01-08,Incheon,5,3,3,1,4,12,16,6931,0,529,0,84287,7461,91748,1032,84055,1652,0,127224,86740,213965
port494,2026-01-09,Incheon,5,1,4,1,9,11,20,10184,4685,6745,0,77936,21616,99552,409,0,428,1905,23465,2744,26209
port494,2026-01-10,Incheon,3,0,1,0,0,4,4,4186,0,0,0,0,4186,4186,409,0,776,0,0,1186,1186
port494,2026-01-11,Incheon,8,3,2,1,4,14,18,11217,54673,5287,0,45768,71178,116947,1229,48084,5595,1957,14417,56867,71284
port494,2026-01-12,Incheon,7,1,8,0,4,16,20,5845,1371,19083,0,0,26300,26300,4640,0,609,0,9167,5249,14417
port494,2026-01-13,Incheon,6,1,7,1,4,15,19,16620,0,10783,0,16786,27404,44191,4659,2373,214,1831,18431,9078,27510
port494,2026-01-14,Incheon,8,2,7,0,9,17,26,12589,25496,11505,0,251369,49591,300960,3289,0,1049,0,3705,4338,8043
port494,2026-01-15,Incheon,6,4,5,1,5,16,21,13617,58472,8231,0,78211,80321,158532,2582,20421,642,0,23769,23646,47416
port494,2026-01-16,Incheon,6,0,2,1,5,9,14,12044,0,6741,0,62017,18785,80803,3022,0,0,4604,9250,7626,16877
port494,2026-01-17,Incheon,5,0,1,1,4,7,11,1469,0,2870,0,64228,4339,68568,12000,0,0,0,17797,12000,29798
port494,2026-01-18,Incheon,8,1,6,1,8,16,24,19813,0,7970,0,156867,27784,184651,409,597,6656,3179,15105,10843,25948
port494,2026-01-19,Incheon,6,0,5,0,8,11,19,12562,0,10097,0,30132,22660,52792,4331,0,631,0,34229,4963,39192
port494,2026-01-20,Incheon,4,2,4,2,7,12,19,7909,42232,3908,0,408516,54049,462565,0,0,3523,5988,47655,9512,57167
port494,2026-01-21,Incheon,9,1,3,0,3,13,16,21928,18256,12667,0,6766,52852,59619,3303,0,214,0,14726,3517,18244
port494,2026-01-22,Incheon,6,1,5,1,4,13,17,8973,26983,8305,0,11132,44262,55394,2432,1839,824,0,0,5095,5095
port494,2026-01-23,Incheon,4,2,5,0,10,11,21,3544,8130,7700,0,139760,19375,159136,567,6268,609,0,16811,7445,24257
port494,2026-01-24,Incheon,10,1,6,0,3,17,20,21484,43690,11720,0,0,76895,76895,3159,0,1865,0,12415,5024,17440
port494,2026-01-25,Incheon,8,0,7,0,6,15,21,10256,0,21592,0,115542,31849,147392,8758,0,390,0,70419,9149,79568
port494,2026-01-26,Incheon,8,3,5,1,5,17,22,20117,65106,8147,0,262407,93371,355779,2320,579,631,3181,15248,6712,21960
port494,2026-01-27,Incheon,6,0,7,0,7,13,20,6500,0,21273,0,90761,27774,118535,16305,0,428,0,30536,16733,47270
port494,2026-01-28,Incheon,11,4,2,1,5,18,23,24607,122347,3611,0,67086,150566,217652,2228,1736,214,4950,18219,9130,27349
port494,2026-01-29,Incheon,7,1,5,1,6,14,20,20406,0,8140,0,32244,28547,60791,684,4783,2207,0,3705,7675,11380
port494,2026-01-30,Incheon,6,2,4,1,4,13,17,8452,30037,3884,201,0,42576,42576,2390,2271,2062,100,27418,6824,34243
port494,2026-01-31,Incheon,7,1,3,0,4,11,15,17965,5327,5502,0,15477,28795,44272,3529,0,428,0,10809,3957,14767
port494,2026-02-01,Incheon,5,0,8,1,7,14,21,6936,0,17962,0,47389,24898,72288,393,0,609,6258,29104,7261,36366
port494,2026-02-02,Incheon,10,4,5,0,8,19,27,23074,40194,6670,0,74145,69939,144085,1790,1839,1830,0,11373,5459,16833
port494,2026-02-03,Incheon,8,3,8,1,3,20,23,23409,123613,13982,463,15219,161469,176689,1209,0,2612,0,3705,3822,7527
port494,2026-02-04,Incheon,5,1,4,1,7,11,18,11449,49439,7208,0,26315,68097,94413,1229,0,2948,2038,20424,6215,26640
port494,2026-02-05,Incheon,1,4,6,0,2,11,13,2395,78021,5141,0,0,85558,85558,409,40895,2220,0,19051,43526,62577
port494,2026-02-06,Incheon,4,0,6,1,8,11,19,11393,0,9126,83,68405,20603,89009,1229,0,2443,1653,31144,5326,36470
port494,2026-02-07,Incheon,8,1,3,1,5,13,18,18609,4460,10534,0,3713,33605,37318,0,0,0,4843,110321,4843,115164
port494,2026-02-08,Incheon,7,2,5,0,6,14,20,10489,7228,11799,0,148007,29517,177525,409,14874,428,0,134,15712,15846
port494,2026-02-09,Incheon,7,3,8,1,7,19,26,16564,17333,20038,0,40337,53936,94274,1494,6268,609,0,21108,8373,29482
port494,2026-02-10,Incheon,7,0,6,1,2,14,16,17100,0,15313,0,69366,32414,101781,5405,0,642,594,0,6642,6642
port494,2026-02-11,Incheon,5,2,4,1,10,12,22,27514,37108,6609,0,360502,71232,431734,1429,1839,0,3483,39558,6751,46309
port494,2026-02-12,Incheon,6,2,7,2,6,17,23,10601,69239,13421,1743,17128,95006,112134,1458,0,1222,4406,18769,7087,25857
port494,2026-02-13,Incheon,8,1,8,0,4,17,21,12204,3179,16580,0,11412,31964,43376,6900,0,428,0,9099,7328,16428
port494,2026-02-14,Incheon,5,1,4,1,9,11,20,10480,9817,5693,0,120762,25991,146753,0,0,0,0,28028,0,28028
port494,2026-02-15,Incheon,7,3,2,0,8,12,20,8963,90400,2494,0,108827,101859,210686,9007,6268,214,0,29200,15489,44690
port494,2026-02-16,Incheon,4,1,6,0,7,11,18,12160,2681,17882,0,68202,32724,100926,819,0,181,0,4152,1001,5153
port494,2026-02-17,Incheon,5,1,5,1,7,12,19,15525,5449,16236,0,33161,37212,70373,1360,0,642,4689,29472,6692,36165
port494,2026-02-18,Incheon,5,4,4,0,5,13,18,7162,150078,13709,0,179038,170950,349988,113,31569,0,0,7410,31682,39092
port494,2026-02-19,Incheon,10,1,7,1,6,19,25,21134,0,20279,0,135854,41414,177268,3200,0,2175,0,14726,5376,20103
port494,2026-02-20,Incheon,6,2,5,0,5,13,18,6866,26983,13074,0,113170,46924,160094,2553,1839,609,0,15105,5002,20107
port494,2026-02-21,Incheon,8,1,4,0,7,13,20,14032,10096,10705,0,119772,34834,154606,1257,0,395,0,17025,1652,18678
port494,2026-02-22,Incheon,9,1,3,1,3,14,17,15771,3601,6082,0,108566,25455,134022,6486,0,2840,2604,3705,11931,15636
port494,2026-02-23,Incheon,3,7,9,1,6,20,26,8762,118473,13531,83,65668,140849,206518,409,95156,16072,1653,20691,113292,133983
port494,2026-02-24,Incheon,7,1,7,1,8,16,24,16166,34638,13290,0,29259,64095,93355,895,0,1038,0,43059,1933,44993
port494,2026-02-25,Incheon,6,1,7,1,4,15,19,9854,24065,16974,0,6766,50894,57660,8778,0,0,6745,14726,15523,30250
port494,2026-02-26,Incheon,8,1,5,2,5,16,21,4632,14230,6423,0,345135,25285,370420,9508,0,428,828,2674,10765,13439
port494,2026-02-27,Incheon,4,2,4,1,3,11,14,1939,81041,5421,201,55148,88605,143753,6351,0,0,100,14664,6452,21117
port494,2026-02-28,Incheon,9,2,5,1,5,17,22,12518,8423,10288,0,13532,31230,44763,10111,4160,0,828,23534,15100,38635
port494,2026-03-01,Incheon,7,2,6,0,5,15,20,2393,36218,11977,0,32825,50589,83414,13867,485,395,0,24980,14748,39728
port494,2026-03-02,Incheon,5,1,12,0,8,18,26,5447,66638,18260,0,423671,90346,514018,2361,0,1059,0,7857,3421,11279
port494,2026-03-03,Incheon,8,1,3,3,6,15,21,13056,3263,8132,911,24856,25363,50220,5875,4160,0,3880,25129,13916,39046
port494,2026-03-04,Incheon,4,2,4,0,4,10,14,4200,63775,9583,0,2857,77559,80417,4347,0,428,0,8029,4775,12805
port494,2026-03-05,Incheon,7,1,3,2,5,13,18,13135,10434,3804,207,13532,27582,41115,3222,0,214,2856,28361,6292,34654
port494,2026-03-06,Incheon,13,0,10,0,5,23,28,16713,0,22160,0,13570,38874,52444,7021,0,988,0,11671,8010,19681
port494,2026-03-07,Incheon,5,1,4,1,9,11,20,5959,55255,13868,0,70704,75084,145788,1662,0,214,0,37672,1876,39549
port494,2026-03-08,Incheon,4,2,8,1,5,15,20,5584,0,17323,83,138493,22991,161484,557,0,428,1653,11021,2638,13660
port494,2026-03-09,Incheon,5,0,10,0,6,15,21,20348,0,21065,0,17508,41413,58921,819,0,2232,0,447,3052,3499
port494,2026-03-10,Incheon,8,1,6,1,5,16,21,19985,63639,15723,0,20671,99348,120019,819,0,393,0,20213,1213,21427
port494,2026-03-11,Incheon,5,1,7,1,1,14,15,10210,31834,14378,0,0,56423,56423,1032,0,914,5677,0,7625,7625
port494,2026-03-12,Incheon,5,2,3,2,9,12,21,6761,8998,6434,507,62045,22701,84747,1595,0,214,1149,28441,2959,31400
port494,2026-03-13,Incheon,7,1,2,0,5,10,15,15288,14493,3921,0,348224,33703,381927,4259,0,0,0,8833,4259,13093
port494,2026-03-14,Incheon,11,1,3,1,4,16,20,15426,3532,1384,320,0,20663,20663,4313,0,1200,0,10674,5514,16189
port494,2026-03-15,Incheon,4,3,5,2,5,14,19,5656,14914,11414,201,6766,32187,38953,2626,0,0,2191,30857,4817,35674
port494,2026-03-16,Incheon,10,2,8,0,12,20,32,28077,3401,18859,0,212136,50337,262473,2743,0,181,0,17172,2924,20097
port494,2026-03-17,Incheon,12,4,7,1,4,24,28,26383,7594,16839,828,82226,51645,133871,11035,40431,6931,0,3705,58398,62103
port494,2026-03-18,Incheon,4,1,2,1,3,8,11,16304,0,2771,0,171906,19076,190982,409,2742,214,0,7968,3366,11335
port494,2026-03-19,Incheon,4,0,2,1,2,7,9,7185,0,6662,207,87739,14055,101795,3481,0,0,331,0,3813,3813
port494,2026-03-20,Incheon,4,2,2,1,2,9,11,4197,10434,1673,83,48268,16388,64657,3105,0,417,1653,0,5175,5175
port494,2026-03-21,Incheon,5,2,2,1,3,10,13,10963,0,7752,207,20299,18923,39222,819,45064,214,331,11115,46430,57545
port494,2026-03-22,Incheon,2,0,2,1,1,5,6,2366,0,3155,0,0,5522,5522,0,0,214,1808,9678,2022,11701
port494,2026-03-23,Incheon,2,1,1,1,0,5,5,19122,26983,1384,0,0,47489,47489,0,1839,417,0,0,2256,2256
port494,2026-03-24,Incheon,9,0,1,1,0,11,11,42790,0,2231,207,0,45229,45229,1852,0,214,331,0,2398,2398
port494,2026-03-25,Incheon,3,3,4,1,5,11,16,5335,120700,13056,50,67162,139142,206304,15276,3678,0,1193,3705,20148,23853
port494,2026-03-26,Incheon,6,1,2,1,2,10,12,14581,8998,4364,207,110068,28150,138219,2761,0,214,331,0,3306,3306
port494,2026-03-27,Incheon,1,0,3,0,3,4,7,1885,0,5901,0,8710,7787,16497,0,0,428,0,56870,428,57298
port494,2026-03-28,Incheon,6,1,0,0,1,7,8,9826,15694,0,0,5194,25520,30714,5010,0,0,0,0,5010,5010
port494,2026-03-29,Incheon,3,1,1,1,3,6,9,3506,26983,2059,0,9833,32549,42382,623,1839,0,5777,6893,8239,15132
port494,2026-03-30,Incheon,2,1,5,0,1,8,9,4497,1076,7102,0,6766,12676,19443,5283,0,214,0,3705,5497,9202
port494,2026-03-31,Incheon,3,2,7,0,1,12,13,3053,27964,11555,0,6766,42574,49340,409,1839,5148,0,3705,7397,11102
port494,2026-04-01,Incheon,5,0,4,0,1,9,10,9617,0,10936,0,8710,20553,29264,2365,0,214,0,7104,2579,9684
port494,2026-04-02,Incheon,4,0,3,0,4,7,11,6465,0,5599,0,47257,12065,59322,12393,0,0,0,19483,12393,31876
port494,2026-04-03,Incheon,2,0,2,0,3,4,7,1802,0,4462,0,47639,6264,53904,1309,0,428,0,7410,1737,9148
port494,2026-04-04,Incheon,3,2,0,0,1,5,6,4570,2116,0,0,882,6686,7568,409,860,0,0,0,1270,1270
port494,2026-04-05,Incheon,3,0,3,0,2,6,8,12125,0,5100,0,6766,17226,23992,615,0,0,0,3705,615,4320
port494,2026-04-06,Incheon,2,0,2,0,4,4,8,4790,0,2847,0,27079,7638,34717,819,0,214,0,7857,1033,8891
port494,2026-04-07,Incheon,2,2,2,0,1,6,7,7838,96070,2384,0,6766,106294,113060,0,6268,214,0,3705,6482,10187
port494,2026-04-08,Incheon,5,0,2,0,4,7,11,12346,0,4917,0,49583,17263,66846,1636,0,214,0,20488,1850,22338
port494,2026-04-09,Incheon,4,0,2,1,2,7,9,9843,0,2339,83,0,12266,12266,409,0,0,1653,10712,2063,12775
port494,2026-04-10,Incheon,3,1,1,1,0,6,6,5325,26983,2231,0,0,34540,34540,1130,1839,214,584,0,3767,3767
port494,2026-04-11,Incheon,2,0,1,0,2,3,5,5512,0,2953,0,12423,8466,20889,409,0,0,0,7104,409,7514
port494,2026-04-12,Incheon,3,0,4,0,1,7,8,4626,0,12488,0,6766,17115,23881,3687,0,428,0,3705,4115,7820
port494,2026-04-13,Incheon,0,0,5,0,3,5,8,0,0,9663,0,40873,9663,50536,0,0,3939,0,3705,3939,7644
port494,2026-04-14,Incheon,5,1,2,0,1,8,9,19438,66949,8088,0,0,94475,94475,1229,0,214,0,9615,1443,11058
port494,2026-04-15,Incheon,2,2,2,0,2,6,8,2395,27515,3017,0,14201,32927,47129,1916,1839,214,0,0,3969,3969
port494,2026-04-16,Incheon,3,0,2,0,1,5,6,3288,0,2906,0,9833,6195,16028,409,0,0,0,447,409,857
port494,2026-04-17,Incheon,3,0,2,0,2,5,7,5571,0,3423,0,34777,8995,43772,364,0,214,0,0,578,578
port494,2026-04-18,Incheon,4,1,1,0,1,6,7,10528,9024,0,0,5194,19553,24747,819,0,0,0,0,819,819
port494,2026-04-19,Incheon,2,0,6,1,2,9,11,2395,0,33208,0,10491,35604,46095,1592,0,824,1537,3705,3954,7659
port494,2026-04-20,Incheon,0,1,4,0,4,5,9,0,26983,9038,0,14459,36022,50481,0,1839,417,0,7410,2256,9666
port494,2026-04-21,Incheon,8,1,1,0,3,10,13,28881,10434,2231,0,6766,41546,48313,2621,0,214,0,19554,2835,22390
port494,2026-04-22,Incheon,0,1,1,1,3,3,6,0,474,2231,207,99136,2912,102049,0,0,214,331,3705,545,4250
port494,2026-04-23,Incheon,4,0,2,1,2,7,9,15882,0,2893,0,1781,18775,20557,819,0,0,4689,0,5509,5509
port494,2026-04-24,Incheon,3,2,0,1,3,6,9,5525,26983,0,0,12873,32509,45382,409,8958,0,3425,14197,12793,26991
port494,2026-04-25,Incheon,2,0,2,0,0,4,4,4341,0,4287,0,0,8629,8629,409,0,214,0,0,623,623
port494,2026-04-26,Incheon,2,1,1,0,2,4,6,2662,0,1066,0,58070,3728,61799,409,22991,0,0,9678,23400,33079
port494,2026-04-27,Incheon,11,5,9,0,6,25,31,27923,134314,17403,0,64649,179642,244291,0,0,1959,0,12765,1959,14724
port494,2026-04-28,Incheon,8,2,7,0,4,17,21,15759,21075,16358,0,18923,53192,72115,2945,0,834,0,15569,3779,19348
port494,2026-04-29,Incheon,9,4,5,0,5,18,23,21019,75367,7966,0,10491,104352,114843,2775,1839,181,0,4745,4795,9541
port494,2026-04-30,Incheon,9,3,7,1,6,20,26,18215,55127,10773,0,72467,84116,156584,12298,29487,631,1521,7410,43938,51349
port494,2026-05-01,Incheon,6,2,8,0,4,16,20,14394,33025,29672,0,83521,77092,160614,0,1839,3654,0,3705,5493,9198
port494,2026-05-02,Incheon,7,1,4,0,7,12,19,25497,68159,5239,0,38234,98896,137131,1654,0,181,0,19327,1836,21163
port494,2026-05-03,Incheon,1,3,7,1,3,12,15,0,57110,26274,0,177437,83384,260822,13264,3678,214,4093,9615,21250,30865
port494,2026-05-04,Incheon,7,3,4,1,6,15,21,27117,37006,10891,0,150807,75016,225823,819,38139,0,0,0,38959,38959
port494,2026-05-05,Incheon,11,1,4,1,6,17,23,24081,5196,5119,0,48205,34398,82603,3251,0,0,0,14962,3251,18214
port494,2026-05-06,Incheon,10,0,8,2,7,20,27,26109,0,16688,618,124172,43416,167588,794,0,1557,0,5198,2352,7551
port494,2026-05-07,Incheon,4,2,4,1,4,11,15,16243,159944,8817,0,21793,185005,206799,4161,0,0,0,4152,4161,8313
port494,2026-05-08,Incheon,9,0,7,0,4,16,20,14498,0,14451,0,11890,28950,40840,3072,0,935,0,17256,4007,21264
port494,2026-05-09,Incheon,11,3,8,0,5,22,27,37739,82275,18798,0,14680,138814,153495,1902,0,4234,0,9404,6136,15540
port494,2026-05-10,Incheon,7,0,8,1,7,16,23,27792,0,11819,0,68596,39611,108207,409,0,362,0,11115,772,11888
port494,2026-05-11,Incheon,7,0,6,0,2,13,15,20845,0,14298,0,56693,35143,91837,1343,0,214,0,0,1557,1557
port494,2026-05-12,Incheon,10,1,6,0,5,17,22,15891,9925,19578,0,264337,45395,309732,8787,0,214,0,0,9001,9001
port494,2026-05-13,Incheon,9,1,3,2,3,15,18,23350,2459,6116,0,9833,31925,41759,4655,0,0,8192,11469,12848,24317
port494,2026-05-14,Incheon,10,1,2,1,8,14,22,29196,47243,3409,572,122916,80421,203337,5556,0,0,0,18795,5556,24351
port494,2026-05-15,Incheon,7,1,3,1,3,12,15,7505,173,2665,201,84018,10545,94564,6451,0,1179,100,9491,7732,17223
port494,2026-05-16,Incheon,7,2,2,0,7,11,18,21215,121287,6591,0,175712,149093,324805,409,0,0,0,35122,409,35532
port494,2026-05-17,Incheon,7,2,5,1,6,15,21,22992,72215,9025,572,22492,104806,127299,934,0,2450,0,13816,3384,17201
port494,2026-05-18,Incheon,5,3,8,1,4,17,21,32743,92563,14390,83,47340,139779,187120,0,0,214,1653,15808,1867,17675
port494,2026-05-19,Incheon,7,3,5,0,6,15,21,20719,70756,12987,0,51601,104464,156065,3747,1839,214,0,0,5801,5801
port494,2026-05-20,Incheon,7,5,3,1,4,16,20,19109,27156,4263,286,14914,50815,65729,0,9838,1378,0,3705,11216,14921
port494,2026-05-21,Incheon,8,0,6,0,3,14,17,15304,0,12524,0,11388,27829,39217,7073,0,485,0,6210,7559,13770
port494,2026-05-22,Incheon,9,0,5,0,4,14,18,34025,0,11658,0,15555,45684,61240,2370,0,172,0,18126,2543,20669
port494,2026-05-23,Incheon,8,2,4,1,5,15,20,12394,38589,6043,858,47800,57885,105686,2806,1839,9820,0,14468,14466,28934
port494,2026-05-24,Incheon,8,1,10,1,4,20,24,5961,26983,22035,0,60598,54980,115579,8447,1839,395,2134,11381,12816,24198
port494,2026-05-25,Incheon,7,1,2,0,8,10,18,31180,26983,2642,0,97569,60807,158376,0,1839,0,0,33574,1839,35413
port494,2026-05-26,Incheon,10,2,4,2,8,18,26,29878,10458,13856,409,49955,54602,104558,3866,0,428,432,22827,4727,27555
port494,2026-05-27,Incheon,12,2,4,0,1,18,19,32938,33300,11380,0,1521,77620,79141,3555,2094,214,0,0,5864,5864
port494,2026-05-28,Incheon,4,1,4,1,5,10,15,8699,26983,8954,0,12146,44637,56783,1149,1839,214,0,11021,3203,14224
port494,2026-05-29,Incheon,9,1,6,1,4,17,21,8766,8130,8411,0,50500,25309,75809,17942,6268,428,2200,3705,26839,30544
port504,2025-12-21,Istanbul,0,1,8,0,2,9,11,0,0,3368,0,2359,3368,5727,0,28033,6078,0,0,34112,34112
port504,2025-12-22,Istanbul,0,2,19,0,5,21,26,0,0,10657,0,157596,10657,168253,0,32684,15301,0,0,47986,47986
port504,2025-12-23,Istanbul,0,3,10,0,10,13,23,0,6431,11696,0,54466,18127,72594,0,27978,6159,0,54902,34138,89041
port504,2025-12-24,Istanbul,1,1,8,0,1,10,11,0,0,3403,0,0,3403,3403,9717,33235,6082,0,0,49035,49035
port504,2025-12-25,Istanbul,1,4,8,0,3,13,16,4845,13352,3983,0,4675,22181,26857,0,43625,5009,0,4879,48635,53514
port504,2025-12-26,Istanbul,3,1,9,0,6,13,19,950,4285,5893,0,13208,11130,24338,1869,10661,7039,0,43380,19571,62951
port504,2025-12-27,Istanbul,0,0,9,0,2,9,11,0,0,3983,0,7163,3983,11147,0,0,6593,0,0,6593,6593
port504,2025-12-28,Istanbul,0,0,4,0,3,4,7,0,0,1889,0,8043,1889,9932,0,0,2440,0,0,2440,2440
port504,2025-12-29,Istanbul,0,0,9,0,10,9,19,0,0,3414,0,0,3414,3414,0,0,6984,0,5960,6984,12945
port504,2025-12-30,Istanbul,1,1,5,0,0,7,7,0,4285,2376,0,0,6662,6662,4205,10661,2793,0,0,17661,17661
port504,2025-12-31,Istanbul,0,3,10,0,6,13,19,0,0,4701,0,3571,4701,8273,0,104414,8490,0,43281,112904,156186
port504,2026-01-01,Istanbul,0,2,12,0,4,14,18,0,4285,5900,0,65305,10185,75491,0,12811,8470,0,50535,21282,71818
port504,2026-01-02,Istanbul,1,3,3,0,3,7,10,1291,22193,4288,0,3035,27773,30809,0,78961,1569,0,133213,80530,213744
port504,2026-01-03,Istanbul,0,0,0,0,0,0,0,0,0,0,0,0,0,0,0,0,0,0,0,0,0
port504,2026-01-04,Istanbul,0,0,5,0,0,5,5,0,0,1881,0,0,1881,1881,0,0,15097,0,0,15097,15097
port504,2026-01-05,Istanbul,1,8,31,0,22,40,62,1681,56414,19565,0,166745,77661,244406,0,53308,18587,0,18465,71895,90360
port504,2026-01-06,Istanbul,1,2,10,0,5,13,18,931,4285,5669,0,15925,10887,26812,808,32244,7329,0,11685,40383,52068
port504,2026-01-07,Istanbul,0,1,10,0,3,11,14,0,0,4275,0,1928,4275,6203,0,0,7241,0,7939,7241,15181
port504,2026-01-08,Istanbul,0,3,15,0,2,18,20,0,6772,7387,0,9671,14159,23830,0,25858,11311,0,14516,37170,51686
port504,2026-01-09,Istanbul,2,0,12,0,4,14,18,931,0,5909,0,3905,6841,10747,4823,0,9219,0,6982,14043,21026
port504,2026-01-10,Istanbul,0,0,4,1,0,5,5,0,0,1631,0,0,1631,1631,0,0,1396,0,0,1396,1396
port504,2026-01-11,Istanbul,1,4,17,0,7,22,29,0,4285,6818,0,5766,11104,16870,0,103174,12326,0,9126,115501,124627
port504,2026-01-12,Istanbul,1,1,10,0,14,12,26,1610,4285,4373,0,8581,10269,18850,1240,10661,10750,0,8575,22651,31227
port504,2026-01-13,Istanbul,0,4,12,0,3,16,19,0,4285,9060,0,0,13346,13346,0,95548,7441,0,6362,102989,109352
port504,2026-01-14,Istanbul,1,1,9,0,4,11,15,750,3416,4140,0,10379,8307,18687,871,22302,6695,0,5504,29870,35374
port504,2026-01-15,Istanbul,0,1,12,0,3,13,16,0,3416,3983,0,35465,7400,42866,0,22302,7306,0,1587,29609,31196
port504,2026-01-16,Istanbul,2,4,6,0,4,12,16,931,12978,3917,0,41821,17828,59650,1126,31984,2179,0,6075,35290,41366
port504,2026-01-17,Istanbul,0,1,19,0,6,20,26,0,0,17592,0,0,17592,17592,0,31953,14464,0,12207,46418,58626
port504,2026-01-18,Istanbul,0,5,7,0,1,12,13,0,9063,2845,0,0,11909,11909,0,99574,7704,0,0,107278,107278
port504,2026-01-19,Istanbul,0,0,5,0,11,5,16,0,0,3136,0,5766,3136,8902,0,0,4038,0,9011,4038,13049
port504,2026-01-20,Istanbul,2,5,9,0,7,16,23,1500,8571,4557,0,23018,14630,37648,1743,104432,4889,0,17631,111065,128696
port504,2026-01-21,Istanbul,1,2,16,0,4,19,23,1128,0,15649,0,8581,16777,25358,0,29571,9886,0,8778,39458,48237
port504,2026-01-22,Istanbul,2,2,15,0,6,19,25,0,8571,6892,0,99597,15463,115061,6892,21323,9534,0,15034,37749,52784
port504,2026-01-23,Istanbul,1,0,21,0,5,22,27,1610,0,9871,0,133072,11481,144553,1240,0,14092,0,0,15332,15332
port504,2026-01-24,Istanbul,1,3,14,0,3,18,21,981,4285,8626,0,47854,13894,61748,0,42733,7716,0,5504,50449,55954
port504,2026-01-25,Istanbul,0,2,7,0,4,9,13,0,1367,4646,0,4675,6014,10689,0,25780,3664,0,11538,29445,40984
port504,2026-01-26,Istanbul,0,1,7,0,5,8,13,0,18856,3814,0,0,22671,22671,0,0,4975,0,5869,4975,10845
port504,2026-01-27,Istanbul,0,3,20,0,4,23,27,0,4285,12521,0,6709,16807,23516,0,16294,17820,0,0,34114,34114
port504,2026-01-28,Istanbul,1,2,5,0,5,8,13,931,79420,1518,0,8581,81870,90451,808,10661,2407,0,8575,13877,22452
port504,2026-01-29,Istanbul,1,2,14,0,4,17,21,171,4285,10504,0,152383,14961,167345,0,54994,14512,0,1253,69507,70761
port504,2026-01-30,Istanbul,0,1,8,0,3,9,12,0,0,2751,0,1203,2751,3954,0,22480,10351,0,313,32832,33145
port504,2026-01-31,Istanbul,2,4,13,0,11,19,30,1964,7702,6331,0,24526,15997,40524,808,61816,11387,0,20658,74011,94669
port504,2026-02-01,Istanbul,1,4,8,0,2,13,15,1610,4908,6310,0,0,12829,12829,1240,11671,5837,0,6476,18749,25225
port504,2026-02-02,Istanbul,0,1,3,0,5,4,9,0,0,1138,0,0,1138,1138,0,0,1396,0,0,1396,1396
port504,2026-02-03,Istanbul,0,5,10,0,5,15,20,0,4285,7500,0,9463,11785,21249,0,99814,7668,0,6362,107482,113845
port504,2026-02-04,Istanbul,1,3,12,0,9,16,25,931,4285,5205,0,8581,10422,19003,808,57009,12168,0,23471,69985,93457
port504,2026-02-05,Istanbul,0,3,17,0,5,20,25,0,9927,15083,0,3813,25010,28824,0,21323,10492,0,7062,31815,38878
port504,2026-02-06,Istanbul,1,2,12,0,4,15,19,931,5956,6056,0,0,12944,12944,808,10661,8808,0,1255,20277,21533
port504,2026-02-07,Istanbul,0,3,13,1,7,17,24,0,8571,7331,353,3670,16257,19927,0,47012,9289,227,5972,56530,62502
port504,2026-02-08,Istanbul,1,1,5,0,6,7,13,1257,4285,4199,0,86641,9742,96384,0,10661,1522,0,70907,12183,83091
port504,2026-02-09,Istanbul,1,4,11,0,8,16,24,0,37067,4364,0,6468,41431,47900,5969,0,9265,0,9011,15234,24245
port504,2026-02-10,Istanbul,0,4,8,0,7,12,19,0,4285,5028,0,9750,9314,19064,0,102381,7704,0,30472,110085,140557
port504,2026-02-11,Istanbul,0,7,14,0,5,21,26,0,11988,10969,0,6587,22958,29545,0,45298,10402,0,0,55701,55701
port504,2026-02-12,Istanbul,0,4,8,0,6,12,18,0,8743,6779,0,14271,15522,29794,0,22669,3692,0,9011,26362,35373
port504,2026-02-13,Istanbul,2,4,16,0,2,22,24,2770,73524,8361,0,4675,84656,89332,808,44920,9312,0,3819,55041,58860
port504,2026-02-14,Istanbul,1,4,7,0,5,12,17,0,5283,3258,0,140637,8541,149178,613,33161,3832,0,15431,37607,53039
port504,2026-02-15,Istanbul,0,3,15,0,1,18,19,0,5646,5913,0,0,11559,11559,0,12870,8456,0,0,21326,21326
port504,2026-02-16,Istanbul,0,0,10,0,4,10,14,0,0,6927,0,8057,6927,14985,0,0,7429,0,3071,7429,10500
port504,2026-02-17,Istanbul,2,3,10,0,5,15,20,0,4800,3392,0,7810,8193,16004,1105,32314,15187,0,11352,48608,59960
port504,2026-02-18,Istanbul,0,1,8,0,3,9,12,0,4285,21837,0,277,26123,26401,0,10661,7895,0,38149,18557,56707
port504,2026-02-19,Istanbul,0,1,9,0,3,10,13,0,4285,4665,0,5206,8951,14158,0,10661,5760,0,0,16422,16422
port504,2026-02-20,Istanbul,1,0,12,0,4,13,17,0,0,7121,0,0,7121,7121,3639,0,10797,0,0,14436,14436
port504,2026-02-21,Istanbul,1,3,13,0,3,17,20,750,40207,6874,0,5016,47832,52849,871,31439,9791,0,0,42102,42102
port504,2026-02-22,Istanbul,2,6,6,0,3,14,17,3158,49350,2047,0,8999,54556,63556,0,60399,8985,0,5504,69385,74889
port504,2026-02-23,Istanbul,1,3,13,0,5,17,22,0,7702,7937,0,9472,15639,25112,1691,47185,7607,0,4852,56484,61336
port504,2026-02-24,Istanbul,0,3,13,0,4,16,20,0,9467,5700,0,6495,15167,21663,0,12057,10246,0,606,22304,22910
port504,2026-02-25,Istanbul,2,4,11,0,2,17,19,3430,0,7868,0,0,11299,11299,808,155061,10808,0,0,166678,166678
port504,2026-02-26,Istanbul,0,4,7,0,3,11,14,0,4285,4179,0,3905,8465,12371,0,77521,2993,0,5504,80515,86020
port504,2026-02-27,Istanbul,1,1,9,0,6,11,17,0,0,9188,0,6389,9188,15577,5615,0,3864,0,27242,9480,36722
port504,2026-02-28,Istanbul,0,1,8,0,2,9,11,0,4285,10677,0,4675,14963,19638,0,10661,10151,0,9228,20812,30041
port504,2026-03-01,Istanbul,1,3,6,0,4,10,14,0,4285,2639,0,0,6925,6925,843,40434,2141,0,20477,43418,63896
port504,2026-03-02,Istanbul,0,1,14,0,7,15,22,0,0,4967,0,5520,4967,10488,0,28351,9904,0,0,38256,38256
port504,2026-03-03,Istanbul,1,5,9,1,1,16,17,750,9229,7314,273,702,17567,18270,871,75829,5442,253,0,82397,82397
port504,2026-03-04,Istanbul,1,2,9,0,5,12,17,931,0,4092,0,5766,5024,10790,808,57435,6443,0,18472,64687,83160
port504,2026-03-05,Istanbul,0,5,16,0,4,21,25,0,2528,8615,0,43949,11144,55093,0,80578,10988,0,38384,91566,129951
port504,2026-03-06,Istanbul,0,3,9,1,4,13,17,0,8571,4552,835,2465,13960,16425,0,22687,7398,0,6759,30086,36846
port504,2026-03-07,Istanbul,0,1,15,0,6,16,22,0,4285,11429,0,155064,15715,170779,0,10661,6984,0,3071,17646,20717
port504,2026-03-08,Istanbul,0,0,5,0,6,5,11,0,0,1685,0,13459,1685,15145,0,0,5421,0,18566,5421,23988
port504,2026-03-09,Istanbul,1,2,11,0,11,14,25,711,4285,5691,0,0,10688,10688,0,51770,7618,0,0,59389,59389
port504,2026-03-10,Istanbul,1,3,6,0,4,10,14,750,0,2857,0,3905,3608,7513,871,47001,2842,0,21113,50715,71829
port504,2026-03-11,Istanbul,2,2,13,0,1,17,18,1274,7702,6588,0,0,15565,15565,264,32964,8126,0,0,41355,41355
port504,2026-03-12,Istanbul,3,4,11,0,7,18,25,5766,3531,8620,0,45163,17918,63081,1679,13017,8926,0,183436,23624,207060
port504,2026-03-13,Istanbul,1,2,4,0,3,7,10,269,4285,2265,0,5862,6821,12683,0,11195,2966,0,2005,14162,16168
port504,2026-03-14,Istanbul,1,1,16,0,5,18,23,750,4285,5793,0,3905,10829,14735,871,10661,11314,0,11845,22847,34693
port504,2026-03-15,Istanbul,0,3,12,0,3,15,18,0,29501,6022,0,5766,35523,41289,0,37600,12070,0,9011,49670,58682
port504,2026-03-16,Istanbul,1,2,20,0,3,23,26,1610,4285,11100,0,2647,16996,19644,1240,31836,19037,0,772,52113,52885
port504,2026-03-17,Istanbul,0,3,8,0,4,11,15,0,4285,5952,0,617,10238,10855,0,52298,10114,0,35832,62412,98245
port504,2026-03-18,Istanbul,1,2,3,0,6,6,12,0,0,1138,0,97577,1138,98715,5176,31545,3714,0,14301,40436,54737
port504,2026-03-19,Istanbul,1,1,10,0,4,12,16,0,494,5803,0,5766,6297,12063,295,0,5587,0,9011,5882,14894
port504,2026-03-20,Istanbul,1,1,5,0,1,7,8,750,0,3954,0,6701,4704,11406,871,31056,5189,0,0,37117,37117
port504,2026-03-21,Istanbul,1,0,9,0,4,10,14,0,0,5990,0,5766,5990,11756,424,0,6018,0,14941,6442,21383
port504,2026-03-22,Istanbul,1,1,5,0,4,7,11,0,0,1867,0,1928,1867,3795,516,2691,4528,0,22145,7737,29882
port504,2026-03-23,Istanbul,1,2,15,0,15,18,33,0,1181,7363,0,14347,8544,22892,2023,2852,11506,0,17587,16383,33970
port504,2026-03-24,Istanbul,0,2,10,1,4,13,17,0,4285,4817,353,36178,9457,45636,0,10661,4700,227,5504,15589,21094
port504,2026-03-25,Istanbul,1,3,12,0,3,16,19,750,6880,4873,0,0,12504,12504,871,817,24208,0,12207,25897,38105
port504,2026-03-26,Istanbul,0,3,11,0,6,14,20,0,0,3414,0,15080,3414,18495,0,70988,18342,0,9213,89330,98543
port504,2026-03-27,Istanbul,0,4,18,0,4,22,26,0,44465,13920,0,0,58386,58386,0,25113,11624,0,6600,36738,43338
port504,2026-03-28,Istanbul,1,3,11,1,5,16,21,0,1355,7575,0,4253,8930,13183,200,50228,6177,0,5504,56606,62110
port504,2026-03-29,Istanbul,2,2,10,0,2,14,16,1500,3929,5138,0,36783,10568,47351,1743,22302,6286,0,0,30332,30332
port504,2026-03-30,Istanbul,0,4,8,0,11,12,23,0,78947,1678,0,13350,80625,93975,0,113863,7209,0,20023,121072,141095
port504,2026-03-31,Istanbul,0,1,15,1,5,17,22,0,0,5680,353,3053,6033,9087,0,16334,8296,227,8643,24859,33503
port504,2026-04-01,Istanbul,0,2,9,0,5,11,16,0,4285,16796,0,4870,21082,25953,0,13472,3623,0,5430,17095,22526
port504,2026-04-02,Istanbul,0,5,12,0,2,17,19,0,4285,5149,0,5766,9435,15201,0,105278,11956,0,9011,117234,126246
port504,2026-04-03,Istanbul,1,0,12,0,7,13,20,931,0,5521,0,53660,6453,60114,808,0,8939,0,49051,9747,58799
port504,2026-04-04,Istanbul,0,2,9,0,1,11,12,0,4285,3860,0,0,8146,8146,0,10661,6371,0,1887,17032,18920
port504,2026-04-05,Istanbul,0,5,12,0,3,17,20,0,16680,5572,0,6371,22252,28623,0,54287,9267,0,5543,63554,69097
port504,2026-04-06,Istanbul,0,6,15,0,10,21,31,0,8143,7782,0,7448,15925,23374,0,163094,13251,0,171313,176346,347659
port504,2026-04-07,Istanbul,0,0,10,0,1,10,11,0,0,4700,0,0,4700,4700,0,0,7769,0,6043,7769,13812
port504,2026-04-08,Istanbul,0,1,14,0,7,15,22,0,3416,6375,0,22151,9792,31944,0,22302,10848,0,67272,33150,100422
port504,2026-04-09,Istanbul,0,2,9,0,4,11,15,0,8571,2265,0,4675,10837,15512,0,21323,8619,0,3245,29942,33188
port504,2026-04-10,Istanbul,1,4,13,0,4,18,22,0,9253,7557,0,0,16810,16810,370,82703,8677,0,1066,91751,92817
port504,2026-04-11,Istanbul,1,2,11,0,3,14,17,750,3416,10868,0,16599,15035,31635,871,73565,6970,0,5504,81407,86912
port504,2026-04-12,Istanbul,0,2,7,0,2,9,11,0,4285,1707,0,0,5993,5993,0,55821,6515,0,5218,62336,67555
port504,2026-04-13,Istanbul,0,1,10,0,10,11,21,0,0,4695,0,7810,4695,12506,0,41384,7878,0,16912,49263,66175
port504,2026-04-14,Istanbul,1,3,12,0,4,16,20,750,4962,7856,0,5766,13569,19335,871,37407,11081,0,15815,49360,65176
port504,2026-04-15,Istanbul,1,3,10,0,2,14,16,931,0,3563,0,0,4495,4495,808,3134,7780,0,0,11722,11722
port504,2026-04-16,Istanbul,0,3,11,0,6,14,20,0,4285,4727,0,4675,9013,13689,0,104024,7520,0,8309,111544,119853
port504,2026-04-17,Istanbul,0,5,6,0,6,11,17,0,12857,3970,0,11113,16828,27941,0,55040,4574,0,15034,59614,74649
port504,2026-04-18,Istanbul,2,5,7,0,4,14,18,1500,8654,3414,0,3791,13569,17360,1743,29777,6006,0,0,37527,37527
port504,2026-04-19,Istanbul,2,1,11,0,2,14,16,750,4285,2823,0,0,7859,7859,2105,10661,8936,0,0,21703,21703
port504,2026-04-20,Istanbul,0,6,18,0,7,24,31,0,34096,14945,0,48624,49041,97666,0,37395,11447,0,3071,48842,51913
port504,2026-04-21,Istanbul,0,5,10,0,5,15,20,0,8571,15481,0,0,24052,24052,0,90820,5377,0,6312,96198,102510
port504,2026-04-22,Istanbul,0,3,10,0,6,13,19,0,411,1863,0,16460,2275,18736,0,23701,11099,0,11562,34801,46364
port504,2026-04-23,Istanbul,2,4,2,0,4,8,12,1682,12857,1138,0,0,15678,15678,1679,115881,1396,0,1057,118958,120016
port504,2026-04-24,Istanbul,2,2,16,0,3,20,23,1863,5243,6150,0,5659,13257,18917,1616,10661,9699,0,3071,21977,25048
port504,2026-04-25,Istanbul,0,7,7,0,4,14,18,0,9143,3489,0,10404,12633,23038,0,85016,3492,0,5504,88509,94013
port504,2026-04-26,Istanbul,0,5,13,0,0,18,18,0,27494,7060,0,0,34554,34554,0,50576,9089,0,0,59665,59665
port504,2026-04-27,Istanbul,3,2,5,0,10,10,20,2614,0,1707,0,4799,4321,9121,2488,81765,9314,0,19372,93567,112939
port504,2026-04-28,Istanbul,3,6,7,0,5,16,21,1754,4285,5108,0,0,11149,11149,1743,129007,3982,0,2528,134732,137261
port504,2026-04-29,Istanbul,1,1,15,0,8,17,25,2279,4285,10767,0,10200,17332,27533,0,10661,14400,0,24555,25062,49617
port504,2026-04-30,Istanbul,0,3,19,0,1,22,23,0,7702,7219,0,0,14921,14921,0,58318,12760,0,0,71079,71079
port504,2026-05-01,Istanbul,1,6,9,0,9,16,25,931,32959,3983,0,40587,37875,78462,808,209411,7799,0,98969,218019,316988
port504,2026-05-02,Istanbul,1,4,8,0,2,13,15,750,8571,2449,0,155157,11771,166929,871,105262,3475,0,0,109609,109609
port504,2026-05-03,Istanbul,0,3,10,0,0,13,13,0,8571,5122,0,0,13693,13693,0,110881,8134,0,0,119015,119015
port504,2026-05-04,Istanbul,1,5,7,0,17,13,30,750,4239,2425,0,7810,7415,15225,871,71773,7706,0,11009,80351,91361
port504,2026-05-05,Istanbul,0,2,17,0,6,19,25,0,678,8982,0,0,9661,9661,0,7740,19157,0,2298,26897,29195
port504,2026-05-06,Istanbul,0,1,12,1,4,14,18,0,0,6310,353,0,6663,6663,0,0,10576,227,6078,10804,16882
port504,2026-05-07,Istanbul,0,0,23,0,3,23,26,0,0,9605,0,0,9605,9605,0,0,22996,0,92879,22996,115875
port504,2026-05-08,Istanbul,1,5,13,0,5,19,24,0,8571,4552,0,894,13124,14019,2866,114035,7767,0,1447,124669,126116
port504,2026-05-09,Istanbul,2,3,17,0,6,22,28,2102,0,4074,0,8774,6177,14951,871,27589,12741,0,5543,41202,46745
port504,2026-05-10,Istanbul,1,2,9,0,3,12,15,2279,4285,3483,0,4675,10048,14724,0,59825,7918,0,3071,67744,70815
port504,2026-05-11,Istanbul,1,2,6,0,7,9,16,931,4285,2845,0,4675,8063,12739,808,26472,3601,0,4959,30881,35840
port504,2026-05-12,Istanbul,0,1,14,0,1,15,16,0,0,6375,0,0,6375,6375,0,24164,28826,0,0,52990,52990
port504,2026-05-13,Istanbul,1,5,7,0,4,13,17,750,4285,5217,0,0,10253,10253,871,97701,3492,0,0,102065,102065
port504,2026-05-14,Istanbul,0,0,15,0,5,15,20,0,0,15912,0,14060,15912,29972,0,0,14002,0,11009,14002,25011
port504,2026-05-15,Istanbul,1,2,10,0,5,13,18,931,4285,10031,0,0,15248,15248,808,32244,4190,0,6023,37243,43267
port504,2026-05-16,Istanbul,0,1,13,0,2,14,16,0,2750,6260,0,1692,9011,10703,0,0,8850,0,0,8850,8850
port504,2026-05-17,Istanbul,1,4,16,0,4,21,25,931,12857,7282,0,1167,21072,22239,808,39725,7614,0,791,48147,48939
port504,2026-05-18,Istanbul,0,3,9,1,9,13,22,0,8571,5117,273,592,13962,14554,0,48594,22199,253,518,71047,71566
port504,2026-05-19,Istanbul,0,3,8,0,4,11,15,0,3416,5637,0,4670,9054,13724,0,54915,4190,0,5504,59106,64611
port504,2026-05-20,Istanbul,0,2,8,0,6,10,16,0,3416,2381,0,7469,5798,13267,0,55749,6696,0,23610,62446,86057
port504,2026-05-21,Istanbul,0,0,10,0,5,10,15,0,0,4686,0,5766,4686,10452,0,0,5234,0,9011,5234,14245
port504,2026-05-22,Istanbul,1,1,10,0,3,12,15,0,4285,5669,0,0,9955,9955,97,10661,7329,0,0,18089,18089
port504,2026-05-23,Istanbul,0,2,6,0,4,8,12,0,4285,1685,0,35700,5971,41671,0,64911,5062,0,0,69973,69973
port504,2026-05-24,Istanbul,0,2,8,0,1,10,11,0,4655,4505,0,0,9160,9160,0,10661,3583,0,0,14244,14244
port504,2026-05-25,Istanbul,1,1,6,0,6,8,14,357,4285,3414,0,3905,8057,11963,0,10661,4190,0,5504,14852,20357
port504,2026-05-26,Istanbul,1,0,9,0,3,10,13,931,0,3878,0,65157,4810,69967,808,0,5621,0,0,6429,6429
port504,2026-05-27,Istanbul,1,1,2,0,2,4,6,1610,4285,1138,0,3905,7034,10939,1240,10661,1396,0,7482,13298,20780
port504,2026-05-28,Istanbul,0,2,5,0,4,7,11,0,4285,2823,0,0,7109,7109,0,10661,3837,0,0,14499,14499
port504,2026-05-29,Istanbul,1,0,4,0,1,5,6,931,0,2276,0,0,3208,3208,808,0,2793,0,0,3602,3602
port514,2025-12-21,Tanjung Priok,10,3,8,2,3,23,26,23130,65715,11366,0,18947,100211,119158,22394,0,8736,4251,6385,35382,41767
port514,2025-12-22,Tanjung Priok,15,1,8,2,6,26,32,41445,80736,2276,0,43959,124458,168418,24700,0,4995,577,917,30274,31191
port514,2025-12-23,Tanjung Priok,17,2,8,3,3,30,33,30714,23344,15250,0,36487,69310,105797,33108,2555,2450,2162,0,40277,40277
port514,2025-12-24,Tanjung Priok,12,3,5,2,5,22,27,41208,6985,1604,0,16520,49798,66319,15839,935,5110,2145,1446,24031,25477
port514,2025-12-25,Tanjung Priok,8,3,12,3,2,26,28,89822,3208,22248,1726,5639,117005,122644,3325,5956,9817,1252,0,20353,20353
port514,2025-12-26,Tanjung Priok,16,4,5,1,2,26,28,43981,43757,2365,180,28693,90285,118979,30837,9338,1582,472,0,42231,42231
port514,2025-12-27,Tanjung Priok,13,2,4,2,4,21,25,31299,25563,3796,1341,6088,62000,68088,13410,1178,1283,386,4134,16259,20393
port514,2025-12-28,Tanjung Priok,12,1,6,2,6,21,27,22511,1113,1211,1016,24776,25852,50628,26138,0,8110,0,7303,34248,41552
port514,2025-12-29,Tanjung Priok,12,2,8,4,4,26,30,46818,10437,1064,180,12002,58500,70502,12377,2981,7628,2225,1396,25213,26609
port514,2025-12-30,Tanjung Priok,10,4,3,1,1,18,19,59667,95955,2687,0,3719,158310,162030,1629,6276,3372,0,438,11278,11716
port514,2025-12-31,Tanjung Priok,11,1,4,3,5,19,24,27712,0,2290,0,31246,30002,61249,10399,4657,8236,438,1007,23732,24740
port514,2026-01-01,Tanjung Priok,13,1,5,2,3,21,24,44122,34307,1349,76,3855,79856,83711,8320,0,1935,945,0,11201,11201
port514,2026-01-02,Tanjung Priok,8,1,3,2,2,14,16,8221,0,0,1998,3719,10220,13940,16171,6223,2301,472,7180,25169,32349
port514,2026-01-03,Tanjung Priok,15,4,8,1,1,28,29,39063,93147,5820,0,4292,138032,142324,3907,4767,8773,0,0,17448,17448
port514,2026-01-04,Tanjung Priok,14,1,4,2,4,21,25,44365,22958,1691,180,14045,69195,83240,9738,0,5817,472,762,16028,16790
port514,2026-01-05,Tanjung Priok,14,0,14,1,9,29,38,38637,0,4846,0,41949,43484,85433,17157,0,21614,0,1355,38772,40128
port514,2026-01-06,Tanjung Priok,13,1,3,5,4,22,26,91292,0,2282,180,4607,93755,98363,7778,841,960,1050,479,10629,11108
port514,2026-01-07,Tanjung Priok,15,3,9,1,6,28,34,51521,0,9049,180,10280,60751,71032,11937,5854,4885,472,2270,23149,25419
port514,2026-01-08,Tanjung Priok,15,1,4,2,1,22,23,28925,0,1138,1020,4204,31084,35288,15139,6276,8054,0,0,29469,29469
port514,2026-01-09,Tanjung Priok,11,1,6,1,5,19,24,16634,22506,1138,0,7571,40278,47850,15052,0,9762,661,479,25477,25956
port514,2026-01-10,Tanjung Priok,10,0,7,4,5,21,26,23638,0,3293,180,21929,27112,49042,6968,0,2105,2854,6259,11927,18186
port514,2026-01-11,Tanjung Priok,14,3,3,0,0,20,20,55052,20297,0,0,0,75349,75349,53305,22588,2755,0,0,78649,78649
port514,2026-01-12,Tanjung Priok,10,3,7,3,5,23,28,14878,4423,1991,0,9160,21293,30454,12743,6276,4591,2145,0,25756,25756
port514,2026-01-13,Tanjung Priok,16,2,2,3,2,23,25,38666,9397,152,0,5445,48216,53662,23684,4657,0,577,0,28920,28920
port514,2026-01-14,Tanjung Priok,11,1,5,2,5,19,24,28792,0,6803,180,38132,35776,73909,10682,4619,906,472,6638,16681,23319
port514,2026-01-15,Tanjung Priok,16,1,9,3,3,29,32,30566,0,5797,180,0,36544,36544,18457,9476,6198,1250,0,35381,35381
port514,2026-01-16,Tanjung Priok,9,2,10,1,3,22,25,18780,18723,5505,0,21329,43009,64339,16595,0,15204,881,0,32681,32681
port514,2026-01-17,Tanjung Priok,10,2,4,3,5,19,24,24880,6581,6187,0,12461,37649,50111,14570,6276,960,665,1355,22472,23828
port514,2026-01-18,Tanjung Priok,12,2,5,1,3,20,23,56241,96659,2276,0,3177,155177,158355,10786,0,6600,1688,479,19075,19554
port514,2026-01-19,Tanjung Priok,13,3,4,1,6,21,27,51809,0,8632,0,21749,60442,82191,19031,6970,863,0,1007,26866,27873
port514,2026-01-20,Tanjung Priok,15,3,8,3,3,29,32,58279,40143,6719,774,5247,105917,111164,16067,6792,3278,472,438,26610,27049
port514,2026-01-21,Tanjung Priok,9,3,5,2,7,19,26,28369,14119,1623,180,28190,44293,72483,7074,11543,3701,1050,2179,23368,25548
port514,2026-01-22,Tanjung Priok,11,0,7,3,4,21,25,21046,0,4894,180,6485,26121,32607,17017,0,3877,472,584,21366,21951
port514,2026-01-23,Tanjung Priok,6,2,6,1,3,15,18,10369,35269,5879,0,17734,51518,69252,3771,0,2908,0,783,6679,7463
port514,2026-01-24,Tanjung Priok,17,4,5,3,2,29,31,69567,0,2060,180,27290,71807,99098,28740,15362,6621,2349,0,53073,53073
port514,2026-01-25,Tanjung Priok,18,5,6,1,6,30,36,35564,106591,1138,0,19352,143294,162647,32647,1616,4632,333,7095,39230,46325
port514,2026-01-26,Tanjung Priok,10,2,8,3,6,23,29,20416,0,1138,0,20135,21554,41689,18576,6223,10977,745,3237,36522,39759
port514,2026-01-27,Tanjung Priok,10,2,8,5,3,25,28,15214,79922,3308,1574,11499,100020,111519,8252,4916,3410,1759,1302,18339,19641
port514,2026-01-28,Tanjung Priok,13,2,10,1,4,26,30,59942,37239,0,180,14946,97362,112309,30941,4657,13358,472,438,49429,49868
port514,2026-01-29,Tanjung Priok,11,2,5,5,3,23,26,37417,9298,2276,0,7515,48993,56509,8745,4911,6649,1831,12327,22138,34466
port514,2026-01-30,Tanjung Priok,10,2,7,3,6,22,28,22876,27058,10934,884,19405,61754,81160,9114,6276,4531,472,0,20394,20394
port514,2026-01-31,Tanjung Priok,11,1,7,1,3,20,23,19035,1029,5134,0,45068,25198,70266,22843,3276,1627,962,479,28708,29187
port514,2026-02-01,Tanjung Priok,13,4,6,1,1,24,25,48949,122085,1715,0,0,172750,172750,22353,0,5359,0,0,27712,27712
port514,2026-02-02,Tanjung Priok,10,0,6,3,4,19,23,20791,0,7532,0,5826,28323,34150,13818,0,4327,0,4381,18145,22527
port514,2026-02-03,Tanjung Priok,7,1,8,2,3,18,21,21712,0,7980,180,12006,29873,41879,1799,6223,2119,639,0,10781,10781
port514,2026-02-04,Tanjung Priok,12,3,9,3,5,27,32,47963,36578,788,360,15904,85690,101595,18062,4657,9986,944,479,33651,34130
port514,2026-02-05,Tanjung Priok,16,2,4,3,3,25,28,46538,31737,2276,180,18440,80733,99173,20827,0,1920,1873,613,24621,25234
port514,2026-02-06,Tanjung Priok,16,1,6,4,2,27,29,41441,3446,2276,0,4960,47164,52124,19428,0,5362,649,0,25439,25439
port514,2026-02-07,Tanjung Priok,11,3,6,1,2,21,23,45209,77786,3482,0,8401,126479,134880,26133,0,6018,0,0,32152,32152
port514,2026-02-08,Tanjung Priok,10,4,4,0,5,18,23,31463,761,2276,0,17167,34501,51668,6577,11696,4752,0,1007,23026,24034
port514,2026-02-09,Tanjung Priok,14,2,8,3,3,27,30,86732,60572,14589,180,2042,162074,164117,23981,0,960,2161,877,27103,27980
port514,2026-02-10,Tanjung Priok,12,2,13,1,2,28,30,28227,9263,14464,0,1925,51955,53880,9680,0,9039,0,848,18719,19568
port514,2026-02-11,Tanjung Priok,11,3,7,5,6,26,32,49752,50555,6046,360,28917,106715,135632,9504,4657,6600,1689,1925,22452,24377
port514,2026-02-12,Tanjung Priok,12,5,3,3,5,23,28,50940,59761,1409,0,23766,112110,135877,13732,49711,1340,1048,1446,65833,67279
port514,2026-02-13,Tanjung Priok,11,2,3,2,1,18,19,47953,10082,0,0,0,58036,58036,15089,6276,4531,628,0,26526,26526
port514,2026-02-14,Tanjung Priok,8,1,5,0,3,14,17,30847,34573,11556,0,14619,76977,91596,14496,0,1534,0,1486,16030,17517
port514,2026-02-15,Tanjung Priok,14,4,9,3,1,30,31,33730,18225,6038,0,13004,57994,70999,23908,3859,19492,4535,0,51794,51794
port514,2026-02-16,Tanjung Priok,16,2,9,1,4,28,32,29952,6420,8342,76,42475,44792,87268,29009,6223,16257,612,1007,52102,53109
port514,2026-02-17,Tanjung Priok,17,2,6,4,3,29,32,34492,6481,4376,217,1865,45568,47433,21415,4657,4016,2618,882,32708,33591
port514,2026-02-18,Tanjung Priok,10,2,9,4,3,25,28,57685,79997,2670,360,5452,140713,146166,3259,2135,2658,944,479,8997,9476
port514,2026-02-19,Tanjung Priok,15,0,10,3,4,28,32,17218,0,16026,2164,9874,35409,45284,17537,0,9131,472,1446,27142,28588
port514,2026-02-20,Tanjung Priok,10,2,7,3,3,22,25,27788,0,5948,3084,25079,36822,61901,8003,1610,1830,166,479,11611,12090
port514,2026-02-21,Tanjung Priok,14,5,12,2,1,33,34,42949,27158,8804,0,0,78913,78913,12136,57144,3019,0,0,72300,72300
port514,2026-02-22,Tanjung Priok,8,1,8,1,5,18,23,10431,34330,9559,0,12793,54322,67116,28166,0,4610,2003,146,34780,34926
port514,2026-02-23,Tanjung Priok,9,0,8,5,4,22,26,34275,0,14029,1197,32001,49502,81504,7192,0,3175,472,0,10840,10840
port514,2026-02-24,Tanjung Priok,13,1,7,3,2,24,26,23836,52392,3107,0,5104,79336,84441,7737,0,4798,1106,0,13642,13642
port514,2026-02-25,Tanjung Priok,10,1,8,1,1,20,21,45983,0,6754,0,0,52738,52738,15190,4916,14246,36,0,34390,34390
port514,2026-02-26,Tanjung Priok,16,6,11,3,4,36,40,41361,130202,10036,0,36033,181600,217633,35567,11868,9774,0,12067,57209,69277
port514,2026-02-27,Tanjung Priok,12,3,9,3,2,27,29,42916,31503,1702,360,3719,76483,80203,7304,9499,10272,3778,438,30854,31293
port514,2026-02-28,Tanjung Priok,14,2,2,4,3,22,25,18792,0,553,180,5852,19526,25378,21268,5587,2084,1353,1007,30295,31302
port514,2026-03-01,Tanjung Priok,9,2,6,1,6,18,24,30223,0,13129,0,28811,43353,72164,8355,13636,16526,0,917,38518,39436
port514,2026-03-02,Tanjung Priok,11,1,9,3,5,24,29,17821,0,1138,76,6674,19036,25711,19466,22241,10695,3323,5998,55728,61726
port514,2026-03-03,Tanjung Priok,10,3,8,2,4,23,27,27374,99892,1901,0,10916,129167,140084,10720,3276,4624,0,1063,18621,19684
port514,2026-03-04,Tanjung Priok,17,3,6,2,4,28,32,52837,11189,585,0,47675,64612,112287,11615,0,3289,1729,783,16633,17417
port514,2026-03-05,Tanjung Priok,8,1,5,1,4,15,19,37341,13212,2276,0,21289,52830,74119,3012,0,9366,0,10547,12378,22926
port514,2026-03-06,Tanjung Priok,12,2,9,1,4,24,28,39405,17035,2471,0,4749,58913,63663,4045,2564,2687,0,2309,9297,11606
port514,2026-03-07,Tanjung Priok,19,3,1,3,2,26,28,40504,29616,1138,360,0,71620,71620,33825,9499,960,944,0,45229,45229
port514,2026-03-08,Tanjung Priok,13,2,6,1,3,22,25,53549,39511,2823,1213,39788,97097,136886,21321,0,3188,814,175,25324,25500
port514,2026-03-09,Tanjung Priok,13,3,15,4,5,35,40,20073,35716,20030,180,16107,76000,92108,25879,4657,8731,805,146,40074,40220
port514,2026-03-10,Tanjung Priok,13,1,8,4,3,26,29,23614,32016,2790,180,7267,58602,65869,7874,0,5019,2912,438,15807,16245
port514,2026-03-11,Tanjung Priok,12,2,4,3,4,21,25,35887,39910,3807,1287,11886,80893,92780,23628,0,70,1206,958,24905,25864
port514,2026-03-12,Tanjung Priok,12,1,9,2,2,24,26,8111,0,9162,0,2765,17274,20040,31324,0,8815,605,146,40745,40891
port514,2026-03-13,Tanjung Priok,16,3,8,2,2,29,31,20037,7096,3159,0,194,30293,30487,28774,25987,11349,0,0,66110,66110
port514,2026-03-14,Tanjung Priok,6,3,5,2,5,16,21,16616,266731,553,0,13383,283901,297284,7100,929,1837,0,1052,9868,10920
port514,2026-03-15,Tanjung Priok,12,1,7,2,1,22,23,18620,2228,8040,0,13389,28888,42278,10532,0,5025,3515,0,19074,19074
port514,2026-03-16,Tanjung Priok,10,1,7,3,6,21,27,12449,0,4705,1202,36611,18358,54970,31121,4657,3629,656,12676,40065,52741
port514,2026-03-17,Tanjung Priok,17,1,8,2,3,28,31,9712,9298,1821,0,14274,20832,35106,25963,2564,7905,0,0,36433,36433
port514,2026-03-18,Tanjung Priok,11,2,4,3,5,20,25,368,36283,0,257,15043,36910,51953,24608,3276,14101,1850,0,43835,43835
port514,2026-03-19,Tanjung Priok,13,1,1,1,5,16,21,15747,38163,0,0,12821,53911,66732,15902,0,92,0,1925,15995,17920
port514,2026-03-20,Tanjung Priok,3,0,2,0,0,5,5,8873,0,0,0,0,8873,8873,5386,0,0,0,0,5386,5386
port514,2026-03-21,Tanjung Priok,9,0,4,0,5,13,18,8079,0,2060,0,16304,10139,26444,21117,0,5821,0,1490,26938,28429
port514,2026-03-22,Tanjung Priok,10,0,0,1,3,11,14,13242,0,0,0,4946,13242,18188,12362,0,0,0,0,12362,12362
port514,2026-03-23,Tanjung Priok,12,2,6,0,1,20,21,42216,61090,1138,0,3719,104445,108165,18052,775,960,0,438,19788,20226
port514,2026-03-24,Tanjung Priok,8,0,4,2,2,14,16,37623,0,2892,0,8062,40516,48579,6708,0,2575,2414,438,11699,12137
port514,2026-03-25,Tanjung Priok,9,1,5,0,7,15,22,19963,0,5268,0,16537,25232,41769,6992,3510,960,0,1147,11463,12611
port514,2026-03-26,Tanjung Priok,11,3,4,2,2,20,22,66707,23344,2276,0,8326,92328,100655,5218,7929,1920,577,0,15646,15646
port514,2026-03-27,Tanjung Priok,10,1,3,2,5,16,21,76245,82837,8008,2983,8789,170074,178864,2352,0,0,0,1063,2352,3416
port514,2026-03-28,Tanjung Priok,9,2,6,1,7,18,25,55400,10437,4687,0,14512,70525,85038,1629,13695,2597,0,6423,17922,24345
port514,2026-03-29,Tanjung Priok,5,1,3,1,1,10,11,12996,32533,5366,180,4749,51077,55826,5703,0,554,472,1007,6730,7738
port514,2026-03-30,Tanjung Priok,11,0,8,3,4,22,26,65374,0,4471,0,10393,69845,80239,16239,0,3475,333,800,20048,20849
port514,2026-03-31,Tanjung Priok,12,1,5,2,5,20,25,38358,0,553,92,16026,39004,55031,13397,6276,4796,0,876,24469,25346
port514,2026-04-01,Tanjung Priok,10,2,8,2,1,22,23,41009,0,4336,180,15227,45526,60753,8661,9143,3950,472,0,22227,22227
port514,2026-04-02,Tanjung Priok,15,1,8,2,5,26,31,72789,1029,3420,0,12556,77239,89795,18061,3276,7677,0,0,29014,29014
port514,2026-04-03,Tanjung Priok,10,3,2,4,1,19,20,28064,80372,1138,3563,0,113138,113138,23150,0,960,1362,0,25473,25473
port514,2026-04-04,Tanjung Priok,11,2,7,0,1,20,21,24889,23324,3198,0,0,51412,51412,10845,0,2666,0,0,13512,13512
port514,2026-04-05,Tanjung Priok,12,1,9,2,0,24,24,63729,0,5727,180,0,69636,69636,14887,10437,9019,472,0,34816,34816
port514,2026-04-06,Tanjung Priok,11,1,6,2,8,20,28,38107,49098,2276,0,23478,89482,112960,14779,0,2647,0,12544,17427,29971
port514,2026-04-07,Tanjung Priok,8,1,8,5,2,22,24,43538,10456,4685,0,30190,58681,88871,3259,0,16961,1757,0,21978,21978
port514,2026-04-08,Tanjung Priok,11,2,4,1,2,18,20,54281,28205,1085,243,5476,83816,89292,24521,6223,753,0,438,31499,31937
port514,2026-04-09,Tanjung Priok,15,3,6,1,4,25,29,54009,62437,2335,180,7439,118962,126402,17736,3276,5664,472,5564,27149,32714
port514,2026-04-10,Tanjung Priok,13,2,4,1,3,20,23,45705,19081,6297,180,5144,71264,76409,13291,0,6739,472,9041,20503,29545
port514,2026-04-11,Tanjung Priok,14,3,6,3,2,26,28,67648,36619,4005,0,4749,108273,113022,3913,9723,5008,1688,1007,20333,21341
port514,2026-04-12,Tanjung Priok,8,4,3,2,4,17,21,20116,95113,2276,0,19279,117506,136786,21130,6276,1920,0,438,29327,29765
port514,2026-04-13,Tanjung Priok,15,1,9,4,3,29,32,68397,477,4113,2229,16304,75216,91521,7312,12458,5863,2045,146,27679,27825
port514,2026-04-14,Tanjung Priok,7,4,6,1,3,18,21,0,56637,9025,180,18106,65843,83950,24861,0,4965,472,917,30299,31216
port514,2026-04-15,Tanjung Priok,8,3,4,2,4,17,21,37248,42644,3947,0,7207,83840,91048,10405,3276,1096,0,438,14778,15216
port514,2026-04-16,Tanjung Priok,15,5,8,1,4,29,33,47008,39631,9099,0,4442,95738,100181,21456,10842,4475,333,0,37108,37108
port514,2026-04-17,Tanjung Priok,10,2,7,0,3,19,22,41035,23842,3748,0,20872,68626,89499,25028,0,3500,0,917,28528,29446
port514,2026-04-18,Tanjung Priok,8,3,2,3,3,16,19,14106,40297,0,547,0,54951,54951,6284,3667,3469,1155,9691,14575,24267
port514,2026-04-19,Tanjung Priok,15,2,4,0,3,21,24,66560,57678,5618,0,7325,129857,137182,17251,0,1119,0,1130,18371,19502
port514,2026-04-20,Tanjung Priok,15,4,4,2,5,25,30,51846,54311,0,0,17668,106158,123826,14740,433,3928,819,146,19922,20068
port514,2026-04-21,Tanjung Priok,16,1,10,1,2,28,30,55587,51106,11832,1213,28324,119740,148065,26239,0,13740,814,479,40793,41272
port514,2026-04-22,Tanjung Priok,11,1,8,4,2,24,26,26810,25239,13522,360,9314,65933,75248,11971,0,13180,944,0,26096,26096
port514,2026-04-23,Tanjung Priok,13,4,5,1,3,23,26,49997,140794,10016,0,20038,200808,220847,20303,2564,4490,417,175,27774,27950
port514,2026-04-24,Tanjung Priok,6,1,8,2,2,17,19,21907,0,14903,0,3719,36811,40530,5990,6276,7614,1348,438,21229,21667
port514,2026-04-25,Tanjung Priok,16,4,9,2,4,31,35,60770,87515,2202,180,17652,150669,168321,11110,6512,6810,3119,438,27552,27991
port514,2026-04-26,Tanjung Priok,18,2,8,2,4,30,34,53480,41965,7754,704,8599,103905,112505,14985,0,3232,547,1965,18765,20731
port514,2026-04-27,Tanjung Priok,10,3,5,2,3,20,23,4420,49486,0,0,9937,53907,63844,19707,7326,10984,628,321,38648,38969
port514,2026-04-28,Tanjung Priok,14,0,9,1,3,24,27,79630,0,23314,0,9819,102944,112764,14938,0,6345,0,0,21284,21284
port514,2026-04-29,Tanjung Priok,11,4,11,3,1,29,30,36222,57067,9333,0,3719,102623,106343,19427,6223,7435,962,438,34048,34486
port514,2026-04-30,Tanjung Priok,11,2,3,2,4,18,22,32357,32941,0,180,8942,65480,74422,11483,22276,1414,472,584,35646,36231
port514,2026-05-01,Tanjung Priok,12,1,5,3,7,21,28,32532,457,3773,180,51834,36944,88778,14327,0,3833,472,1925,18633,20558
port514,2026-05-02,Tanjung Priok,16,3,6,1,1,26,27,33425,81590,5687,0,3719,120704,124424,22283,4767,0,0,438,27051,27489
port514,2026-05-03,Tanjung Priok,9,2,2,2,2,15,17,21394,15309,1475,0,26917,38178,65096,6219,0,1570,0,0,7789,7789
port514,2026-05-04,Tanjung Priok,15,2,7,5,4,29,33,75984,8985,6305,180,8613,91455,100069,10923,0,2405,1467,2005,14796,16802
port514,2026-05-05,Tanjung Priok,10,2,7,2,3,21,24,18744,6853,6697,0,5645,32296,37941,16926,8831,7503,0,917,33261,34178
port514,2026-05-06,Tanjung Priok,7,2,7,1,8,17,25,36590,30717,2276,0,19095,69584,88679,11232,5404,3570,0,9566,20207,29773
port514,2026-05-07,Tanjung Priok,14,1,10,2,3,27,30,64354,25970,5039,180,10960,95545,106506,8773,0,11835,472,11846,21082,32928
port514,2026-05-08,Tanjung Priok,11,3,4,0,4,18,22,32225,77854,14247,0,19538,124327,143865,26356,0,4498,0,0,30855,30855
port514,2026-05-09,Tanjung Priok,13,4,6,2,1,25,26,43467,62406,2276,0,29227,108150,137378,14647,6580,8432,575,0,30237,30237
port514,2026-05-10,Tanjung Priok,11,1,6,3,7,21,28,25769,16580,2948,180,24554,45478,70033,8636,0,2215,472,1925,11324,13249
port514,2026-05-11,Tanjung Priok,14,2,4,4,3,24,27,35631,77852,7334,360,12819,121179,133999,25455,0,960,944,0,27360,27360
port514,2026-05-12,Tanjung Priok,11,2,5,0,5,18,23,68052,26499,7958,0,9237,102510,111747,3960,6223,3977,0,0,14161,14161
port514,2026-05-13,Tanjung Priok,10,3,12,4,3,29,32,62721,73392,5485,547,34844,142147,176991,6631,6122,5918,0,479,18671,19151
port514,2026-05-14,Tanjung Priok,9,0,8,2,3,19,22,28666,0,5774,180,16196,34621,50818,3145,0,3777,1050,4079,7973,12052
port514,2026-05-15,Tanjung Priok,9,1,6,2,3,18,21,35369,477,5215,0,7409,41061,48470,5425,12458,7003,0,11835,24886,36721
port514,2026-05-16,Tanjung Priok,17,6,3,1,3,27,30,92052,88100,0,180,6736,180333,187070,25987,11133,0,472,0,37593,37593
port514,2026-05-17,Tanjung Priok,10,1,1,4,3,16,19,36884,24749,0,180,17951,61815,79766,12547,0,744,472,616,13763,14380
port514,2026-05-18,Tanjung Priok,12,3,10,2,5,27,32,92113,34515,14516,180,14691,141326,156018,6876,632,5789,472,146,13770,13916
port514,2026-05-19,Tanjung Priok,9,1,6,2,3,18,21,13130,1029,6956,0,4749,21115,25865,11737,3276,960,765,1007,16738,17746
port514,2026-05-20,Tanjung Priok,13,4,7,3,2,27,29,47095,119223,2276,1394,5645,169990,175635,9154,6223,2290,1286,917,18955,19872
port514,2026-05-21,Tanjung Priok,8,0,7,1,4,16,20,16531,0,2060,1093,19690,19685,39376,14855,0,9211,0,438,24067,24505
port514,2026-05-22,Tanjung Priok,11,3,11,3,4,28,32,40294,8029,8044,0,7439,56368,63808,9721,867,8686,1216,876,20491,21368
port514,2026-05-23,Tanjung Priok,10,2,8,2,4,22,26,29176,30990,3488,0,25704,63656,89360,8812,4657,7087,0,1007,20558,21565
port514,2026-05-24,Tanjung Priok,16,2,5,2,3,25,28,57763,48825,4256,180,20335,111026,131362,17184,0,1481,472,1153,19137,20291
port514,2026-05-25,Tanjung Priok,11,3,10,3,10,27,37,26688,16040,6939,0,18578,49669,68247,12194,14679,4930,1266,1976,33071,35047
port514,2026-05-26,Tanjung Priok,10,0,9,1,2,20,22,11544,0,5827,76,3719,17448,21168,10013,0,6917,612,438,17543,17982
port514,2026-05-27,Tanjung Priok,10,0,6,3,5,19,24,33146,0,2060,180,22992,35386,58379,17220,0,995,472,1660,18688,20348
port514,2026-05-28,Tanjung Priok,12,5,6,3,4,26,30,89657,88583,3750,180,8864,182173,191037,7748,775,6857,472,613,15854,16468
port514,2026-05-29,Tanjung Priok,9,0,6,2,3,17,20,27300,0,3626,0,4749,30926,35676,13663,0,4000,1048,1007,18712,19720
port541,2025-12-21,Kaohsiung,17,5,4,0,5,26,31,99561,115347,2994,0,11004,217903,228907,170595,0,20807,0,37042,191403,228446
port541,2025-12-22,Kaohsiung,16,4,4,0,2,24,26,217277,50251,7145,0,4440,274674,279114,123170,4308,1625,0,4110,129105,133215
port541,2025-12-23,Kaohsiung,16,1,2,0,5,19,24,224610,18554,8301,0,17944,251467,269412,84668,0,1625,0,20822,86293,107116
port541,2025-12-24,Kaohsiung,22,3,4,0,2,29,31,219280,58323,2509,0,7318,280112,287431,143964,4861,10757,0,11640,159582,171223
port541,2025-12-25,Kaohsiung,14,4,2,0,6,20,26,62486,228132,0,0,7793,290619,298413,220092,17358,6448,0,25087,243898,268986
port541,2025-12-26,Kaohsiung,17,5,0,0,6,22,28,221607,182235,0,0,11926,403843,415770,85661,95621,0,0,21713,181283,202996
port541,2025-12-27,Kaohsiung,17,5,0,0,3,22,25,93379,110566,0,0,8804,203945,212749,182850,0,0,0,658,182850,183508
port541,2025-12-28,Kaohsiung,17,4,7,1,2,29,31,155930,147537,25269,599,0,329337,329337,30258,11549,9986,121,34552,51915,86467
port541,2025-12-29,Kaohsiung,21,8,3,1,1,33,34,100780,102255,4600,195,1842,207832,209674,287635,1013,4701,0,1605,293349,294954
port541,2025-12-30,Kaohsiung,21,5,4,1,3,31,34,172703,16553,4066,776,19944,194099,214043,185554,37185,2371,0,571,225111,225682
port541,2025-12-31,Kaohsiung,8,5,6,0,4,19,23,63904,153168,4964,0,0,222038,222038,41095,0,1420,0,36678,42515,79193
port541,2026-01-01,Kaohsiung,23,2,0,0,3,25,28,132100,34449,0,0,18156,166550,184706,172581,0,0,0,2877,172581,175459
port541,2026-01-02,Kaohsiung,18,6,0,0,0,24,24,111582,57784,0,0,0,169367,169367,186252,53007,0,0,0,239260,239260
port541,2026-01-03,Kaohsiung,16,2,3,0,5,21,26,109767,26186,3668,0,9436,139622,149058,80274,20922,3075,0,41555,104273,145828
port541,2026-01-04,Kaohsiung,21,2,5,0,8,28,36,214802,36356,16974,0,70821,268133,338954,192284,0,3472,0,14993,195756,210750
port541,2026-01-05,Kaohsiung,17,6,3,0,6,26,32,189127,101314,1864,0,3985,292305,296291,90078,0,13484,0,18334,103563,121897
port541,2026-01-06,Kaohsiung,16,3,3,0,7,22,29,216107,25519,10191,0,4150,251818,255969,194186,7094,1449,0,36647,202731,239378
port541,2026-01-07,Kaohsiung,17,4,5,0,2,26,28,153308,104921,3377,0,3890,261607,265498,165300,32730,16662,0,1605,214692,216298
port541,2026-01-08,Kaohsiung,17,1,0,0,2,18,20,232915,0,0,0,44641,232915,277557,115043,0,0,0,29504,115043,144547
port541,2026-01-09,Kaohsiung,12,5,5,0,7,22,29,78770,115558,10511,0,34008,204841,238849,88041,40140,3236,0,48283,131417,179701
port541,2026-01-10,Kaohsiung,19,5,1,1,5,26,31,107767,98724,2154,599,14295,209246,223541,125721,45582,1449,121,28845,172875,201720
port541,2026-01-11,Kaohsiung,17,2,4,0,2,23,25,136793,24804,4097,0,2254,165695,167949,143816,26725,3251,0,1274,173793,175067
port541,2026-01-12,Kaohsiung,20,4,2,0,8,26,34,73462,153041,2132,0,19448,228636,248085,229207,0,1625,0,60613,230833,291446
port541,2026-01-13,Kaohsiung,20,3,4,0,2,27,29,275092,40362,18616,0,3786,334071,337857,139266,4308,9753,0,3415,153328,156743
port541,2026-01-14,Kaohsiung,13,4,1,0,2,18,20,25086,26685,0,0,2597,51771,54369,245718,42077,7033,0,5757,294829,300586
port541,2026-01-15,Kaohsiung,25,6,3,0,6,34,40,218470,271725,1222,0,5195,491418,496614,217259,9909,7003,0,8960,234171,243132
port541,2026-01-16,Kaohsiung,16,4,3,0,7,23,30,164880,31846,5754,0,3648,202481,206129,66555,9947,8261,0,39279,84765,124044
port541,2026-01-17,Kaohsiung,16,1,3,1,4,21,25,69938,11393,1883,599,60446,83815,144261,185959,0,3645,121,1768,189725,191494
port541,2026-01-18,Kaohsiung,18,4,3,0,3,25,28,135505,89245,2445,0,561,227196,227757,81735,35896,8697,0,4312,126329,130641
port541,2026-01-19,Kaohsiung,18,2,3,0,4,23,27,190454,62538,6959,0,4830,259952,264782,176195,0,2398,0,2566,178593,181160
port541,2026-01-20,Kaohsiung,18,4,4,0,5,26,31,136571,39876,3321,0,5390,179769,185160,89706,0,5185,0,990,94891,95881
port541,2026-01-21,Kaohsiung,16,2,1,0,5,19,24,129643,24804,624,0,9240,155072,164312,143860,0,0,0,4494,143860,148354
port541,2026-01-22,Kaohsiung,14,3,3,0,4,20,24,89981,160690,5079,0,2597,255750,258348,248332,3125,2899,0,43326,254357,297683
port541,2026-01-23,Kaohsiung,21,3,7,0,3,31,34,169777,89525,23092,0,6583,282394,288978,139948,51370,8139,0,48355,199459,247814
port541,2026-01-24,Kaohsiung,16,4,2,1,3,23,26,86692,44407,0,599,16614,131700,148314,255577,5845,7260,121,5145,268804,273950
port541,2026-01-25,Kaohsiung,21,2,6,0,4,29,33,124142,20378,19217,0,64811,163737,228548,156853,0,4804,0,4205,161657,165863
port541,2026-01-26,Kaohsiung,22,6,5,0,1,33,34,147638,207566,3531,0,0,358736,358736,194759,55457,23318,0,308,273536,273844
port541,2026-01-27,Kaohsiung,15,5,9,1,2,30,32,67981,93550,9077,1183,0,171793,171793,95517,20664,23180,0,7866,139362,147229
port541,2026-01-28,Kaohsiung,17,2,0,0,3,19,22,273150,39479,0,0,3534,312630,316164,126695,10154,0,0,1016,136850,137866
port541,2026-01-29,Kaohsiung,20,2,2,0,4,24,28,192908,116213,189,0,0,309310,309310,47313,4308,7683,0,114288,59304,173593
port541,2026-01-30,Kaohsiung,16,5,2,0,3,23,26,93906,59635,0,0,2597,153541,156139,145499,30385,4676,0,3387,180561,183948
port541,2026-01-31,Kaohsiung,12,4,3,2,3,21,24,102044,38472,6546,619,14585,147682,162268,44232,691,3801,121,5009,48846,53856
port541,2026-02-01,Kaohsiung,20,2,5,0,4,27,31,201581,26783,9309,0,1728,237674,239403,44091,49329,5501,0,30369,98921,129290
port541,2026-02-02,Kaohsiung,18,5,6,0,8,29,37,119409,118954,2445,0,47723,240810,288533,177500,0,24065,0,51916,201566,253483
port541,2026-02-03,Kaohsiung,20,2,4,0,6,26,32,174978,50610,5581,0,107151,231170,338322,185290,0,1625,0,16247,186916,203163
port541,2026-02-04,Kaohsiung,21,2,9,0,6,32,38,109143,27503,15965,0,2305,152612,154918,185698,4308,14137,0,5346,204144,209490
port541,2026-02-05,Kaohsiung,17,3,1,0,1,21,22,82442,40842,1222,0,0,124508,124508,105938,0,1625,0,0,107564,107564
port541,2026-02-06,Kaohsiung,18,6,2,0,7,26,33,122982,127534,0,0,17978,250516,268495,89125,30907,855,0,7419,120889,128308
port541,2026-02-07,Kaohsiung,10,0,5,1,6,16,22,116437,0,7726,599,91159,124763,215923,34622,0,5106,121,7104,39850,46955
port541,2026-02-08,Kaohsiung,12,4,2,0,5,18,23,260870,163329,4255,0,11135,428454,439590,161022,0,0,0,7514,161022,168537
port541,2026-02-09,Kaohsiung,19,2,3,0,3,24,27,91554,376,417,0,6583,92349,98932,81119,0,1555,0,47299,82674,129974
port541,2026-02-10,Kaohsiung,19,4,5,0,4,28,32,138165,60492,3895,0,13683,202554,216237,94305,1013,4323,0,49506,99642,149149
port541,2026-02-11,Kaohsiung,22,5,10,0,6,37,43,256890,46897,14931,0,22280,318719,341000,168755,18027,5950,0,7514,192733,200248
port541,2026-02-12,Kaohsiung,20,5,4,0,5,29,34,75641,149380,0,0,15764,225021,240786,86609,59033,7817,0,16937,153461,170399
port541,2026-02-13,Kaohsiung,24,2,3,0,3,29,32,99503,31939,7045,0,6096,138488,144584,198182,4308,2019,0,11640,204510,216151
port541,2026-02-14,Kaohsiung,13,1,3,0,6,17,23,113892,0,3668,0,99276,117560,216837,70169,6250,4877,0,34740,81296,116036
port541,2026-02-15,Kaohsiung,20,2,2,0,2,24,26,144472,7293,0,0,10973,151766,162739,184789,0,2403,0,2504,187193,189698
port541,2026-02-16,Kaohsiung,7,2,0,0,4,9,13,18394,22198,0,0,3345,40593,43938,83316,23444,0,0,6019,106761,112780
port541,2026-02-17,Kaohsiung,22,0,1,0,7,23,30,103699,0,1222,0,2112,104922,107034,227866,0,1625,0,77862,229492,307354
port541,2026-02-18,Kaohsiung,7,3,1,0,1,11,12,25914,19957,9517,0,2597,55388,57986,67641,0,0,0,2504,67641,70146
port541,2026-02-19,Kaohsiung,15,6,2,0,1,23,24,88410,198430,0,0,0,286840,286840,83890,348,8071,0,0,92310,92310
port541,2026-02-20,Kaohsiung,14,2,0,0,5,16,21,306455,53029,0,0,1539,359485,361025,85114,14250,0,0,70134,99365,169499
port541,2026-02-21,Kaohsiung,19,4,5,0,3,28,31,155829,133566,5248,0,0,294643,294643,215125,0,14819,0,36844,229945,266789
port541,2026-02-22,Kaohsiung,19,3,1,0,5,23,28,51599,25230,0,0,2597,76829,79427,221173,34954,1220,0,4491,257347,261838
port541,2026-02-23,Kaohsiung,16,3,2,1,5,22,27,95140,11968,4988,0,35497,112097,147594,193240,12050,1625,194,1884,207111,208995
port541,2026-02-24,Kaohsiung,13,4,5,1,2,23,25,41087,53503,5431,779,3372,100801,104174,107111,24431,8469,0,6887,140013,146900
port541,2026-02-25,Kaohsiung,21,3,2,0,5,26,31,148015,5922,1222,0,7981,155161,163142,138068,6413,6450,0,5136,150932,156068
port541,2026-02-26,Kaohsiung,18,2,4,0,4,24,28,143456,157341,9150,0,2597,309948,312545,222260,0,5549,0,61999,227810,289810
port541,2026-02-27,Kaohsiung,21,2,3,0,4,26,30,159443,19709,2018,0,1825,181170,182996,253668,33677,8714,0,40595,296059,336655
port541,2026-02-28,Kaohsiung,16,4,4,1,4,25,29,123480,83961,9922,599,2597,217964,220562,68779,0,3075,121,39459,71975,111434
port541,2026-03-01,Kaohsiung,16,5,3,0,2,24,26,81530,303249,2445,0,2526,387225,389751,141219,0,3468,0,0,144688,144688
port541,2026-03-02,Kaohsiung,14,1,3,0,1,18,19,214599,35111,6684,0,0,256395,256395,155967,0,12114,0,1558,168081,169640
port541,2026-03-03,Kaohsiung,17,2,6,0,1,25,26,176461,5055,7572,0,2597,189089,191687,144231,0,7335,0,2504,151566,154071
port541,2026-03-04,Kaohsiung,18,4,2,0,0,24,24,77290,11364,12584,0,0,101239,101239,249837,3542,0,0,0,253380,253380
port541,2026-03-05,Kaohsiung,17,4,2,0,6,23,29,48884,34737,3779,0,59042,87402,146444,72687,9156,1625,0,14145,83469,97615
port541,2026-03-06,Kaohsiung,19,0,2,0,5,21,26,132465,0,1617,0,10644,134083,144728,172238,0,1625,0,44393,173864,218257
port541,2026-03-07,Kaohsiung,23,5,1,0,2,29,31,133955,125691,1222,0,2597,260869,263467,294843,0,1625,0,4348,296468,300817
port541,2026-03-08,Kaohsiung,12,5,5,1,5,23,28,56899,338637,2501,599,8608,398637,407246,99738,4308,1692,121,741,105860,106602
port541,2026-03-09,Kaohsiung,16,4,2,0,8,22,30,85268,7135,2066,0,7793,94470,102264,170815,1667,1625,0,91663,174108,265772
port541,2026-03-10,Kaohsiung,17,5,3,0,3,25,28,293677,31327,7307,0,4326,332313,336640,88201,13157,300,0,2743,101659,104403
port541,2026-03-11,Kaohsiung,17,6,8,0,8,31,39,115586,46877,12147,0,66626,174612,241238,107623,11631,25477,0,11938,144733,156672
port541,2026-03-12,Kaohsiung,19,8,3,0,3,30,33,122039,187283,6305,0,4440,315628,320069,104111,9383,0,0,5682,113495,119177
port541,2026-03-13,Kaohsiung,14,3,1,1,5,19,24,35234,15453,0,195,5443,50883,56327,142368,5819,0,0,5292,148187,153480
port541,2026-03-14,Kaohsiung,22,4,1,0,4,27,31,180023,56014,11347,0,3142,247385,250527,216334,1040,0,0,75708,217375,293084
port541,2026-03-15,Kaohsiung,24,5,3,0,4,32,36,146158,171239,4651,0,3478,322048,325526,85641,4308,2869,0,35830,92819,128650
port541,2026-03-16,Kaohsiung,19,1,4,0,7,24,31,252217,0,3239,0,90642,255457,346100,97464,26998,10030,0,42647,134493,177141
port541,2026-03-17,Kaohsiung,19,1,1,0,2,21,23,181153,0,0,0,2597,181153,183750,153027,1959,4583,0,4776,159570,164347
port541,2026-03-18,Kaohsiung,20,6,5,0,5,31,36,187402,107235,5154,0,2597,299792,302390,246778,1129,4629,0,43182,252537,295720
port541,2026-03-19,Kaohsiung,19,4,5,0,3,28,31,195243,85825,0,0,25322,281068,306391,73957,53821,22281,0,54556,150060,204617
port541,2026-03-20,Kaohsiung,19,2,3,0,2,24,26,167144,6582,17661,0,0,191388,191388,58955,23416,4999,0,3857,87372,91230
port541,2026-03-21,Kaohsiung,13,4,2,1,7,20,27,173552,16479,2154,599,9703,192786,202490,66552,0,1449,121,49049,68123,117172
port541,2026-03-22,Kaohsiung,19,2,5,0,3,26,29,364017,130138,9688,0,4440,503844,508285,100341,0,14989,0,52169,115331,167501
port541,2026-03-23,Kaohsiung,22,5,0,0,4,27,31,117996,148737,0,0,3132,266734,269866,168232,4308,0,0,726,172541,173267
port541,2026-03-24,Kaohsiung,17,3,2,0,3,22,25,52815,103551,4318,0,1842,160685,162527,252699,0,1625,0,39854,254325,294179
port541,2026-03-25,Kaohsiung,17,5,4,0,5,26,31,208800,52664,1515,0,22988,262980,285969,112215,35274,6949,0,13246,154439,167686
port541,2026-03-26,Kaohsiung,17,6,5,0,9,28,37,101488,292267,10062,0,15574,403818,419393,121274,12926,4145,0,10151,138347,148498
port541,2026-03-27,Kaohsiung,16,2,4,0,1,22,23,81184,60930,3147,0,1417,145262,146679,143324,0,10043,0,0,153368,153368
port541,2026-03-28,Kaohsiung,24,5,3,1,3,33,36,286461,282696,6887,599,2597,576645,579243,110615,0,3251,121,4824,113987,118812
port541,2026-03-29,Kaohsiung,23,4,6,1,8,34,42,155341,35500,22020,599,9018,213461,222480,124775,39285,2288,121,33903,166470,200374
port541,2026-03-30,Kaohsiung,17,3,4,0,2,24,26,72068,37489,4309,0,0,113867,113867,218544,0,8523,0,1461,227068,228530
port541,2026-03-31,Kaohsiung,14,3,1,0,3,18,21,158308,48923,2154,0,1842,209386,211229,138661,4308,1449,0,37420,144420,181840
port541,2026-04-01,Kaohsiung,15,4,1,0,2,20,22,158915,234729,382,0,3985,394027,398013,30477,33136,0,0,12680,63613,76294
port541,2026-04-02,Kaohsiung,16,4,6,0,4,26,30,45715,70911,2188,0,25322,118814,144137,224847,0,11660,0,86914,236508,323423
port541,2026-04-03,Kaohsiung,22,5,2,0,2,29,31,112514,142738,4469,0,9389,259723,269112,206745,10298,1625,0,0,218669,218669
port541,2026-04-04,Kaohsiung,17,3,1,0,2,21,23,180082,66478,0,0,14219,246560,260780,167012,10154,5901,0,13691,183068,196759
port541,2026-04-05,Kaohsiung,23,2,6,0,5,31,36,129079,76336,4066,0,0,209482,209482,144281,0,13759,0,6938,158041,164979
port541,2026-04-06,Kaohsiung,26,3,3,0,3,32,35,108160,128838,5439,0,7328,242438,249766,232208,0,0,0,14145,232208,246354
port541,2026-04-07,Kaohsiung,8,4,4,0,1,16,17,26756,216769,6828,0,0,250354,250354,97995,11051,7154,0,0,116201,116201
port541,2026-04-08,Kaohsiung,17,3,4,0,7,24,31,181698,98625,3042,0,15030,283365,298395,100801,1013,3425,0,53423,105239,158663
port541,2026-04-09,Kaohsiung,18,6,3,0,3,27,30,70514,73309,4115,0,4807,147939,152747,94798,4308,1449,0,857,100557,101414
port541,2026-04-10,Kaohsiung,16,8,7,0,4,31,35,53743,188387,9833,0,2415,251963,254379,90066,4519,6887,0,38762,101473,140236
port541,2026-04-11,Kaohsiung,16,3,7,0,7,26,33,65859,136007,17079,0,0,218945,218945,82323,5845,20036,0,7815,108205,116021
port541,2026-04-12,Kaohsiung,19,3,2,0,4,24,28,182202,2982,10087,0,34055,195272,229327,84624,0,1186,0,5918,85811,91729
port541,2026-04-13,Kaohsiung,14,2,4,0,4,20,24,113910,21451,4676,0,0,140038,140038,82258,7455,1793,0,77735,91507,169243
port541,2026-04-14,Kaohsiung,17,8,3,0,3,28,31,197174,198361,1222,0,5625,396758,402384,142673,55590,9792,0,3021,208057,211078
port541,2026-04-15,Kaohsiung,21,2,7,0,6,30,36,241673,26195,11962,0,11528,279832,291360,161441,0,9161,0,9231,170603,179834
port541,2026-04-16,Kaohsiung,18,4,4,0,5,26,31,177765,138252,6707,0,17991,322725,340716,226670,4308,4877,0,39761,235856,275618
port541,2026-04-17,Kaohsiung,25,2,5,0,2,32,34,182800,30384,5144,0,1842,218330,220172,228087,0,8302,0,3038,236389,239427
port541,2026-04-18,Kaohsiung,20,4,4,1,5,29,34,233232,69584,3668,599,2668,307085,309754,145254,5845,4977,121,38038,156198,194236
port541,2026-04-19,Kaohsiung,19,4,5,0,4,28,32,130151,190590,11802,0,5088,332544,337633,138110,0,10690,0,2504,148800,151305
port541,2026-04-20,Kaohsiung,22,2,0,1,1,25,26,316805,25519,0,599,7089,342924,350014,181424,26903,0,121,0,208449,208449
port541,2026-04-21,Kaohsiung,15,4,4,0,3,23,26,39288,92198,4433,0,52969,135920,188890,134971,0,3075,0,36847,138046,174893
port541,2026-04-22,Kaohsiung,19,2,5,0,3,26,29,97135,25519,5192,0,6013,127847,133861,197983,5227,16689,0,20646,219900,240547
port541,2026-04-23,Kaohsiung,18,3,1,0,6,22,28,186591,260826,1436,0,6352,448854,455206,122336,6336,0,0,50492,128673,179165
port541,2026-04-24,Kaohsiung,15,6,4,0,5,25,30,121081,141424,3284,0,10164,265790,275954,130460,62007,11900,0,3240,204369,207610
port541,2026-04-25,Kaohsiung,19,0,4,1,4,24,28,126073,0,14917,599,0,141590,141590,98355,0,6659,121,33723,105136,138860
port541,2026-04-26,Kaohsiung,17,6,3,0,3,26,29,115030,105578,3722,0,6106,224330,230437,92286,45956,1915,0,2504,140158,142663
port541,2026-04-27,Kaohsiung,19,3,4,1,2,27,29,231151,22795,1344,195,7263,255487,262751,286519,11041,15712,0,12082,313274,325356
port541,2026-04-28,Kaohsiung,16,2,4,0,6,22,28,98714,152136,2445,0,3492,253295,256788,82432,0,11581,0,7870,94013,101884
port541,2026-04-29,Kaohsiung,16,5,5,0,2,26,28,143954,82521,4604,0,4275,231080,235356,88267,5845,5459,0,40262,99572,139834
port541,2026-04-30,Kaohsiung,14,2,4,0,0,20,20,99034,75423,7385,0,0,181843,181843,125523,0,15585,0,0,141109,141109
port541,2026-05-01,Kaohsiung,13,6,5,0,2,24,26,84182,91978,10491,0,2597,186651,189249,67867,0,8222,0,2504,76089,78594
port541,2026-05-02,Kaohsiung,21,1,3,1,7,26,33,98523,39993,4638,599,39473,143754,183227,125177,0,0,121,15064,125298,140362
port541,2026-05-03,Kaohsiung,18,7,4,0,5,29,34,174242,308427,9347,0,8125,492017,500143,54543,21288,0,0,44409,75831,120241
port541,2026-05-04,Kaohsiung,19,2,3,0,5,24,29,111446,4277,2044,0,644,117767,118412,116997,22072,1625,0,2208,140696,142905
port541,2026-05-05,Kaohsiung,16,5,4,0,4,25,29,120363,169903,5471,0,89694,295739,385433,255025,4308,6705,0,33707,266040,299747
port541,2026-05-06,Kaohsiung,15,4,2,0,3,21,24,68459,10409,730,0,40779,79599,120378,156369,33336,604,0,34604,190311,224915
port541,2026-05-07,Kaohsiung,16,3,3,0,6,22,28,72922,43782,4386,0,29417,121091,150508,236715,3302,1449,0,3387,241467,244855
port541,2026-05-08,Kaohsiung,16,4,4,0,3,24,27,218839,205696,2154,0,2883,426691,429574,61195,22967,16762,0,34066,100925,134991
port541,2026-05-09,Kaohsiung,18,3,1,0,3,22,25,230886,126718,0,0,3270,357604,360875,106238,1013,5760,0,1605,113012,114617
port541,2026-05-10,Kaohsiung,21,1,3,0,2,25,27,143529,9068,9121,0,8434,161718,170152,124191,0,5524,0,0,129716,129716
port541,2026-05-11,Kaohsiung,24,3,3,0,2,30,32,220851,66361,7057,0,14576,294271,308848,141025,19489,1625,0,18337,162140,180478
port541,2026-05-12,Kaohsiung,17,5,2,0,4,24,28,45652,81703,1819,0,1660,129175,130836,165333,4308,170,0,34821,169812,204634
port541,2026-05-13,Kaohsiung,20,2,6,0,4,28,32,107546,0,11348,0,75762,118894,194657,249340,418,7912,0,175,257671,257846
port541,2026-05-14,Kaohsiung,20,3,1,0,3,24,27,241872,31442,1254,0,15243,274568,289811,168170,5322,0,0,0,173492,173492
port541,2026-05-15,Kaohsiung,13,3,4,0,7,20,27,24781,58143,9550,0,12791,92475,105266,142744,0,2009,0,53376,144754,198131
port541,2026-05-16,Kaohsiung,20,2,8,0,4,30,34,129420,0,5459,0,9104,134880,143985,134924,1735,15850,0,0,152510,152510
port541,2026-05-17,Kaohsiung,22,4,1,1,5,28,33,149535,55060,0,0,8745,204595,213341,151449,0,1377,0,54384,152827,207211
port541,2026-05-18,Kaohsiung,22,6,3,1,4,32,36,279129,107046,1454,599,4726,388230,392956,213077,4308,1625,121,4349,219132,223482
port541,2026-05-19,Kaohsiung,17,4,4,0,8,25,33,86441,62242,2445,0,13365,151129,164494,146843,4308,7400,0,9526,158552,168078
port541,2026-05-20,Kaohsiung,17,6,4,0,3,27,30,216714,274476,1948,0,2004,493139,495144,86227,9496,10443,0,0,106168,106168
port541,2026-05-21,Kaohsiung,21,2,5,0,5,28,33,183600,9057,4030,0,5402,196688,202091,137983,0,28171,0,11358,166154,177513
port541,2026-05-22,Kaohsiung,15,4,4,0,4,23,27,116859,165273,1109,0,0,283242,283242,81772,0,7473,0,38499,89245,127744
port541,2026-05-23,Kaohsiung,14,4,3,1,5,22,27,139910,47519,1160,599,3565,189190,192755,50204,5322,2892,121,76929,58541,135470
port541,2026-05-24,Kaohsiung,13,2,2,0,3,17,20,142172,326,13245,0,48132,155744,203877,60736,10804,1625,0,1990,73166,75157
port541,2026-05-25,Kaohsiung,20,3,3,0,7,26,33,254591,77718,99,0,10316,332409,342725,211628,4308,9276,0,42154,225213,267367
port541,2026-05-26,Kaohsiung,16,1,2,1,4,20,24,52288,25519,3497,391,43552,81696,125249,177379,4308,1625,0,16806,183313,200120
port541,2026-05-27,Kaohsiung,12,2,5,0,5,19,24,49043,39479,2445,0,10095,90968,101064,60443,10154,7324,0,12891,77922,90813
port541,2026-05-28,Kaohsiung,16,8,2,0,2,26,28,110844,183285,1222,0,3469,295353,298822,105016,18771,7145,0,0,130933,130933
port541,2026-05-29,Kaohsiung,14,7,3,0,5,24,29,197566,144297,5134,0,23582,346998,370580,33702,27389,3075,0,18182,64166,82349
port555,2025-12-21,Kawasaki,1,0,9,2,13,12,25,0,0,1177,0,8855,1177,10032,275,0,3107,510,6842,3893,10736
port555,2025-12-22,Kawasaki,0,4,8,4,8,16,24,0,10216,3118,0,4240,13334,17574,0,6242,4157,1174,8980,11574,20554
port555,2025-12-23,Kawasaki,2,1,6,0,11,9,20,2456,27442,4465,0,10681,34363,45045,205,0,4157,0,3751,4363,8114
port555,2025-12-24,Kawasaki,2,4,7,2,8,15,23,1787,7811,1177,91,35925,10868,46793,0,6242,4075,1223,6536,11540,18077
port555,2025-12-25,Kawasaki,0,1,6,0,11,7,18,0,0,8483,0,3279,8483,11763,0,0,2494,0,14146,2494,16640
port555,2025-12-26,Kawasaki,0,1,3,2,9,6,15,0,286,588,0,1087,874,1962,0,1225,831,510,15483,2567,18050
port555,2025-12-27,Kawasaki,2,2,2,2,11,8,19,1429,32936,1177,225,6114,35768,41883,205,1225,1663,4546,8773,7639,16413
port555,2025-12-28,Kawasaki,0,1,0,0,8,1,9,0,0,0,0,14974,0,14974,0,0,0,0,13386,0,13386
port555,2025-12-29,Kawasaki,1,1,4,0,13,6,19,511,0,1177,0,7083,1688,8771,0,6242,2104,0,16611,8347,24958
port555,2025-12-30,Kawasaki,0,0,2,1,9,3,12,0,0,0,0,46799,0,46799,0,0,654,2431,4489,3085,7574
port555,2025-12-31,Kawasaki,0,1,1,0,4,2,6,0,0,588,0,5244,588,5832,0,0,831,0,5258,831,6089
port555,2026-01-01,Kawasaki,0,0,0,0,6,0,6,0,0,0,0,3047,0,3047,0,0,0,0,3207,0,3207
port555,2026-01-02,Kawasaki,0,1,0,0,11,1,12,0,0,0,0,6275,0,6275,0,6242,0,0,63802,6242,70044
port555,2026-01-03,Kawasaki,1,2,0,0,10,3,13,552,71632,0,0,4595,72184,76780,0,0,0,0,6528,0,6528
port555,2026-01-04,Kawasaki,1,2,3,0,11,6,17,389,11636,0,0,1755,12025,13781,0,0,0,0,53626,0,53626
port555,2026-01-05,Kawasaki,1,2,4,0,15,7,22,396,7477,1177,0,43339,9050,52389,0,0,2796,0,6849,2796,9646
port555,2026-01-06,Kawasaki,1,1,7,0,18,9,27,276,0,5176,0,12196,5453,17649,0,6242,4157,0,55711,10400,66111
port555,2026-01-07,Kawasaki,1,2,4,0,9,7,16,555,52390,588,0,1331,53534,54866,0,0,831,0,11859,831,12690
port555,2026-01-08,Kawasaki,0,3,9,1,16,13,29,0,58116,2354,0,48677,60470,109147,0,6242,6083,0,29195,12325,41521
port555,2026-01-09,Kawasaki,1,4,9,1,18,15,33,0,13094,3118,91,18733,16304,35038,1619,1715,4767,1223,14083,9325,23409
port555,2026-01-10,Kawasaki,0,0,2,2,11,4,15,0,0,588,0,38264,588,38852,0,0,831,0,11273,831,12105
port555,2026-01-11,Kawasaki,1,1,3,1,8,6,14,758,51103,1177,0,1087,53038,54126,0,0,1663,0,10032,1663,11695
port555,2026-01-12,Kawasaki,3,2,8,4,10,17,27,1160,4566,3317,95,2615,9139,11754,719,0,1663,5933,4523,8316,12839
port555,2026-01-13,Kawasaki,0,1,3,0,8,4,12,0,0,510,0,3938,510,4448,0,382,1361,0,8696,1744,10440
port555,2026-01-14,Kawasaki,1,1,10,2,12,14,26,1040,0,4244,91,6146,5375,11522,0,0,9502,1223,6876,10725,17602
port555,2026-01-15,Kawasaki,0,1,8,1,13,10,23,0,6242,10833,0,5129,17076,22205,0,0,2300,0,8385,2300,10685
port555,2026-01-16,Kawasaki,2,2,7,2,12,13,25,2043,73695,1765,0,2123,77504,79628,0,490,11900,0,12905,12391,25296
port555,2026-01-17,Kawasaki,0,0,4,1,8,5,13,0,0,0,0,40119,0,40119,0,0,589,0,4135,589,4724
port555,2026-01-18,Kawasaki,0,2,4,2,9,8,17,0,12046,1595,91,2065,13734,15799,0,0,2677,1223,14580,3900,18480
port555,2026-01-19,Kawasaki,1,1,7,0,12,9,21,510,0,1994,0,15862,2505,18368,0,0,3689,0,14114,3689,17803
port555,2026-01-20,Kawasaki,1,0,6,1,10,8,18,884,0,2329,0,7537,3214,10751,205,0,3076,0,46522,3282,49804
port555,2026-01-21,Kawasaki,1,2,7,3,16,13,29,257,0,1177,0,4751,1434,6185,0,0,3842,0,12416,3842,16258
port555,2026-01-22,Kawasaki,0,2,10,1,9,13,22,0,0,3197,0,3406,3197,6603,0,10481,7361,0,9744,17842,27586
port555,2026-01-23,Kawasaki,0,0,6,1,6,7,13,0,0,2722,91,1921,2814,4736,0,0,1663,1223,3261,2886,6147
port555,2026-01-24,Kawasaki,2,2,1,1,14,6,20,391,33716,0,0,43558,34107,77666,257,1365,689,0,14761,2312,17074
port555,2026-01-25,Kawasaki,2,3,7,0,11,12,23,4546,26452,3792,0,2807,34791,37599,0,3115,4231,0,15110,7347,22457
port555,2026-01-26,Kawasaki,0,1,3,3,12,7,19,0,55409,588,0,394,55997,56391,0,0,1093,0,17222,1093,18316
port555,2026-01-27,Kawasaki,2,1,8,0,18,11,29,509,0,3520,0,58080,4029,62110,274,0,4436,0,19420,4711,24131
port555,2026-01-28,Kawasaki,0,1,4,3,15,8,23,0,2549,2328,606,11080,5484,16564,0,490,831,1223,15527,2545,18072
port555,2026-01-29,Kawasaki,1,3,5,1,11,10,21,1930,26282,8442,0,4590,36656,41246,0,0,2526,0,52228,2526,54755
port555,2026-01-30,Kawasaki,0,1,8,3,17,12,29,0,14417,1765,0,50133,16182,66316,0,0,3951,0,24381,3951,28333
port555,2026-01-31,Kawasaki,1,0,1,0,6,2,8,2310,0,588,0,4423,2899,7322,0,0,831,0,7231,831,8062
port555,2026-02-01,Kawasaki,1,3,5,0,13,9,22,274,0,5523,0,4382,5797,10180,0,6242,2494,0,41612,8737,50349
port555,2026-02-02,Kawasaki,1,3,1,1,9,6,15,884,924,588,0,3369,2398,5767,205,8247,831,3378,9067,12663,21730
port555,2026-02-03,Kawasaki,0,2,6,0,12,8,20,0,6573,1177,0,5975,7750,13726,0,0,7235,0,94844,7235,102080
port555,2026-02-04,Kawasaki,0,2,5,3,11,10,21,0,21630,1177,0,1564,22807,24372,0,6242,3949,1753,2065,11945,14010
port555,2026-02-05,Kawasaki,2,1,6,1,9,10,19,1663,0,2966,0,7533,4629,12163,275,0,3326,0,8848,3601,12450
port555,2026-02-06,Kawasaki,0,2,1,3,12,6,18,0,924,0,91,4340,1016,5356,0,0,0,2248,5302,2248,7550
port555,2026-02-07,Kawasaki,1,1,2,1,18,5,23,1290,16044,1177,0,4726,18512,23238,0,0,1663,0,14656,1663,16319
port555,2026-02-08,Kawasaki,2,3,4,1,10,10,20,1654,57252,1177,0,6219,60084,66303,0,6242,2395,0,11735,8637,20373
port555,2026-02-09,Kawasaki,0,2,4,1,11,7,18,0,0,0,0,4483,0,4483,0,196,4720,0,8233,4916,13149
port555,2026-02-10,Kawasaki,1,2,4,0,11,7,18,884,2471,1177,0,9995,4533,14528,205,0,1663,0,8283,1868,10151
port555,2026-02-11,Kawasaki,0,2,6,3,13,11,24,0,13487,4246,91,36152,17825,53978,0,0,2715,1223,5251,3939,9190
port555,2026-02-12,Kawasaki,0,4,9,2,8,15,23,0,13198,2354,0,5228,15552,20781,0,6242,4058,3649,8303,13949,22253
port555,2026-02-13,Kawasaki,0,0,7,3,10,10,20,0,0,1849,0,9276,1849,11125,0,0,2600,0,14724,2600,17325
port555,2026-02-14,Kawasaki,0,2,5,2,13,9,22,0,956,1177,0,11967,2133,14101,0,0,2461,0,23056,2461,25518
port555,2026-02-15,Kawasaki,2,2,6,2,13,12,25,1048,0,2354,91,4917,3493,8411,0,0,4333,3507,7643,7840,15483
port555,2026-02-16,Kawasaki,1,3,6,0,17,10,27,0,44679,1177,0,3084,45856,48940,270,12913,3462,0,54292,16646,70938
port555,2026-02-17,Kawasaki,1,2,6,0,11,9,20,1151,9587,1177,0,38762,11915,50678,0,6242,2252,0,20813,8495,29308
port555,2026-02-18,Kawasaki,0,4,5,3,11,12,23,0,0,2354,0,10783,2354,13137,0,2770,3326,2881,22728,8978,31706
port555,2026-02-19,Kawasaki,2,4,15,1,13,22,35,1997,46680,3800,0,4972,52478,57451,205,9811,14229,0,12784,24246,37031
port555,2026-02-20,Kawasaki,0,2,2,3,12,7,19,0,20349,588,183,85029,21121,106151,0,0,1421,2820,11298,4241,15539
port555,2026-02-21,Kawasaki,0,2,4,4,16,10,26,0,21593,1765,0,12528,23359,35887,0,3606,2494,4366,8997,10467,19464
port555,2026-02-22,Kawasaki,1,1,1,0,9,3,12,884,0,588,0,5106,1473,6579,205,908,831,0,44771,1945,46717
port555,2026-02-23,Kawasaki,0,2,4,0,11,6,17,0,66796,4249,0,9702,71046,80749,0,1178,1663,0,19647,2841,22489
port555,2026-02-24,Kawasaki,2,1,10,1,9,14,23,2100,7784,3367,0,8372,13252,21624,0,121,5678,4970,7088,10770,17858
port555,2026-02-25,Kawasaki,0,3,6,3,16,12,28,0,2383,1177,91,40352,3652,44005,0,4999,2290,1223,9714,8513,18227
port555,2026-02-26,Kawasaki,0,1,3,1,5,5,10,0,0,1177,0,486,1177,1663,0,10660,2023,508,39088,13192,52280
port555,2026-02-27,Kawasaki,3,1,5,2,11,11,22,3197,2549,3066,91,1885,8905,10790,205,490,5948,1223,8786,7867,16654
port555,2026-02-28,Kawasaki,0,0,5,0,11,5,16,0,0,9506,0,45776,9506,55283,0,0,2494,0,10390,2494,12884
port555,2026-03-01,Kawasaki,1,2,4,3,7,10,17,827,21593,1529,0,4509,23950,28460,0,3606,3539,0,8074,7146,15220
port555,2026-03-02,Kawasaki,0,1,9,1,18,11,29,0,4338,1386,0,6522,5724,12247,0,0,2669,3064,10373,5733,16107
port555,2026-03-03,Kawasaki,1,2,7,0,13,10,23,0,0,1852,0,8411,1852,10264,0,7951,3461,0,39082,11412,50495
port555,2026-03-04,Kawasaki,0,0,3,1,6,4,10,0,0,1177,91,2532,1268,3800,0,0,1663,1223,967,2886,3853
port555,2026-03-05,Kawasaki,2,4,9,2,10,17,27,251,26427,2942,0,2847,29621,32469,275,121,4794,0,4372,5190,9562
port555,2026-03-06,Kawasaki,1,0,3,0,10,4,14,1172,0,588,0,1753,1760,3514,0,0,1416,0,15256,1416,16672
port555,2026-03-07,Kawasaki,0,1,4,2,15,7,22,0,0,6777,0,39180,6777,45958,0,0,1712,0,18298,1712,20011
port555,2026-03-08,Kawasaki,0,3,7,2,10,12,22,0,19707,1765,0,3478,21472,24951,0,6242,7108,5293,13745,18644,32389
port555,2026-03-09,Kawasaki,1,2,9,0,17,12,29,0,286,3066,0,87536,3353,90889,256,1225,3084,0,24405,4565,28971
port555,2026-03-10,Kawasaki,1,2,4,2,12,9,21,548,0,1765,0,5811,2314,8126,0,6242,2494,3084,10758,11821,22580
port555,2026-03-11,Kawasaki,1,2,6,2,15,11,26,884,24294,4534,91,5905,29805,35711,205,0,1413,1223,54032,2842,56875
port555,2026-03-12,Kawasaki,1,4,4,2,5,11,16,256,25480,1319,0,3993,27056,31049,0,6242,1663,0,0,7905,7905
port555,2026-03-13,Kawasaki,0,1,10,2,9,13,22,0,0,1765,0,7511,1765,9276,0,0,6491,0,4203,6491,10695
port555,2026-03-14,Kawasaki,1,1,1,0,11,3,14,1119,0,0,0,53505,1119,54625,0,6242,0,0,4965,6242,11208
port555,2026-03-15,Kawasaki,1,1,6,2,9,10,19,884,0,2354,91,1326,3330,4656,205,0,4920,1223,3844,6349,10193
port555,2026-03-16,Kawasaki,2,2,6,0,12,10,22,884,19043,2354,0,9689,22282,31971,457,3115,4800,0,9744,8373,18117
port555,2026-03-17,Kawasaki,1,1,5,0,7,7,14,0,0,588,0,4660,588,5248,812,0,1699,0,967,2512,3479
port555,2026-03-18,Kawasaki,0,2,6,2,11,10,21,0,0,1765,0,10491,1765,12257,0,7820,3865,693,7467,12378,19846
port555,2026-03-19,Kawasaki,1,0,6,2,8,9,17,779,0,2942,0,6833,3722,10555,0,0,4157,0,5756,4157,9913
port555,2026-03-20,Kawasaki,1,2,4,1,8,8,16,2328,0,498,91,7659,2918,10578,0,6242,2719,1223,7371,10185,17557
port555,2026-03-21,Kawasaki,0,2,3,2,11,7,18,0,54271,1800,0,2336,56071,58408,0,0,831,0,22130,831,22962
port555,2026-03-22,Kawasaki,2,4,3,1,6,10,16,2264,26772,1767,0,3396,30804,34200,205,6242,1492,0,1747,7940,9688
port555,2026-03-23,Kawasaki,0,2,3,2,8,7,15,0,169,588,0,4030,758,4788,0,0,831,0,8119,831,8950
port555,2026-03-24,Kawasaki,2,1,5,0,13,8,21,257,0,1177,0,42350,1434,43784,0,6242,1663,0,7170,7905,15076
port555,2026-03-25,Kawasaki,0,3,3,3,9,9,18,0,286,588,91,53997,966,54963,0,9421,1421,1223,1935,12065,14000
port555,2026-03-26,Kawasaki,0,3,5,1,11,9,20,0,67072,16560,0,4744,83633,88378,0,6242,1663,2764,7525,10670,18195
port555,2026-03-27,Kawasaki,3,2,7,3,9,15,24,4240,9378,2354,0,5625,15972,21598,0,0,3702,0,25081,3702,28784
port555,2026-03-28,Kawasaki,1,1,3,1,16,6,22,1246,0,1177,0,14222,2423,16646,0,6242,1990,0,8965,8233,17198
port555,2026-03-29,Kawasaki,0,2,7,3,7,12,19,0,0,2354,91,57069,2445,59514,0,885,5522,1223,3345,7631,10976
port555,2026-03-30,Kawasaki,0,2,5,0,17,7,24,0,5382,0,0,8836,5382,14219,0,6242,1683,0,45735,7926,53661
port555,2026-03-31,Kawasaki,0,1,5,1,8,7,15,0,0,2580,0,8880,2580,11461,0,2366,2907,0,3666,5273,8940
port555,2026-04-01,Kawasaki,0,1,6,1,9,8,17,0,0,1270,0,7660,1270,8931,0,0,1131,0,10919,1131,12050
port555,2026-04-02,Kawasaki,1,2,2,0,10,5,15,1100,23089,1177,0,4317,25366,29684,0,3115,1663,0,3744,4778,8523
port555,2026-04-03,Kawasaki,3,2,8,1,9,14,23,5388,0,2942,91,6063,8422,14486,255,574,4603,1223,7789,6657,14446
port555,2026-04-04,Kawasaki,0,0,3,3,11,6,17,0,0,1177,0,4361,1177,5538,0,0,1663,1752,11778,3415,15193
port555,2026-04-05,Kawasaki,0,1,5,4,8,10,18,0,0,1177,0,43616,1177,44793,0,0,2459,1966,2858,4426,7284
port555,2026-04-06,Kawasaki,0,1,10,1,14,12,26,0,9796,2550,0,4986,12347,17334,0,0,4708,0,10737,4708,15446
port555,2026-04-07,Kawasaki,1,4,5,0,15,10,25,0,1882,770,0,3439,2652,6092,499,17528,2026,0,13751,20054,33806
port555,2026-04-08,Kawasaki,1,4,5,2,13,12,25,1550,75636,1177,91,6921,78456,85377,0,0,2252,1223,7365,3475,10841
port555,2026-04-09,Kawasaki,0,3,9,2,11,14,25,0,2549,14241,0,2569,16791,19360,0,17020,5657,337,8904,23015,31919
port555,2026-04-10,Kawasaki,1,1,3,2,9,7,16,255,0,588,0,7138,844,7983,0,2312,1840,0,11585,4153,15738
port555,2026-04-11,Kawasaki,2,2,2,2,7,8,15,0,286,0,91,4760,377,5138,747,1225,0,1223,3800,3196,6996
port555,2026-04-12,Kawasaki,0,3,8,1,8,12,20,0,2070,12487,91,3437,14649,18086,0,6242,2606,1223,8890,10072,18962
port555,2026-04-13,Kawasaki,2,2,7,0,13,11,24,277,52206,2354,0,34942,54838,89780,272,0,6338,0,9380,6610,15990
port555,2026-04-14,Kawasaki,0,4,4,0,9,8,17,0,8858,1765,0,2425,10624,13049,0,1597,3795,0,8657,5393,14050
port555,2026-04-15,Kawasaki,1,2,7,3,9,13,22,0,11619,1765,0,42366,13384,55751,0,0,3902,3875,3912,7777,11690
port555,2026-04-16,Kawasaki,1,1,5,2,11,9,20,1251,0,1177,0,2515,2428,4944,0,0,2529,0,16847,2529,19376
port555,2026-04-17,Kawasaki,0,1,5,1,9,7,16,0,0,1177,91,6535,1268,7804,0,0,1732,1223,14168,2956,17125
port555,2026-04-18,Kawasaki,2,0,1,1,9,4,13,1874,0,7023,0,50049,8898,58947,0,0,0,0,9020,0,9020
port555,2026-04-19,Kawasaki,1,1,5,1,2,8,10,1168,5295,1177,0,1218,7641,8860,0,0,2611,0,0,2611,2611
port555,2026-04-20,Kawasaki,0,1,2,2,11,5,16,0,20665,1177,0,5982,21842,27824,0,0,1663,0,6826,1663,8489
port555,2026-04-21,Kawasaki,0,1,8,2,10,11,21,0,8132,3258,91,2398,11481,13880,0,0,3658,1561,6491,5219,11711
port555,2026-04-22,Kawasaki,0,1,9,2,7,12,19,0,2549,3531,0,5511,6080,11591,0,490,4989,0,4041,5479,9521
port555,2026-04-23,Kawasaki,2,1,6,0,11,9,20,808,8539,3401,0,35979,12750,48729,0,0,3076,0,9369,3076,12446
port555,2026-04-24,Kawasaki,1,2,3,2,14,8,22,884,62658,0,0,52571,63543,116114,205,0,0,0,7119,205,7325
port555,2026-04-25,Kawasaki,0,2,4,0,9,6,15,0,10006,1177,0,5982,11183,17165,0,0,2443,0,7089,2443,9533
port555,2026-04-26,Kawasaki,1,0,3,2,2,6,8,250,0,588,91,0,930,930,0,0,3337,1223,0,4561,4561
port555,2026-04-27,Kawasaki,1,1,3,0,9,5,14,1032,1766,643,0,7917,3441,11359,0,0,2193,0,5867,2193,8060
port555,2026-04-28,Kawasaki,1,0,5,1,9,7,16,0,0,2361,0,37499,2361,39861,767,0,2252,0,6787,3020,9807
port555,2026-04-29,Kawasaki,1,1,8,2,8,12,20,259,1051,2354,0,4656,3665,8321,0,0,3850,0,10022,3850,13872
port555,2026-04-30,Kawasaki,1,1,4,0,11,6,17,0,0,1177,0,6591,1177,7768,2800,0,1663,0,15017,4463,19480
port555,2026-05-01,Kawasaki,0,0,7,1,7,8,15,0,0,8761,0,3302,8761,12063,0,0,3326,169,6406,3495,9901
port555,2026-05-02,Kawasaki,1,0,1,0,8,2,10,884,0,588,0,1326,1473,2799,205,0,831,0,5107,1036,6144
port555,2026-05-03,Kawasaki,1,1,2,0,6,4,10,554,21488,0,0,1720,22042,23763,0,0,1224,0,5102,1224,6327
port555,2026-05-04,Kawasaki,0,0,2,1,10,3,13,0,0,588,0,10560,588,11149,0,0,1713,0,10964,1713,12678
port555,2026-05-05,Kawasaki,0,1,3,0,10,4,14,0,2549,1177,0,3013,3726,6740,0,490,1663,0,9340,2153,11494
port555,2026-05-06,Kawasaki,1,1,8,1,9,11,20,0,0,3210,0,44983,3210,48193,0,0,8563,5512,4006,14076,18082
port555,2026-05-07,Kawasaki,0,2,12,0,13,14,27,0,3464,5428,0,7388,8892,16281,0,0,5721,0,4396,5721,10117
port555,2026-05-08,Kawasaki,1,1,2,1,14,5,19,0,9796,1301,91,8473,11190,19663,1238,0,0,1223,7552,2461,10014
port555,2026-05-09,Kawasaki,0,2,4,0,9,6,15,0,0,1177,0,48229,1177,49406,0,0,1663,0,13529,1663,15192
port555,2026-05-10,Kawasaki,1,1,8,2,19,12,31,0,0,3538,0,11641,3538,15180,2612,0,4787,0,55801,7399,63201
port555,2026-05-11,Kawasaki,1,2,4,0,10,7,17,0,18856,2354,0,7297,21210,28507,817,0,3326,0,3759,4143,7902
port555,2026-05-12,Kawasaki,1,1,6,1,10,9,19,0,286,2981,506,6913,3775,10688,550,1225,3619,0,16841,5394,22236
port555,2026-05-13,Kawasaki,0,2,9,2,13,13,26,0,3874,12740,91,14143,16706,30850,0,0,4487,1223,8692,5711,14403
port555,2026-05-14,Kawasaki,2,0,5,2,16,9,25,1678,0,1765,0,12944,3443,16388,0,0,2684,337,3682,3021,6704
port555,2026-05-15,Kawasaki,0,2,7,2,13,11,24,0,23990,2354,0,3752,26344,30096,0,0,3326,1020,21308,4347,25656
port555,2026-05-16,Kawasaki,0,0,2,1,17,3,20,0,0,588,0,93875,588,94464,0,0,1278,0,17169,1278,18448
port555,2026-05-17,Kawasaki,0,2,7,2,13,11,24,0,0,2362,183,7268,2546,9814,0,0,7084,2446,7969,9531,17500
port555,2026-05-18,Kawasaki,1,1,7,0,10,9,19,499,856,2354,0,7962,3710,11673,0,0,4175,0,16699,4175,20875
port555,2026-05-19,Kawasaki,0,2,7,0,11,9,20,0,28631,2354,0,4894,30985,35880,0,3115,3616,0,12912,6732,19645
port555,2026-05-20,Kawasaki,1,1,5,3,14,10,24,773,0,1177,0,8354,1950,10305,0,0,3034,0,14924,3034,17959
port555,2026-05-21,Kawasaki,3,3,7,0,12,13,25,2425,83289,3531,0,6945,89245,96190,251,4441,4989,0,10403,9681,20085
port555,2026-05-22,Kawasaki,1,0,5,3,9,9,18,756,0,588,91,13513,1436,14949,0,0,1661,1223,14429,2884,17313
port555,2026-05-23,Kawasaki,0,2,2,1,9,5,14,0,0,8645,0,7884,8645,16529,0,4974,831,0,5102,5805,10908
port555,2026-05-24,Kawasaki,0,1,2,2,6,5,11,0,0,2905,91,2050,2997,5047,0,0,803,1223,6165,2026,8192
port555,2026-05-25,Kawasaki,0,1,8,1,11,10,21,0,286,2860,0,5412,3147,8559,0,1225,5767,2045,10489,9038,19527
port555,2026-05-26,Kawasaki,0,3,6,1,12,10,22,0,36807,588,0,40446,37396,77842,0,6242,3741,0,8819,9984,18803
port555,2026-05-27,Kawasaki,0,2,5,4,13,11,24,0,0,1177,91,2235,1268,3503,0,618,3283,3491,11855,7393,19248
port555,2026-05-28,Kawasaki,3,0,6,1,10,10,20,1272,0,2092,0,3055,3365,6421,0,0,2063,0,18920,2063,20983
port555,2026-05-29,Kawasaki,2,0,5,2,9,9,18,1510,0,2354,0,5587,3864,9452,388,0,3915,0,6052,4304,10356
port57,2025-12-21,Antwerp,16,1,7,2,29,26,55,153013,0,3946,360,93820,157319,251140,242295,26234,4283,1770,38274,274583,312857
port57,2025-12-22,Antwerp,12,2,8,1,41,23,64,109456,22531,6442,0,72771,138430,211202,322754,0,3072,849,85332,326676,412008
port57,2025-12-23,Antwerp,17,2,10,3,30,32,62,163588,19828,7654,657,263554,191729,455283,416160,6678,5116,2820,139118,430776,569894
port57,2025-12-24,Antwerp,6,2,6,5,26,19,45,33370,26841,7158,10391,18140,77762,95903,100360,22544,9394,6597,77651,138897,216548
port57,2025-12-25,Antwerp,9,0,6,2,25,17,42,249068,0,1464,0,28970,250533,279503,84929,0,8719,1604,63855,95253,159109
port57,2025-12-26,Antwerp,12,1,3,4,31,20,51,264216,0,3042,721,73192,267980,341173,169158,0,1704,5862,43201,176725,219926
port57,2025-12-27,Antwerp,11,2,6,5,31,24,55,92187,48755,3753,965,114745,145662,260407,179941,0,6723,4979,95845,191644,287489
port57,2025-12-28,Antwerp,11,4,3,0,30,18,48,41012,112197,7975,0,64101,161185,225286,239123,0,2415,0,95629,241538,337167
port57,2025-12-29,Antwerp,16,1,9,0,30,26,56,217949,4666,3842,0,107470,226459,333929,338587,0,9105,0,63398,347693,411092
port57,2025-12-30,Antwerp,16,1,7,2,40,26,66,384722,14789,8229,2343,122484,410086,532570,252269,7369,19997,3245,122616,282882,405498
port57,2025-12-31,Antwerp,10,0,7,2,28,19,47,188502,0,4250,0,56027,192752,248780,52664,0,3805,2609,50280,59079,109360
port57,2026-01-01,Antwerp,4,0,7,1,27,12,39,36292,0,3425,0,65906,39717,105624,20194,0,8911,0,61382,29105,90488
port57,2026-01-02,Antwerp,3,0,2,1,21,6,27,41609,0,3145,0,22791,44754,67546,4167,0,0,0,45036,4167,49203
port57,2026-01-03,Antwerp,12,0,4,2,26,18,44,73887,0,1145,470,123202,75504,198706,323705,0,1524,1824,21057,327054,348111
port57,2026-01-04,Antwerp,12,2,5,3,25,22,47,351964,22480,3112,3630,192725,381187,573913,132599,7369,2406,3141,81467,145518,226986
port57,2026-01-05,Antwerp,12,2,7,1,33,22,55,341028,41929,6269,3690,161596,392918,554515,155140,0,5592,0,71335,160733,232068
port57,2026-01-06,Antwerp,20,2,12,2,37,36,73,504673,25856,4695,604,240570,535829,776399,170162,36716,11451,5944,89958,224273,314232
port57,2026-01-07,Antwerp,15,0,6,3,35,24,59,618195,0,12625,2420,150352,633241,783594,105058,0,3479,978,84515,109515,194031
port57,2026-01-08,Antwerp,7,3,5,3,28,18,46,122500,14789,732,0,152619,138022,290641,108387,20991,9132,3185,84832,141696,226528
port57,2026-01-09,Antwerp,14,2,8,1,37,25,62,184672,0,2517,0,75448,187190,262639,244052,85800,20780,2343,95654,352977,448632
port57,2026-01-10,Antwerp,10,0,7,5,19,22,41,363932,0,8024,360,28441,372317,400758,210527,0,2182,8152,11828,220862,232690
port57,2026-01-11,Antwerp,11,1,3,4,29,19,48,157596,0,1190,157,55331,158944,214276,270368,0,2616,0,120835,272984,393820
port57,2026-01-12,Antwerp,15,0,5,1,30,21,51,466702,0,1785,656,70814,469144,539959,49080,0,2084,0,27236,51165,78401
port57,2026-01-13,Antwerp,12,1,12,2,41,27,68,41866,41394,34314,1258,43189,118834,162023,177597,0,5734,0,109529,183331,292861
port57,2026-01-14,Antwerp,14,0,11,0,32,25,57,153402,0,2127,0,44687,155529,200217,236487,0,13127,0,119560,249614,369174
port57,2026-01-15,Antwerp,13,2,6,2,40,23,63,163800,0,1704,0,53265,165504,218769,391534,1470,5790,1761,168780,400556,569337
port57,2026-01-16,Antwerp,15,0,6,4,29,25,54,153788,0,7062,0,117315,160851,278167,124420,0,8630,7160,95146,140211,235358
port57,2026-01-17,Antwerp,12,1,4,2,31,19,50,292204,0,595,1924,77687,294723,372411,188956,45996,497,0,58415,235450,293865
port57,2026-01-18,Antwerp,16,1,8,2,27,27,54,79591,0,4392,0,60407,83984,144391,710017,0,7487,4209,42138,721714,763853
port57,2026-01-19,Antwerp,13,1,8,1,35,23,58,147130,0,2517,1309,155304,150957,306262,229015,0,14572,0,123256,243588,366844
port57,2026-01-20,Antwerp,20,0,10,0,31,30,61,180448,0,8391,0,122210,188840,311051,267934,0,3328,0,31801,271263,303065
port57,2026-01-21,Antwerp,10,1,6,5,38,22,60,245677,32678,3639,3544,161106,285539,446645,101124,0,1578,4871,50865,107573,158439
port57,2026-01-22,Antwerp,15,1,12,3,41,31,72,233816,0,5472,0,105008,239289,344297,288982,0,9789,2959,35916,301731,337647
port57,2026-01-23,Antwerp,16,2,8,3,30,29,59,443793,14901,2864,1211,50619,462771,513391,385744,22001,9536,2252,93968,419535,513504
port57,2026-01-24,Antwerp,11,0,9,2,30,22,52,54822,0,5855,4025,33760,64703,98464,490497,0,3496,1207,97067,495201,592269
port57,2026-01-25,Antwerp,7,1,9,3,28,20,48,47738,0,8490,7257,89508,63486,152995,255204,0,18507,3146,72671,276858,349529
port57,2026-01-26,Antwerp,13,1,9,2,33,25,58,185085,0,4198,2284,92193,191569,283762,284752,34998,8153,978,56105,328882,384987
port57,2026-01-27,Antwerp,13,2,7,1,32,23,55,131025,14789,16792,0,91917,162608,254526,230333,7369,3264,4604,128460,245572,374033
port57,2026-01-28,Antwerp,13,1,7,2,34,23,57,217381,0,1190,0,96393,218572,314966,52199,28529,2552,5233,170271,88514,258786
port57,2026-01-29,Antwerp,11,1,10,2,34,24,58,235425,0,3249,0,139520,238675,378196,427212,4760,7659,0,60376,439632,500008
port57,2026-01-30,Antwerp,11,3,9,3,40,26,66,100004,56467,2791,1226,90632,160490,251122,276091,54813,12680,6496,99588,350082,449671
port57,2026-01-31,Antwerp,7,1,5,2,39,15,54,32732,0,2079,110,110977,34922,145900,68063,0,2237,54,142631,70354,212986
port57,2026-02-01,Antwerp,10,1,4,0,30,15,45,71183,0,2105,0,106970,73289,180259,226963,0,1276,0,73485,228239,301724
port57,2026-02-02,Antwerp,14,0,4,1,19,19,38,256373,0,1517,0,31626,257891,289517,214371,0,5164,655,13706,220190,233897
port57,2026-02-03,Antwerp,14,0,5,1,24,20,44,641456,0,3500,4025,64964,648981,713946,83648,0,925,0,25825,84573,110399
port57,2026-02-04,Antwerp,17,0,9,2,31,28,59,330852,0,4062,3343,100268,338258,438527,364216,0,7468,4966,71456,376651,448107
port57,2026-02-05,Antwerp,12,3,8,3,22,26,48,117358,54878,5440,360,55029,178037,233067,258540,0,3656,1770,80838,263967,344806
port57,2026-02-06,Antwerp,14,1,10,2,40,27,67,615979,24732,1785,0,57217,642497,699714,217393,0,8456,0,111997,225850,337847
port57,2026-02-07,Antwerp,10,1,6,4,29,21,50,100202,0,1484,15914,114647,117601,232248,368665,0,4869,0,100110,373535,473645
port57,2026-02-08,Antwerp,10,2,11,4,25,27,52,33081,18896,10365,4599,86662,66942,153604,179803,41430,13454,2854,65834,237543,303377
port57,2026-02-09,Antwerp,11,1,6,2,34,20,54,156469,79853,2574,0,108419,238896,347316,207360,0,3882,1156,57202,212399,269601
port57,2026-02-10,Antwerp,13,3,7,5,29,28,57,247850,55429,2727,7199,168955,313207,482162,231284,7369,16973,3738,40845,259365,300211
port57,2026-02-11,Antwerp,15,1,7,4,41,27,68,430177,3058,22309,2489,143780,458035,601816,380260,0,6011,4313,87660,390584,478245
port57,2026-02-12,Antwerp,10,0,6,2,38,18,56,101081,0,2368,604,186093,104054,290148,71165,0,4206,2716,95164,78088,173253
port57,2026-02-13,Antwerp,9,0,6,1,41,16,57,15887,0,2059,0,154815,17947,172762,303403,0,7349,3183,26413,313936,340350
port57,2026-02-14,Antwerp,10,1,6,4,39,21,60,49629,0,1190,3364,109610,54184,163795,235689,0,6309,4181,98983,246179,345163
port57,2026-02-15,Antwerp,8,1,5,1,26,15,41,72078,0,2058,0,196606,74137,270743,360316,46666,6487,0,64606,413470,478077
port57,2026-02-16,Antwerp,17,0,6,6,24,29,53,420278,0,9069,2144,84690,431492,516183,124152,0,3540,5726,50658,133418,184077
port57,2026-02-17,Antwerp,12,3,5,0,27,20,47,78951,8982,5406,0,132032,93340,225373,228795,0,616,0,31133,229412,260545
port57,2026-02-18,Antwerp,18,2,12,3,36,35,71,229096,35135,4881,7209,117021,276322,393344,397118,0,10607,1770,46950,409495,456446
port57,2026-02-19,Antwerp,14,0,9,1,25,24,49,439470,0,2154,0,78910,441624,520535,225676,0,7459,0,82147,233136,315283
port57,2026-02-20,Antwerp,8,3,9,3,40,23,63,92599,108183,6369,0,72857,207152,280009,253724,7369,6739,4907,132806,272741,405548
port57,2026-02-21,Antwerp,13,1,5,2,35,21,56,377260,0,595,2343,46870,380199,427070,189847,58384,8304,2448,142165,258984,401150
port57,2026-02-22,Antwerp,10,2,6,2,28,20,48,113933,14789,2256,604,85267,131584,216851,176146,7889,3328,978,70958,188342,259301
port57,2026-02-23,Antwerp,5,2,7,4,34,18,52,111036,31301,5164,604,114312,148108,262420,132147,48356,925,978,54201,182407,236609
port57,2026-02-24,Antwerp,13,2,9,2,25,26,51,248738,0,10988,840,68509,260567,329076,340499,36066,6529,4062,41481,387157,428638
port57,2026-02-25,Antwerp,17,3,8,2,36,30,66,427963,53711,6668,457,135019,488801,623820,312396,9727,16888,0,73131,339012,412143
port57,2026-02-26,Antwerp,21,1,11,5,34,38,72,173004,4842,4670,1468,115131,183986,299117,268906,0,14602,7602,98990,291112,390102
port57,2026-02-27,Antwerp,13,3,8,3,32,27,59,152965,37245,2095,721,60115,193027,253142,210910,18877,17834,7565,175410,255187,430598
port57,2026-02-28,Antwerp,11,1,10,3,31,25,56,256036,0,7124,3293,55903,266454,322357,457935,0,8583,2100,25427,468618,494046
port57,2026-03-01,Antwerp,13,1,4,3,32,21,53,311604,4897,911,661,72364,318075,390439,224892,0,3722,2705,70429,231321,301750
port57,2026-03-02,Antwerp,13,2,9,2,35,26,61,263040,35615,3640,4366,181077,306663,487741,114332,0,11883,0,104909,126215,231125
port57,2026-03-03,Antwerp,14,4,9,1,35,28,63,307723,12601,2517,0,33481,322843,356325,358240,41572,7538,0,88721,407352,496073
port57,2026-03-04,Antwerp,15,1,6,3,29,25,54,139984,8477,595,4869,79924,153926,233851,213587,0,5395,7358,23825,226340,250165
port57,2026-03-05,Antwerp,12,1,8,5,28,26,54,94586,0,3249,1828,67318,99664,166982,409708,0,7436,5931,41897,423076,464974
port57,2026-03-06,Antwerp,14,2,9,2,36,27,63,141250,0,3994,0,142352,145245,287598,328719,42001,6679,5149,113007,382550,495558
port57,2026-03-07,Antwerp,8,3,7,2,31,20,51,85671,43919,2012,0,47280,131602,178882,219870,20003,6932,6384,243239,253190,496430
port57,2026-03-08,Antwerp,9,1,10,1,21,21,42,49520,0,1788,604,36972,51913,88886,144531,0,8467,978,34418,153976,188395
port57,2026-03-09,Antwerp,5,1,12,2,41,20,61,47263,27440,9482,2736,102297,86922,189219,132925,0,5159,54,61604,138138,199743
port57,2026-03-10,Antwerp,4,1,6,4,22,15,37,4881,0,3255,0,15823,8136,23959,43856,0,2122,4398,17893,50378,68271
port57,2026-03-11,Antwerp,2,0,8,1,21,11,32,36629,0,1345,3011,11371,40986,52358,189219,0,6676,0,53614,195896,249511
port57,2026-03-12,Antwerp,3,1,5,2,29,11,40,56026,14789,24395,4075,87557,99286,186844,20631,7369,2400,0,55424,30402,85827
port57,2026-03-13,Antwerp,12,2,13,2,30,29,59,456983,29639,4303,1226,117959,492152,610112,346560,0,17184,4437,14164,368182,382346
port57,2026-03-14,Antwerp,13,1,15,3,35,32,67,52533,22976,3885,110,280930,79505,360435,412056,0,14516,6292,64371,432866,497237
port57,2026-03-15,Antwerp,17,2,6,2,34,27,61,457771,4842,2575,360,91790,465550,557341,217938,0,2312,1770,88660,222021,310681
port57,2026-03-16,Antwerp,13,4,10,3,33,30,63,476893,19642,4915,656,70429,502108,572537,117003,57296,14774,5503,97461,194577,292039
port57,2026-03-17,Antwerp,17,3,11,2,35,33,68,292324,0,6829,2570,129629,301725,431355,415222,30677,15038,1024,81203,461962,543166
port57,2026-03-18,Antwerp,13,1,15,3,38,32,70,172624,0,10475,4447,53447,187547,240994,189255,0,6997,861,90822,197113,287936
port57,2026-03-19,Antwerp,19,2,6,3,37,30,67,585178,28394,3401,2132,114751,619106,733858,484895,0,3413,1761,113529,490070,603599
port57,2026-03-20,Antwerp,10,2,9,3,28,24,52,57853,75714,3963,0,174645,137530,312175,137260,0,6077,4234,125219,147572,272791
port57,2026-03-21,Antwerp,15,2,11,2,45,30,75,117095,52701,5031,360,209271,175188,384460,133095,6678,7727,2717,143875,150218,294093
port57,2026-03-22,Antwerp,8,2,9,3,28,22,50,181256,47432,4616,0,181650,233304,414955,67999,41633,5253,4043,109103,118929,228033
port57,2026-03-23,Antwerp,16,3,4,4,36,27,63,336414,164303,12473,5590,163042,518783,681826,278125,0,3114,4967,93857,286207,380064
port57,2026-03-24,Antwerp,13,2,11,4,35,30,65,365725,26775,5810,3604,129450,401916,531367,157276,0,7048,9573,48218,173898,222116
port57,2026-03-25,Antwerp,10,1,7,0,30,18,48,95964,37835,4461,0,58876,138262,197138,114595,0,4534,0,128466,119130,247596
port57,2026-03-26,Antwerp,15,1,5,3,35,24,59,246555,3260,9042,360,162117,259219,421336,169351,0,5422,1770,95904,176544,272449
port57,2026-03-27,Antwerp,9,2,9,2,37,22,59,137849,1873,2517,0,112569,142240,254809,151906,30025,6520,2100,87622,190553,278176
port57,2026-03-28,Antwerp,14,2,3,2,30,21,51,65247,76227,1327,1924,117744,144726,262471,549810,0,17982,0,119254,567793,687047
port57,2026-03-29,Antwerp,13,2,5,2,29,22,51,146951,0,2841,604,88848,150397,239245,299270,1204,3898,978,89040,305352,394393
port57,2026-03-30,Antwerp,12,3,10,3,40,28,68,485819,0,4579,0,43943,490398,534341,223759,0,12272,656,204867,236688,441555
port57,2026-03-31,Antwerp,10,2,5,0,25,17,42,115564,34367,1785,0,56533,151716,208250,131649,0,2739,0,73938,134389,208328
port57,2026-04-01,Antwerp,20,2,13,4,34,39,73,144251,23730,9301,3604,168186,180888,349074,510885,0,13313,4553,80225,528753,608979
port57,2026-04-02,Antwerp,13,4,11,3,35,31,66,134602,122107,3453,0,81689,260163,341853,129679,3713,12020,1752,81372,147166,228538
port57,2026-04-03,Antwerp,14,2,8,2,29,26,55,465790,33840,4069,0,123487,503701,627188,201302,0,5183,1924,110511,208410,318922
port57,2026-04-04,Antwerp,12,2,9,1,37,24,61,127685,39988,3726,4025,137973,175425,313399,296877,0,11031,0,106590,307909,414499
port57,2026-04-05,Antwerp,13,0,2,1,29,16,45,52502,0,1190,0,89993,53692,143686,559489,0,616,2643,44334,562749,607084
port57,2026-04-06,Antwerp,10,3,5,3,24,21,45,180965,66782,3111,1971,16963,252831,269795,337250,7369,2101,7032,71940,353753,425694
port57,2026-04-07,Antwerp,13,0,8,2,22,23,45,218716,0,7064,1202,17647,226983,244631,100610,0,3137,1770,18895,105517,124413
port57,2026-04-08,Antwerp,15,3,10,1,34,29,63,240867,24757,4560,0,81312,270185,351498,223370,6678,5734,0,128366,235783,364150
port57,2026-04-09,Antwerp,11,2,9,2,37,24,61,179667,18954,3402,0,59307,202024,261332,61206,0,8808,1761,77482,71776,149258
port57,2026-04-10,Antwerp,0,0,3,1,23,4,27,0,0,1785,360,22153,2146,24299,0,0,925,1770,16695,2695,19390
port57,2026-04-11,Antwerp,2,4,5,2,27,13,40,16588,8132,1993,2763,44294,29478,73772,25280,72177,6034,3183,128195,106676,234871
port57,2026-04-12,Antwerp,6,2,11,1,31,20,51,44856,0,11036,3594,180141,59487,239628,107711,0,6623,0,77583,114334,191918
port57,2026-04-13,Antwerp,9,1,8,1,39,19,58,224971,0,4218,1818,125890,231008,356899,109824,31703,3407,0,74692,144935,219628
port57,2026-04-14,Antwerp,9,1,8,1,33,19,52,51287,32406,8728,0,132861,92422,225283,201666,0,7278,2968,82056,211913,293969
port57,2026-04-15,Antwerp,13,1,10,3,35,27,62,215614,0,3877,4831,56723,224323,281047,191417,22753,7260,6049,78845,227480,306325
port57,2026-04-16,Antwerp,12,1,10,3,35,26,61,361224,6813,6241,1738,96666,376017,472684,179651,0,6879,0,127460,186530,313991
port57,2026-04-17,Antwerp,12,0,9,2,32,23,55,38443,0,3202,0,102738,41645,144384,185542,0,22884,5687,65670,214114,279784
port57,2026-04-18,Antwerp,12,1,6,0,39,19,58,372578,0,3764,0,96503,376342,472845,202704,0,6157,0,153643,208861,362505
port57,2026-04-19,Antwerp,13,1,6,2,32,22,54,307767,0,6044,360,100554,314172,414727,201099,34260,3879,1770,88209,241008,329218
port57,2026-04-20,Antwerp,18,0,5,2,29,25,54,197928,0,2517,5291,83854,205737,289592,378300,0,3960,1167,31552,383428,414981
port57,2026-04-21,Antwerp,13,1,13,5,32,32,64,265390,0,2535,2726,93964,270653,364617,121622,0,12717,5337,174299,139678,313978
port57,2026-04-22,Antwerp,14,1,9,3,29,27,56,263622,22212,4945,1226,85309,292008,377317,437542,0,4757,1090,177257,443390,620647
port57,2026-04-23,Antwerp,12,1,11,2,30,26,56,302223,66733,6286,4518,72712,379761,452474,191213,0,12265,0,70191,203479,273670
port57,2026-04-24,Antwerp,12,1,10,3,37,26,63,452151,12601,5961,0,147311,470715,618027,237311,6678,7786,4025,42513,255801,298315
port57,2026-04-25,Antwerp,13,3,4,2,41,22,63,356311,23497,4239,0,92594,384049,476643,208077,0,1173,6287,112862,215538,328400
port57,2026-04-26,Antwerp,16,1,5,1,28,23,51,57449,0,8388,604,47057,66442,113499,532432,19729,8748,978,59426,561888,621314
port57,2026-04-27,Antwerp,15,4,16,4,31,39,70,338301,87755,9684,1018,67266,436759,504026,230068,0,9249,3905,59140,243223,302364
port57,2026-04-28,Antwerp,9,1,10,3,39,23,62,37958,33307,4454,5674,155635,81394,237029,123988,0,7494,1090,101647,132572,234220
port57,2026-04-29,Antwerp,13,2,6,4,36,25,61,140331,90695,1734,0,143439,232761,376201,513091,0,15081,7922,114268,536095,650363
port57,2026-04-30,Antwerp,10,2,10,1,36,23,59,377211,44986,3547,0,117745,425745,543491,61485,0,7726,0,103184,69212,172397
port57,2026-05-01,Antwerp,16,0,2,4,37,22,59,425950,0,595,0,102028,426545,528574,535532,0,4666,6889,36255,547088,583344
port57,2026-05-02,Antwerp,10,1,7,3,38,21,59,100144,14789,3386,604,90135,118924,209060,365472,7369,6844,6600,70537,386287,456824
port57,2026-05-03,Antwerp,16,3,6,0,21,25,46,263793,32759,5774,0,72078,302327,374406,216485,42227,616,0,25955,259330,285285
port57,2026-05-04,Antwerp,15,2,8,4,34,29,63,277344,0,5175,1735,45789,284255,330044,237724,27133,1542,0,83902,266400,350303
port57,2026-05-05,Antwerp,12,2,11,2,35,27,62,199457,16470,22707,360,52788,238995,291783,139160,6678,10965,6430,39385,163235,202620
port57,2026-05-06,Antwerp,14,1,10,2,30,27,57,265181,0,8090,360,33645,273632,307277,113514,0,5106,4065,82687,122686,205374
port57,2026-05-07,Antwerp,15,0,12,3,34,30,64,333695,0,2431,3936,176331,340063,516394,349475,0,18042,2392,41541,369910,411452
port57,2026-05-08,Antwerp,10,0,6,2,41,18,59,198581,0,4605,0,41590,203186,244776,269140,0,3347,4025,75225,276513,351738
port57,2026-05-09,Antwerp,9,2,6,3,35,20,55,151561,14789,4809,360,78989,171521,250510,119424,7369,3702,3172,118532,133670,252202
port57,2026-05-10,Antwerp,10,1,8,5,39,24,63,19212,28283,17384,10918,66746,75798,142544,220520,0,1481,4996,107927,226998,334926
port57,2026-05-11,Antwerp,13,1,8,0,25,22,47,294346,12510,4303,0,48274,311160,359434,298521,0,3023,0,35745,301545,337291
port57,2026-05-12,Antwerp,11,2,6,1,25,20,45,430941,26623,5155,3604,137363,466325,603688,205776,0,1464,0,48566,207240,255807
port57,2026-05-13,Antwerp,16,2,8,4,30,30,60,69348,45376,6790,4796,64804,126312,191116,369399,0,11414,5601,66182,386415,452598
port57,2026-05-14,Antwerp,14,1,8,1,44,24,68,98194,0,8673,0,143262,106867,250130,226670,0,13181,2407,128093,242258,370351
port57,2026-05-15,Antwerp,13,0,10,5,37,28,65,133128,0,6775,3280,117704,143184,260888,247287,0,7747,4571,152827,259606,412433
port57,2026-05-16,Antwerp,17,2,7,3,33,29,62,119598,0,3494,8633,154761,131725,286487,445937,27557,5056,551,140610,479103,619714
port57,2026-05-17,Antwerp,11,2,10,0,37,23,60,203427,12601,3111,0,100371,219140,319512,179694,6678,6155,0,89689,192528,282218
port57,2026-05-18,Antwerp,12,2,8,2,36,24,60,170043,38490,6043,589,120208,215167,335375,149450,26350,4797,657,97289,181256,278546
port57,2026-05-19,Antwerp,14,0,8,3,33,25,58,120250,0,4530,0,18084,124781,142865,225690,0,9109,5984,87185,240783,327968
port57,2026-05-20,Antwerp,14,4,13,1,35,32,67,959152,44175,17079,604,99679,1021011,1120691,133986,0,10884,978,86013,145848,231861
port57,2026-05-21,Antwerp,11,2,10,2,32,25,57,135956,14789,2998,3808,115243,157553,272797,212723,7369,11304,3071,86182,234468,320650
port57,2026-05-22,Antwerp,12,0,7,1,29,20,49,27017,0,1922,0,110176,28939,139116,216048,0,5642,0,131622,221691,353313
port57,2026-05-23,Antwerp,12,2,7,2,32,23,55,66680,28735,3569,604,102309,99590,201900,229350,11646,2888,4534,114245,248419,362665
port57,2026-05-24,Antwerp,7,1,8,0,34,16,50,77646,0,8576,0,137498,86223,223721,111331,0,2406,0,183684,113738,297423
port57,2026-05-25,Antwerp,12,2,6,1,31,21,52,574429,0,8340,657,65752,583427,649180,262234,17705,2040,0,32411,281980,314391
port57,2026-05-26,Antwerp,11,2,4,1,30,18,48,617830,14789,2653,0,96376,635274,731650,57360,7369,2657,0,45567,67387,112954
port57,2026-05-27,Antwerp,12,1,14,1,23,28,51,203079,14789,6547,2343,116200,226760,342961,162006,7369,15270,0,67606,184646,252252
port57,2026-05-28,Antwerp,14,3,4,3,41,24,65,404874,29579,1241,360,77665,436057,513722,77900,14739,2967,3508,256453,99115,355568
port57,2026-05-29,Antwerp,14,0,8,3,32,25,57,180506,0,3618,0,99071,184125,283196,343033,0,6179,0,49483,349212,398696
port581,2025-12-21,Kobe,15,0,7,3,4,25,29,34218,0,594,0,2348,34813,37162,43778,0,3755,5151,1525,52685,54211
port581,2025-12-22,Kobe,12,1,8,2,9,23,32,63191,554,1891,39,16500,65677,82178,24313,0,3224,1268,2043,28806,30850
port581,2025-12-23,Kobe,13,3,12,1,7,29,36,22435,573,1167,0,9864,24176,34040,56900,25250,6265,0,366,88416,88783
port581,2025-12-24,Kobe,17,2,13,2,4,34,38,64154,1209,1516,0,3374,66880,70254,67096,1912,8624,0,588,77633,78221
port581,2025-12-25,Kobe,12,2,7,1,6,22,28,1215,2070,594,0,8061,3881,11942,42730,307,4170,509,2431,47719,50150
port581,2025-12-26,Kobe,10,2,5,1,5,18,23,13736,14419,2262,0,5480,30418,35898,75409,1633,2212,1721,480,80976,81457
port581,2025-12-27,Kobe,7,2,7,2,6,18,24,6207,19222,793,0,8916,26223,35140,18068,1983,4131,0,1045,24183,25228
port581,2025-12-28,Kobe,11,2,8,2,2,23,25,27574,3196,1189,0,1884,31960,33845,26980,0,6268,7647,480,40896,41376
port581,2025-12-29,Kobe,18,0,2,0,9,20,29,48209,0,198,0,12903,48407,61310,28937,0,774,0,2213,29711,31925
port581,2025-12-30,Kobe,14,0,1,0,4,15,19,41697,0,198,0,8009,41895,49905,12266,0,774,0,739,13040,13779
port581,2025-12-31,Kobe,3,1,0,0,4,4,8,0,18649,0,0,9370,18649,28020,6496,1603,0,0,366,8099,8466
port581,2026-01-01,Kobe,7,0,2,0,2,9,11,6301,0,769,0,606,7071,7677,53126,0,595,0,480,53722,54202
port581,2026-01-02,Kobe,6,0,0,1,2,7,9,8238,0,0,0,4798,8238,13037,11588,0,0,0,0,11588,11588
port581,2026-01-03,Kobe,4,1,2,0,4,7,11,1325,18649,396,0,499,20371,20870,6610,1603,1548,0,1002,9762,10764
port581,2026-01-04,Kobe,5,1,4,0,4,10,14,32291,18649,396,0,1673,51337,53011,1985,1603,3267,0,653,6856,7510
port581,2026-01-05,Kobe,11,3,10,5,8,29,37,48094,110464,1121,0,21596,159679,181276,15088,0,4772,6612,1445,26474,27919
port581,2026-01-06,Kobe,12,0,1,2,8,15,23,37598,0,0,39,6282,37637,43920,14290,0,539,1268,2283,16098,18382
port581,2026-01-07,Kobe,16,5,3,2,8,26,34,60379,57428,1408,0,4735,119217,123952,28404,2939,4155,0,3198,35499,38697
port581,2026-01-08,Kobe,8,1,6,0,7,15,22,28412,141,526,0,3040,29080,32121,5494,1157,4828,0,13058,11480,24538
port581,2026-01-09,Kobe,13,3,11,1,15,28,43,21874,22135,3641,0,11049,47651,58701,23282,1983,6256,0,2892,31522,34415
port581,2026-01-10,Kobe,8,1,4,1,7,14,21,33805,313,594,0,6607,34713,41321,11133,397,3183,2361,1346,17075,18422
port581,2026-01-11,Kobe,8,2,3,1,3,14,17,30353,18649,198,0,1700,49201,50902,5403,4917,2173,0,108,12493,12602
port581,2026-01-12,Kobe,11,1,9,1,0,22,22,62469,0,724,0,0,63194,63194,7082,0,10035,0,0,17118,17118
port581,2026-01-13,Kobe,13,1,6,1,11,21,32,32967,0,198,0,14222,33166,47388,22780,646,2363,514,2566,26304,28871
port581,2026-01-14,Kobe,13,3,7,0,3,23,26,24786,33500,594,0,1193,58882,60076,51661,2459,2909,0,869,57030,57900
port581,2026-01-15,Kobe,12,4,13,2,6,31,37,30595,103473,2561,0,2598,136630,139229,33618,3206,8152,0,480,44977,45457
port581,2026-01-16,Kobe,10,5,7,1,10,23,33,16462,9083,0,0,14887,25546,40433,38852,2139,6188,3577,1478,50758,52236
port581,2026-01-17,Kobe,7,1,2,0,7,10,17,12544,0,0,0,9682,12544,22227,12949,183,2038,0,258,15171,15430
port581,2026-01-18,Kobe,11,4,11,1,8,27,35,35025,75862,1388,0,5878,112276,118154,14382,1026,6816,0,1153,22224,23378
port581,2026-01-19,Kobe,14,1,5,1,7,21,28,43981,1645,480,0,6191,46107,52299,22594,0,1676,3224,1176,27494,28671
port581,2026-01-20,Kobe,14,4,11,3,3,32,35,32684,13789,1716,0,0,48189,48189,41582,760,10502,2147,0,54992,54992
port581,2026-01-21,Kobe,11,3,12,4,7,30,37,21867,54007,1519,1542,9233,78937,88170,33905,1983,9033,5985,1448,50907,52355
port581,2026-01-22,Kobe,6,4,8,2,7,20,27,15752,85530,1068,0,17671,102351,120022,39690,3872,4176,0,1053,47739,48792
port581,2026-01-23,Kobe,12,1,8,2,7,23,30,42374,0,2054,0,7592,44428,52021,35400,1036,2322,0,2191,38759,40950
port581,2026-01-24,Kobe,9,2,9,1,14,21,35,22252,0,991,39,18900,23283,42183,19130,538,4330,1268,9718,25266,34985
port581,2026-01-25,Kobe,15,1,9,1,7,26,33,61051,0,594,39,3054,61686,64740,33208,1820,7023,1268,1103,43320,44424
port581,2026-01-26,Kobe,15,2,9,2,11,28,39,30439,20245,793,0,10189,51477,61667,33871,1603,3096,0,2307,38571,40878
port581,2026-01-27,Kobe,16,2,5,2,13,25,38,23621,573,596,1163,8203,25954,34158,112829,1304,4557,0,6356,118691,125047
port581,2026-01-28,Kobe,16,0,1,3,4,20,24,30808,0,198,984,17356,31991,49348,42077,0,774,0,475,42851,43326
port581,2026-01-29,Kobe,7,3,9,2,7,21,28,29477,77088,1121,0,4185,107687,111872,23863,380,6374,0,2660,30618,33278
port581,2026-01-30,Kobe,13,1,5,2,7,21,28,31573,0,526,0,11058,32099,43158,26332,181,4142,8600,1807,39257,41065
port581,2026-01-31,Kobe,12,3,1,1,9,17,26,55265,2671,198,0,5679,58135,63814,30038,1304,774,0,2571,32117,34688
port581,2026-02-01,Kobe,10,2,10,2,4,24,28,30659,66933,1066,39,7772,98700,106473,38973,0,3871,2433,739,45278,46017
port581,2026-02-02,Kobe,17,1,7,1,5,26,31,69203,18649,1339,0,9479,89192,98671,72248,1603,2322,511,824,76685,77509
port581,2026-02-03,Kobe,7,3,4,1,5,15,20,16494,17246,198,0,7749,33939,41688,12014,646,2244,0,739,14905,15644
port581,2026-02-04,Kobe,15,4,11,2,7,32,39,38215,29256,1784,0,11920,69256,81177,85434,924,6968,0,1040,93327,94367
port581,2026-02-05,Kobe,8,1,18,2,2,29,31,1978,0,2064,39,3145,4081,7227,19947,718,7376,2290,108,30332,30440
port581,2026-02-06,Kobe,7,3,8,1,12,19,31,16275,1146,991,0,11320,18412,29733,16414,1716,5056,3413,6038,26601,32640
port581,2026-02-07,Kobe,9,3,3,0,4,15,19,32233,19222,959,0,1213,52415,53628,26245,1983,774,0,960,29003,29963
port581,2026-02-08,Kobe,11,1,7,2,3,21,24,57321,56012,593,0,7753,113928,121681,22389,0,2485,2180,258,27055,27314
port581,2026-02-09,Kobe,12,2,12,4,9,30,39,35730,223296,1813,0,10914,260839,271754,11018,1603,5419,2417,6092,20459,26551
port581,2026-02-10,Kobe,15,2,2,0,8,19,27,52088,573,396,0,10485,53058,63543,32251,1981,1548,0,1892,35781,37674
port581,2026-02-11,Kobe,14,2,5,1,5,22,27,41472,1209,1493,0,2956,44175,47132,39290,358,3156,0,588,42806,43395
port581,2026-02-12,Kobe,9,3,13,2,4,27,31,28453,2098,1663,0,449,32215,32664,54423,2926,11191,1022,1187,69563,70751
port581,2026-02-13,Kobe,11,5,3,1,16,20,36,57921,125243,658,0,12556,183823,196379,33367,3852,1676,3940,2369,42837,45206
port581,2026-02-14,Kobe,8,0,4,1,6,13,19,32943,0,594,0,5312,33538,38850,24276,0,4019,0,652,28296,28948
port581,2026-02-15,Kobe,7,1,11,1,6,20,26,19956,29207,1540,0,9514,50704,60219,11793,0,5417,3210,1784,20421,22205
port581,2026-02-16,Kobe,15,1,5,5,8,26,34,31600,0,198,79,15783,31878,47661,31603,0,774,4595,625,36973,37598
port581,2026-02-17,Kobe,14,3,5,2,5,24,29,61684,19107,658,0,10552,81450,92003,45173,380,2769,603,475,48926,49401
port581,2026-02-18,Kobe,14,4,8,1,3,27,30,17083,75542,1798,0,6319,94425,100744,16145,2760,5289,2855,258,27050,27309
port581,2026-02-19,Kobe,9,2,7,1,8,19,27,13190,11050,198,0,15172,24440,39612,30581,380,4205,0,2705,35166,37872
port581,2026-02-20,Kobe,6,2,3,0,4,11,15,9036,1598,1436,0,3442,12071,15514,10884,1912,622,0,1153,13419,14572
port581,2026-02-21,Kobe,12,1,6,3,8,22,30,33860,0,991,0,6536,34851,41387,38912,1191,4105,4110,1519,48319,49839
port581,2026-02-22,Kobe,8,1,4,1,6,14,20,38979,18649,594,0,6286,58224,64510,21062,1603,2322,4255,1176,29243,30420
port581,2026-02-23,Kobe,11,3,11,3,9,28,37,28173,34667,922,2590,9403,66353,75757,17059,380,9841,0,1808,27281,29090
port581,2026-02-24,Kobe,11,2,7,2,7,22,29,29558,1982,991,0,15484,32532,48016,32778,380,3871,0,258,37029,37288
port581,2026-02-25,Kobe,9,1,9,1,8,20,28,12116,18649,3625,0,11473,34391,45864,31886,1603,7581,0,1892,41070,42963
port581,2026-02-26,Kobe,10,4,8,2,8,24,32,6838,61281,1086,75,40193,69282,109475,60199,2636,4629,4772,1261,72238,73500
port581,2026-02-27,Kobe,11,4,8,2,11,25,36,54778,5515,922,0,13243,61216,74460,19353,380,5411,1165,2457,26310,28768
port581,2026-02-28,Kobe,9,2,7,2,5,20,25,44454,19222,734,39,13304,64451,77755,38309,1983,3559,4495,997,48346,49344
port581,2026-03-01,Kobe,10,3,9,2,5,24,29,18701,6994,2242,0,2571,27938,30509,48721,1157,3487,421,565,53787,54353
port581,2026-03-02,Kobe,14,1,9,2,9,26,35,21094,0,993,0,9155,22088,31243,36248,0,2560,0,9455,38808,48264
port581,2026-03-03,Kobe,14,2,4,2,6,22,28,69138,85961,396,0,1213,155496,156709,53438,380,6265,2955,960,63039,63999
port581,2026-03-04,Kobe,10,0,4,1,4,15,19,20069,0,396,0,5955,20465,26420,32682,0,1548,0,0,34231,34231
port581,2026-03-05,Kobe,11,2,7,3,6,23,29,18045,28354,15117,79,7611,61596,69208,54525,554,3096,4927,983,63104,64087
port581,2026-03-06,Kobe,10,2,12,2,8,26,34,6589,83244,1368,0,6425,91202,97628,41098,0,7424,0,1711,48522,50233
port581,2026-03-07,Kobe,10,1,4,1,14,16,30,13416,0,396,39,8642,13853,22495,68543,516,1967,1268,1633,72295,73929
port581,2026-03-08,Kobe,11,1,7,1,6,20,26,117316,29773,854,39,5322,147984,153306,29761,0,6453,1268,4191,37484,41676
port581,2026-03-09,Kobe,12,1,15,2,5,30,35,50304,1338,991,0,2307,52635,54942,7867,0,6238,0,1749,14105,15855
port581,2026-03-10,Kobe,15,3,3,2,9,23,32,43416,12257,696,0,12708,56370,69078,38152,380,1548,511,2288,40592,42881
port581,2026-03-11,Kobe,15,2,8,2,7,27,34,35818,1467,1189,4120,6222,42595,48817,58888,380,4645,27,925,63940,64866
port581,2026-03-12,Kobe,8,1,7,2,11,18,29,5495,32408,1621,103,13562,39628,53190,13503,0,3096,509,2085,17109,19195
port581,2026-03-13,Kobe,8,4,9,3,5,24,29,49502,3691,526,0,4013,53720,57733,11956,777,5273,9348,2175,27355,29531
port581,2026-03-14,Kobe,3,0,3,0,4,6,10,14206,0,396,0,9720,14603,24324,25216,0,1548,0,475,26764,27239
port581,2026-03-15,Kobe,13,7,10,1,6,31,37,27307,60265,991,0,12231,88564,100796,46948,777,8915,511,1479,57152,58632
port581,2026-03-16,Kobe,12,1,4,1,7,18,25,32242,0,553,0,3401,32796,36197,15964,554,1676,0,775,18194,18970
port581,2026-03-17,Kobe,15,1,9,1,11,26,37,31861,1642,666,0,8585,34169,42755,34521,0,3864,0,3072,38385,41458
port581,2026-03-18,Kobe,19,4,5,1,14,29,43,30612,12053,594,0,17133,43261,60394,63774,309,2322,3796,2000,70203,72203
port581,2026-03-19,Kobe,10,2,7,2,8,21,29,19650,18649,2842,0,12528,41142,53670,39001,4317,3871,2052,955,49242,50198
port581,2026-03-20,Kobe,9,1,7,2,6,19,25,8023,2822,328,0,2390,11174,13564,41042,0,2918,7358,746,51319,52066
port581,2026-03-21,Kobe,8,2,6,0,6,16,22,38919,714,198,0,2848,39832,42681,13994,1537,5411,0,565,20943,21508
port581,2026-03-22,Kobe,12,3,4,0,5,19,24,70840,146,396,0,2836,71383,74220,19537,0,1548,0,7199,21085,28285
port581,2026-03-23,Kobe,12,1,11,4,5,28,33,48084,1209,991,0,8583,50285,58869,13768,0,5097,195,258,19061,19320
port581,2026-03-24,Kobe,17,1,7,3,9,28,37,81198,18649,1189,0,12938,101037,113976,24953,1603,5847,3507,1111,35911,37022
port581,2026-03-25,Kobe,12,0,5,3,7,20,27,46990,0,328,984,10463,48302,58766,43679,0,4848,0,1304,48527,49831
port581,2026-03-26,Kobe,9,1,6,1,4,17,21,11547,18649,594,0,120,30792,30912,52590,1603,5302,0,2211,59495,61706
port581,2026-03-27,Kobe,11,2,9,1,10,23,33,23419,89356,724,0,11927,113500,125428,27402,0,6993,1807,1525,36202,37728
port581,2026-03-28,Kobe,9,1,8,3,5,21,26,11132,0,594,39,3608,11766,15375,25902,0,2415,4838,2789,33155,35944
port581,2026-03-29,Kobe,14,3,13,0,8,30,38,37182,1764,1921,0,13487,40868,54356,50267,553,7467,0,1784,58287,60072
port581,2026-03-30,Kobe,12,0,12,4,5,28,33,68844,0,1121,0,3257,69965,73222,17110,0,7597,2237,1185,26945,28131
port581,2026-03-31,Kobe,14,1,3,0,8,18,26,42745,0,396,0,10376,43141,53518,34567,0,1548,0,1045,36116,37161
port581,2026-04-01,Kobe,16,1,6,0,7,23,30,45163,29231,547,0,8746,74942,83688,64780,0,3146,0,1871,67927,69798
port581,2026-04-02,Kobe,9,2,4,2,3,17,20,11330,359,724,0,946,12414,13361,21352,0,3224,2181,557,26758,27316
port581,2026-04-03,Kobe,6,0,9,1,8,16,24,9511,0,1103,0,8389,10614,19004,36696,0,4363,400,2888,41460,44349
port581,2026-04-04,Kobe,9,1,6,1,6,17,23,22274,573,784,0,2649,23631,26281,30949,380,1548,2777,1067,35655,36723
port581,2026-04-05,Kobe,7,1,8,1,8,17,25,48896,1209,1165,39,37031,51312,88344,15052,0,4053,1268,588,20373,20962
port581,2026-04-06,Kobe,17,0,9,3,9,29,38,67270,0,793,0,11449,68063,79512,31804,0,4411,0,2190,36216,38406
port581,2026-04-07,Kobe,9,2,8,1,4,20,24,34523,13330,1144,0,627,48997,49625,48538,0,3871,4537,480,56947,57427
port581,2026-04-08,Kobe,16,3,3,2,8,24,32,42256,53361,396,1024,13462,97038,110501,47994,0,4859,1268,739,54123,54862
port581,2026-04-09,Kobe,11,3,2,1,11,17,28,10831,62545,198,0,9436,73574,83011,45155,380,774,8298,2599,54607,57207
port581,2026-04-10,Kobe,10,2,10,2,6,24,30,19982,573,1287,0,4568,21843,26411,31138,1026,9047,0,939,41212,42152
port581,2026-04-11,Kobe,9,0,10,1,4,20,24,21093,0,1290,0,7454,22383,29838,9652,0,5503,0,1177,15155,16333
port581,2026-04-12,Kobe,8,1,5,1,7,15,22,12401,845,895,75,7205,14218,21423,32753,0,2322,1274,777,36351,37128
port581,2026-04-13,Kobe,15,2,13,2,9,32,41,51874,25318,1714,0,11905,78907,90813,20759,0,5973,0,2237,26732,28970
port581,2026-04-14,Kobe,15,0,5,3,11,23,34,57837,0,793,79,6977,58710,65687,52449,0,3480,2536,3273,58467,61740
port581,2026-04-15,Kobe,13,3,2,1,8,19,27,56008,33684,198,0,5551,89891,95442,94188,397,1878,0,1505,96463,97968
port581,2026-04-16,Kobe,17,0,6,2,8,25,33,36207,0,793,39,12249,37040,49289,27891,0,5118,1268,2185,34278,36464
port581,2026-04-17,Kobe,9,1,6,0,8,16,24,16776,26090,1460,0,5940,44328,50268,36266,0,1810,0,728,38076,38804
port581,2026-04-18,Kobe,5,1,4,1,12,11,23,5829,18649,396,0,16805,24875,41681,11495,1603,3014,7232,3020,23345,26365
port581,2026-04-19,Kobe,10,4,17,2,7,33,40,74931,4269,2210,0,3246,81412,84659,30553,4038,10755,5503,1914,50851,52765
port581,2026-04-20,Kobe,10,1,9,1,5,21,26,27632,18649,724,0,5093,47006,52099,10056,1603,7389,0,1682,19048,20730
port581,2026-04-21,Kobe,14,2,8,6,8,30,38,46571,27833,991,781,5049,76178,81228,28496,36149,4711,4819,1729,74176,75906
port581,2026-04-22,Kobe,10,1,10,1,5,22,27,38704,0,1189,984,8346,40879,49225,59207,676,6818,0,588,66701,67290
port581,2026-04-23,Kobe,15,0,7,0,6,22,28,39767,0,793,0,13198,40561,53759,30205,0,4149,0,1699,34355,36054
port581,2026-04-24,Kobe,9,4,5,3,9,21,30,20136,1061,331,39,5951,21569,27521,37191,777,1343,1268,588,40579,41168
port581,2026-04-25,Kobe,6,2,4,1,7,13,20,20307,61612,466,0,3019,82386,85406,21761,1603,1452,0,1921,24817,26738
port581,2026-04-26,Kobe,11,2,7,3,5,23,28,28169,25017,1058,0,2001,54245,56246,14018,0,3461,886,0,18366,18366
port581,2026-04-27,Kobe,12,0,13,2,9,27,36,20038,0,1319,460,2752,21818,24570,17242,0,7531,2311,224,27084,27308
port581,2026-04-28,Kobe,16,2,2,0,7,20,27,95106,19222,396,0,2085,114725,116810,41393,1983,1548,0,960,44925,45885
port581,2026-04-29,Kobe,15,2,7,2,2,26,28,35696,2297,793,0,820,38786,39607,50764,380,3096,601,480,54842,55323
port581,2026-04-30,Kobe,13,1,4,1,12,19,31,20657,0,198,0,7270,20855,28125,24284,0,2751,2702,2063,29738,31801
port581,2026-05-01,Kobe,8,0,4,0,6,12,18,22746,0,594,0,7025,23341,30366,22250,0,3867,0,2328,26118,28446
port581,2026-05-02,Kobe,9,1,0,0,8,10,18,22574,278,0,0,21164,22852,44017,22669,0,0,0,1435,22669,24105
port581,2026-05-03,Kobe,14,0,5,2,7,21,28,50126,0,922,0,1790,51049,52840,37902,0,3998,8860,5197,50762,55960
port581,2026-05-04,Kobe,10,0,4,1,4,15,19,24683,0,198,0,8710,24881,33591,29367,0,774,0,739,30141,30880
port581,2026-05-05,Kobe,12,0,3,1,4,16,20,27604,0,504,0,9077,28109,37186,26718,0,774,0,739,27492,28231
port581,2026-05-06,Kobe,14,1,6,0,4,21,25,42837,836,1489,0,8664,45163,53828,41977,0,3871,0,258,45848,46106
port581,2026-05-07,Kobe,6,2,7,2,7,17,24,11890,537,1189,0,8626,13617,22243,7193,0,4645,7803,3017,19642,22660
port581,2026-05-08,Kobe,7,2,9,1,11,19,30,39107,1814,801,0,5115,41724,46839,9912,22468,2475,3706,1807,38563,40370
port581,2026-05-09,Kobe,6,0,5,1,6,12,18,5278,0,396,586,7001,6261,13263,21987,0,1817,0,1289,23805,25095
port581,2026-05-10,Kobe,9,1,8,5,5,23,28,57957,18020,922,1064,3499,77964,81463,16370,0,5852,3049,480,25272,25752
port581,2026-05-11,Kobe,15,3,13,2,8,33,41,54779,36808,1388,0,11463,92976,104439,50475,0,5419,0,1520,55895,57415
port581,2026-05-12,Kobe,18,0,4,1,10,23,33,55232,0,594,39,7143,55867,63010,21670,0,3581,1268,2795,26521,29316
port581,2026-05-13,Kobe,14,2,8,2,9,26,35,33935,1338,922,0,14162,36196,50359,51780,2178,5796,4124,1557,63880,65437
port581,2026-05-14,Kobe,9,2,10,2,4,23,27,43901,1912,1694,0,1213,47509,48722,27045,3373,3978,3484,960,37881,38841
port581,2026-05-15,Kobe,10,4,8,1,8,23,31,49264,89591,1329,0,4433,140185,144618,34583,0,4900,0,2432,39483,41915
port581,2026-05-16,Kobe,12,0,5,1,9,18,27,23812,0,1418,39,4780,25270,30051,32158,0,2913,1268,1151,36340,37491
port581,2026-05-17,Kobe,7,1,9,1,1,18,19,5296,62,1189,0,7681,6549,14230,16134,0,7355,780,0,24271,24271
port581,2026-05-18,Kobe,11,3,12,3,9,29,38,20853,887,1909,0,5001,23650,28651,73050,777,5301,979,1749,80108,81858
port581,2026-05-19,Kobe,11,2,5,1,12,19,31,27479,4806,594,0,12254,32881,45135,47945,0,2322,0,2451,50268,52719
port581,2026-05-20,Kobe,16,0,8,2,3,26,29,74773,0,594,0,4918,75368,80286,51863,0,2921,0,1045,54785,55830
port581,2026-05-21,Kobe,11,1,13,1,11,26,37,37497,1338,1586,0,18196,40422,58619,19019,0,9955,0,2724,28975,31700
port581,2026-05-22,Kobe,14,3,5,0,10,22,32,16452,22353,594,0,11854,39400,51254,59989,1983,2505,0,804,64477,65282
port581,2026-05-23,Kobe,8,1,4,1,9,14,23,6561,313,396,0,8374,7271,15646,44450,397,1774,1169,4545,47791,52337
port581,2026-05-24,Kobe,10,1,11,1,7,23,30,30286,14988,1791,0,1282,47066,48349,54713,0,10376,0,960,65090,66050
port581,2026-05-25,Kobe,14,1,15,4,9,34,43,37914,1574,1531,39,14188,41060,55248,32500,0,7314,7262,1892,47078,48970
port581,2026-05-26,Kobe,10,5,10,2,8,27,35,21553,2487,1021,0,8344,25062,33407,13772,27918,7537,6080,1742,55309,57051
port581,2026-05-27,Kobe,16,3,5,4,10,28,38,28198,22446,599,503,4827,51747,56575,105908,1603,3792,2154,2548,113459,116007
port581,2026-05-28,Kobe,9,3,6,0,7,18,25,10621,46653,594,0,10368,57869,68238,25271,1603,3952,0,1966,30827,32793
port581,2026-05-29,Kobe,12,0,6,2,11,20,31,28390,0,922,0,9295,29313,38609,56719,0,3998,1534,1045,62253,63298
port635,2025-12-21,Las Palmas (de Gran Canaria),6,4,3,1,2,14,16,96184,26382,462,881,0,123910,123910,22416,7701,802,0,163,30920,31083
port635,2025-12-22,Las Palmas (de Gran Canaria),4,3,2,2,2,11,13,17351,2575,1048,4051,0,25027,25027,15836,5699,570,111,40443,22218,62662
port635,2025-12-23,Las Palmas (de Gran Canaria),3,2,1,0,4,6,10,10307,2575,0,0,50619,12883,63502,3885,4048,16,0,329,7950,8280
port635,2025-12-24,Las Palmas (de Gran Canaria),4,4,1,1,1,10,11,13878,5151,0,0,0,19030,19030,1262,6162,843,0,0,8268,8268
port635,2025-12-25,Las Palmas (de Gran Canaria),2,5,6,0,7,13,20,2371,4533,2311,0,43449,9216,52665,3365,7849,4241,0,83653,15456,99109
port635,2025-12-26,Las Palmas (de Gran Canaria),5,4,2,1,3,12,15,20903,3525,462,0,18083,24890,42974,3014,3087,873,0,41768,6976,48745
port635,2025-12-27,Las Palmas (de Gran Canaria),1,2,2,0,8,5,13,0,4330,686,0,87381,5016,92397,31544,2392,570,0,3565,34507,38073
port635,2025-12-28,Las Palmas (de Gran Canaria),4,3,2,1,8,10,18,1500,0,462,0,55515,1962,57477,32476,1797,833,0,39318,35107,74425
port635,2025-12-29,Las Palmas (de Gran Canaria),4,6,5,1,3,16,19,44847,3737,204,1976,22942,50765,73707,17613,8416,559,0,9325,26589,35914
port635,2025-12-30,Las Palmas (de Gran Canaria),1,3,3,0,2,7,9,0,0,0,0,6544,0,6544,18699,2524,752,0,761,21976,22737
port635,2025-12-31,Las Palmas (de Gran Canaria),4,9,4,3,3,20,23,13905,60042,462,1779,39290,76189,115479,4413,8390,4326,111,11026,17242,28269
port635,2026-01-01,Las Palmas (de Gran Canaria),0,9,2,0,4,11,15,0,14374,924,0,62737,15299,78037,0,15490,1141,0,3963,16632,20596
port635,2026-01-02,Las Palmas (de Gran Canaria),6,5,2,1,4,14,18,13888,5151,462,0,18637,19502,38140,14254,6383,570,0,5095,21208,26304
port635,2026-01-03,Las Palmas (de Gran Canaria),3,4,4,0,3,11,14,10087,414,631,0,28703,11132,39835,3016,5834,2167,0,727,11019,11746
port635,2026-01-04,Las Palmas (de Gran Canaria),3,2,3,2,1,10,11,57060,2575,1941,1885,0,63463,63463,3016,3486,1141,111,987,7757,8744
port635,2026-01-05,Las Palmas (de Gran Canaria),3,3,0,1,3,7,10,0,5151,0,2859,4542,8011,12554,4153,5894,0,0,5515,10047,15563
port635,2026-01-06,Las Palmas (de Gran Canaria),3,3,1,0,8,7,15,57107,5151,315,0,78943,62575,141518,0,8598,997,0,6829,9595,16424
port635,2026-01-07,Las Palmas (de Gran Canaria),4,3,2,0,2,9,11,22740,891,235,0,0,23867,23867,0,661,470,0,0,1131,1131
port635,2026-01-08,Las Palmas (de Gran Canaria),6,5,1,1,2,13,15,11878,60515,462,0,28692,72856,101549,5178,5174,570,0,392,10923,11316
port635,2026-01-09,Las Palmas (de Gran Canaria),2,5,3,0,3,10,13,0,10303,572,0,9199,10876,20076,18170,9569,2576,0,35071,30316,65388
port635,2026-01-10,Las Palmas (de Gran Canaria),1,5,2,0,6,8,14,0,7216,462,0,45941,7678,53620,607,8908,570,0,44324,10086,54411
port635,2026-01-11,Las Palmas (de Gran Canaria),5,9,3,1,2,18,20,8325,7482,2020,0,18399,17828,36227,33522,62751,950,881,5095,98106,103202
port635,2026-01-12,Las Palmas (de Gran Canaria),3,2,1,3,4,9,13,7893,5151,0,3571,4542,16617,21159,37740,4784,4805,1395,8430,48726,57157
port635,2026-01-13,Las Palmas (de Gran Canaria),4,5,4,0,1,13,14,32767,3151,1802,0,25022,37721,62743,12745,9788,1586,0,0,24120,24120
port635,2026-01-14,Las Palmas (de Gran Canaria),5,2,1,0,5,8,13,3496,0,0,0,69794,3496,73291,37363,582,459,0,3131,38405,41537
port635,2026-01-15,Las Palmas (de Gran Canaria),2,4,1,0,2,7,9,3833,29889,0,0,0,33723,33723,28835,8526,248,0,143741,37610,181351
port635,2026-01-16,Las Palmas (de Gran Canaria),4,6,1,1,0,12,12,1057,1495,0,0,0,2553,2553,56074,3018,466,0,0,59559,59559
port635,2026-01-17,Las Palmas (de Gran Canaria),3,2,1,0,2,6,8,1779,0,462,0,4542,2242,6784,3868,579,570,0,4229,5018,9247
port635,2026-01-18,Las Palmas (de Gran Canaria),4,0,2,1,1,7,8,25100,0,1475,1136,0,27712,27712,3016,0,570,0,1640,3587,5228
port635,2026-01-19,Las Palmas (de Gran Canaria),6,4,1,3,2,14,16,44864,16798,0,4051,9628,65713,75342,4263,7816,0,111,2547,12191,14739
port635,2026-01-20,Las Palmas (de Gran Canaria),4,3,2,0,4,9,13,55767,15501,260,0,53315,71530,124845,9028,4286,0,0,147531,13314,160846
port635,2026-01-21,Las Palmas (de Gran Canaria),6,4,3,1,2,14,16,35159,7727,462,0,41192,43349,84542,25153,9108,668,0,0,34930,34930
port635,2026-01-22,Las Palmas (de Gran Canaria),2,0,7,0,4,9,13,6272,0,2164,0,46526,8437,54963,4412,0,3748,0,6777,8161,14938
port635,2026-01-23,Las Palmas (de Gran Canaria),3,4,3,0,4,10,14,12391,8142,742,0,4718,21276,25994,3016,8573,2109,0,38043,13699,51742
port635,2026-01-24,Las Palmas (de Gran Canaria),2,2,1,0,1,5,6,5702,26050,0,0,12503,31752,44255,3016,1931,0,0,41007,4947,45955
port635,2026-01-25,Las Palmas (de Gran Canaria),2,1,1,0,7,4,11,4442,0,0,0,30937,4442,35380,1332,1663,403,0,33674,3399,37074
port635,2026-01-26,Las Palmas (de Gran Canaria),4,5,3,2,2,14,16,24688,57168,0,1403,0,83260,83260,14585,89349,4628,218,1151,108781,109932
port635,2026-01-27,Las Palmas (de Gran Canaria),4,0,2,0,3,6,9,24759,0,1584,0,36936,26343,63279,3016,0,570,0,4229,3587,7817
port635,2026-01-28,Las Palmas (de Gran Canaria),2,3,2,0,1,7,8,2299,2575,924,0,798,5800,6598,14405,5165,1141,0,761,20713,21474
port635,2026-01-29,Las Palmas (de Gran Canaria),5,2,1,0,2,8,10,34573,2575,462,0,42287,37612,79899,0,2392,570,0,0,2963,2963
port635,2026-01-30,Las Palmas (de Gran Canaria),1,4,3,0,1,8,9,5702,43385,2408,0,356,51496,51852,3016,4723,1568,0,0,9308,9308
port635,2026-01-31,Las Palmas (de Gran Canaria),3,6,0,0,4,9,13,545,3152,0,0,33740,3697,37438,31389,7757,0,0,42256,39147,81403
port635,2026-02-01,Las Palmas (de Gran Canaria),4,11,1,1,3,17,20,37682,24493,0,0,1254,62176,63430,18258,11160,0,0,1588,29418,31007
port635,2026-02-02,Las Palmas (de Gran Canaria),4,4,3,2,4,13,17,37105,4635,0,4051,4542,45792,50334,0,2392,282,111,10375,2787,13162
port635,2026-02-03,Las Palmas (de Gran Canaria),4,5,1,0,4,10,14,4559,2575,1827,0,45977,8962,54940,36800,8810,0,0,3901,45610,49512
port635,2026-02-04,Las Palmas (de Gran Canaria),8,5,2,1,4,16,20,93576,6306,1491,0,6923,101374,108298,3360,5103,313,0,4229,8777,13006
port635,2026-02-05,Las Palmas (de Gran Canaria),4,3,3,1,3,11,14,4254,6935,12046,0,9199,23236,32436,20608,1855,1450,0,3069,23915,26984
port635,2026-02-06,Las Palmas (de Gran Canaria),2,3,7,0,1,12,13,4463,3747,2559,0,9199,10769,19969,7764,3558,2854,0,2547,14178,16726
port635,2026-02-07,Las Palmas (de Gran Canaria),2,7,3,0,5,12,17,4463,7488,3628,0,66017,15580,81597,11584,6758,131,0,1642,18474,20116
port635,2026-02-08,Las Palmas (de Gran Canaria),3,4,2,0,5,9,14,8591,91102,462,0,32221,100156,132377,34349,8244,1299,0,17856,43893,61749
port635,2026-02-09,Las Palmas (de Gran Canaria),3,8,0,1,2,12,14,2279,10791,0,0,0,13070,13070,28313,12509,0,0,524,40823,41347
port635,2026-02-10,Las Palmas (de Gran Canaria),8,7,3,0,6,18,24,21962,11412,924,0,55096,34299,89395,22171,11106,1973,0,7489,35251,42741
port635,2026-02-11,Las Palmas (de Gran Canaria),4,6,5,1,5,16,21,9014,3544,2293,2206,43995,17059,61054,15295,23870,3672,0,16016,42838,58854
port635,2026-02-12,Las Palmas (de Gran Canaria),6,6,2,1,3,15,18,10222,4071,1506,0,46579,15800,62379,7017,13059,570,628,41007,21275,62283
port635,2026-02-13,Las Palmas (de Gran Canaria),5,6,3,0,4,14,18,28187,7727,1275,0,9199,37191,46390,16885,13631,2116,0,41337,32633,73970
port635,2026-02-14,Las Palmas (de Gran Canaria),3,7,1,0,2,11,13,14466,6530,0,0,9199,20997,30196,3360,8146,5757,0,3071,17265,20336
port635,2026-02-15,Las Palmas (de Gran Canaria),5,2,0,0,2,7,9,32045,5151,0,0,31944,37197,69142,14138,4784,0,0,0,18923,18923
port635,2026-02-16,Las Palmas (de Gran Canaria),4,10,0,5,4,19,23,49657,8317,0,1499,53381,59474,112856,0,13827,0,223,13359,14051,27410
port635,2026-02-17,Las Palmas (de Gran Canaria),5,11,2,0,3,18,21,51310,4160,462,0,21750,55933,77683,3360,6110,1903,0,51771,11374,63145
port635,2026-02-18,Las Palmas (de Gran Canaria),1,4,6,0,5,11,16,2207,11415,1602,0,50278,15226,65504,0,3552,2118,0,43281,5670,48951
port635,2026-02-19,Las Palmas (de Gran Canaria),5,4,3,0,1,12,13,23279,1495,924,0,65868,25699,91568,0,4771,1141,0,0,5913,5913
port635,2026-02-20,Las Palmas (de Gran Canaria),6,6,4,0,11,16,27,13372,3160,645,0,77046,17178,94225,51995,12598,1560,0,93497,66154,159651
port635,2026-02-21,Las Palmas (de Gran Canaria),3,8,1,0,4,12,16,9745,12879,790,0,64707,23415,88122,6721,65724,0,0,6035,72445,78480
port635,2026-02-22,Las Palmas (de Gran Canaria),6,8,1,1,8,16,24,17683,4646,291,0,72007,22621,94628,3574,41066,0,0,18500,44640,63141
port635,2026-02-23,Las Palmas (de Gran Canaria),6,4,3,3,4,16,20,19166,2575,0,3608,53798,25350,79149,25071,4567,776,111,5593,30527,36120
port635,2026-02-24,Las Palmas (de Gran Canaria),5,8,1,0,6,14,20,5964,10789,462,0,9794,17217,27011,59049,10116,570,0,3885,69737,73622
port635,2026-02-25,Las Palmas (de Gran Canaria),3,8,1,0,4,12,16,43646,9223,315,0,9199,53184,62384,1351,11852,997,0,4957,14201,19159
port635,2026-02-26,Las Palmas (de Gran Canaria),5,2,2,1,3,10,13,16416,0,462,0,9063,16879,25942,3360,1154,897,0,316,5412,5728
port635,2026-02-27,Las Palmas (de Gran Canaria),5,1,7,0,1,13,14,15390,0,2407,0,0,17798,17798,31201,1139,4538,0,5244,36879,42123
port635,2026-02-28,Las Palmas (de Gran Canaria),1,3,3,0,2,7,9,2284,0,1310,0,14708,3595,18303,0,92,570,0,1183,663,1846
port635,2026-03-01,Las Palmas (de Gran Canaria),3,3,1,1,2,8,10,16838,2575,315,0,53035,19730,72765,3402,5877,997,0,0,10277,10277
port635,2026-03-02,Las Palmas (de Gran Canaria),6,6,1,3,6,16,22,47137,10303,462,4051,7560,61955,69516,28074,11304,570,111,6772,40061,46834
port635,2026-03-03,Las Palmas (de Gran Canaria),4,2,0,0,5,6,11,5950,2575,0,0,34206,8525,42732,9106,3294,0,0,84562,12401,96964
port635,2026-03-04,Las Palmas (de Gran Canaria),3,4,1,0,2,8,10,14194,2575,0,0,42873,16770,59643,3402,3454,0,0,0,6856,6856
port635,2026-03-05,Las Palmas (de Gran Canaria),6,4,0,1,1,11,12,42277,4822,0,554,0,47653,47653,39304,3778,0,0,0,43083,43083
port635,2026-03-06,Las Palmas (de Gran Canaria),5,6,4,0,1,15,16,54679,4746,1652,0,0,61078,61078,6804,8810,570,0,4447,16186,20633
port635,2026-03-07,Las Palmas (de Gran Canaria),0,3,5,0,5,8,13,0,2575,462,0,47412,3038,50450,0,3431,4777,0,44882,8209,53092
port635,2026-03-08,Las Palmas (de Gran Canaria),5,6,1,2,5,14,19,39023,7727,263,0,24698,47014,71713,2970,11364,0,1540,7436,15875,23311
port635,2026-03-09,Las Palmas (de Gran Canaria),4,5,3,3,4,15,19,25502,6522,888,4051,12503,36964,49468,0,6205,1568,111,42598,7885,50484
port635,2026-03-10,Las Palmas (de Gran Canaria),4,1,0,0,4,5,9,6253,0,0,0,100853,6253,107106,4038,4848,0,0,4229,8886,13116
port635,2026-03-11,Las Palmas (de Gran Canaria),5,2,3,0,2,10,12,45716,2575,462,0,361,48755,49116,6804,2899,1839,0,926,11543,12470
port635,2026-03-12,Las Palmas (de Gran Canaria),3,5,2,0,8,10,18,10366,9083,462,0,30948,19912,50861,0,7288,1158,0,21339,8447,29786
port635,2026-03-13,Las Palmas (de Gran Canaria),9,4,6,0,4,19,23,43991,5843,1240,0,10395,51075,61471,93169,5123,2435,0,48112,100728,148841
port635,2026-03-14,Las Palmas (de Gran Canaria),1,7,0,1,4,9,13,0,10303,0,0,49840,10303,60144,684,15945,0,0,12983,16629,29613
port635,2026-03-15,Las Palmas (de Gran Canaria),6,3,1,1,2,11,13,29082,2575,780,0,19476,32438,51915,6804,4606,0,0,2547,11411,13959
port635,2026-03-16,Las Palmas (de Gran Canaria),5,7,4,3,3,19,22,82461,7233,924,4051,9199,94671,103871,18123,13197,1141,111,2547,32575,35123
port635,2026-03-17,Las Palmas (de Gran Canaria),4,6,3,0,11,13,24,5109,2575,924,0,52631,8610,61242,20739,5405,6678,0,21944,32824,54768
port635,2026-03-18,Las Palmas (de Gran Canaria),5,6,2,1,8,14,22,14403,8603,1843,653,5782,25503,31285,6753,3203,0,106,37036,10062,47099
port635,2026-03-19,Las Palmas (de Gran Canaria),4,1,1,0,1,6,7,9937,0,0,0,0,9937,9937,30744,964,427,0,41221,32136,73358
port635,2026-03-20,Las Palmas (de Gran Canaria),5,2,5,0,3,12,15,6558,0,1385,0,41888,7943,49831,16893,694,2109,0,4851,19698,24549
port635,2026-03-21,Las Palmas (de Gran Canaria),5,4,1,1,2,11,13,1313,36735,0,0,0,38048,38048,20507,6560,94,0,5433,27161,32595
port635,2026-03-22,Las Palmas (de Gran Canaria),4,3,3,2,2,12,14,5289,4071,924,653,1080,10938,12019,27780,5452,2572,106,0,35912,35912
port635,2026-03-23,Las Palmas (de Gran Canaria),3,8,3,4,8,18,26,10298,6347,462,10255,88323,27362,115686,0,11389,1182,111,49036,12683,61719
port635,2026-03-24,Las Palmas (de Gran Canaria),3,9,3,0,3,15,18,13755,12378,315,0,14796,26450,41246,5865,13434,1940,0,0,21240,21240
port635,2026-03-25,Las Palmas (de Gran Canaria),4,5,2,1,7,12,19,8439,6116,0,749,104553,15305,119859,45538,41115,3050,111,42780,89816,132597
port635,2026-03-26,Las Palmas (de Gran Canaria),4,5,3,1,4,13,17,14685,3877,1950,0,33696,20514,54210,11580,7046,1141,0,2232,19769,22001
port635,2026-03-27,Las Palmas (de Gran Canaria),5,7,3,0,3,15,18,18327,6647,1794,0,19019,26768,45788,3402,10609,1141,0,5095,15153,20249
port635,2026-03-28,Las Palmas (de Gran Canaria),3,5,1,0,3,9,12,0,5151,462,0,594,5614,6208,35856,8069,570,0,2634,44496,47131
port635,2026-03-29,Las Palmas (de Gran Canaria),2,6,3,1,2,12,14,4123,6647,924,0,4838,11694,16533,0,9403,2858,0,46017,12261,58279
port635,2026-03-30,Las Palmas (de Gran Canaria),7,6,0,2,6,15,21,34421,0,0,2859,13742,37281,51023,0,10057,0,0,9011,10057,19069
port635,2026-03-31,Las Palmas (de Gran Canaria),1,5,1,1,5,8,13,5104,3127,462,749,30949,9443,40393,0,4315,570,111,55366,4998,60365
port635,2026-04-01,Las Palmas (de Gran Canaria),4,3,3,0,0,10,10,22090,2575,1966,0,0,26633,26633,9464,4445,0,0,0,13909,13909
port635,2026-04-02,Las Palmas (de Gran Canaria),4,7,1,1,7,13,20,10598,48534,0,1301,45417,60435,105852,17709,32545,0,0,27120,50254,77375
port635,2026-04-03,Las Palmas (de Gran Canaria),6,3,1,0,4,10,14,15267,2575,462,0,5629,18305,23935,35017,4637,570,0,4990,40225,45215
port635,2026-04-04,Las Palmas (de Gran Canaria),4,3,2,0,5,9,14,40125,3059,1651,0,11859,44837,56697,6097,2972,997,0,11867,10068,21935
port635,2026-04-05,Las Palmas (de Gran Canaria),4,5,0,1,2,10,12,33167,40065,0,0,11866,73232,85099,24484,6066,0,0,0,30550,30550
port635,2026-04-06,Las Palmas (de Gran Canaria),5,10,4,2,3,21,24,23277,12391,1386,1976,9199,39032,48231,0,13738,2253,0,3442,15992,19434
port635,2026-04-07,Las Palmas (de Gran Canaria),2,8,5,0,4,15,19,4509,31152,1386,0,6859,37049,43908,5285,8040,2034,0,8077,15360,23438
port635,2026-04-08,Las Palmas (de Gran Canaria),6,3,1,1,4,11,15,16878,2575,462,749,9246,20666,29913,48005,30156,570,111,11586,78845,90431
port635,2026-04-09,Las Palmas (de Gran Canaria),1,2,3,0,2,6,8,5819,0,3115,0,594,8934,9529,0,1939,2424,0,913,4363,5276
port635,2026-04-10,Las Palmas (de Gran Canaria),5,6,1,1,3,13,16,8309,4071,462,653,9794,13496,23290,30995,6755,570,106,2940,38428,41368
port635,2026-04-11,Las Palmas (de Gran Canaria),6,9,1,2,1,18,19,23823,7727,0,0,0,31551,31551,9448,9812,914,2785,0,22961,22961
port635,2026-04-12,Las Palmas (de Gran Canaria),2,3,0,1,3,6,9,6448,3152,0,0,51241,9600,60842,28258,2878,0,0,30283,31137,61420
port635,2026-04-13,Las Palmas (de Gran Canaria),4,7,5,3,4,19,23,51336,2332,1187,3608,594,58466,59060,0,1358,5746,111,48505,7216,55721
port635,2026-04-14,Las Palmas (de Gran Canaria),6,4,0,0,5,10,15,53310,486,0,0,41704,53797,95502,34145,1169,0,0,9169,35315,44485
port635,2026-04-15,Las Palmas (de Gran Canaria),7,9,1,0,1,17,18,30179,27379,0,0,34079,57558,91638,17248,10481,48,0,0,27779,27779
port635,2026-04-16,Las Palmas (de Gran Canaria),1,8,3,0,5,12,17,0,10303,121,0,69365,10425,79790,0,13384,1826,0,18407,15211,33618
port635,2026-04-17,Las Palmas (de Gran Canaria),3,7,5,0,8,15,23,7869,54621,2406,0,63106,64897,128004,27369,9129,2188,0,50453,38687,89141
port635,2026-04-18,Las Palmas (de Gran Canaria),5,6,1,0,3,12,15,33097,13482,0,0,16905,46579,63485,10248,7177,1857,0,4695,19283,23979
port635,2026-04-19,Las Palmas (de Gran Canaria),5,6,2,1,3,14,17,19344,7727,1927,0,9841,28999,38841,34258,11519,879,0,11155,46658,57814
port635,2026-04-20,Las Palmas (de Gran Canaria),5,5,2,5,4,17,21,14038,4311,924,3608,39903,22883,62786,24234,8753,1141,111,2705,34242,36947
port635,2026-04-21,Las Palmas (de Gran Canaria),3,7,1,0,5,11,16,16372,11288,462,0,72548,28124,100672,0,11134,570,0,45886,11705,57591
port635,2026-04-22,Las Palmas (de Gran Canaria),7,7,2,0,5,16,21,29268,3261,1492,0,50113,34022,84136,20416,4462,570,0,19222,25450,44672
port635,2026-04-23,Las Palmas (de Gran Canaria),2,4,3,0,6,9,15,6655,1144,1282,0,33682,9082,42765,12081,2506,570,0,8169,15158,23328
port635,2026-04-24,Las Palmas (de Gran Canaria),6,9,3,0,3,18,21,27581,49509,1032,0,18582,78123,96705,16253,13016,1141,0,3535,30411,33946
port635,2026-04-25,Las Palmas (de Gran Canaria),2,7,2,0,2,11,13,2357,7630,541,0,0,10529,10529,7098,10238,570,0,1348,17907,19256
port635,2026-04-26,Las Palmas (de Gran Canaria),1,7,1,1,3,10,13,728,3132,0,0,38090,3861,41951,0,11331,0,0,2547,11331,13879
port635,2026-04-27,Las Palmas (de Gran Canaria),4,6,1,3,4,14,18,34358,7505,462,4051,0,46376,46376,12864,9377,570,111,7419,22925,30345
port635,2026-04-28,Las Palmas (de Gran Canaria),5,2,3,1,4,11,15,50481,2575,462,0,10744,53519,64264,0,29497,1297,0,4212,30794,35007
port635,2026-04-29,Las Palmas (de Gran Canaria),5,10,2,0,2,17,19,16839,8707,462,0,4542,26009,30552,11757,12893,570,0,4754,25222,29976
port635,2026-04-30,Las Palmas (de Gran Canaria),4,9,3,0,4,16,20,6662,15698,698,0,8468,23060,31528,874,14186,0,0,38705,15061,53767
port635,2026-05-01,Las Palmas (de Gran Canaria),1,9,2,0,3,12,15,3076,6379,462,0,12503,9918,22421,0,7332,661,0,41275,7994,49269
port635,2026-05-02,Las Palmas (de Gran Canaria),4,7,4,0,4,15,19,109721,6305,929,0,21058,116956,138014,4793,7404,6078,0,13311,18277,31588
port635,2026-05-03,Las Palmas (de Gran Canaria),0,10,3,1,3,14,17,0,9100,1634,0,71743,10735,82478,0,13765,1273,0,5547,15038,20585
port635,2026-05-04,Las Palmas (de Gran Canaria),4,5,5,2,3,16,19,9126,10303,3331,2417,14337,25179,39516,10238,9569,1141,0,7169,20950,28120
port635,2026-05-05,Las Palmas (de Gran Canaria),5,6,2,1,5,14,19,65038,9677,1513,749,14239,76979,91218,0,6679,570,111,52038,7361,59400
port635,2026-05-06,Las Palmas (de Gran Canaria),7,5,0,0,4,12,16,23894,6323,0,0,55669,30217,85886,26584,8145,0,0,844,34730,35575
port635,2026-05-07,Las Palmas (de Gran Canaria),5,5,1,0,2,11,13,18403,10303,0,0,7512,28707,36220,30348,10022,0,0,0,40370,40370
port635,2026-05-08,Las Palmas (de Gran Canaria),6,8,3,0,1,17,18,13281,12289,631,0,12362,26202,38564,15957,6243,4340,0,0,26541,26541
port635,2026-05-09,Las Palmas (de Gran Canaria),1,6,5,0,3,12,15,17246,4623,3881,0,9199,25751,34951,0,38519,2485,0,5550,41005,46556
port635,2026-05-10,Las Palmas (de Gran Canaria),3,4,1,1,1,9,10,2846,4332,462,0,29234,7641,36876,10528,2392,570,0,0,13492,13492
port635,2026-05-11,Las Palmas (de Gran Canaria),5,4,2,3,2,14,16,9749,2575,1361,2725,9260,16412,25673,17540,4641,570,111,5412,22865,28278
port635,2026-05-12,Las Palmas (de Gran Canaria),5,8,1,0,5,14,19,23347,9525,315,0,58784,33188,91972,88144,10207,997,0,23232,99349,122582
port635,2026-05-13,Las Palmas (de Gran Canaria),7,4,3,0,5,14,19,31555,6647,924,0,0,39126,39126,23968,9452,1141,0,6478,34563,41042
port635,2026-05-14,Las Palmas (de Gran Canaria),5,6,1,0,2,12,14,15472,7558,0,0,40215,23030,63245,10187,8569,1477,0,0,20234,20234
port635,2026-05-15,Las Palmas (de Gran Canaria),4,5,4,0,2,13,15,4588,6647,1386,0,46710,12622,59333,14701,50322,1712,0,392,66736,67129
port635,2026-05-16,Las Palmas (de Gran Canaria),1,5,2,0,1,8,9,8328,5151,315,0,4542,13796,18339,0,6333,1299,0,4229,7632,11862
port635,2026-05-17,Las Palmas (de Gran Canaria),4,3,2,1,4,10,14,4526,2575,462,0,223,7564,7788,4876,39872,570,0,3055,45320,48375
port635,2026-05-18,Las Palmas (de Gran Canaria),5,5,5,3,1,18,19,9984,5151,4723,2073,8468,21933,30402,25328,5988,3453,111,0,34882,34882
port635,2026-05-19,Las Palmas (de Gran Canaria),4,10,2,1,5,17,22,25172,15455,709,749,36138,42087,78226,0,17270,559,111,3861,17941,21802
port635,2026-05-20,Las Palmas (de Gran Canaria),4,8,2,1,1,15,16,14391,9223,1335,1453,30156,26403,56560,0,12303,1450,0,0,13754,13754
port635,2026-05-21,Las Palmas (de Gran Canaria),3,3,1,0,3,7,10,5179,6278,0,0,0,11457,11457,28076,4286,510,0,0,32873,32873
port635,2026-05-22,Las Palmas (de Gran Canaria),6,6,2,0,3,14,17,11526,8278,462,0,4542,20267,24810,10733,8925,1025,0,6080,20684,26764
port635,2026-05-23,Las Palmas (de Gran Canaria),3,6,0,0,2,9,11,9177,12879,0,0,0,22057,22057,30328,13888,0,0,5665,44217,49882
port635,2026-05-24,Las Palmas (de Gran Canaria),4,3,4,1,2,12,14,8924,5873,3026,0,13742,17825,31567,88616,7722,1892,0,6777,98231,105008
port635,2026-05-25,Las Palmas (de Gran Canaria),3,7,1,3,6,14,20,9351,12879,0,3608,32634,25840,58474,10579,11962,0,111,4654,22654,27308
port635,2026-05-26,Las Palmas (de Gran Canaria),4,5,2,0,2,11,13,14789,7727,481,0,9794,22999,32793,4793,8222,1386,0,2940,14403,17343
port635,2026-05-27,Las Palmas (de Gran Canaria),3,5,1,0,5,9,14,4034,8280,462,0,17677,12777,30455,18190,7690,570,0,20954,26451,47406
port635,2026-05-28,Las Palmas (de Gran Canaria),7,8,2,0,5,17,22,13765,19526,462,0,40149,33755,73904,32120,18641,737,0,56866,51499,108366
port635,2026-05-29,Las Palmas (de Gran Canaria),3,6,3,0,4,12,16,5346,4071,1289,0,20849,10707,31556,19113,49220,306,0,13975,68640,82615
port694,2025-12-21,Manila,8,2,2,0,4,12,16,50691,41783,0,0,0,92475,92475,3802,0,0,0,0,3802,3802
port694,2025-12-22,Manila,7,1,12,0,8,20,28,42904,51280,6887,0,0,101073,101073,6433,0,2237,0,0,8671,8671
port694,2025-12-23,Manila,5,1,6,0,4,12,16,28305,19549,872,0,1038,48727,49765,331,0,1394,0,0,1726,1726
port694,2025-12-24,Manila,7,0,2,1,6,10,16,30434,0,0,0,0,30434,30434,0,0,0,0,0,0,0
port694,2025-12-25,Manila,7,1,5,0,3,13,16,30210,28834,750,0,0,59795,59795,6134,0,3407,0,0,9541,9541
port694,2025-12-26,Manila,5,0,6,0,5,11,16,37207,0,1717,0,0,38924,38924,0,0,1410,0,0,1410,1410
port694,2025-12-27,Manila,6,1,3,0,6,10,16,25274,11829,0,0,0,37103,37103,111,0,0,0,0,111,111
port694,2025-12-28,Manila,9,0,5,1,8,15,23,46245,0,462,700,294833,47408,342242,331,0,2143,0,0,2475,2475
port694,2025-12-29,Manila,5,0,4,0,5,9,14,16954,0,0,0,0,16954,16954,782,0,0,0,0,782,782
port694,2025-12-30,Manila,5,0,8,0,2,13,15,17378,0,0,0,0,17378,17378,331,0,0,0,0,331,331
port694,2025-12-31,Manila,4,1,3,0,3,8,11,9926,0,750,0,0,10676,10676,0,0,1394,0,0,1394,1394
port694,2026-01-01,Manila,12,1,9,0,4,22,26,64708,16301,10764,0,0,91774,91774,0,8387,1990,0,0,10378,10378
port694,2026-01-02,Manila,10,0,2,0,4,12,16,41887,0,1813,0,2482,43700,46183,443,0,1394,0,1485,1837,3323
port694,2026-01-03,Manila,7,0,2,0,2,9,11,53326,0,0,0,0,53326,53326,443,0,0,0,0,443,443
port694,2026-01-04,Manila,5,1,5,0,1,11,12,33625,36063,0,0,0,69689,69689,0,0,366,0,0,366,366
port694,2026-01-05,Manila,9,4,8,1,5,22,27,71622,14124,858,828,0,87434,87434,331,0,1425,0,0,1757,1757
port694,2026-01-06,Manila,7,2,8,0,6,17,23,43015,72988,2802,0,0,118805,118805,0,0,829,0,0,829,829
port694,2026-01-07,Manila,6,3,3,1,5,13,18,46498,65410,750,0,1342,112659,114002,331,0,1394,0,742,1726,2468
port694,2026-01-08,Manila,14,2,7,0,4,23,27,78759,143096,1609,0,0,223465,223465,0,0,2099,0,0,2099,2099
port694,2026-01-09,Manila,7,1,5,0,5,13,18,39968,28358,1609,0,13680,69936,83617,0,0,3212,0,0,3212,3212
port694,2026-01-10,Manila,6,4,7,0,6,17,23,61237,63469,6766,0,2972,131472,134445,331,0,4749,0,742,5081,5823
port694,2026-01-11,Manila,4,2,6,0,6,12,18,16867,41743,0,0,11196,58610,69807,331,0,0,0,0,331,331
port694,2026-01-12,Manila,7,3,10,0,6,20,26,44449,16301,2563,0,0,63315,63315,0,8387,2789,0,0,11177,11177
port694,2026-01-13,Manila,8,0,4,1,9,13,22,44464,0,11000,117,16733,55582,72316,663,0,0,0,0,663,663
port694,2026-01-14,Manila,10,0,4,0,10,14,24,53709,0,0,0,133058,53709,186768,0,0,0,0,1204,0,1204
port694,2026-01-15,Manila,9,0,8,0,5,17,22,68276,0,1717,0,6106,69993,76100,443,0,4068,0,0,4511,4511
port694,2026-01-16,Manila,3,2,9,1,5,15,20,20596,113447,7467,0,0,141511,141511,111,0,3239,0,0,3350,3350
port694,2026-01-17,Manila,7,0,2,0,8,9,17,43738,0,0,0,0,43738,43738,782,0,0,0,0,782,782
port694,2026-01-18,Manila,8,2,7,0,4,17,21,32497,946,25857,0,0,59301,59301,843,0,5503,0,0,6346,6346
port694,2026-01-19,Manila,13,2,12,0,6,27,33,78014,109091,2468,0,0,189573,189573,774,0,2805,0,0,3580,3580
port694,2026-01-20,Manila,6,1,7,1,6,15,21,79016,16301,3494,0,22194,98812,121007,331,8387,1394,0,0,10114,10114
port694,2026-01-21,Manila,6,0,2,0,2,8,10,36792,0,750,0,0,37542,37542,0,0,1394,0,0,1394,1394
port694,2026-01-22,Manila,12,0,5,0,4,17,21,56306,0,184,0,0,56491,56491,111,0,0,0,0,111,111
port694,2026-01-23,Manila,5,0,9,0,6,14,20,13601,0,858,0,3177,14459,17637,5438,0,5361,0,0,10799,10799
port694,2026-01-24,Manila,9,0,4,0,5,13,18,57431,0,0,0,4008,57431,61440,331,0,0,0,0,331,331
port694,2026-01-25,Manila,11,1,6,0,7,18,25,80785,32258,750,0,0,113794,113794,3825,0,1394,0,0,5219,5219
port694,2026-01-26,Manila,3,5,4,0,6,12,18,22701,52501,750,0,3138,75953,79092,1281,3522,1394,0,1747,6198,7945
port694,2026-01-27,Manila,5,2,5,0,7,12,19,26953,49692,0,0,12140,76645,88785,0,0,0,0,0,0,0
port694,2026-01-28,Manila,8,2,6,0,6,16,22,48393,16301,932,0,96702,65627,162330,331,8387,1394,0,0,10114,10114
port694,2026-01-29,Manila,12,1,1,1,5,15,20,19399,0,0,0,2096,19399,21495,331,0,0,0,2121,331,2453
port694,2026-01-30,Manila,10,2,8,0,4,20,24,64621,13667,2300,0,0,80589,80589,111,67507,3175,0,0,70794,70794
port694,2026-01-31,Manila,6,2,5,1,4,14,18,21052,58672,4304,0,0,84030,84030,1318,98,0,0,0,1416,1416
port694,2026-02-01,Manila,6,0,6,0,8,12,20,44874,0,0,0,38991,44874,83865,3324,0,1291,0,0,4616,4616
port694,2026-02-02,Manila,4,0,7,0,6,11,17,41713,0,11167,0,1159,52880,54040,0,0,0,0,0,0,0
port694,2026-02-03,Manila,7,2,6,0,5,15,20,53912,42192,2276,0,10163,98380,108544,0,0,1394,0,0,1394,1394
port694,2026-02-04,Manila,9,0,6,1,5,16,21,44070,0,750,700,44414,45521,89936,331,0,1394,0,0,1726,1726
port694,2026-02-05,Manila,8,0,8,0,8,16,24,37357,0,2359,0,6785,39717,46503,1212,0,3494,0,3667,4707,8375
port694,2026-02-06,Manila,6,1,6,0,3,13,16,18763,14490,1609,0,0,34863,34863,331,0,2281,0,12013,2613,14627
port694,2026-02-07,Manila,8,3,0,0,4,11,15,56033,135667,0,0,289457,191700,481158,2964,0,0,0,0,2964,2964
port694,2026-02-08,Manila,6,0,4,0,3,10,13,61128,0,1989,0,1407,63118,64525,331,0,0,0,0,331,331
port694,2026-02-09,Manila,6,4,7,0,3,17,20,40985,89019,2555,0,0,132560,132560,331,2319,0,0,0,2651,2651
port694,2026-02-10,Manila,9,0,6,0,6,15,21,79657,0,4136,0,0,83793,83793,0,0,1677,0,0,1677,1677
port694,2026-02-11,Manila,12,2,7,1,2,22,24,60981,0,1773,828,18346,63584,81930,331,10652,705,0,0,11689,11689
port694,2026-02-12,Manila,5,1,7,1,8,14,22,20325,0,0,907,4397,21232,25630,331,0,206,0,0,538,538
port694,2026-02-13,Manila,6,0,11,0,7,17,24,20263,0,10215,0,1555,30479,32035,1508,0,1394,0,0,2903,2903
port694,2026-02-14,Manila,11,1,15,0,5,27,32,61223,24647,5674,0,6785,91545,98331,1114,0,4315,0,1560,5429,6990
port694,2026-02-15,Manila,8,1,3,0,3,12,15,79784,0,858,0,0,80643,80643,0,0,4017,0,0,4017,4017
port694,2026-02-16,Manila,10,3,5,1,2,19,21,58611,16301,4355,0,0,79268,79268,331,8387,0,0,0,8719,8719
port694,2026-02-17,Manila,11,1,12,0,8,24,32,64021,50961,2192,0,18769,117174,135943,0,0,6226,0,3139,6226,9366
port694,2026-02-18,Manila,9,1,3,1,4,14,18,49327,0,858,1481,60055,51668,111723,331,0,705,0,25951,1036,26988
port694,2026-02-19,Manila,4,2,8,0,4,14,18,3737,52717,1525,0,0,57980,57980,0,0,0,0,0,0,0
port694,2026-02-20,Manila,9,1,4,0,6,14,20,62039,50187,858,0,10194,113085,123280,331,0,705,0,1910,1036,2947
port694,2026-02-21,Manila,7,1,9,0,7,17,24,40735,16301,2293,0,1407,59330,60737,0,8387,1394,0,0,9782,9782
port694,2026-02-22,Manila,8,0,5,0,3,13,16,45596,0,4223,0,0,49820,49820,0,0,987,0,0,987,987
port694,2026-02-23,Manila,7,2,7,0,4,16,20,42702,16301,4800,0,0,63803,63803,0,8387,2817,0,0,11205,11205
port694,2026-02-24,Manila,11,1,6,0,3,18,21,79999,0,601,0,110,80600,80710,5169,0,0,0,0,5169,5169
port694,2026-02-25,Manila,11,0,3,1,4,15,19,41630,0,0,907,0,42538,42538,331,0,267,0,0,598,598
port694,2026-02-26,Manila,10,1,4,0,3,15,18,77021,34997,0,0,0,112019,112019,111,0,0,0,0,111,111
port694,2026-02-27,Manila,8,2,9,0,8,19,27,55807,45953,2517,0,3584,104279,107863,443,0,705,0,4481,1148,5629
port694,2026-02-28,Manila,6,1,7,0,2,14,16,14558,0,858,0,0,15417,15417,0,0,6352,0,1377,6352,7729
port694,2026-03-01,Manila,11,1,10,1,5,23,28,76216,16301,13246,0,1304,105764,107069,331,8387,1394,0,0,10114,10114
port694,2026-03-02,Manila,9,4,4,0,5,17,22,39284,21368,750,0,0,61403,61403,0,10706,1394,0,0,12101,12101
port694,2026-03-03,Manila,4,1,4,0,3,9,12,22644,29500,0,0,1361,52144,53506,3324,0,0,0,0,3324,3324
port694,2026-03-04,Manila,5,1,3,0,5,9,14,31650,72551,0,0,5013,104202,109215,0,0,861,0,0,861,861
port694,2026-03-05,Manila,4,0,5,0,5,9,14,15556,0,1717,0,0,17274,17274,0,0,1410,0,0,1410,1410
port694,2026-03-06,Manila,3,0,6,0,4,9,13,13066,0,3188,0,0,16254,16254,0,0,2661,0,0,2661,2661
port694,2026-03-07,Manila,6,2,5,0,3,13,16,37049,0,0,0,0,37049,37049,0,0,0,0,0,0,0
port694,2026-03-08,Manila,6,0,3,0,7,9,16,32590,0,750,0,4397,33340,37738,0,0,1394,0,4481,1394,5876
port694,2026-03-09,Manila,9,1,6,1,4,17,21,47301,72837,3471,907,2482,124518,127001,4520,0,0,0,1485,4520,6006
port694,2026-03-10,Manila,11,2,8,0,6,21,27,47414,23166,1828,0,0,72409,72409,0,0,5881,0,0,5881,5881
port694,2026-03-11,Manila,7,2,2,1,5,12,17,61625,82215,750,1341,299731,145932,445663,0,0,1394,0,0,1394,1394
port694,2026-03-12,Manila,9,0,7,0,1,16,17,25876,0,0,0,296085,25876,321962,1367,0,2216,0,0,3584,3584
port694,2026-03-13,Manila,6,0,5,0,7,11,18,22743,0,3317,0,865,26060,26926,111,0,705,0,11058,816,11874
port694,2026-03-14,Manila,3,1,7,0,3,11,14,37964,1754,0,0,0,39718,39718,0,0,0,0,0,0,0
port694,2026-03-15,Manila,11,2,8,1,4,22,26,55766,62576,0,0,39518,118342,157861,0,8387,574,0,0,8962,8962
port694,2026-03-16,Manila,10,3,8,0,2,21,23,57973,36185,3095,0,0,97254,97254,1990,2319,4184,0,0,8494,8494
port694,2026-03-17,Manila,7,0,4,0,3,11,14,49057,0,4412,0,0,53469,53469,0,0,0,0,0,0,0
port694,2026-03-18,Manila,8,1,7,0,8,16,24,65544,5067,9153,0,0,79764,79764,0,2319,2202,0,0,4522,4522
port694,2026-03-19,Manila,11,1,5,0,3,17,20,50350,18152,10000,0,0,78502,78502,0,0,282,0,0,282,282
port694,2026-03-20,Manila,12,1,9,0,5,22,27,84539,0,2468,0,2482,87007,89490,331,0,2805,0,1485,3136,4622
port694,2026-03-21,Manila,5,2,4,0,5,11,16,45306,76952,1687,0,11355,123946,135302,3324,8387,0,0,0,11711,11711
port694,2026-03-22,Manila,4,0,7,1,5,12,17,23683,0,6940,700,0,31324,31324,0,0,1394,0,0,1394,1394
port694,2026-03-23,Manila,7,3,2,0,10,12,22,46875,0,0,0,6785,46875,53661,1115,0,0,0,56906,1115,58022
port694,2026-03-24,Manila,10,1,7,1,4,19,23,41143,16199,1501,0,0,58844,58844,0,0,2789,0,0,2789,2789
port694,2026-03-25,Manila,10,1,6,0,5,17,22,48689,3155,0,0,14890,51844,66735,0,0,1094,0,9053,1094,10147
port694,2026-03-26,Manila,6,0,2,1,8,9,17,15498,0,451,0,2279,15949,18229,111,0,0,0,728,111,839
port694,2026-03-27,Manila,7,1,12,0,5,20,25,55149,5317,858,0,5362,61326,66688,0,0,3354,0,1747,3354,5101
port694,2026-03-28,Manila,8,3,5,0,3,16,19,50757,132379,0,0,0,183137,183137,0,0,0,0,0,0,0
port694,2026-03-29,Manila,11,2,3,0,9,16,25,57354,41430,0,0,865,98784,99650,1032,0,0,0,0,1032,1032
port694,2026-03-30,Manila,6,4,3,0,8,13,21,55147,72065,5554,0,1528,132767,134296,3830,2319,705,0,1392,6854,8247
port694,2026-03-31,Manila,7,1,5,0,4,13,17,48147,8570,2468,0,3765,59186,62952,0,0,2805,0,1204,2805,4009
port694,2026-04-01,Manila,4,1,10,0,8,15,23,32931,0,2084,0,0,35015,35015,331,0,3072,0,0,3404,3404
port694,2026-04-02,Manila,7,0,3,0,4,10,14,59064,0,14828,0,0,73892,73892,0,0,705,0,0,705,705
port694,2026-04-03,Manila,9,0,8,1,3,18,21,51080,0,858,1470,0,53409,53409,1114,0,705,0,0,1819,1819
port694,2026-04-04,Manila,11,0,3,0,6,14,20,61801,0,0,0,0,61801,61801,0,0,0,0,0,0,0
port694,2026-04-05,Manila,8,1,7,0,6,16,22,75089,20440,0,0,0,95529,95529,0,0,556,0,0,556,556
port694,2026-04-06,Manila,12,0,5,1,5,18,23,85548,0,9020,0,0,94569,94569,331,0,1394,0,0,1726,1726
port694,2026-04-07,Manila,6,0,5,1,2,12,14,63314,0,0,1020,0,64335,64335,0,0,542,0,0,542,542
port694,2026-04-08,Manila,2,1,5,1,4,9,13,9514,72569,0,0,182861,82084,264945,0,0,1526,0,0,1526,1526
port694,2026-04-09,Manila,6,0,9,0,8,15,23,53505,0,750,0,0,54256,54256,111,0,2325,0,1204,2436,3641
port694,2026-04-10,Manila,5,0,4,1,10,10,20,19140,0,3439,2560,3710,25140,28851,331,0,705,0,0,1036,1036
port694,2026-04-11,Manila,8,1,7,0,2,16,18,51000,0,4369,0,0,55369,55369,0,0,1394,0,0,1394,1394
port694,2026-04-12,Manila,7,1,1,0,8,9,17,40915,16301,3178,0,595,60395,60990,1122,8387,0,0,0,9510,9510
port694,2026-04-13,Manila,7,1,5,0,4,13,17,54642,0,0,0,865,54642,55508,0,0,0,0,0,0,0
port694,2026-04-14,Manila,6,2,11,0,1,19,20,17204,16301,1095,0,0,34601,34601,0,8387,705,0,0,9092,9092
port694,2026-04-15,Manila,6,1,3,0,7,10,17,25545,60331,0,0,0,85876,85876,0,0,0,0,0,0,0
port694,2026-04-16,Manila,8,0,6,0,2,14,16,55392,0,0,0,362,55392,55755,0,0,364,0,0,364,364
port694,2026-04-17,Manila,6,2,7,0,5,15,20,48381,73105,3093,0,0,124579,124579,0,1109,2099,0,0,3209,3209
port694,2026-04-18,Manila,7,0,2,1,3,10,13,69622,0,0,0,60055,69622,129678,0,0,0,0,25951,0,25951
port694,2026-04-19,Manila,12,2,7,1,6,22,28,79240,39056,1501,0,0,119797,119797,2579,0,3510,0,0,6090,6090
port694,2026-04-20,Manila,3,0,4,1,12,8,20,3553,0,0,0,66841,3553,70394,0,0,0,0,25951,0,25951
port694,2026-04-21,Manila,8,1,6,0,3,15,18,69007,0,1110,0,0,70117,70117,782,0,0,0,13823,782,14605
port694,2026-04-22,Manila,7,0,4,0,3,11,14,42834,0,0,0,11961,42834,54796,443,0,0,0,0,443,443
port694,2026-04-23,Manila,7,2,7,0,4,16,20,32174,42678,16750,0,0,91602,91602,0,8387,7752,0,1204,16139,17344
port694,2026-04-24,Manila,6,0,7,0,4,13,17,29999,0,2468,0,0,32467,32467,0,0,7737,0,0,7737,7737
port694,2026-04-25,Manila,5,1,4,0,3,10,13,19271,70488,0,0,0,89760,89760,0,0,2093,0,0,2093,2093
port694,2026-04-26,Manila,10,1,6,0,6,17,23,63896,0,6550,0,12046,70447,82494,331,0,0,0,0,331,331
port694,2026-04-27,Manila,10,3,6,0,13,19,32,34779,40392,750,0,4004,75922,79926,1859,0,1394,0,1747,3254,5001
port694,2026-04-28,Manila,5,0,6,0,4,11,15,27489,0,0,0,1152,27489,28641,0,0,0,0,0,0,0
port694,2026-04-29,Manila,8,0,4,0,5,12,17,66925,0,17014,0,0,83939,83939,331,0,282,0,25343,614,25957
port694,2026-04-30,Manila,8,0,2,1,4,11,15,55813,0,0,700,89821,56514,146335,0,0,0,0,0,0,0
port694,2026-05-01,Manila,6,1,9,1,7,17,24,53162,0,858,0,0,54021,54021,542,0,3204,0,2087,3746,5834
port694,2026-05-02,Manila,9,0,5,0,8,14,22,46972,0,7108,0,1528,54080,55608,0,0,1394,0,17318,1394,18713
port694,2026-05-03,Manila,8,1,6,1,4,16,20,65351,15541,1501,828,0,83223,83223,782,0,2789,0,0,3572,3572
port694,2026-05-04,Manila,9,1,7,0,7,17,24,46786,16270,593,0,16250,63650,79900,3977,0,0,0,0,3977,3977
port694,2026-05-05,Manila,9,0,5,0,3,14,17,57825,0,2528,0,0,60354,60354,0,0,0,0,0,0,0
port694,2026-05-06,Manila,9,1,6,0,6,16,22,75371,0,1981,0,0,77352,77352,0,0,0,0,0,0,0
port694,2026-05-07,Manila,10,2,9,1,4,22,26,62546,32602,2766,0,3483,97916,101399,443,16774,15590,0,1204,32808,34013
port694,2026-05-08,Manila,7,2,4,0,4,13,17,40136,46802,1609,0,0,88548,88548,331,0,2099,0,0,2431,2431
port694,2026-05-09,Manila,7,2,4,0,3,13,16,20123,114896,1609,0,0,136630,136630,0,0,2832,0,0,2832,2832
port694,2026-05-10,Manila,7,2,7,1,7,17,24,35462,76496,2536,0,0,114495,114495,5338,0,2196,0,3707,7534,11242
port694,2026-05-11,Manila,8,1,7,0,5,16,21,62160,0,269,0,0,62429,62429,111,0,0,0,0,111,111
port694,2026-05-12,Manila,9,1,5,0,6,15,21,49301,267,9477,0,0,59045,59045,331,0,0,0,3703,331,4035
port694,2026-05-13,Manila,4,1,2,0,3,7,10,6582,27952,0,0,653,34534,35187,0,0,0,0,10401,0,10401
port694,2026-05-14,Manila,10,2,9,0,5,21,26,59128,85146,14648,0,296085,158923,455009,782,0,0,0,0,782,782
port694,2026-05-15,Manila,8,1,3,0,2,12,14,70289,24236,1717,0,3138,96243,99381,0,0,1410,0,1747,1410,3157
port694,2026-05-16,Manila,3,1,7,1,5,12,17,9475,18797,10927,0,2419,39201,41621,0,0,2789,0,1367,2789,4157
port694,2026-05-17,Manila,10,0,5,0,4,15,19,77469,0,750,0,14362,78220,92582,331,0,7752,0,742,8084,8826
port694,2026-05-18,Manila,5,5,5,0,7,15,22,23937,95176,203,0,0,119317,119317,0,16774,0,0,0,16774,16774
port694,2026-05-19,Manila,10,0,4,0,5,14,19,47601,0,3249,0,14726,50851,65577,443,0,1394,0,0,1837,1837
port694,2026-05-20,Manila,10,2,7,2,6,21,27,67335,116305,367,1149,0,185157,185157,0,0,0,0,1204,0,1204
port694,2026-05-21,Manila,10,3,8,1,8,22,30,21168,23733,1609,0,0,46511,46511,610,8387,3212,0,14120,12209,26330
port694,2026-05-22,Manila,6,0,4,0,7,10,17,32942,0,7849,0,0,40791,40791,376,0,2129,0,0,2505,2505
port694,2026-05-23,Manila,4,0,5,0,1,9,10,20137,0,1609,0,0,21746,21746,0,0,2099,0,0,2099,2099
port694,2026-05-24,Manila,9,1,4,0,5,14,19,23618,1440,2251,0,0,27310,27310,1114,0,4184,0,0,5298,5298
port694,2026-05-25,Manila,8,2,6,0,4,16,20,52631,16301,9988,0,0,78922,78922,995,8387,0,0,0,9383,9383
port694,2026-05-26,Manila,3,2,8,0,4,13,17,16206,32602,1237,0,678,50046,50724,0,16774,705,0,14120,17480,31600
port694,2026-05-27,Manila,8,1,8,0,4,17,21,31587,16301,750,0,0,48639,48639,4157,8387,1394,0,3707,13939,17646
port694,2026-05-28,Manila,6,2,5,0,7,13,20,27980,16301,0,0,6785,44282,51068,995,8387,0,0,0,9383,9383
port694,2026-05-29,Manila,8,0,6,1,5,15,20,32658,0,858,0,0,33517,33517,1659,0,2716,0,0,4375,4375
port744,2025-12-21,Jebel Ali,12,1,1,2,4,16,20,183476,70200,1684,5589,95411,260950,356361,189156,0,0,177,5012,189333,194346
port744,2025-12-22,Jebel Ali,15,3,2,2,7,22,29,126959,122662,1647,1638,90607,252907,343515,175845,0,1442,98,4989,177386,182375
port744,2025-12-23,Jebel Ali,10,0,4,4,3,18,21,73569,0,4402,3277,111652,81249,192901,244144,0,2439,196,0,246780,246780
port744,2025-12-24,Jebel Ali,12,3,1,4,8,20,28,522740,103979,0,14232,75532,640953,716485,58866,0,699,0,69197,59566,128764
port744,2025-12-25,Jebel Ali,13,1,4,2,3,20,23,378863,47969,2305,7488,157753,436627,594381,235263,0,1102,0,0,236366,236366
port744,2025-12-26,Jebel Ali,14,2,3,2,6,21,27,244795,94883,1142,3277,87872,344099,431971,432149,2073,3451,196,49975,437870,487845
port744,2025-12-27,Jebel Ali,16,2,1,2,3,21,24,442749,71262,1142,1631,39685,516785,556470,233180,0,1102,0,6087,234283,240371
port744,2025-12-28,Jebel Ali,12,1,0,2,6,15,21,101121,34335,0,3891,6841,139348,146190,171737,0,0,16,33434,171754,205189
port744,2025-12-29,Jebel Ali,11,2,4,2,3,19,22,379418,50999,9918,5796,0,446133,446133,164517,0,0,16,785,164534,165320
port744,2025-12-30,Jebel Ali,10,2,4,0,7,16,23,127184,18288,5956,0,101307,151429,252736,329695,0,1442,0,18819,331138,349957
port744,2025-12-31,Jebel Ali,13,1,1,3,5,18,23,273803,21742,0,11214,168835,306760,475595,302262,2073,5885,0,4201,310221,314423
port744,2026-01-01,Jebel Ali,12,2,1,1,9,16,25,117644,109048,0,3494,93443,230187,323631,76870,0,0,0,67126,76870,143997
port744,2026-01-02,Jebel Ali,16,0,2,3,5,21,26,144992,0,516,7306,50962,152814,203777,185920,0,0,98,0,186018,186018
port744,2026-01-03,Jebel Ali,13,0,5,4,2,22,24,283120,0,4860,9194,63328,297175,360504,71090,0,3308,0,0,74399,74399
port744,2026-01-04,Jebel Ali,10,1,4,3,2,18,20,121865,21742,1647,7085,52730,152341,205071,183998,2073,11836,0,0,197908,197908
port744,2026-01-05,Jebel Ali,12,3,4,3,6,22,28,250498,114024,3428,3931,172776,371882,544659,117707,0,3308,0,0,121016,121016
port744,2026-01-06,Jebel Ali,12,2,2,3,0,19,19,179466,56748,4739,653,0,241607,241607,249329,0,0,177,0,249506,249506
port744,2026-01-07,Jebel Ali,13,0,5,2,4,20,24,246975,0,1308,6771,22254,255055,277310,121902,0,1343,98,5012,123344,128357
port744,2026-01-08,Jebel Ali,16,2,4,1,5,23,28,151611,56918,4342,2237,8000,215110,223111,134562,2073,4336,0,38391,140972,179364
port744,2026-01-09,Jebel Ali,13,2,5,2,5,22,27,291478,141650,9422,1251,46149,443803,489952,206859,0,2470,177,44465,209507,253972
port744,2026-01-10,Jebel Ali,12,1,0,3,5,16,21,287899,0,0,2961,116578,290861,407439,65388,0,0,0,24428,65388,89816
port744,2026-01-11,Jebel Ali,14,2,4,1,2,21,23,153305,26648,1452,3496,87827,184902,272730,231023,0,3009,0,0,234032,234032
port744,2026-01-12,Jebel Ali,15,2,2,2,6,21,27,278827,33227,3241,6051,143551,321348,464899,144251,0,7019,98,15625,151369,166995
port744,2026-01-13,Jebel Ali,7,4,0,1,2,12,14,75522,116653,0,0,19653,192176,211829,90296,4147,0,0,8403,94443,102847
port744,2026-01-14,Jebel Ali,15,1,5,2,5,23,28,196645,34255,2285,8252,84102,241437,325540,332280,0,17046,0,4643,349326,353969
port744,2026-01-15,Jebel Ali,14,2,4,5,2,25,27,234250,21742,0,10163,138094,266157,404252,107167,2073,6771,3638,0,119651,119651
port744,2026-01-16,Jebel Ali,12,1,2,1,5,16,21,281905,25378,2387,1534,54992,311206,366198,189365,0,1102,0,45176,190467,235644
port744,2026-01-17,Jebel Ali,14,0,3,3,5,20,25,316190,0,17462,11350,102801,345003,447804,85820,0,2205,0,8804,88026,96831
port744,2026-01-18,Jebel Ali,11,1,2,3,5,17,22,65672,8214,1142,2191,60116,77222,137338,71313,0,1102,0,5012,72416,77429
port744,2026-01-19,Jebel Ali,13,1,5,2,6,21,27,129001,14827,1142,2623,76003,147595,223598,335140,0,4924,0,108237,340065,448302
port744,2026-01-20,Jebel Ali,7,3,1,3,4,14,18,189623,101420,0,3080,46324,294124,340448,66247,0,0,0,12307,66247,78555
port744,2026-01-21,Jebel Ali,15,1,1,0,4,17,21,190091,12462,410,0,983,202965,203948,275075,0,0,0,57582,275075,332658
port744,2026-01-22,Jebel Ali,15,1,6,6,5,28,33,136854,73100,14916,8710,68522,233581,302104,102139,0,4240,0,42373,106380,148753
port744,2026-01-23,Jebel Ali,10,1,3,1,3,15,18,308216,41031,9233,599,18376,359080,377457,81331,0,5926,0,11161,87258,98419
port744,2026-01-24,Jebel Ali,14,3,5,2,6,24,30,319468,93441,2919,7905,100182,423735,523918,114830,2073,3299,0,18450,120202,138653
port744,2026-01-25,Jebel Ali,12,2,4,1,3,19,22,195352,47694,4468,653,99065,248168,347233,136069,0,2205,177,5422,138452,143874
port744,2026-01-26,Jebel Ali,15,1,5,3,6,24,30,129386,46376,2884,4928,75571,183576,259147,123692,0,10631,0,56942,134323,191266
port744,2026-01-27,Jebel Ali,12,2,1,4,2,19,21,188751,91858,232,4962,41373,285804,327178,267575,0,0,98,5012,267673,272686
port744,2026-01-28,Jebel Ali,15,1,4,2,2,22,24,250297,4057,2374,0,7658,256730,264388,218238,0,11641,0,0,229879,229879
port744,2026-01-29,Jebel Ali,12,0,3,0,5,15,20,239380,0,4327,0,115124,243708,358832,62330,0,1102,0,0,63433,63433
port744,2026-01-30,Jebel Ali,14,0,2,3,5,19,24,139666,0,28,8173,122613,147868,270481,223785,0,495,1895,0,226176,226176
port744,2026-01-31,Jebel Ali,17,2,3,1,2,23,25,232528,26381,2285,3670,17246,264865,282112,191318,878,4401,0,4201,196599,200801
port744,2026-02-01,Jebel Ali,11,3,3,1,8,18,26,95782,114683,1142,3322,213073,214931,428004,164346,2073,1678,0,18684,168098,186783
port744,2026-02-02,Jebel Ali,10,1,0,2,3,13,16,226922,5096,0,4364,30250,236383,266633,233870,0,0,177,4611,234047,238658
port744,2026-02-03,Jebel Ali,13,2,2,1,3,18,21,341013,54834,1647,6511,47531,404006,451538,242995,2073,1442,0,53737,246511,300249
port744,2026-02-04,Jebel Ali,13,4,0,2,5,19,24,98803,117840,0,2231,78113,218875,296988,383488,0,0,0,1044,383488,384533
port744,2026-02-05,Jebel Ali,13,2,6,1,4,22,26,247576,110098,6230,1209,68497,365114,433612,124302,0,8235,0,0,132538,132538
port744,2026-02-06,Jebel Ali,16,0,2,5,3,23,26,356089,0,2285,5685,86257,364060,450317,245691,0,2205,1025,441,248923,249364
port744,2026-02-07,Jebel Ali,15,3,1,2,4,21,25,442735,64966,0,3344,24376,511046,535423,126362,16487,1447,16,5039,144314,149353
port744,2026-02-08,Jebel Ali,15,1,4,2,5,22,27,297062,21742,3318,1547,120401,323670,444072,131277,2073,2545,0,42256,135896,178153
port744,2026-02-09,Jebel Ali,11,1,5,2,3,19,22,112870,12189,5818,4278,397,135157,135555,442122,0,1651,98,38911,443871,482783
port744,2026-02-10,Jebel Ali,15,2,1,3,2,21,23,246872,104728,5384,9529,0,366514,366514,204040,702,0,0,0,204742,204742
port744,2026-02-11,Jebel Ali,11,2,3,0,5,16,21,161040,69834,1151,0,142595,232026,374622,211302,0,519,0,0,211822,211822
port744,2026-02-12,Jebel Ali,12,1,3,2,5,18,23,161829,13657,1797,1540,95990,178825,274816,145718,0,2855,0,41669,148573,190242
port744,2026-02-13,Jebel Ali,13,3,5,3,4,24,28,415741,52178,3923,11683,30242,483527,513769,76548,2073,1102,98,50729,79823,130552
port744,2026-02-14,Jebel Ali,14,1,3,1,8,19,27,227175,4778,2285,0,152944,234240,387184,266848,0,2205,0,4643,269054,273697
port744,2026-02-15,Jebel Ali,15,1,6,1,1,23,24,214985,28963,5075,0,66143,249024,315167,262575,0,4751,0,0,267326,267326
port744,2026-02-16,Jebel Ali,13,3,1,3,6,20,26,133387,131173,913,4998,130705,270472,401177,151841,0,1027,0,13813,152869,166682
port744,2026-02-17,Jebel Ali,16,1,5,1,6,23,29,236645,81407,13049,0,48794,331102,379896,208135,0,2621,0,12407,210757,223164
port744,2026-02-18,Jebel Ali,15,1,3,3,8,22,30,259733,16205,1142,3168,78241,280249,358491,203304,0,1783,98,48363,205185,253549
port744,2026-02-19,Jebel Ali,9,1,2,4,6,16,22,84025,28831,1142,4494,41485,118494,159979,137957,0,1102,1234,595,140295,140890
port744,2026-02-20,Jebel Ali,12,1,3,3,2,19,21,366424,21742,2696,4010,40570,394874,435445,70918,2073,9736,98,0,82826,82826
port744,2026-02-21,Jebel Ali,13,3,6,2,4,24,28,178577,82148,11505,0,105991,272231,378223,98281,0,11909,0,0,110190,110190
port744,2026-02-22,Jebel Ali,16,2,4,0,1,22,23,270484,21742,2789,0,7407,295017,302424,148662,2623,2990,0,0,154276,154276
port744,2026-02-23,Jebel Ali,12,2,2,0,6,16,22,109896,21742,1522,0,63643,133161,196804,134173,2073,1102,0,42271,137350,179621
port744,2026-02-24,Jebel Ali,11,1,3,4,4,19,23,163447,30460,0,8715,22948,202623,225571,101836,702,957,177,36707,103674,140381
port744,2026-02-25,Jebel Ali,12,1,1,0,5,14,19,158343,37721,1142,0,110659,197208,307867,160098,0,1102,0,9214,161200,170415
port744,2026-02-26,Jebel Ali,16,2,1,1,2,20,22,120155,29141,0,1638,28843,150936,179779,242138,2073,2767,98,39266,247078,286345
port744,2026-02-27,Jebel Ali,7,3,5,2,3,17,20,179159,88812,11853,87,47531,279913,327445,58776,479,2205,1466,15625,62928,78554
port744,2026-02-28,Jebel Ali,11,0,2,1,4,14,18,247356,0,2056,3493,37347,252907,290254,89743,0,2130,0,15262,91874,107136
port744,2026-03-01,Jebel Ali,8,0,0,0,1,8,9,4301669,0,0,0,33771,4301669,4335440,1826457,0,0,0,10613,1826457,1837070
port744,2026-03-02,Jebel Ali,1,1,0,0,0,2,2,34809,36840,0,0,0,71650,71650,0,0,0,0,0,0,0
port744,2026-03-03,Jebel Ali,1,1,0,0,0,2,2,291741,7335,0,0,0,299076,299076,529713,0,0,0,0,529713,529713
port744,2026-03-04,Jebel Ali,0,2,0,0,0,2,2,0,81756,0,0,0,81756,81756,0,2073,0,0,0,2073,2073
port744,2026-03-05,Jebel Ali,0,0,0,0,1,0,1,0,0,0,0,0,0,0,0,0,0,0,392,0,392
port744,2026-03-06,Jebel Ali,0,0,0,1,0,1,1,0,0,0,1638,0,1638,1638,0,0,0,98,0,98,98
port744,2026-03-07,Jebel Ali,0,0,1,0,0,1,1,0,0,1142,0,0,1142,1142,0,0,1102,0,0,1102,1102
port744,2026-03-08,Jebel Ali,1,0,0,0,0,1,1,291741,0,0,0,0,291741,291741,529713,0,0,0,0,529713,529713
port744,2026-03-09,Jebel Ali,0,0,0,0,0,0,0,0,0,0,0,0,0,0,0,0,0,0,0,0,0
port744,2026-03-10,Jebel Ali,0,0,0,0,0,0,0,0,0,0,0,0,0,0,0,0,0,0,0,0,0
port744,2026-03-11,Jebel Ali,0,0,0,0,0,0,0,0,0,0,0,0,0,0,0,0,0,0,0,0,0
port744,2026-03-12,Jebel Ali,0,0,0,0,0,0,0,0,0,0,0,0,0,0,0,0,0,0,0,0,0
port744,2026-03-13,Jebel Ali,0,0,0,0,0,0,0,0,0,0,0,0,0,0,0,0,0,0,0,0,0
port744,2026-03-14,Jebel Ali,0,0,0,0,0,0,0,0,0,0,0,0,0,0,0,0,0,0,0,0,0
port744,2026-03-15,Jebel Ali,0,0,0,0,0,0,0,0,0,0,0,0,0,0,0,0,0,0,0,0,0
port744,2026-03-16,Jebel Ali,0,0,0,0,0,0,0,0,0,0,0,0,0,0,0,0,0,0,0,0,0
port744,2026-03-17,Jebel Ali,0,0,0,0,0,0,0,0,0,0,0,0,0,0,0,0,0,0,0,0,0
port744,2026-03-18,Jebel Ali,0,0,0,0,0,0,0,0,0,0,0,0,0,0,0,0,0,0,0,0,0
port744,2026-03-19,Jebel Ali,0,0,0,0,0,0,0,0,0,0,0,0,0,0,0,0,0,0,0,0,0
port744,2026-03-20,Jebel Ali,0,0,0,0,0,0,0,0,0,0,0,0,0,0,0,0,0,0,0,0,0
port744,2026-03-21,Jebel Ali,0,0,0,0,1,0,1,0,0,0,0,0,0,0,0,0,0,0,4920,0,4920
port744,2026-03-22,Jebel Ali,2,0,0,0,0,2,2,127904,0,0,0,0,127904,127904,948089,0,0,0,0,948089,948089
port744,2026-03-23,Jebel Ali,0,0,0,0,0,0,0,0,0,0,0,0,0,0,0,0,0,0,0,0,0
port744,2026-03-24,Jebel Ali,1,1,0,0,2,2,4,12685,67878,0,0,105219,80563,185783,0,0,0,0,0,0,0
port744,2026-03-25,Jebel Ali,1,2,0,0,0,3,3,291741,81187,0,0,0,372929,372929,529713,702,0,0,0,530416,530416
port744,2026-03-26,Jebel Ali,0,1,0,0,1,1,2,0,0,0,0,6256,0,6256,0,13030,0,0,0,13030,13030
port744,2026-03-27,Jebel Ali,1,0,0,0,3,1,4,0,0,0,0,41005,0,41005,1103659,0,0,0,0,1103659,1103659
port744,2026-03-28,Jebel Ali,1,0,1,0,1,2,3,308764,0,0,0,9826,308764,318590,0,0,1695,0,4201,1695,5896
port744,2026-03-29,Jebel Ali,0,0,1,0,0,1,1,0,0,0,0,0,0,0,0,0,0,0,0,0,0
port744,2026-03-30,Jebel Ali,1,1,0,0,0,2,2,0,0,0,0,0,0,0,0,448,0,0,0,448,448
port744,2026-03-31,Jebel Ali,1,0,0,0,1,1,2,0,0,0,0,9826,0,9826,132033,0,0,0,4201,132033,136235
port744,2026-04-01,Jebel Ali,3,0,1,0,1,4,5,1883969,0,1142,0,0,1885112,1885112,388436,0,1102,0,963,389538,390502
port744,2026-04-02,Jebel Ali,0,0,0,0,0,0,0,0,0,0,0,0,0,0,0,0,0,0,0,0,0
port744,2026-04-03,Jebel Ali,0,0,0,0,1,0,1,0,0,0,0,0,0,0,0,0,0,0,0,0,0
port744,2026-04-04,Jebel Ali,2,0,0,0,2,2,4,0,0,0,0,90418,0,90418,419516,0,0,0,10613,419516,430129
port744,2026-04-05,Jebel Ali,1,0,1,0,1,2,3,0,0,0,0,9826,0,9826,0,0,1456,0,4201,1456,5658
port744,2026-04-06,Jebel Ali,2,0,0,0,0,2,2,0,0,0,0,0,0,0,253912,0,0,0,0,253912,253912
port744,2026-04-07,Jebel Ali,1,0,0,0,0,1,1,0,0,0,0,0,0,0,1246760,0,0,0,0,1246760,1246760
port744,2026-04-08,Jebel Ali,0,0,0,0,1,0,1,0,0,0,0,0,0,0,0,0,0,0,0,0,0
port744,2026-04-09,Jebel Ali,1,0,0,0,0,1,1,1105255,0,0,0,0,1105255,1105255,160523,0,0,0,0,160523,160523
port744,2026-04-10,Jebel Ali,0,0,0,0,0,0,0,0,0,0,0,0,0,0,0,0,0,0,0,0,0
port744,2026-04-11,Jebel Ali,0,0,0,0,0,0,0,0,0,0,0,0,0,0,0,0,0,0,0,0,0
port744,2026-04-12,Jebel Ali,7,0,0,0,1,7,8,5524121,0,0,0,0,5524121,5524121,1130119,0,0,0,29851,1130119,1159970
port744,2026-04-13,Jebel Ali,0,0,1,1,2,2,4,0,0,0,653,24485,653,25138,0,0,0,177,0,177,177
port744,2026-04-14,Jebel Ali,0,1,2,0,1,3,4,0,0,1142,0,20769,1142,21912,0,0,1829,0,0,1829,1829
port744,2026-04-15,Jebel Ali,2,0,1,0,2,3,5,0,0,0,0,15143,0,15143,187732,0,1007,0,0,188740,188740
port744,2026-04-16,Jebel Ali,2,0,2,0,2,4,6,1309297,0,1142,0,18654,1310439,1329094,304024,0,8030,0,41340,312054,353394
port744,2026-04-17,Jebel Ali,1,0,0,1,0,2,2,0,0,0,0,0,0,0,269004,0,0,0,0,269004,269004
port744,2026-04-18,Jebel Ali,1,2,2,0,1,5,6,0,26717,0,0,0,26717,26717,938935,31469,7188,0,0,977593,977593
port744,2026-04-19,Jebel Ali,1,1,0,0,0,2,2,0,21742,0,0,0,21742,21742,423747,2073,0,0,0,425821,425821
port744,2026-04-20,Jebel Ali,1,0,0,0,3,1,4,941984,0,0,0,0,941984,941984,194218,0,0,0,31428,194218,225646
port744,2026-04-21,Jebel Ali,1,0,1,1,0,3,3,0,0,0,0,0,0,0,0,0,3777,1136,0,4914,4914
port744,2026-04-22,Jebel Ali,2,0,0,0,1,2,3,0,0,0,0,85586,0,85586,651712,0,0,0,0,651712,651712
port744,2026-04-23,Jebel Ali,1,0,0,0,0,1,1,0,0,0,0,0,0,0,930274,0,0,0,0,930274,930274
port744,2026-04-24,Jebel Ali,1,0,3,0,0,4,4,1105255,0,1142,0,0,1106398,1106398,160523,0,15330,0,0,175854,175854
port744,2026-04-25,Jebel Ali,1,0,0,0,0,1,1,0,0,0,0,0,0,0,361879,0,0,0,0,361879,361879
port744,2026-04-26,Jebel Ali,3,0,0,0,0,3,3,941984,0,0,0,0,941984,941984,804544,0,0,0,0,804544,804544
port744,2026-04-27,Jebel Ali,2,0,1,0,0,3,3,0,0,425,0,0,425,425,1401468,0,0,0,0,1401468,1401468
port744,2026-04-28,Jebel Ali,3,0,2,0,0,5,5,0,0,1142,0,0,1142,1142,391451,0,4278,0,0,395729,395729
port744,2026-04-29,Jebel Ali,3,0,1,2,0,6,6,0,0,1142,653,0,1795,1795,1048672,0,1102,177,0,1049952,1049952
port744,2026-04-30,Jebel Ali,1,0,2,0,1,3,4,0,0,1142,0,0,1142,1142,579938,0,2287,0,86560,582225,668786
port744,2026-05-01,Jebel Ali,1,1,1,0,1,3,4,0,23031,1142,0,9826,24173,34000,572924,0,1102,0,4201,574027,578229
port744,2026-05-02,Jebel Ali,1,0,0,0,1,1,2,0,0,0,0,41121,0,41121,255486,0,0,0,0,255486,255486
port744,2026-05-03,Jebel Ali,2,1,1,0,1,4,5,0,21742,0,0,0,21742,21742,531533,2073,3412,0,29851,537019,566870
port744,2026-05-04,Jebel Ali,1,1,1,0,1,3,4,1307708,21742,1142,0,61185,1330593,1391779,101670,2073,1102,0,0,104846,104846
port744,2026-05-05,Jebel Ali,2,0,1,0,0,3,3,1114530,0,0,0,0,1114530,1114530,852908,0,1655,0,0,854564,854564
port744,2026-05-06,Jebel Ali,0,0,0,0,0,0,0,0,0,0,0,0,0,0,0,0,0,0,0,0,0
port744,2026-05-07,Jebel Ali,1,0,0,0,0,1,1,0,0,0,0,0,0,0,0,0,0,0,0,0,0
port744,2026-05-08,Jebel Ali,0,0,1,0,0,1,1,0,0,0,0,0,0,0,0,0,3175,0,0,3175,3175
port744,2026-05-09,Jebel Ali,0,1,3,0,0,4,4,0,0,1142,0,0,1142,1142,0,0,8900,0,0,8900,8900
port744,2026-05-10,Jebel Ali,0,1,0,0,0,1,1,0,21742,0,0,0,21742,21742,0,2073,0,0,0,2073,2073
port744,2026-05-11,Jebel Ali,0,1,1,0,1,2,3,0,21742,1142,0,448,22885,23334,0,2073,1102,0,0,3176,3176
port744,2026-05-12,Jebel Ali,0,0,0,0,0,0,0,0,0,0,0,0,0,0,0,0,0,0,0,0,0
port744,2026-05-13,Jebel Ali,2,3,2,0,2,7,9,0,68732,0,0,3974,68732,72707,41760,2073,3638,0,39313,47472,86786
port744,2026-05-14,Jebel Ali,0,0,1,0,0,1,1,0,0,0,0,0,0,0,0,0,1024,0,0,1024,1024
port744,2026-05-15,Jebel Ali,0,0,0,0,0,0,0,0,0,0,0,0,0,0,0,0,0,0,0,0,0
port744,2026-05-16,Jebel Ali,2,1,1,0,2,4,6,0,0,0,0,37913,0,37913,810264,28797,4877,0,2972,843939,846911
port744,2026-05-17,Jebel Ali,1,0,1,0,0,2,2,0,0,1142,0,0,1142,1142,458727,0,1102,0,0,459830,459830
port744,2026-05-18,Jebel Ali,0,0,1,0,2,1,3,0,0,0,0,2800,0,2800,0,0,2239,0,15615,2239,17854
port744,2026-05-19,Jebel Ali,0,0,2,0,0,2,2,0,0,1142,0,0,1142,1142,0,0,1547,0,0,1547,1547
port744,2026-05-20,Jebel Ali,0,0,0,0,0,0,0,0,0,0,0,0,0,0,0,0,0,0,0,0,0
port744,2026-05-21,Jebel Ali,5,0,3,0,1,8,9,3536769,0,1142,0,9826,3537912,3547738,1066260,0,9574,0,4201,1075834,1080036
port744,2026-05-22,Jebel Ali,2,1,1,0,0,4,4,0,21742,0,0,0,21742,21742,1141543,2073,1160,0,0,1144777,1144777
port744,2026-05-23,Jebel Ali,0,0,1,0,0,1,1,0,0,1142,0,0,1142,1142,0,0,1102,0,0,1102,1102
port744,2026-05-24,Jebel Ali,0,0,0,0,0,0,0,0,0,0,0,0,0,0,0,0,0,0,0,0,0
port744,2026-05-25,Jebel Ali,1,1,1,0,1,3,4,0,0,0,0,39313,0,39313,263085,30202,5171,0,0,298458,298458
port744,2026-05-26,Jebel Ali,1,1,0,0,1,2,3,0,21742,0,0,24851,21742,46593,398272,2073,0,0,0,400346,400346
port744,2026-05-27,Jebel Ali,0,1,1,0,1,2,3,0,21742,1142,0,9826,22885,32712,0,2073,1102,0,4201,3176,7378
port744,2026-05-28,Jebel Ali,0,0,0,0,0,0,0,0,0,0,0,0,0,0,0,0,0,0,0,0,0
port744,2026-05-29,Jebel Ali,1,0,1,0,0,2,2,0,0,1142,0,0,1142,1142,113720,0,1102,0,0,114823,114823
port752,2025-12-21,Mizushima,0,5,9,4,25,18,43,0,217101,2355,0,13411,219456,232867,0,0,5437,0,20143,5437,25581
port752,2025-12-22,Mizushima,2,1,15,1,22,19,41,0,909,1718,0,5231,2627,7859,2638,0,9131,57,42465,11827,54292
port752,2025-12-23,Mizushima,2,2,13,1,22,18,40,1058,472,4299,0,318911,5830,324741,504,766,6196,0,29102,7466,36568
port752,2025-12-24,Mizushima,3,5,14,1,20,23,43,1837,124765,2475,0,43027,129078,172106,252,4379,12526,0,17724,17157,34882
port752,2025-12-25,Mizushima,3,3,14,2,24,22,46,2810,38459,1374,0,10255,42645,52901,1091,38419,9283,0,31814,48793,80608
port752,2025-12-26,Mizushima,2,1,7,1,18,11,29,0,0,1482,0,5706,1482,7189,0,0,5427,0,17651,5427,23079
port752,2025-12-27,Mizushima,0,0,11,1,13,12,25,0,0,2706,0,3337,2706,6043,0,0,5804,0,10824,5804,16629
port752,2025-12-28,Mizushima,1,3,8,0,19,12,31,1696,366407,1444,0,204092,369548,573640,0,0,3288,0,33264,3288,36553
port752,2025-12-29,Mizushima,1,2,7,0,22,10,32,0,0,687,0,110640,687,111327,406,39356,2380,0,22712,42144,64856
port752,2025-12-30,Mizushima,0,0,4,1,11,5,16,0,0,1031,0,2794,1031,3825,0,0,2966,57,44789,3023,47812
port752,2025-12-31,Mizushima,0,0,0,0,4,0,4,0,0,0,0,0,0,0,0,0,0,0,17149,0,17149
port752,2026-01-01,Mizushima,0,1,2,0,9,3,12,0,0,0,0,36342,0,36342,0,1728,1300,0,5633,3028,8662
port752,2026-01-02,Mizushima,0,0,3,0,21,3,24,0,0,687,0,9503,687,10191,0,0,1812,0,29995,1812,31807
port752,2026-01-03,Mizushima,0,2,9,1,20,12,32,0,17719,1031,0,209484,18750,228235,0,0,6740,0,48605,6740,55345
port752,2026-01-04,Mizushima,0,1,4,0,24,5,29,0,0,1005,0,8010,1005,9016,0,0,906,0,13292,906,14198
port752,2026-01-05,Mizushima,1,3,13,1,30,18,48,269,136270,3789,0,208602,140329,348932,0,0,9062,0,43966,9062,53029
port752,2026-01-06,Mizushima,3,4,12,1,20,20,40,2415,73499,2558,0,11010,78472,89483,0,7942,6811,1124,56336,15878,72214
port752,2026-01-07,Mizushima,3,3,17,3,18,26,44,4345,27044,2984,0,4892,34374,39266,252,858,18143,0,11853,19254,31108
port752,2026-01-08,Mizushima,2,4,14,0,19,20,39,529,63308,3546,0,4313,67383,71696,252,0,14872,0,50196,15124,65321
port752,2026-01-09,Mizushima,2,2,10,1,17,15,32,2569,51967,2127,0,10336,56664,67000,0,0,5037,0,6763,5037,11801
port752,2026-01-10,Mizushima,0,1,8,0,15,9,24,0,1293,2425,0,3603,3719,7323,0,0,4059,0,55283,4059,59342
port752,2026-01-11,Mizushima,0,1,4,1,13,6,19,0,0,343,0,101106,343,101450,0,0,906,0,35380,906,36286
port752,2026-01-12,Mizushima,3,3,15,2,23,23,46,2304,183924,3212,0,10073,189441,199514,252,33511,6089,57,38995,39910,78905
port752,2026-01-13,Mizushima,3,2,16,2,22,23,45,4759,85225,2470,0,359412,92456,451868,252,0,6767,0,32450,7019,39469
port752,2026-01-14,Mizushima,1,2,8,1,26,12,38,1662,0,1433,0,10288,3096,13384,0,248,4695,0,16126,4943,21070
port752,2026-01-15,Mizushima,2,5,11,1,22,19,41,1158,30684,2582,0,24611,34425,59036,252,39855,5371,0,27295,45479,72774
port752,2026-01-16,Mizushima,4,1,7,0,21,12,33,1271,5541,1803,0,7666,8615,16282,504,0,3909,0,64386,4413,68800
port752,2026-01-17,Mizushima,0,4,11,2,25,17,42,0,41394,3536,0,7722,44931,52654,0,27508,4390,0,19989,31898,51888
port752,2026-01-18,Mizushima,0,2,7,1,21,10,31,0,1828,1374,0,123940,3203,127143,0,394,5597,0,47572,5992,53564
port752,2026-01-19,Mizushima,2,3,11,4,19,20,39,0,80420,2868,26,4368,83315,87683,657,0,7630,464,16833,8751,25585
port752,2026-01-20,Mizushima,2,3,10,1,24,16,40,797,166980,1031,0,197954,168809,366763,252,691,4557,0,22498,5501,27999
port752,2026-01-21,Mizushima,1,3,11,0,18,15,33,275,0,1751,0,10529,2027,12556,0,33663,11765,0,14684,45429,60114
port752,2026-01-22,Mizushima,3,1,9,1,20,14,34,4168,157402,1653,0,9332,163224,172557,504,0,5322,0,96924,5826,102750
port752,2026-01-23,Mizushima,2,3,13,1,24,19,43,1804,170676,3982,0,7122,176463,183585,252,0,7741,0,103296,7993,111290
port752,2026-01-24,Mizushima,2,0,15,1,22,18,40,1058,0,3887,0,124142,4945,129087,504,0,9546,0,20765,10050,30816
port752,2026-01-25,Mizushima,1,2,7,2,24,12,36,529,693,58,0,115602,1281,116884,252,209,4667,0,54048,5129,59178
port752,2026-01-26,Mizushima,2,2,16,1,26,21,47,2647,1145,5221,0,8897,9014,17911,0,0,8297,0,24242,8297,32540
port752,2026-01-27,Mizushima,1,5,16,4,21,26,47,529,73059,2905,0,25428,76493,101922,252,5554,9644,57,22787,15508,38295
port752,2026-01-28,Mizushima,2,0,15,0,20,17,37,3061,0,2894,0,3011,5955,8967,0,0,17419,0,36633,17419,54052
port752,2026-01-29,Mizushima,1,5,13,1,29,20,49,0,24827,4652,0,11493,29480,40974,1581,35771,7556,0,57631,44909,102541
port752,2026-01-30,Mizushima,1,4,16,0,18,21,39,1886,198634,3780,0,191832,204302,396134,0,4169,13000,0,43395,17169,60564
port752,2026-01-31,Mizushima,1,2,12,4,17,19,36,1335,0,2162,0,4924,3498,8422,0,385,5739,0,10857,6124,16982
port752,2026-02-01,Mizushima,0,2,5,1,29,8,37,0,0,1718,0,119452,1718,121170,0,0,4531,0,48066,4531,52598
port752,2026-02-02,Mizushima,3,5,12,3,21,23,44,529,86614,2749,0,13080,89893,102973,2192,385,7843,3050,24062,13471,37533
port752,2026-02-03,Mizushima,2,6,14,1,23,23,46,1346,118760,2907,0,11128,123014,134143,252,10993,14867,57,41316,26170,67486
port752,2026-02-04,Mizushima,3,0,13,1,16,17,33,795,0,2749,0,4988,3545,8534,1726,0,7250,0,75560,8976,84537
port752,2026-02-05,Mizushima,2,3,10,1,21,16,37,1901,24862,1503,0,192365,28267,220633,252,0,5469,0,32253,5721,37975
port752,2026-02-06,Mizushima,1,0,7,1,20,9,29,719,0,1309,0,207245,2028,209274,0,0,4202,0,39267,4202,43470
port752,2026-02-07,Mizushima,0,5,9,0,23,14,37,0,108118,1718,0,13245,109837,123082,0,27948,9656,0,58120,37604,95725
port752,2026-02-08,Mizushima,0,0,4,1,13,5,18,0,0,343,0,11228,343,11571,0,0,2874,0,38033,2874,40908
port752,2026-02-09,Mizushima,2,0,19,2,16,23,39,795,0,4934,0,7793,5729,13523,206,0,11081,0,17368,11288,28657
port752,2026-02-10,Mizushima,3,2,13,2,22,20,42,777,0,2406,0,11278,3183,14461,1262,540,6343,0,19825,8146,27971
port752,2026-02-11,Mizushima,1,2,7,0,22,10,32,529,88559,2376,0,236195,91465,327660,252,0,2718,0,23566,2971,26537
port752,2026-02-12,Mizushima,2,5,16,2,17,25,42,1795,32550,6038,0,7378,40384,47762,1476,34459,8099,57,72987,44094,117081
port752,2026-02-13,Mizushima,1,3,11,1,18,16,34,265,170898,2062,0,20894,173226,194121,0,1374,6300,0,79045,7675,86720
port752,2026-02-14,Mizushima,1,2,7,1,17,11,28,529,0,1718,0,3215,2247,5462,252,0,5175,0,12839,5427,18267
port752,2026-02-15,Mizushima,1,3,6,0,22,10,32,2703,909,687,0,211961,4299,216261,0,3086,2318,0,50189,5405,55594
port752,2026-02-16,Mizushima,4,2,17,1,26,24,50,0,78486,3387,0,11925,81873,93799,1114,22475,11026,0,13234,34617,47851
port752,2026-02-17,Mizushima,1,3,10,2,23,16,39,529,170753,1653,0,8402,172936,181338,252,0,4872,0,15575,5125,20700
port752,2026-02-18,Mizushima,2,3,12,2,22,19,41,0,38040,2930,0,116310,40971,157281,3572,4169,6985,0,43704,14727,58431
port752,2026-02-19,Mizushima,2,5,12,2,23,21,44,1582,1017,1994,0,14413,4594,19007,252,47351,6094,57,80210,53755,133966
port752,2026-02-20,Mizushima,2,1,9,2,19,14,33,2038,102372,2406,0,4646,106817,111463,0,0,14212,0,23041,14212,37254
port752,2026-02-21,Mizushima,0,2,11,1,18,14,32,0,49559,3275,0,116737,52835,169573,0,0,8156,0,32004,8156,40160
port752,2026-02-22,Mizushima,0,2,12,0,19,14,33,0,5655,2912,0,15384,8567,23951,0,0,5921,0,15508,5921,21429
port752,2026-02-23,Mizushima,2,4,13,0,21,19,40,1032,85180,3371,0,10141,89584,99726,265,0,9070,0,70223,9335,79559
port752,2026-02-24,Mizushima,4,3,10,2,21,19,40,1283,1612,2406,0,5775,5302,11077,2411,1296,6343,0,53615,10051,63667
port752,2026-02-25,Mizushima,1,4,8,0,17,13,30,0,44596,1928,0,122075,46524,168599,1922,248,4173,0,39625,6344,45969
port752,2026-02-26,Mizushima,3,2,13,1,22,19,41,1911,649,2328,0,6121,4889,11011,252,615,11581,0,16316,12448,28765
port752,2026-02-27,Mizushima,1,2,10,1,14,14,28,179,0,1718,0,6792,1898,8690,741,0,5479,0,29903,6221,36124
port752,2026-02-28,Mizushima,0,2,10,2,14,14,28,0,40889,2749,0,31869,43639,75508,0,0,9882,0,35987,9882,45869
port752,2026-03-01,Mizushima,1,2,5,1,19,9,28,2668,4350,343,0,116969,7363,124332,0,0,1577,57,29753,1634,31388
port752,2026-03-02,Mizushima,2,3,11,1,23,17,40,529,124629,2531,0,8799,127689,136488,459,27045,4278,0,77136,31782,108919
port752,2026-03-03,Mizushima,2,3,11,2,16,18,34,796,12193,1718,0,16933,14708,31642,252,33439,5113,1018,11193,39824,51017
port752,2026-03-04,Mizushima,3,1,9,1,9,14,23,1554,0,687,0,188590,2242,190832,252,691,2576,0,9354,3520,12875
port752,2026-03-05,Mizushima,0,3,14,1,22,18,40,0,53771,3049,0,6975,56821,63797,0,0,6343,1503,12843,7847,20690
port752,2026-03-06,Mizushima,1,0,13,1,22,15,37,2420,0,3499,0,203239,5920,209160,0,0,7250,0,22089,7250,29339
port752,2026-03-07,Mizushima,1,5,6,1,20,13,33,529,0,1031,0,11158,1560,12719,252,35809,3980,0,54882,40042,94925
port752,2026-03-08,Mizushima,0,3,8,1,18,12,30,0,98860,1031,0,16137,99891,116028,0,4379,9352,0,24541,13731,38273
port752,2026-03-09,Mizushima,4,4,12,2,22,22,44,3247,82115,3490,26,5617,88880,94498,503,209,9657,406,11694,10777,22471
port752,2026-03-10,Mizushima,1,1,18,2,22,22,44,529,693,3405,0,6596,4628,11224,252,209,11041,0,27847,11503,39350
port752,2026-03-11,Mizushima,2,3,11,1,29,17,46,529,0,2912,0,90708,3441,94150,751,41767,5437,57,22341,48013,70355
port752,2026-03-12,Mizushima,1,4,16,1,24,22,46,529,263012,4786,0,11240,268327,279567,252,4937,8470,0,21314,13659,34974
port752,2026-03-13,Mizushima,2,4,13,0,27,19,46,0,4148,3093,0,266033,7242,273276,721,29221,8156,0,16531,38099,54631
port752,2026-03-14,Mizushima,0,2,8,2,16,12,28,0,0,687,0,1695,687,2383,0,0,2172,0,55400,2172,57573
port752,2026-03-15,Mizushima,1,2,11,0,22,14,36,2953,1682,1611,0,121415,6247,127662,0,209,2460,0,16407,2670,19078
port752,2026-03-16,Mizushima,1,4,15,2,25,22,47,1241,25355,4575,0,10771,31172,41943,0,0,9394,0,21095,9394,30490
port752,2026-03-17,Mizushima,3,2,16,1,16,22,38,2405,74116,4124,0,6366,80646,87012,1265,0,11648,0,11944,12913,24858
port752,2026-03-18,Mizushima,3,1,13,2,26,19,45,2230,22038,2062,0,12458,26331,38789,0,0,16863,0,22441,16863,39305
port752,2026-03-19,Mizushima,1,1,15,0,23,17,40,0,38040,3437,0,18349,41478,59827,506,4169,9786,0,14720,14462,29183
port752,2026-03-20,Mizushima,1,6,13,2,26,22,48,0,62427,3458,0,64921,65886,130807,419,34993,6324,1525,35368,43262,78631
port752,2026-03-21,Mizushima,0,2,16,2,20,20,40,0,16683,3328,0,5352,20011,25364,0,0,8045,57,15249,8103,23352
port752,2026-03-22,Mizushima,1,1,8,1,22,11,33,0,0,1031,0,6893,1031,7924,0,554,14890,0,15470,15445,30915
port752,2026-03-23,Mizushima,2,1,16,0,20,19,39,832,2248,2749,0,11721,5829,17551,269,0,8109,0,9114,8379,17493
port752,2026-03-24,Mizushima,3,5,12,3,21,23,44,778,63658,5758,0,11783,70195,81979,455,34250,14942,0,35656,49647,85303
port752,2026-03-25,Mizushima,3,1,13,1,24,18,42,1058,0,1374,0,126121,2433,128554,1054,0,10698,0,13883,11752,25636
port752,2026-03-26,Mizushima,2,2,10,1,17,15,32,1872,78600,1718,0,4464,82191,86656,0,0,6874,0,13944,6874,20818
port752,2026-03-27,Mizushima,3,2,12,1,16,18,34,179,628,1374,0,11287,2182,13470,951,0,8236,0,8389,9188,17577
port752,2026-03-28,Mizushima,0,2,13,2,20,17,37,0,0,1374,0,115442,1374,116817,0,8796,5912,0,13165,14708,27874
port752,2026-03-29,Mizushima,0,0,13,1,28,14,42,0,0,2808,0,9916,2808,12724,0,0,7041,0,26645,7041,33687
port752,2026-03-30,Mizushima,2,4,15,3,26,24,50,529,42188,2939,0,10549,45656,56206,1488,4379,6554,434,20684,12856,33540
port752,2026-03-31,Mizushima,2,3,7,2,13,14,27,767,81414,1718,0,7107,83900,91007,252,1441,4531,2881,6568,9106,15674
port752,2026-04-01,Mizushima,2,1,6,1,23,10,33,544,0,829,0,202000,1374,203375,0,0,1812,0,17997,1812,19810
port752,2026-04-02,Mizushima,2,1,9,0,17,12,29,530,7133,1698,0,77387,9362,86749,2430,0,9235,0,9913,11665,21578
port752,2026-04-03,Mizushima,2,3,13,2,22,20,42,0,62026,4133,0,110602,66159,176762,1236,42697,8773,0,54679,52707,107387
port752,2026-04-04,Mizushima,0,2,12,1,15,15,30,0,77971,2406,0,5671,80377,86049,0,0,9745,0,12937,9745,22683
port752,2026-04-05,Mizushima,0,2,4,1,20,7,27,0,9192,2844,0,118957,12036,130994,0,394,1812,0,18828,2207,21035
port752,2026-04-06,Mizushima,1,3,9,1,19,14,33,0,77971,2868,0,180122,80839,260962,405,0,6454,0,12728,6859,19587
port752,2026-04-07,Mizushima,4,3,11,1,30,19,49,2866,74116,1653,0,32088,78635,110724,252,0,6717,0,38942,6969,45912
port752,2026-04-08,Mizushima,0,1,11,0,19,12,31,0,1960,4171,0,7635,6132,13767,0,0,11612,0,19709,11612,31322
port752,2026-04-09,Mizushima,1,5,9,1,22,16,38,529,57523,2058,0,9158,60111,69269,252,1085,4531,0,18426,5868,24295
port752,2026-04-10,Mizushima,3,4,11,2,16,20,36,529,69274,3141,0,179874,72945,252820,1837,2614,4830,57,33317,9339,42657
port752,2026-04-11,Mizushima,1,1,6,1,13,9,22,2421,78883,1308,0,2623,82613,85237,0,0,1812,0,9075,1812,10887
port752,2026-04-12,Mizushima,0,2,10,2,18,14,32,0,1293,2011,0,2727,3305,6032,0,0,6129,0,14743,6129,20872
port752,2026-04-13,Mizushima,1,4,10,2,29,17,46,268,79958,2180,0,27729,82408,110137,0,845,5579,0,52466,6424,58891
port752,2026-04-14,Mizushima,4,1,9,0,16,14,30,4260,0,2256,0,112603,6516,119120,756,769,5581,0,17728,7107,24835
port752,2026-04-15,Mizushima,2,2,13,2,19,19,38,1078,85995,3437,0,11984,90511,102495,252,0,9062,0,17586,9314,26901
port752,2026-04-16,Mizushima,1,3,12,0,22,16,38,179,13767,2564,0,4206,16511,20717,741,0,13567,0,20439,14308,34748
port752,2026-04-17,Mizushima,0,0,13,1,20,14,34,0,0,10196,0,10847,10196,21044,0,0,5762,0,32852,5762,38614
port752,2026-04-18,Mizushima,0,0,13,0,13,13,26,0,0,6003,0,7887,6003,13891,0,0,8917,0,100089,8917,109006
port752,2026-04-19,Mizushima,1,7,7,1,21,16,37,804,178083,854,0,182485,179743,362228,0,56547,2744,0,13879,59291,73170
port752,2026-04-20,Mizushima,3,3,13,1,25,20,45,2038,168825,2490,0,9752,173355,183107,1521,767,10617,57,20886,12965,33851
port752,2026-04-21,Mizushima,2,4,14,3,24,23,47,1862,76636,5294,0,7353,83793,91147,252,8338,3924,0,56286,12515,68801
port752,2026-04-22,Mizushima,3,1,8,0,19,12,31,583,0,2197,0,10785,2781,13566,1290,0,9396,0,34181,10687,44869
port752,2026-04-23,Mizushima,3,1,6,1,28,11,39,3424,37218,890,0,219753,41534,261287,252,0,2313,0,100452,2565,103017
port752,2026-04-24,Mizushima,1,4,10,2,21,17,38,357,44148,1769,26,7460,46301,53762,0,39851,4386,406,55015,44644,99660
port752,2026-04-25,Mizushima,1,0,10,1,17,12,29,1273,0,1031,0,10516,2304,12821,0,0,7729,0,33905,7729,41635
port752,2026-04-26,Mizushima,0,3,5,0,21,8,29,0,38819,1031,0,47853,39850,87704,0,4169,2947,0,12834,7116,19951
port752,2026-04-27,Mizushima,1,1,14,0,31,16,47,0,0,3064,0,20844,3064,23909,0,528,8806,0,24954,9334,34288
port752,2026-04-28,Mizushima,3,3,11,0,21,17,38,1332,0,4908,0,16853,6240,23093,252,769,9913,0,27109,10935,38044
port752,2026-04-29,Mizushima,3,0,13,2,17,18,35,1081,0,2290,0,119311,3372,122684,453,0,10979,57,13789,11490,25280
port752,2026-04-30,Mizushima,2,6,7,1,17,16,33,2424,460552,1718,0,11662,464695,476357,252,27638,5108,0,27916,32998,60915
port752,2026-05-01,Mizushima,1,4,11,0,17,16,33,1624,76887,2406,0,4226,80917,85143,0,394,6343,0,17806,6738,24545
port752,2026-05-02,Mizushima,1,1,9,0,13,11,24,0,38040,2406,0,192322,40446,232768,253,4169,6343,0,9529,10766,20295
port752,2026-05-03,Mizushima,0,1,6,0,14,7,21,0,0,1718,0,194480,1718,196199,0,0,5965,0,10267,5965,16232
port752,2026-05-04,Mizushima,0,1,9,1,15,11,26,0,0,3302,0,54284,3302,57587,0,30263,3625,0,7895,33888,41784
port752,2026-05-05,Mizushima,3,2,10,0,24,15,39,3100,61495,1718,0,13966,66315,80281,0,691,5203,0,17621,5895,23516
port752,2026-05-06,Mizushima,1,5,7,2,16,15,31,179,213436,1031,0,3577,214647,218224,741,394,3688,0,41084,4824,45909
port752,2026-05-07,Mizushima,2,1,11,1,26,15,41,529,0,2749,0,8306,3278,11585,252,539,8171,0,19741,8962,28703
port752,2026-05-08,Mizushima,3,2,12,2,24,19,43,0,38951,2062,0,120170,41013,161184,538,4169,8053,57,78438,12818,91257
port752,2026-05-09,Mizushima,1,4,10,1,16,16,32,0,43429,2406,0,8397,45835,54233,0,25525,6920,0,18288,32445,50734
port752,2026-05-10,Mizushima,0,0,9,0,17,9,26,0,0,2406,0,6773,2406,9179,0,0,7131,0,26417,7131,33548
port752,2026-05-11,Mizushima,1,2,17,3,28,23,51,0,1039,3451,0,203130,4490,207621,499,0,8518,0,41497,9017,50514
port752,2026-05-12,Mizushima,4,2,10,0,16,16,32,2462,0,2625,0,3877,5087,8965,504,0,4531,0,8682,5035,13718
port752,2026-05-13,Mizushima,0,2,13,2,29,17,46,0,693,2439,0,11634,3133,14767,0,3462,5636,0,42852,9098,51950
port752,2026-05-14,Mizushima,3,7,14,1,20,25,45,387,59925,3437,0,15555,63750,79306,1504,39893,16510,0,35323,57907,93231
port752,2026-05-15,Mizushima,2,1,17,1,21,21,42,179,156,4124,0,47731,4460,52191,2266,0,12251,0,10258,14517,24775
port752,2026-05-16,Mizushima,0,2,14,0,14,16,30,0,0,3635,0,199653,3635,203288,0,0,10050,0,9999,10050,20050
port752,2026-05-17,Mizushima,0,2,12,1,22,15,37,0,2941,2515,0,10439,5457,15897,0,209,5604,0,44785,5814,50600
port752,2026-05-18,Mizushima,2,1,20,0,33,23,56,529,0,3715,0,88162,4244,92407,252,0,14996,0,14888,15248,30136
port752,2026-05-19,Mizushima,1,6,14,4,14,25,39,529,85164,5466,0,3530,91160,94691,252,1374,8379,2458,51653,12464,64117
port752,2026-05-20,Mizushima,1,1,10,0,22,12,34,276,4076,1031,0,3886,5384,9271,0,0,6322,0,34011,6322,40334
port752,2026-05-21,Mizushima,4,3,13,1,32,21,53,4853,31694,3093,0,398630,39641,438272,252,0,8156,0,49931,8408,58339
port752,2026-05-22,Mizushima,2,1,14,1,21,18,39,892,38040,2406,0,4363,41339,45703,0,4169,11982,0,20248,16151,36399
port752,2026-05-23,Mizushima,1,2,11,1,20,15,35,268,170597,3591,0,49540,174457,223998,0,2248,5641,0,78067,7889,85956
port752,2026-05-24,Mizushima,0,3,8,1,12,12,24,0,34159,2062,0,4860,36222,41082,0,12551,6323,0,8784,18875,27660
port752,2026-05-25,Mizushima,1,6,19,2,19,28,47,529,4835,15203,0,173861,20567,194428,252,996,12014,0,9799,13263,23063
port752,2026-05-26,Mizushima,4,4,12,0,21,20,41,1058,24801,2439,0,8465,28299,36764,2380,0,6263,0,11515,8643,20159
port752,2026-05-27,Mizushima,0,1,13,2,22,16,38,0,0,2749,0,30681,2749,33431,0,234,8103,0,38252,8338,46591
port752,2026-05-28,Mizushima,1,5,14,2,26,22,48,208,74076,3001,26,9097,77313,86410,0,5014,10632,464,40296,16110,56407
port752,2026-05-29,Mizushima,2,1,12,1,20,16,36,179,381,2062,0,115941,2623,118564,994,0,5887,0,12847,6881,19728
port786,2025-12-21,Nagoya,9,2,11,8,14,30,44,17313,2784,4726,51,90290,24876,115166,17505,0,4844,2810,9431,25160,34592
port786,2025-12-22,Nagoya,12,2,12,5,12,31,43,38329,24962,4942,51,3510,68285,71796,33495,104230,2974,5722,17393,146422,163816
port786,2025-12-23,Nagoya,10,3,14,14,6,41,47,56063,140558,7012,250,3195,203885,207080,48019,3253,4290,10870,7765,66434,74200
port786,2025-12-24,Nagoya,10,4,9,8,8,31,39,19583,147,9776,103,2432,29611,32044,85456,36825,1847,1718,3988,125847,129835
port786,2025-12-25,Nagoya,12,4,10,5,14,31,45,42635,32717,16625,0,17116,91977,109094,27925,148,4914,6867,6271,39856,46127
port786,2025-12-26,Nagoya,13,1,8,9,6,31,37,29296,10851,1535,99,41642,41782,83424,56983,0,5213,7621,1003,69818,70822
port786,2025-12-27,Nagoya,10,2,18,5,13,35,48,33783,0,7077,919,83796,41780,125576,85357,1242,9438,859,8760,96897,105658
port786,2025-12-28,Nagoya,8,2,10,6,10,26,36,50735,58546,4093,3096,11525,116472,127998,13704,0,6019,1024,9464,20749,30214
port786,2025-12-29,Nagoya,13,2,6,6,12,27,39,72973,16305,2118,0,24491,91397,115889,44976,0,2700,1757,4805,49434,54240
port786,2025-12-30,Nagoya,11,0,8,1,12,20,32,33548,0,4074,0,71700,37623,109323,86454,0,4364,0,15141,90819,105961
port786,2025-12-31,Nagoya,0,1,2,0,4,3,7,0,106600,567,0,8855,107168,116024,0,0,0,0,3294,0,3294
port786,2026-01-01,Nagoya,6,1,1,0,2,8,10,17499,122725,511,0,4715,140736,145451,15331,0,623,0,573,15955,16528
port786,2026-01-02,Nagoya,5,1,2,0,9,8,17,25014,12420,0,0,4305,37435,41740,0,0,0,0,9646,0,9646
port786,2026-01-03,Nagoya,4,0,4,1,8,9,17,73128,0,1535,0,12617,74663,87281,0,0,8638,579,38673,9218,47891
port786,2026-01-04,Nagoya,6,4,11,2,10,23,33,43407,29838,4838,0,4160,78084,82244,4756,0,5748,0,2980,10505,13486
port786,2026-01-05,Nagoya,11,1,10,3,13,25,38,79923,36668,9929,1205,97062,127727,224790,9513,0,3740,1805,5776,15060,20836
port786,2026-01-06,Nagoya,12,3,13,6,16,34,50,39528,55066,11172,0,4041,105767,109808,39357,27606,4576,3183,6423,74723,81146
port786,2026-01-07,Nagoya,13,2,15,7,13,37,50,68895,0,6637,151,9011,75684,84696,30236,2450,9021,1389,47818,43097,90915
port786,2026-01-08,Nagoya,10,4,13,3,14,30,44,24830,7510,5680,0,29899,38021,67920,20801,148,5143,0,12410,26092,38502
port786,2026-01-09,Nagoya,6,3,18,6,14,33,47,27097,90138,7940,0,112812,125176,237989,32049,0,14736,511,8187,47297,55485
port786,2026-01-10,Nagoya,10,2,10,2,10,24,34,29286,45272,2558,0,16248,77117,93365,14270,0,5965,0,11008,20236,31244
port786,2026-01-11,Nagoya,5,0,1,6,2,12,14,23783,0,0,103,3824,23887,27712,0,0,181,1718,2216,1899,4116
port786,2026-01-12,Nagoya,11,3,10,9,9,33,42,70549,36475,2678,51,6357,109755,116112,25932,148,2493,8507,3359,37082,40441
port786,2026-01-13,Nagoya,12,1,12,5,11,30,41,87329,13578,10607,0,13732,111515,125248,10452,0,3853,0,11767,14305,26073
port786,2026-01-14,Nagoya,11,1,7,5,8,24,32,87488,0,2659,0,1144,90147,91292,19001,0,2336,1316,8872,22653,31526
port786,2026-01-15,Nagoya,13,6,17,10,14,46,60,35625,5920,5950,151,5741,47648,53390,122279,3679,10049,2129,7119,138137,145256
port786,2026-01-16,Nagoya,6,1,15,4,11,26,37,4904,63490,5465,0,14631,73860,88492,26953,0,6067,0,4847,33021,37868
port786,2026-01-17,Nagoya,11,1,11,6,10,29,39,37464,3251,4433,99,9738,45248,54986,68856,0,4003,6324,12000,79184,91185
port786,2026-01-18,Nagoya,8,3,15,9,11,35,46,34047,195144,7894,173,13582,237259,250842,12596,0,11060,8244,3342,31901,35244
port786,2026-01-19,Nagoya,8,5,17,7,12,37,49,58988,35747,23077,103,20673,117917,138591,6403,9284,7444,2061,6261,25193,31454
port786,2026-01-20,Nagoya,12,2,9,6,14,29,43,50474,70094,1535,103,24023,122208,146232,22600,148,4432,1718,11377,28898,40275
port786,2026-01-21,Nagoya,9,4,10,5,17,28,45,30047,254,3050,99,17228,33452,50680,28598,719,4192,530,21761,34040,55801
port786,2026-01-22,Nagoya,12,5,14,7,9,38,47,33584,142505,5646,99,0,181835,181835,27441,0,6804,2217,16094,36463,52557
port786,2026-01-23,Nagoya,11,5,8,4,10,28,38,38982,31171,3070,51,98884,73276,172161,104982,148,10797,6416,5825,122344,128169
port786,2026-01-24,Nagoya,11,2,8,5,9,26,35,34091,14113,3303,0,20575,51508,72084,69319,0,4219,0,7946,73539,81485
port786,2026-01-25,Nagoya,8,2,5,6,4,21,25,28540,0,1370,0,2420,29911,32332,7815,26622,1416,2539,6463,38394,44858
port786,2026-01-26,Nagoya,6,4,21,10,19,41,60,26336,44355,6738,151,39580,77581,117161,15066,4987,10904,3662,11289,34620,45909
port786,2026-01-27,Nagoya,11,3,10,3,14,27,41,45599,18443,4587,51,5803,68681,74485,46784,11053,4672,859,19662,63369,83032
port786,2026-01-28,Nagoya,8,4,18,10,19,40,59,35915,45207,6608,103,31881,87835,119717,54996,0,14904,12724,12960,82625,95586
port786,2026-01-29,Nagoya,15,3,10,7,9,35,44,38807,6625,3928,51,5985,49413,55399,152068,2579,2493,3635,10220,160778,170998
port786,2026-01-30,Nagoya,15,2,14,7,10,38,48,50071,63101,4035,0,10275,117208,127484,59660,26950,6647,2629,16111,95889,112000
port786,2026-01-31,Nagoya,9,2,9,8,6,28,34,21355,3097,3863,3201,16772,31516,48289,45923,5582,3902,1389,3070,56798,59869
port786,2026-02-01,Nagoya,8,5,12,9,11,34,45,51845,43743,5362,121,9952,101071,111024,16404,33698,5806,10139,6421,66048,72470
port786,2026-02-02,Nagoya,9,3,16,5,13,33,46,106245,77561,6748,0,7175,190555,197731,32812,0,3740,4810,9305,41363,50669
port786,2026-02-03,Nagoya,10,3,11,8,12,32,44,35388,40485,2558,1633,91633,80066,171699,42676,0,3895,2482,5322,49054,54377
port786,2026-02-04,Nagoya,10,5,15,12,12,42,54,50408,24176,6041,103,11695,80730,92426,34803,411,14784,3831,46939,53831,100770
port786,2026-02-05,Nagoya,11,4,12,4,17,31,48,40260,35207,4536,0,92500,80004,172505,25986,11629,2722,1022,12538,41361,53899
port786,2026-02-06,Nagoya,8,4,13,6,8,31,39,34683,114934,2883,0,5195,152501,157696,33136,0,11125,2300,13658,46561,60220
port786,2026-02-07,Nagoya,13,0,19,9,14,41,55,42420,0,6290,99,3371,48809,52181,116116,0,24854,3627,8304,144597,152901
port786,2026-02-08,Nagoya,10,6,4,3,8,23,31,57022,37749,1256,0,18720,96027,114748,41862,5114,1103,0,4022,48081,52103
port786,2026-02-09,Nagoya,10,2,12,8,12,32,44,64780,32752,5020,103,29457,102657,132114,72236,0,5677,4736,13438,82650,96088
port786,2026-02-10,Nagoya,7,1,17,7,10,32,42,33321,0,6434,3457,17797,43214,61011,8730,0,6770,0,5418,15501,20919
port786,2026-02-11,Nagoya,5,4,4,6,6,19,25,44353,137180,1243,99,15110,182877,197987,1162,0,1246,4361,224,6770,6995
port786,2026-02-12,Nagoya,12,3,14,8,10,37,47,34869,25157,4048,867,84037,64942,148979,82015,0,17061,0,3515,99077,102593
port786,2026-02-13,Nagoya,12,1,17,9,18,39,57,67693,70392,6955,51,22340,145093,167433,45049,0,7708,5113,53339,57870,111209
port786,2026-02-14,Nagoya,9,4,11,4,13,28,41,38475,177676,2828,121,22338,219101,241440,25393,3253,3122,1455,12533,33225,45758
port786,2026-02-15,Nagoya,10,3,19,9,12,41,53,83442,48238,10483,151,12079,142315,154395,45514,3038,7737,5558,19664,61849,81514
port786,2026-02-16,Nagoya,8,1,16,9,13,34,47,44579,5744,5628,0,17857,55952,73809,10835,0,8859,4150,13037,23845,36883
port786,2026-02-17,Nagoya,9,3,16,9,9,37,46,33280,2215,5303,203,12261,41003,53265,33719,2966,6621,2248,10954,45556,56510
port786,2026-02-18,Nagoya,9,2,8,7,8,26,34,13477,1315,2816,368,5,17978,17983,34574,2544,2535,2314,8290,41968,50258
port786,2026-02-19,Nagoya,11,4,17,8,11,40,51,59429,151030,6624,294,16662,217379,234041,35383,26210,8333,756,16480,70683,87164
port786,2026-02-20,Nagoya,11,2,14,9,9,36,45,49229,7811,4682,563,13333,62286,75620,56507,0,14075,2832,7950,73415,81365
port786,2026-02-21,Nagoya,9,1,12,6,15,28,43,42359,11729,3070,0,17844,57160,75004,76120,0,7234,4080,10724,87435,98160
port786,2026-02-22,Nagoya,12,2,9,8,11,31,42,49796,97829,4336,51,7602,152014,159616,43956,0,2831,859,13930,47646,61576
port786,2026-02-23,Nagoya,11,5,10,8,10,34,44,36996,66160,3206,151,5826,106514,112340,38539,411,2575,2860,6539,44387,50927
port786,2026-02-24,Nagoya,10,2,17,5,13,34,47,24676,9193,5902,51,97830,39823,137654,40875,0,4805,859,6000,46539,52540
port786,2026-02-25,Nagoya,10,2,15,7,11,34,45,41407,31416,5628,0,94431,78453,172884,69867,3402,11051,4018,14399,88339,102739
port786,2026-02-26,Nagoya,8,1,9,8,10,26,36,17827,5881,5503,428,10748,29640,40389,37178,0,3211,4431,4435,44821,49257
port786,2026-02-27,Nagoya,12,5,10,9,9,36,45,30268,16436,2479,0,90380,49184,139564,43639,148,2780,3593,5284,50161,55446
port786,2026-02-28,Nagoya,12,2,10,7,9,31,40,19043,21339,3667,857,8482,44907,53390,71700,0,7452,2248,15225,81400,96626
port786,2026-03-01,Nagoya,6,4,11,7,13,28,41,9105,14090,2699,0,54890,25896,80787,35149,0,3329,2608,7671,41087,48758
port786,2026-03-02,Nagoya,8,2,16,9,5,35,40,41562,0,6039,51,16248,47654,63902,22749,33030,13223,12251,1530,81254,82785
port786,2026-03-03,Nagoya,8,2,5,4,9,19,28,17137,133484,511,0,41802,151134,192936,97156,0,945,0,13140,98101,111242
port786,2026-03-04,Nagoya,12,6,7,8,9,33,42,38979,72415,1070,99,9943,112563,122507,66937,2567,623,2471,14144,72600,86744
port786,2026-03-05,Nagoya,10,3,10,2,12,25,37,39421,3014,4537,0,6236,46972,53209,36419,0,4364,0,14514,40784,55299
port786,2026-03-06,Nagoya,8,3,11,9,10,31,41,38306,4722,3070,2812,78778,48911,127690,18286,0,6293,2760,6224,27339,33563
port786,2026-03-07,Nagoya,9,1,9,3,7,22,29,20884,554,9109,0,4819,30548,35368,10645,0,2493,1980,5289,15120,20410
port786,2026-03-08,Nagoya,6,3,9,11,11,29,40,27550,3097,3885,1541,17072,36074,53146,6578,148,4364,1718,11340,12809,24150
port786,2026-03-09,Nagoya,13,3,14,5,13,35,48,67468,10832,4217,121,3934,82639,86573,54030,32933,3296,5227,8374,95488,103862
port786,2026-03-10,Nagoya,9,4,12,9,8,34,42,20109,98014,5548,99,10663,123771,134434,38771,1277,6503,4342,5004,50894,55898
port786,2026-03-11,Nagoya,14,1,18,9,10,42,52,35774,0,8568,103,13090,44447,57538,85772,0,14160,6629,7732,106562,114295
port786,2026-03-12,Nagoya,8,3,15,6,9,32,41,16553,120490,8478,0,3910,145522,149432,19949,0,5468,961,17933,26379,44313
port786,2026-03-13,Nagoya,14,2,7,5,13,28,41,95225,1383,2558,99,18085,99266,117351,42777,0,6630,530,8455,49937,58393
port786,2026-03-14,Nagoya,11,2,3,5,4,21,25,72679,0,1378,51,43898,74110,118008,26070,26622,824,4451,1102,57969,59072
port786,2026-03-15,Nagoya,6,2,11,8,9,27,36,25735,13062,3539,51,1655,42389,44044,7772,0,4634,859,9589,13266,22855
port786,2026-03-16,Nagoya,12,5,16,11,18,44,62,45850,9472,5988,3117,15385,64429,79815,55463,148,9839,8137,8911,73588,82500
port786,2026-03-17,Nagoya,14,2,14,7,18,37,55,54949,14076,11479,1075,93911,81580,175492,31578,0,6155,3823,9574,41557,51131
port786,2026-03-18,Nagoya,9,4,13,6,9,32,41,17341,36099,3127,51,1399,56621,58021,33043,3253,3264,859,49770,40420,90191
port786,2026-03-19,Nagoya,8,3,7,8,9,26,35,32913,127233,3859,0,12182,164006,176188,23628,12200,3439,4959,7174,44228,51402
port786,2026-03-20,Nagoya,11,7,13,3,10,34,44,35926,75637,4523,0,4139,116088,120227,27142,46489,6082,0,6972,79714,86687
port786,2026-03-21,Nagoya,9,2,8,5,13,24,37,59371,1313,2558,538,11659,63782,75441,25660,0,3847,530,15888,30038,45926
port786,2026-03-22,Nagoya,14,3,18,9,15,44,59,33334,35083,6688,51,37209,75157,112367,65686,0,6517,859,5227,73062,78290
port786,2026-03-23,Nagoya,9,1,17,10,13,37,50,51135,99090,5084,207,82035,155518,237553,81242,0,6602,3436,10876,91281,102158
port786,2026-03-24,Nagoya,8,3,13,8,10,32,42,44119,40232,3768,0,3641,88119,91761,30499,0,9012,6572,9130,46083,55214
port786,2026-03-25,Nagoya,12,4,14,7,12,37,49,82600,12349,10756,99,4822,105806,110628,49984,14973,5554,7795,12770,78306,91077
port786,2026-03-26,Nagoya,10,3,5,6,6,24,30,36623,141749,3126,2728,7415,184228,191643,30991,0,1246,2919,6095,35158,41253
port786,2026-03-27,Nagoya,13,2,17,12,14,44,58,36237,23103,9842,99,11891,69282,81173,71877,0,13074,4287,10785,89239,100025
port786,2026-03-28,Nagoya,7,0,8,9,11,24,35,15444,0,2089,51,3677,17586,21263,23976,0,6348,859,15801,31183,46984
port786,2026-03-29,Nagoya,10,5,17,7,15,39,54,92926,4357,6484,151,36702,103920,140623,68758,33466,6634,1389,11601,110249,121851
port786,2026-03-30,Nagoya,13,1,13,6,14,33,47,71215,0,9531,0,16245,80747,96992,47975,0,3311,6055,17608,57343,74951
port786,2026-03-31,Nagoya,7,1,4,3,7,15,22,17975,23128,955,51,1561,42111,43673,20872,0,1455,7411,5625,29739,35364
port786,2026-04-01,Nagoya,12,4,12,6,17,34,51,99488,155224,4125,462,49165,259301,308466,44713,148,4576,208,15332,49646,64978
port786,2026-04-02,Nagoya,11,3,7,6,16,27,43,48727,111994,3070,99,18294,163892,182186,26375,148,3740,2731,13516,32996,46512
port786,2026-04-03,Nagoya,14,0,18,3,19,35,54,67346,0,6590,51,22858,73989,96848,114033,0,8072,859,10018,122964,132983
port786,2026-04-04,Nagoya,7,1,3,4,6,15,21,48383,39198,1023,0,13081,88604,101686,9730,0,1246,0,2158,10977,13136
port786,2026-04-05,Nagoya,11,2,4,9,4,26,30,50198,58457,948,0,9979,109604,119584,31963,0,2368,6982,1569,41314,42884
port786,2026-04-06,Nagoya,11,3,26,6,13,46,59,41367,43166,11099,0,12362,95633,107995,27858,148,25798,4031,6610,57837,64447
port786,2026-04-07,Nagoya,7,2,8,4,12,21,33,5679,90390,3070,0,10442,99140,109583,39141,0,4568,2339,10954,46049,57003
port786,2026-04-08,Nagoya,18,4,19,6,12,47,59,75929,141993,8068,151,6747,226143,232890,72320,0,6937,1389,19506,80647,100154
port786,2026-04-09,Nagoya,10,3,14,8,20,35,55,39776,9292,3581,51,24547,52703,77251,0,148,14327,2482,15120,16959,32079
port786,2026-04-10,Nagoya,7,2,4,7,10,20,30,39373,2383,4859,112,4352,46729,51081,25641,2025,2124,5413,8889,35205,44095
port786,2026-04-11,Nagoya,9,0,6,5,12,20,32,37569,0,2558,99,78044,40227,118271,9588,0,3117,530,7788,13235,21024
port786,2026-04-12,Nagoya,13,4,23,7,13,47,60,34799,86998,9349,99,6348,131246,137595,85469,148,11677,5899,5520,103195,108716
port786,2026-04-13,Nagoya,12,3,15,7,16,37,53,48052,23453,7247,103,95667,78857,174525,67044,0,7305,8448,8234,82799,91033
port786,2026-04-14,Nagoya,12,2,12,6,10,32,42,62531,3576,2082,0,11322,68190,79513,65859,0,2351,513,5361,68725,74087
port786,2026-04-15,Nagoya,8,0,11,6,9,25,34,60771,0,4749,99,88499,65620,154119,14186,0,4364,2465,7526,21016,28543
port786,2026-04-16,Nagoya,15,1,9,5,15,30,45,43601,1668,4900,51,15076,50222,65298,67090,0,2355,859,10639,70305,80944
port786,2026-04-17,Nagoya,10,2,4,7,6,23,29,35981,3193,1023,3338,2369,43536,45905,43685,263,1246,0,10893,45195,56088
port786,2026-04-18,Nagoya,11,1,5,6,11,23,34,40454,129699,5542,51,23294,175748,199043,58526,0,2461,859,7714,61846,69561
port786,2026-04-19,Nagoya,12,3,13,9,16,37,53,47529,19155,4795,0,11125,71481,82606,67902,0,4104,503,7730,72510,80241
port786,2026-04-20,Nagoya,10,3,11,7,13,31,44,40525,43179,3092,99,8015,86896,94911,21307,0,2565,2342,2952,26215,29167
port786,2026-04-21,Nagoya,7,4,22,7,10,40,50,24793,46275,20409,103,19111,91583,110695,18225,0,10726,5043,10659,33995,44655
port786,2026-04-22,Nagoya,11,2,17,7,21,37,58,45163,879,6751,112,23404,52906,76311,86303,0,8038,0,18017,94342,112359
port786,2026-04-23,Nagoya,12,1,10,7,12,30,42,44723,46272,3589,51,7749,94637,102386,23911,0,5408,3298,8788,32618,41406
port786,2026-04-24,Nagoya,12,1,13,7,9,33,42,19912,254,5184,99,2138,25451,27589,78665,263,6934,4697,2830,90561,93391
port786,2026-04-25,Nagoya,9,0,8,5,8,22,30,21005,0,3698,51,9277,24756,34034,28631,0,3355,6560,12268,38548,50816
port786,2026-04-26,Nagoya,7,4,7,6,15,24,39,21535,91833,3015,0,11425,116383,127809,16757,0,3117,4129,18136,24004,42141
port786,2026-04-27,Nagoya,10,1,16,9,21,36,57,56434,1895,4319,103,8616,62752,71368,30732,0,7705,9823,12626,48261,60888
port786,2026-04-28,Nagoya,13,3,15,6,12,37,49,44024,71742,3891,99,16465,119757,136223,34983,26771,7829,2820,9424,72405,81830
port786,2026-04-29,Nagoya,11,2,20,5,13,38,51,62145,232560,7834,151,118664,302691,421356,60921,0,13729,7041,13907,81692,95599
port786,2026-04-30,Nagoya,14,2,10,4,17,30,47,49173,0,3853,0,7337,53026,60364,48885,13735,4364,583,11273,67569,78842
port786,2026-05-01,Nagoya,13,4,2,2,8,21,29,40466,31505,511,0,2294,72483,74777,126263,0,623,0,12856,126887,139743
port786,2026-05-02,Nagoya,14,1,17,3,11,35,46,63148,119170,5375,0,13144,187694,200838,70893,0,9311,2048,8580,82253,90833
port786,2026-05-03,Nagoya,9,2,7,3,18,21,39,18666,153056,2053,51,13185,173828,187014,83905,0,1870,859,22242,86634,108877
port786,2026-05-04,Nagoya,7,1,8,1,11,17,28,42424,0,2156,0,16033,44581,60614,8273,0,3144,0,3173,11418,14591
port786,2026-05-05,Nagoya,11,1,14,0,11,26,37,46717,254,6561,0,8495,53533,62029,54910,263,4987,0,14342,60161,74503
port786,2026-05-06,Nagoya,6,4,12,5,14,27,41,42690,222693,9740,5551,15075,280675,295751,7902,0,4633,7596,13743,20132,33875
port786,2026-05-07,Nagoya,14,6,10,5,15,35,50,32754,8306,2558,0,18630,43619,62250,17272,0,4145,3083,11829,24501,36330
port786,2026-05-08,Nagoya,9,1,13,7,8,30,38,19980,0,3905,99,89737,23985,113723,7408,1281,5618,3452,5889,17759,23649
port786,2026-05-09,Nagoya,12,2,6,4,14,24,38,48716,150953,2693,0,6736,202363,209099,39788,0,2493,4239,7268,46522,53790
port786,2026-05-10,Nagoya,11,2,18,7,14,38,52,56480,132394,9486,99,1819,198460,200280,27396,0,7830,530,3217,35757,38975
port786,2026-05-11,Nagoya,6,2,15,7,21,30,51,29837,10453,4982,51,48242,45325,93568,9323,0,6606,2965,18615,18896,37511
port786,2026-05-12,Nagoya,10,3,21,6,13,40,53,36276,39198,13199,99,4642,88773,93416,62418,27053,8901,530,13258,98903,112162
port786,2026-05-13,Nagoya,13,1,19,6,13,39,52,101917,22121,8331,151,21070,132520,153590,24184,0,7939,1389,8581,33513,42094
port786,2026-05-14,Nagoya,15,1,18,6,14,40,54,68948,0,4646,782,13794,74377,88171,34050,0,13645,4797,11593,52493,64087
port786,2026-05-15,Nagoya,9,3,11,5,9,28,37,17194,12849,4622,0,8565,34666,43231,79242,411,4987,1771,13045,86413,99458
port786,2026-05-16,Nagoya,11,5,9,10,10,35,45,30643,52901,2986,99,4412,86631,91043,19719,26503,4468,7441,3653,58133,61787
port786,2026-05-17,Nagoya,10,4,10,6,16,30,46,18177,28319,4555,0,98383,51053,149437,26269,37819,3740,0,10566,67830,78397
port786,2026-05-18,Nagoya,5,3,16,7,10,31,41,37220,72146,5701,203,3670,115272,118942,4661,0,6598,8564,3986,19825,23811
port786,2026-05-19,Nagoya,11,3,16,5,14,35,49,62900,58768,2926,0,16456,124595,141052,60761,263,12035,1899,10446,74959,85406
port786,2026-05-20,Nagoya,8,2,18,9,20,37,57,17011,35023,7236,2957,20700,62227,82927,56390,0,7903,4959,6737,69253,75991
port786,2026-05-21,Nagoya,9,3,11,8,11,31,42,40831,3097,3070,151,14561,47149,61711,9323,1357,4192,5240,7911,20114,28025
port786,2026-05-22,Nagoya,17,2,13,6,11,38,49,87211,28319,6606,0,6233,122138,128372,99627,3253,6234,3225,9486,112341,121827
port786,2026-05-23,Nagoya,10,0,6,4,8,20,28,16626,0,2046,0,3544,18673,22217,23883,0,3550,0,38785,27433,66219
port786,2026-05-24,Nagoya,11,2,10,10,4,33,37,28509,35051,4392,0,6688,67954,74642,55036,3253,5184,6341,3045,69815,72860
port786,2026-05-25,Nagoya,9,1,17,12,12,39,51,33450,3097,5726,203,44969,42477,87447,105441,148,7859,9421,6554,122870,129425
port786,2026-05-26,Nagoya,13,6,14,8,15,41,56,50507,142063,4735,1528,3566,198835,202402,60498,148,10659,3396,14488,74702,89190
port786,2026-05-27,Nagoya,11,3,19,7,17,40,57,15513,4228,8990,960,10736,29693,40430,49864,0,10265,1885,14865,62015,76881
port786,2026-05-28,Nagoya,9,4,12,9,19,34,53,29428,14736,3990,103,16103,48259,64363,80871,15298,7544,1718,14571,105432,120004
port786,2026-05-29,Nagoya,14,2,16,6,8,38,46,64019,140600,3286,99,17172,208006,225179,40286,3253,3740,8292,1065,55574,56639
port792,2025-12-21,Nantong,0,3,3,0,1,6,7,0,23266,4203,0,1398,27470,28868,0,2815,4004,0,0,6820,6820
port792,2025-12-22,Nantong,1,6,3,0,12,10,22,1513,114266,761,0,44853,116541,161394,0,4971,3701,0,4096,8673,12769
port792,2025-12-23,Nantong,0,7,1,0,8,8,16,0,147448,2603,0,17122,150052,167175,0,1362,0,0,656,1362,2019
port792,2025-12-24,Nantong,1,13,4,0,5,18,23,1331,300235,22121,0,17346,323689,341035,586,5289,1350,0,927,7226,8154
port792,2025-12-25,Nantong,2,11,2,0,8,15,23,0,290473,184,0,25271,290657,315929,0,8175,1761,0,311,9936,10247
port792,2025-12-26,Nantong,0,7,2,0,6,9,15,0,186189,4203,0,19334,190392,209726,0,1159,1486,0,1797,2645,4443
port792,2025-12-27,Nantong,1,11,3,0,7,15,22,22320,314010,1802,0,32941,338133,371074,0,4406,5736,0,1975,10142,12117
port792,2025-12-28,Nantong,0,5,3,0,5,8,13,0,99033,2047,0,13111,101081,114192,0,33822,726,0,4777,34549,39327
port792,2025-12-29,Nantong,1,5,5,0,11,11,22,0,113394,8700,0,53797,122095,175893,0,7989,5290,0,16384,13280,29664
port792,2025-12-30,Nantong,1,7,2,0,5,10,15,0,199332,1802,0,40109,201135,241245,0,44882,1590,0,1102,46472,47574
port792,2025-12-31,Nantong,0,7,2,0,6,9,15,0,201986,1802,0,8923,203788,212712,0,2725,726,0,8711,3451,12162
port792,2026-01-01,Nantong,2,5,1,0,5,8,13,1331,128133,0,0,13466,129465,142931,3647,1362,369,0,1288,5379,6667
port792,2026-01-02,Nantong,0,7,3,0,8,10,18,0,166030,2445,0,28671,168476,197147,0,2725,3335,0,2778,6061,8839
port792,2026-01-03,Nantong,1,9,3,0,10,13,23,0,216658,7133,0,39752,223792,263544,0,18024,1703,0,4726,19727,24454
port792,2026-01-04,Nantong,0,5,5,0,4,10,14,0,23552,7208,0,9503,30761,40264,0,0,2905,0,1102,2905,4008
port792,2026-01-05,Nantong,0,10,1,0,7,11,18,0,216383,20319,0,20610,236703,257313,0,5289,0,0,6361,5289,11650
port792,2026-01-06,Nantong,0,9,2,0,11,11,22,0,286826,1802,0,32867,288629,321496,0,7854,4918,0,1682,12772,14455
port792,2026-01-07,Nantong,0,11,3,0,9,14,23,0,278839,8266,0,32394,287105,319500,0,6652,726,0,1838,7378,9216
port792,2026-01-08,Nantong,0,7,2,0,7,9,16,0,327330,428,0,39711,327759,367471,0,2725,367,0,2043,3093,5136
port792,2026-01-09,Nantong,0,10,3,0,8,13,21,0,323588,286,0,17608,323875,341483,0,47069,171,0,1987,47240,49228
port792,2026-01-10,Nantong,0,9,1,0,4,10,14,0,378780,1802,0,18268,380582,398850,0,5450,726,0,4011,6176,10188
port792,2026-01-11,Nantong,0,1,0,0,7,1,8,0,28118,0,0,19883,28118,48002,0,1362,0,0,1742,1362,3104
port792,2026-01-12,Nantong,2,6,2,0,4,10,14,0,180092,0,0,3741,180092,183833,725,35398,3208,0,155,39332,39487
port792,2026-01-13,Nantong,0,3,0,0,5,3,8,0,70270,0,0,18497,70270,88768,0,2725,0,0,2629,2725,5354
port792,2026-01-14,Nantong,2,14,4,0,7,20,27,1331,285822,6492,0,15760,293646,309407,5423,44397,3223,0,927,53045,53972
port792,2026-01-15,Nantong,1,4,2,0,4,7,11,0,76399,0,0,10041,76399,86441,515,1362,2461,0,155,4339,4494
port792,2026-01-16,Nantong,0,1,0,0,2,1,3,0,27395,0,0,8199,27395,35594,0,1202,0,0,1102,1202,2304
port792,2026-01-17,Nantong,0,5,2,0,4,7,11,0,82721,3631,0,11660,86353,98013,0,0,0,0,2854,0,2854
port792,2026-01-18,Nantong,1,5,5,0,3,11,14,1331,78467,6764,0,34645,86562,121208,586,1362,1509,0,689,3458,4147
port792,2026-01-19,Nantong,1,8,2,0,9,11,20,1002,190435,2400,0,41739,193839,235578,0,5496,782,0,1832,6278,8111
port792,2026-01-20,Nantong,0,10,1,0,5,11,16,0,357205,774,0,18707,357980,376687,0,1362,0,0,531,1362,1893
port792,2026-01-21,Nantong,0,5,1,0,7,6,13,0,75864,0,0,27854,75864,103719,0,51815,0,0,1345,51815,53161
port792,2026-01-22,Nantong,0,10,4,0,9,14,23,0,191332,5305,0,24785,196637,221423,0,4087,816,0,2030,4903,6934
port792,2026-01-23,Nantong,0,8,3,0,8,11,19,0,225858,3604,0,39166,229462,268629,0,1408,1452,0,1478,2861,4340
port792,2026-01-24,Nantong,0,6,3,0,6,9,15,0,94867,3604,0,18938,98472,117410,0,2725,1452,0,1431,4178,5609
port792,2026-01-25,Nantong,1,3,0,0,1,4,5,0,83632,0,0,3744,83632,87376,0,3927,0,0,599,3927,4526
port792,2026-01-26,Nantong,0,10,5,0,10,15,25,0,221468,11631,0,31539,233100,264639,0,53769,1452,0,4114,55222,59336
port792,2026-01-27,Nantong,0,10,3,0,11,13,24,0,302097,6005,0,34514,308102,342617,0,5870,2213,0,1614,8084,9698
port792,2026-01-28,Nantong,1,11,5,0,4,17,21,1331,290120,9042,0,26405,300494,326899,586,51181,4562,0,689,56330,57020
port792,2026-01-29,Nantong,0,7,2,0,3,9,12,0,189207,1988,0,12564,191196,203760,0,2725,726,0,1198,3451,4650
port792,2026-01-30,Nantong,0,8,0,0,7,8,15,0,310542,0,0,24101,310542,334644,0,4087,0,0,3797,4087,7884
port792,2026-01-31,Nantong,0,7,1,0,6,8,14,0,241075,0,0,15120,241075,256196,0,3487,0,0,5562,3487,9050
port792,2026-02-01,Nantong,0,6,1,0,2,7,9,0,152361,1802,0,4639,154163,158803,0,42670,726,0,483,43397,43881
port792,2026-02-02,Nantong,1,8,3,0,7,12,19,0,123106,2254,0,22529,125361,147891,0,90078,892,0,658,90971,91630
port792,2026-02-03,Nantong,1,9,5,0,6,15,21,22320,200254,1819,0,7642,224394,232037,0,3927,4112,0,2509,8040,10549
port792,2026-02-04,Nantong,1,8,4,0,3,13,16,1540,263526,4979,0,21430,270047,291478,0,38714,3572,0,0,42287,42287
port792,2026-02-05,Nantong,0,7,4,0,6,11,17,0,287577,366,0,40490,287943,328434,0,0,2702,0,4183,2702,6885
port792,2026-02-06,Nantong,0,5,0,0,6,5,11,0,136073,0,0,8785,136073,144858,0,1362,0,0,13239,1362,14601
port792,2026-02-07,Nantong,0,4,3,0,3,7,10,0,44780,11603,0,22099,56383,78483,0,1362,1618,0,599,2981,3580
port792,2026-02-08,Nantong,1,1,1,0,1,3,4,0,50028,0,0,0,50028,50028,0,0,1851,0,0,1851,1851
port792,2026-02-09,Nantong,0,12,3,0,10,15,25,0,231342,3604,0,19544,234946,254491,0,5289,1452,0,2454,6742,9197
port792,2026-02-10,Nantong,0,7,2,0,12,9,21,0,143457,874,0,41374,144332,185707,0,67010,0,0,2341,67010,69352
port792,2026-02-11,Nantong,0,6,2,0,7,8,15,0,176748,2400,0,38615,179148,217764,0,23520,1253,0,1198,24774,25972
port792,2026-02-12,Nantong,1,6,5,0,6,12,18,0,129236,10404,0,46252,139641,185893,0,61309,2213,0,599,63522,64121
port792,2026-02-13,Nantong,0,7,2,0,5,9,14,0,212578,22121,0,16539,234700,251240,0,3927,726,0,1621,4653,6274
port792,2026-02-14,Nantong,0,8,1,0,14,9,23,0,241775,487,0,49704,242263,291967,0,44219,1010,0,8845,45229,54074
port792,2026-02-15,Nantong,0,3,1,0,3,4,7,0,53331,3721,0,10414,57052,67467,0,1202,0,0,0,1202,1202
port792,2026-02-16,Nantong,1,3,0,0,5,4,9,1331,18089,0,0,11974,19420,31395,586,46272,0,0,1258,46858,48117
port792,2026-02-17,Nantong,0,6,0,0,8,6,14,0,176131,0,0,23736,176131,199867,0,6491,0,0,2778,6491,9270
port792,2026-02-18,Nantong,0,4,3,0,8,7,15,0,115669,6005,0,36617,121674,158292,0,0,2213,0,2126,2213,4339
port792,2026-02-19,Nantong,0,11,3,0,6,14,20,0,177687,1802,0,12997,179490,192487,0,4118,726,0,0,4844,4844
port792,2026-02-20,Nantong,0,5,0,0,9,5,14,0,83632,0,0,26301,83632,109933,0,10365,0,0,2844,10365,13210
port792,2026-02-21,Nantong,0,1,4,0,5,5,10,0,28118,11651,0,12411,39770,52181,0,1362,5400,0,1208,6762,7971
port792,2026-02-22,Nantong,1,2,1,0,3,4,7,10418,56237,0,0,6284,66656,72940,0,2725,248,0,658,2973,3632
port792,2026-02-23,Nantong,0,3,1,0,6,4,10,0,49989,1802,0,25859,51791,77650,0,1362,726,0,6621,2089,8710
port792,2026-02-24,Nantong,0,3,2,0,7,5,12,0,72357,1802,0,21021,74159,95181,0,2564,726,0,1701,3291,4992
port792,2026-02-25,Nantong,0,6,1,0,9,7,16,0,45384,1802,0,28075,47186,75262,0,24938,726,0,11973,25664,37638
port792,2026-02-26,Nantong,1,5,4,0,5,10,15,0,139439,5141,0,18664,144580,163245,1513,5289,1452,0,1102,8256,9358
port792,2026-02-27,Nantong,1,7,1,0,8,9,17,0,198023,20319,0,72910,218342,291253,0,1569,0,0,1574,1569,3143
port792,2026-02-28,Nantong,0,11,2,0,10,13,23,0,192997,15449,0,45632,208447,254080,0,97325,0,0,1797,97325,99123
port792,2026-03-01,Nantong,1,3,3,0,6,7,13,0,65127,0,0,8903,65127,74030,2444,39372,4956,0,4046,46773,50820
port792,2026-03-02,Nantong,0,6,0,0,6,6,12,0,104109,0,0,26774,104109,130883,0,97743,0,0,328,97743,98072
port792,2026-03-03,Nantong,2,9,2,0,3,13,16,22320,264699,2701,0,13416,289722,303139,0,2725,0,0,658,2725,3384
port792,2026-03-04,Nantong,0,1,2,0,6,3,9,0,20308,1802,0,9358,22110,31469,0,0,1501,0,2135,1501,3636
port792,2026-03-05,Nantong,2,7,1,0,7,10,17,1331,174776,2400,0,21466,178509,199975,586,51095,760,0,2196,52442,54639
port792,2026-03-06,Nantong,0,10,1,0,5,11,16,0,233449,1802,0,13999,235251,249251,0,2564,726,0,0,3291,3291
port792,2026-03-07,Nantong,0,6,0,0,6,6,12,0,162415,0,0,22532,162415,184947,0,3927,0,0,2109,3927,6036
port792,2026-03-08,Nantong,0,3,2,0,2,5,7,0,0,3604,0,4146,3604,7751,0,40026,1452,0,599,41479,42078
port792,2026-03-09,Nantong,1,4,4,0,7,9,16,0,107502,0,0,19821,107502,127323,0,2725,135,0,836,2860,3696
port792,2026-03-10,Nantong,1,6,3,0,8,10,18,0,109365,2845,0,24197,112210,136408,6797,567,4571,0,5796,11936,17733
port792,2026-03-11,Nantong,1,5,3,0,6,9,15,0,120986,6005,0,19581,126991,146573,728,2771,2213,0,2734,5713,8447
port792,2026-03-12,Nantong,1,6,7,0,8,14,22,1331,49636,26324,0,24536,77293,101830,586,82078,2213,0,3496,84878,88375
port792,2026-03-13,Nantong,0,9,2,0,9,11,20,0,177971,4016,0,29123,181988,211111,0,22671,760,0,2815,23431,26247
port792,2026-03-14,Nantong,0,12,6,0,7,18,25,0,269455,9435,0,18931,278891,297823,0,5450,3220,0,1879,8670,10550
port792,2026-03-15,Nantong,1,4,0,0,3,5,8,0,116953,0,0,5567,116953,122520,0,2725,0,0,599,2725,3324
port792,2026-03-16,Nantong,2,7,3,0,7,12,19,0,162678,1232,0,15160,163910,179070,289,26983,592,0,5595,27865,33461
port792,2026-03-17,Nantong,2,5,5,0,10,12,22,0,114779,5939,0,32164,120718,152883,0,3853,2179,0,6829,6033,12862
port792,2026-03-18,Nantong,0,7,1,0,3,8,11,0,126946,2553,0,2228,129500,131728,0,55255,0,0,0,55255,55255
port792,2026-03-19,Nantong,0,7,2,0,10,9,19,0,153761,0,0,26076,153761,179837,0,32266,2923,0,3944,35190,39135
port792,2026-03-20,Nantong,0,6,0,0,10,6,16,0,217255,0,0,24750,217255,242006,0,27162,0,0,19372,27162,46535
port792,2026-03-21,Nantong,0,4,4,0,2,8,10,0,29304,17178,0,6218,46482,52701,0,0,726,0,599,726,1325
port792,2026-03-22,Nantong,0,4,5,0,6,9,15,0,70452,7794,0,20328,78247,98575,0,53046,2179,0,2785,55225,58010
port792,2026-03-23,Nantong,1,8,1,0,4,10,14,0,196375,1802,0,1830,198177,200007,1183,1202,726,0,33093,3111,36205
port792,2026-03-24,Nantong,0,9,2,0,11,11,22,0,178417,0,0,43605,178417,222023,0,4087,0,0,16904,4087,20992
port792,2026-03-25,Nantong,1,11,3,0,3,15,18,1331,382500,4091,0,7031,387923,394954,586,45734,2463,0,927,48784,49712
port792,2026-03-26,Nantong,0,5,3,0,7,8,15,0,105887,2553,0,17875,108441,126316,0,4087,1277,0,1162,5365,6527
port792,2026-03-27,Nantong,0,14,3,0,4,17,21,0,327425,5406,0,8494,332831,341326,0,41069,2179,0,9017,43249,52267
port792,2026-03-28,Nantong,0,4,3,0,3,7,10,0,104319,6437,0,5186,110757,115943,0,4087,726,0,0,4814,4814
port792,2026-03-29,Nantong,0,5,3,0,4,8,12,0,83632,6648,0,12325,90280,102605,0,54290,1452,0,1431,55743,57174
port792,2026-03-30,Nantong,1,7,4,0,4,12,16,0,136302,6332,0,10467,142635,153102,728,6819,4904,0,3708,12452,16160
port792,2026-03-31,Nantong,1,9,1,0,10,11,21,0,144597,0,0,17520,144597,162118,0,3731,456,0,1443,4188,5632
port792,2026-04-01,Nantong,0,8,3,0,5,11,16,0,188395,4700,0,11666,193095,204761,0,46759,726,0,4745,47485,52231
port792,2026-04-02,Nantong,0,8,1,0,5,9,14,0,174814,0,0,13773,174814,188587,0,4087,182,0,1857,4270,6127
port792,2026-04-03,Nantong,0,9,2,0,11,11,22,0,181146,4203,0,47299,185350,232649,0,44202,1486,0,4375,45689,50064
port792,2026-04-04,Nantong,1,4,2,0,4,7,11,146,27498,1802,0,8199,29447,37646,0,42855,1498,0,5819,44354,50174
port792,2026-04-05,Nantong,0,2,2,0,4,4,8,0,25790,4647,0,18406,30438,48845,0,51699,726,0,328,52425,52754
port792,2026-04-06,Nantong,1,13,7,0,11,21,32,1331,281409,20475,0,49345,303216,352562,586,61926,1452,0,3444,63966,67410
port792,2026-04-07,Nantong,1,9,2,0,5,12,17,0,174002,1802,0,13986,175804,189791,1284,50174,5832,0,13819,57291,71111
port792,2026-04-08,Nantong,0,5,1,0,3,6,9,0,210292,761,0,10795,211053,221849,0,1202,672,0,2460,1874,4335
port792,2026-04-09,Nantong,2,13,4,0,6,19,25,1331,350824,2475,0,16500,354631,371131,586,51936,760,0,0,53283,53283
port792,2026-04-10,Nantong,1,1,2,0,8,4,12,2470,47153,0,0,26209,49623,75833,213,0,1136,0,2525,1349,3874
port792,2026-04-11,Nantong,0,9,4,0,8,13,21,0,172563,9626,0,22629,182190,204820,0,3018,2345,0,2390,5363,7754
port792,2026-04-12,Nantong,1,8,1,0,4,10,14,2470,117634,0,0,24982,120105,145087,213,39994,873,0,6284,41082,47366
port792,2026-04-13,Nantong,0,3,3,0,6,6,12,0,31195,0,0,18300,31195,49495,0,531,5585,0,13063,6116,19180
port792,2026-04-14,Nantong,0,7,1,0,4,8,12,0,133461,1802,0,15202,135263,150465,0,2564,726,0,1102,3291,4393
port792,2026-04-15,Nantong,1,6,4,0,4,11,15,1331,95949,5014,0,11794,102296,114090,586,23330,3253,0,599,27170,27769
port792,2026-04-16,Nantong,3,7,3,0,4,13,17,1279,72768,0,0,5748,74048,79796,0,2725,2493,0,4777,5219,9997
port792,2026-04-17,Nantong,0,9,3,0,8,12,20,0,230773,9833,0,26885,240606,267491,0,5596,726,0,13372,6322,19695
port792,2026-04-18,Nantong,1,3,1,0,5,5,10,0,106195,1802,0,28446,107998,136444,1181,0,726,0,740,1907,2647
port792,2026-04-19,Nantong,0,1,1,0,3,2,5,0,19768,0,0,3346,19768,23115,0,0,3029,0,3946,3029,6976
port792,2026-04-20,Nantong,1,4,2,0,8,7,15,725,80643,3604,0,10515,84973,95488,0,2725,1452,0,5749,4178,9927
port792,2026-04-21,Nantong,0,5,2,0,7,7,14,0,179459,5124,0,26915,184583,211499,0,5289,726,0,1288,6016,7304
port792,2026-04-22,Nantong,0,6,1,0,4,7,11,0,97893,2400,0,15266,100294,115560,0,10348,760,0,155,11108,11264
port792,2026-04-23,Nantong,0,3,4,0,7,7,14,0,151319,4888,0,17710,156207,173917,0,1362,1452,0,3488,2815,6303
port792,2026-04-24,Nantong,0,9,5,0,5,14,19,0,192948,3994,0,9699,196943,206642,0,5031,1698,0,3487,6730,10217
port792,2026-04-25,Nantong,0,13,2,0,3,15,18,0,292167,0,0,13999,292167,306167,0,36219,866,0,599,37086,37685
port792,2026-04-26,Nantong,0,2,1,0,3,3,6,0,56237,1802,0,5574,58039,63613,0,2725,726,0,867,3451,4318
port792,2026-04-27,Nantong,2,7,3,0,4,12,16,0,204909,2908,0,8609,207817,216426,436,53440,2650,0,3113,56527,59641
port792,2026-04-28,Nantong,1,3,2,0,1,6,7,0,67439,366,0,0,67805,67805,1024,1362,2761,0,0,5148,5148
port792,2026-04-29,Nantong,0,3,0,0,4,3,7,0,95064,0,0,19087,95064,114152,0,1362,0,0,1198,1362,2561
port792,2026-04-30,Nantong,0,3,3,0,2,6,8,0,77223,3604,0,3744,80827,84572,0,2725,1678,0,1173,4403,5577
port792,2026-05-01,Nantong,0,1,1,0,5,2,7,0,12070,0,0,20645,12070,32716,0,0,917,0,1606,917,2523
port792,2026-05-02,Nantong,0,6,1,0,4,7,11,0,107989,1802,0,10030,109791,119822,0,38623,726,0,927,39349,40277
port792,2026-05-03,Nantong,1,3,2,0,2,6,8,291,50116,366,0,6284,50774,57059,0,1202,1761,0,658,2963,3622
port792,2026-05-04,Nantong,0,3,3,0,5,6,11,0,76277,6587,0,12128,82865,94994,0,2564,1486,0,6133,4051,10185
port792,2026-05-05,Nantong,0,1,5,0,0,6,6,0,23622,5422,0,0,29045,29045,0,0,5494,0,0,5494,5494
port792,2026-05-06,Nantong,0,4,1,0,5,5,10,0,55513,1802,0,10046,57315,67362,0,49530,726,0,2803,50257,53060
port792,2026-05-07,Nantong,0,6,2,0,4,8,12,0,166597,1802,0,6554,168399,174954,0,4087,1273,0,927,5360,6288
port792,2026-05-08,Nantong,0,4,1,0,2,5,7,0,147692,0,0,2809,147692,150502,0,4087,345,0,328,4433,4761
port792,2026-05-09,Nantong,0,1,1,0,7,2,9,0,28118,0,0,20425,28118,48543,0,1362,2603,0,9999,3966,13965
port792,2026-05-10,Nantong,0,5,1,0,2,6,8,0,129810,1802,0,1088,131612,132700,0,3927,726,0,0,4653,4653
port792,2026-05-11,Nantong,0,2,4,0,1,6,7,0,33107,6005,0,235,39112,39348,0,206,7815,0,0,8022,8022
port792,2026-05-12,Nantong,0,3,2,0,3,5,8,0,45989,3604,0,11233,49593,60827,0,1362,1452,0,1797,2815,4613
port792,2026-05-13,Nantong,0,2,1,0,1,3,4,0,28118,7420,0,0,35538,35538,0,13184,0,0,0,13184,13184
port792,2026-05-14,Nantong,1,5,2,0,1,8,9,0,128928,1802,0,1830,130730,132560,582,1202,1094,0,155,2878,3034
port792,2026-05-15,Nantong,0,3,1,0,1,4,5,0,67587,1802,0,3744,69389,73133,0,2725,726,0,599,3451,4050
port792,2026-05-16,Nantong,0,4,1,0,3,5,8,0,115189,0,0,4639,115189,119828,0,0,0,0,483,0,483
port792,2026-05-17,Nantong,0,1,1,0,3,2,5,0,28118,0,0,4339,28118,32458,0,1362,2518,0,155,3880,4036
port792,2026-05-18,Nantong,1,4,6,0,7,11,18,0,112193,10604,0,17228,122797,140025,1441,4087,3210,0,1838,8739,10578
port792,2026-05-19,Nantong,0,5,3,0,1,8,9,0,140228,3604,0,0,143832,143832,0,3927,1749,0,0,5677,5677
port792,2026-05-20,Nantong,0,5,4,0,6,9,15,0,105882,12408,0,19067,118291,137359,0,4731,2104,0,2587,6835,9422
port792,2026-05-21,Nantong,0,3,1,0,7,4,11,0,64888,735,0,17934,65624,83559,0,1202,0,0,7193,1202,8395
port792,2026-05-22,Nantong,0,4,0,0,1,4,5,0,82446,0,0,0,82446,82446,0,1362,0,0,1031,1362,2394
port792,2026-05-23,Nantong,0,3,0,0,2,3,5,0,84355,0,0,2477,84355,86832,0,4087,0,0,0,4087,4087
port792,2026-05-24,Nantong,0,2,0,0,5,2,7,0,55513,0,0,19355,55513,74868,0,2564,0,0,2301,2564,4865
port792,2026-05-25,Nantong,0,4,2,0,1,6,7,0,97035,9222,0,6448,106258,112706,0,4087,726,0,0,4814,4814
port792,2026-05-26,Nantong,0,2,0,0,3,2,5,0,27395,0,0,8721,27395,36117,0,1202,0,0,1102,1202,2304
port792,2026-05-27,Nantong,2,10,5,0,9,17,26,28863,280757,7208,0,24331,316830,341161,3090,6539,7956,0,2497,17585,20082
port792,2026-05-28,Nantong,2,6,3,0,6,11,17,2470,66378,2676,0,23854,71525,95380,213,95404,909,0,599,96527,97126
port792,2026-05-29,Nantong,0,4,1,0,5,5,10,0,115680,6423,0,13356,122104,135460,0,2725,0,0,1526,2725,4252
port824,2025-12-21,Ningbo,31,5,2,1,6,39,45,558779,61077,3134,750,30728,623741,654470,898402,90124,1582,220,12076,990330,1002407
port824,2025-12-22,Ningbo,39,6,1,0,21,46,67,231530,315509,1659,0,585358,548700,1134058,1040655,34100,1803,0,95658,1076560,1172219
port824,2025-12-23,Ningbo,30,6,1,1,18,38,56,725979,187572,0,750,423187,914301,1337489,597896,38754,7707,220,32311,644579,676890
port824,2025-12-24,Ningbo,35,8,2,1,13,46,59,443667,447041,3319,0,305464,894028,1199493,880265,69180,3607,4053,17947,957107,975055
port824,2025-12-25,Ningbo,37,4,0,2,6,43,49,414069,87773,0,1342,8998,503184,512183,846079,21298,0,0,54802,867378,922181
port824,2025-12-26,Ningbo,35,7,1,0,29,43,72,286402,499454,0,0,815991,785857,1601848,1096129,46629,6706,0,148227,1149466,1297693
port824,2025-12-27,Ningbo,35,6,3,1,17,45,62,544851,292358,2498,750,126371,840457,966829,933594,72696,11836,220,70430,1018347,1088777
port824,2025-12-28,Ningbo,32,7,2,0,16,41,57,293632,197041,2376,0,279012,493050,772063,785451,48905,2782,0,47151,837139,884291
port824,2025-12-29,Ningbo,29,7,3,0,18,39,57,119976,119423,1905,0,234227,241306,475533,617602,41786,5605,0,150728,664994,815723
port824,2025-12-30,Ningbo,35,7,3,2,8,47,55,1465011,394473,2146,750,19207,1862381,1881588,737426,52960,14491,2105,19242,806983,826226
port824,2025-12-31,Ningbo,33,5,1,1,2,40,42,1235665,224597,3631,467,11992,1464362,1476354,705844,12798,0,0,40603,718642,759245
port824,2026-01-01,Ningbo,31,5,0,0,1,36,37,551405,165756,0,0,0,717162,717162,880682,24513,0,0,40306,905195,945502
port824,2026-01-02,Ningbo,38,1,0,0,7,39,46,536550,0,0,0,31195,536550,567745,949396,46629,0,0,24574,996025,1020600
port824,2026-01-03,Ningbo,36,8,1,1,20,46,66,323014,451781,2985,0,407318,777781,1185099,953392,105326,0,0,9779,1058718,1068498
port824,2026-01-04,Ningbo,29,5,2,2,12,38,50,935441,141399,0,1500,263039,1078340,1341380,741334,53463,4214,440,9236,799453,808690
port824,2026-01-05,Ningbo,33,10,4,0,6,47,53,2102935,348846,5154,0,27634,2456936,2484571,697401,16844,3076,0,21457,717322,738780
port824,2026-01-06,Ningbo,36,6,1,0,16,43,59,2122809,218664,2498,0,594525,2343971,2938496,732424,24413,0,0,69809,756837,826646
port824,2026-01-07,Ningbo,37,7,2,1,17,47,64,1617992,336876,1136,936,243288,1956942,2200231,1232109,77722,792,0,75215,1310624,1385840
port824,2026-01-08,Ningbo,32,6,1,0,20,39,59,602846,233535,1659,0,206746,838042,1044788,1040320,61009,1803,0,72620,1103134,1175755
port824,2026-01-09,Ningbo,38,5,5,0,14,48,62,984812,206679,2897,0,262483,1194390,1456874,770060,0,19897,0,7508,789958,797466
port824,2026-01-10,Ningbo,34,6,1,1,2,42,44,625106,120703,1659,750,6527,748219,754747,983313,60335,1803,220,1643,1045673,1047317
port824,2026-01-11,Ningbo,36,4,0,0,12,40,52,350897,330917,0,0,100372,681814,782187,867428,0,0,0,57454,867428,924883
port824,2026-01-12,Ningbo,32,5,2,1,22,40,62,1906006,202720,2211,750,608318,2111687,2720005,1247100,52960,1803,220,83429,1302085,1385515
port824,2026-01-13,Ningbo,31,11,1,2,10,45,55,378438,405388,1659,1500,107555,786987,894543,693612,42636,1803,440,7492,738493,745986
port824,2026-01-14,Ningbo,35,4,2,0,20,41,61,465552,365071,0,0,454982,830623,1285606,1062964,33679,466,0,106951,1097110,1204061
port824,2026-01-15,Ningbo,34,6,2,0,16,42,58,154019,145643,2873,0,732020,302536,1034557,1024953,123335,5212,0,45650,1153500,1199151
port824,2026-01-16,Ningbo,29,7,0,1,12,37,49,128867,354747,0,1857,47733,485472,533205,1222138,19406,0,0,10781,1241545,1252327
port824,2026-01-17,Ningbo,35,7,0,1,11,43,54,595783,434068,0,1438,85104,1031290,1116394,1099387,32300,0,0,45778,1131687,1177466
port824,2026-01-18,Ningbo,35,6,2,0,15,43,58,363713,355853,7651,0,141968,727219,869188,1140542,0,2158,0,47758,1142701,1190460
port824,2026-01-19,Ningbo,31,4,0,0,2,35,37,231487,47089,0,0,0,278577,278577,761623,58658,0,0,22368,820282,842651
port824,2026-01-20,Ningbo,31,6,2,1,1,40,41,348054,104320,3447,750,11992,456572,468564,949784,102968,1803,220,5583,1054776,1060360
port824,2026-01-21,Ningbo,38,11,3,2,10,54,64,666658,436767,3624,942,31094,1107993,1139088,1032058,29640,2076,220,23616,1063995,1087612
port824,2026-01-22,Ningbo,29,7,2,2,22,40,62,417045,420521,4653,1500,657823,843720,1501543,667093,22950,1803,440,65327,692288,757616
port824,2026-01-23,Ningbo,35,8,2,2,16,47,63,1508271,173837,4644,274,375372,1687027,2062399,771039,126071,1803,2109,55157,901024,956181
port824,2026-01-24,Ningbo,32,4,0,1,21,37,58,604113,483352,0,0,96926,1087466,1184392,1149774,0,0,3024,89430,1152798,1242229
port824,2026-01-25,Ningbo,38,7,0,2,12,47,59,394964,194866,0,1500,508208,591331,1099539,1151052,68019,0,440,17697,1219512,1237209
port824,2026-01-26,Ningbo,29,5,2,0,4,36,40,314371,340526,933,0,48214,655832,704046,1145171,21273,1488,0,4372,1167933,1172306
port824,2026-01-27,Ningbo,47,7,1,1,21,56,77,734774,314467,2863,750,280915,1052856,1333772,1004246,68332,0,220,123752,1072799,1196551
port824,2026-01-28,Ningbo,38,5,1,0,11,44,55,569771,122303,1659,0,324392,693734,1018126,1142472,12603,1803,0,21166,1156879,1178045
port824,2026-01-29,Ningbo,37,5,1,1,15,44,59,1081740,42933,0,750,228396,1125423,1353820,1026482,117691,6746,220,98008,1151141,1249149
port824,2026-01-30,Ningbo,26,6,1,0,15,33,48,437917,359370,0,0,304961,797288,1102249,803203,0,5317,0,87248,808521,895769
port824,2026-01-31,Ningbo,32,5,3,0,10,40,50,737362,296889,6839,0,51428,1041091,1092520,633745,40181,3607,0,19264,677534,696798
port824,2026-02-01,Ningbo,37,2,2,1,14,42,56,136524,43384,126,874,174477,180910,355387,1284727,5262,4377,0,4469,1294367,1298837
port824,2026-02-02,Ningbo,33,6,1,1,11,41,52,249639,251374,516,750,363467,502280,865747,807961,68983,0,220,9018,877165,886183
port824,2026-02-03,Ningbo,32,8,1,1,15,42,57,369180,376968,298,750,390114,747198,1137312,965016,19367,1778,220,35454,986382,1021837
port824,2026-02-04,Ningbo,37,10,2,2,17,51,68,549378,166132,14878,750,468693,731139,1199833,1229728,96005,1803,5530,91191,1333068,1424260
port824,2026-02-05,Ningbo,30,7,0,0,13,37,50,430164,342637,0,0,160509,772802,933312,850172,149959,0,0,43859,1000132,1043992
port824,2026-02-06,Ningbo,40,3,0,0,5,43,48,208712,129937,0,0,20744,338650,359394,1127715,16844,0,0,39077,1144560,1183637
port824,2026-02-07,Ningbo,29,5,1,2,1,37,38,513046,47085,5259,1713,0,567104,567104,805207,105189,0,0,1543,910397,911940
port824,2026-02-08,Ningbo,37,6,2,1,6,46,52,720371,162880,298,750,40877,884300,925178,979149,89742,6344,220,52214,1075457,1127671
port824,2026-02-09,Ningbo,26,2,0,1,25,29,54,268531,47675,0,750,840970,316956,1157927,787882,0,0,220,50564,788103,838667
port824,2026-02-10,Ningbo,33,7,2,0,20,42,62,231316,327475,3129,0,463977,561921,1025898,922773,6411,5430,0,63911,934614,998526
port824,2026-02-11,Ningbo,35,11,1,0,16,47,63,535212,498798,1659,0,76203,1035670,1111874,1071210,66356,1803,0,75648,1139370,1215019
port824,2026-02-12,Ningbo,36,7,1,2,21,46,67,295499,296052,0,750,101394,592302,693696,1083765,71157,3563,1606,82261,1160093,1242354
port824,2026-02-13,Ningbo,44,7,2,0,19,53,72,894500,255558,4397,0,432172,1154455,1586627,1079954,80597,1803,0,37131,1162355,1199486
port824,2026-02-14,Ningbo,31,5,0,2,17,38,55,842439,136411,0,1500,328371,980350,1308722,682070,47455,0,440,138915,729967,868882
port824,2026-02-15,Ningbo,31,2,1,0,9,34,43,1407888,13113,0,0,26347,1421002,1447349,619414,46629,5520,0,36063,671564,707627
port824,2026-02-16,Ningbo,28,6,2,0,3,36,39,237716,249417,4824,0,68854,491958,560813,842374,44725,926,0,6819,888026,894845
port824,2026-02-17,Ningbo,34,8,3,0,23,45,68,752604,385738,3319,0,429382,1141662,1571045,500351,45731,7622,0,89680,553704,643384
port824,2026-02-18,Ningbo,33,5,0,0,12,38,50,413295,88304,0,0,233525,501599,735125,1068499,32794,0,0,25484,1101294,1126778
port824,2026-02-19,Ningbo,29,7,1,2,15,39,54,1894989,197380,2738,1500,473296,2096608,2569905,843249,52758,0,440,54325,896448,950774
port824,2026-02-20,Ningbo,41,5,3,1,11,50,61,443327,583818,2926,192,71708,1030265,1101974,1026971,7033,2540,0,33546,1036545,1070091
port824,2026-02-21,Ningbo,37,4,1,0,15,42,57,789147,109554,0,0,518312,898701,1417014,919882,51616,7900,0,103461,979399,1082861
port824,2026-02-22,Ningbo,25,5,0,0,9,30,39,747490,79036,0,0,132646,826526,959173,609853,83176,0,0,15465,693030,708495
port824,2026-02-23,Ningbo,34,5,2,1,15,42,57,625320,244706,366,0,358537,870393,1228931,1018794,21273,0,4089,6010,1044157,1050168
port824,2026-02-24,Ningbo,26,4,2,0,6,32,38,472709,90336,0,0,342564,563046,905611,290613,0,9373,0,27868,299986,327854
port824,2026-02-25,Ningbo,33,6,2,0,18,41,59,662485,110877,3038,0,194438,776400,970839,872729,90840,1803,0,49431,965373,1014805
port824,2026-02-26,Ningbo,36,5,2,0,17,43,60,862871,296480,0,0,252544,1159352,1411896,626454,6411,4821,0,71497,637687,709184
port824,2026-02-27,Ningbo,33,2,1,2,11,38,49,1737708,155992,1659,1639,132781,1897001,2029782,366238,0,1803,220,45271,368263,413534
port824,2026-02-28,Ningbo,29,10,2,0,18,41,59,969878,106259,2742,0,98670,1078880,1177550,452569,78249,10345,0,78048,541164,619213
port824,2026-03-01,Ningbo,24,5,1,1,8,31,39,427718,387116,1848,750,65024,817433,882457,472988,43291,0,220,4530,516499,521030
port824,2026-03-02,Ningbo,13,3,0,0,0,16,16,319987,105243,0,0,0,425231,425231,315012,40531,0,0,0,355543,355543
port824,2026-03-03,Ningbo,30,8,0,3,19,41,60,295136,338816,0,942,123190,634895,758086,805136,81163,0,220,110226,886520,996746
port824,2026-03-04,Ningbo,38,4,2,0,17,44,61,492696,94852,1471,0,174613,589020,763634,775234,13678,4437,0,47970,793350,841320
port824,2026-03-05,Ningbo,30,8,2,0,14,40,54,309007,244540,2687,0,480924,556235,1037159,455869,90820,1803,0,10184,548493,558678
port824,2026-03-06,Ningbo,34,9,0,0,12,43,55,705088,224738,0,0,216334,929827,1146161,773184,132953,0,0,10949,906138,917087
port824,2026-03-07,Ningbo,32,9,2,1,16,44,60,698910,352645,3888,750,279208,1056194,1335403,692563,19090,0,220,51900,711874,763775
port824,2026-03-08,Ningbo,26,6,5,1,11,38,49,545396,253194,2498,547,341254,801636,1142890,491889,0,5757,0,17654,497647,515301
port824,2026-03-09,Ningbo,32,6,0,1,15,39,54,828785,333081,0,0,293515,1161866,1455382,483064,6411,0,5205,57273,494681,551955
port824,2026-03-10,Ningbo,35,10,4,1,10,50,60,763143,462881,6062,192,414316,1232279,1646596,680004,107163,4635,0,6565,791803,798368
port824,2026-03-11,Ningbo,33,5,1,1,13,40,53,833706,60061,2508,750,220668,897025,1117693,662165,41819,0,220,80876,704205,785081
port824,2026-03-12,Ningbo,38,8,1,0,12,47,59,849509,255950,0,0,37801,1105459,1143261,818829,64778,4510,0,62191,888118,950310
port824,2026-03-13,Ningbo,40,7,1,1,18,49,67,1281053,443709,1659,750,203190,1727172,1930362,1001328,6411,1803,220,86329,1009763,1096092
port824,2026-03-14,Ningbo,31,6,2,1,10,40,50,295236,150861,6918,750,64418,453767,518185,677410,61778,1803,220,8855,741212,750068
port824,2026-03-15,Ningbo,27,7,2,0,9,36,45,338845,99671,1874,0,307513,440391,747904,591499,19417,772,0,37176,611689,648866
port824,2026-03-16,Ningbo,38,8,3,1,15,50,65,1479617,312642,3319,547,206500,1796126,2002627,401301,29625,6071,0,12364,436998,449363
port824,2026-03-17,Ningbo,26,4,0,2,18,32,50,769518,124098,0,942,218416,894559,1112976,507755,59692,0,220,29063,567668,596732
port824,2026-03-18,Ningbo,38,4,3,0,10,45,55,1156907,476619,1659,0,321560,1635187,1956748,927875,6411,6899,0,49131,941185,990317
port824,2026-03-19,Ningbo,36,5,1,1,9,43,52,160139,135222,1701,0,65247,297063,362311,921327,53434,0,7171,21841,981933,1003774
port824,2026-03-20,Ningbo,31,9,0,0,12,40,52,668005,243785,0,0,369654,911790,1281445,971862,6411,0,0,3028,978274,981303
port824,2026-03-21,Ningbo,29,6,2,1,10,38,48,576737,451979,2646,276,81387,1031639,1113026,552562,60236,1778,0,13046,614578,627625
port824,2026-03-22,Ningbo,32,4,1,0,12,37,49,460804,267191,2873,0,323374,730869,1054244,1033529,0,0,0,35954,1033529,1069484
port824,2026-03-23,Ningbo,30,10,3,1,15,44,59,411843,490047,4765,547,277770,907204,1184974,722675,43945,8499,0,58757,775120,833877
port824,2026-03-24,Ningbo,39,6,3,1,10,49,59,742064,277175,3319,192,94394,1022752,1117147,860485,37289,9970,0,14516,907745,922262
port824,2026-03-25,Ningbo,35,6,1,0,10,42,52,578129,213614,2602,0,42574,794345,836920,1040908,68099,0,0,17956,1109007,1126963
port824,2026-03-26,Ningbo,34,8,1,0,17,43,60,437293,370727,1659,0,288819,809681,1098501,856452,7305,1803,0,43504,865562,909067
port824,2026-03-27,Ningbo,39,5,2,1,13,47,60,952292,220957,8409,750,45533,1182409,1227943,1263257,12822,1803,220,21445,1278105,1299550
port824,2026-03-28,Ningbo,40,2,3,0,11,45,56,372843,251286,1659,0,92404,625789,718193,939733,0,4531,0,13235,944265,957501
port824,2026-03-29,Ningbo,14,3,0,0,13,17,30,79914,54643,0,0,327903,134557,462461,411254,0,0,0,21736,411254,432991
port824,2026-03-30,Ningbo,38,7,2,2,9,49,58,484937,255885,2742,1026,43518,744592,788110,796293,82867,2075,220,59365,881456,940821
port824,2026-03-31,Ningbo,34,7,4,0,14,45,59,560458,513162,10739,0,279822,1084360,1364182,966485,20791,6480,0,5449,993758,999208
port824,2026-04-01,Ningbo,34,5,0,0,19,39,58,308508,267999,0,0,348336,576507,924843,955804,16844,0,0,53996,972649,1026646
port824,2026-04-02,Ningbo,33,9,3,2,20,47,67,548150,235221,4510,942,479608,788824,1268432,629608,122826,15609,220,67756,768264,836020
port824,2026-04-03,Ningbo,34,5,3,0,6,42,48,364806,153753,13087,0,119626,531647,651273,669969,88700,1803,0,9873,760474,770347
port824,2026-04-04,Ningbo,36,8,4,1,13,49,62,700842,260487,4943,750,81126,967024,1048150,725903,49160,11249,220,79364,786533,865897
port824,2026-04-05,Ningbo,36,6,2,0,14,44,58,729858,279488,0,0,176127,1009346,1185473,789876,39700,830,0,39850,830407,870258
port824,2026-04-06,Ningbo,25,2,0,0,7,27,34,256576,2437,0,0,29258,259014,288272,559825,6369,0,0,53161,566195,619357
port824,2026-04-07,Ningbo,42,8,1,0,12,51,63,692593,232815,2156,0,206802,927565,1134368,746397,37664,0,0,53380,784062,837442
port824,2026-04-08,Ningbo,36,9,5,0,13,50,63,564013,461210,1659,0,210490,1026883,1237374,800548,65555,11248,0,11789,877351,889140
port824,2026-04-09,Ningbo,42,8,1,1,11,52,63,205143,131204,1659,750,145837,338757,484594,1007801,47082,1803,220,17740,1056907,1074648
port824,2026-04-10,Ningbo,33,5,1,1,15,40,55,389524,100521,8128,823,730491,498998,1229490,864934,66382,0,0,49554,931316,980870
port824,2026-04-11,Ningbo,34,3,1,2,12,40,52,230889,94358,0,1500,183079,326748,509828,941181,6411,2768,440,4481,950801,955283
port824,2026-04-12,Ningbo,27,4,1,0,6,32,38,762602,188965,1659,0,148308,953227,1101536,662430,0,1803,0,60497,664234,724732
port824,2026-04-13,Ningbo,39,5,1,1,16,46,62,352372,328605,1501,750,193774,683229,877004,541844,40458,0,220,20345,582522,602868
port824,2026-04-14,Ningbo,32,8,3,1,8,44,52,269639,246222,10275,750,21938,526887,548826,732385,110905,3607,220,11618,847119,858738
port824,2026-04-15,Ningbo,30,8,2,1,15,41,56,406412,486495,1659,467,348259,895035,1243294,995041,79113,13587,0,54753,1087741,1142494
port824,2026-04-16,Ningbo,34,7,2,0,12,43,55,165829,165557,2153,0,75230,333540,408770,799803,48230,1746,0,39338,849781,889119
port824,2026-04-17,Ningbo,34,8,1,1,16,44,60,480149,528394,0,750,114637,1009293,1123931,1115587,82098,0,220,47395,1197906,1245301
port824,2026-04-18,Ningbo,29,5,1,0,10,35,45,1389193,144711,0,0,46368,1533905,1580273,424088,29526,136,0,22351,453751,476103
port824,2026-04-19,Ningbo,39,7,0,1,9,47,56,689293,287693,0,750,111051,977737,1088789,643000,59925,0,220,10391,703146,713538
port824,2026-04-20,Ningbo,32,7,0,0,10,39,49,644083,165397,0,0,327263,809481,1136744,760909,34292,0,0,61970,795201,857172
port824,2026-04-21,Ningbo,41,3,3,0,13,47,60,1014853,112250,14030,0,128635,1141134,1269770,841853,6411,3607,0,25516,851872,877388
port824,2026-04-22,Ningbo,23,8,4,1,11,36,47,110049,221411,1659,467,24286,333588,357875,537225,52697,18633,0,59949,608556,668505
port824,2026-04-23,Ningbo,39,7,1,0,9,47,56,602633,172930,1659,0,136018,777223,913242,731480,148472,1803,0,6005,881757,887762
port824,2026-04-24,Ningbo,32,8,5,1,16,46,62,312230,300115,8615,750,309054,621711,930765,762262,49040,4455,220,76547,815978,892526
port824,2026-04-25,Ningbo,39,5,1,1,14,46,60,540940,247405,0,0,238957,788345,1027303,964964,6411,1417,0,34341,972793,1007135
port824,2026-04-26,Ningbo,31,7,1,1,12,40,52,947462,292564,0,750,159175,1240776,1399952,727482,47791,3454,220,27946,778948,806895
port824,2026-04-27,Ningbo,38,3,2,2,5,45,50,592131,20041,1317,274,115698,613765,729464,1374900,14380,1236,1820,10348,1392336,1402685
port824,2026-04-28,Ningbo,35,9,2,1,7,47,54,1370282,573388,960,0,70973,1944632,2015605,559786,50829,0,4747,45659,615363,661023
port824,2026-04-29,Ningbo,35,6,3,1,11,45,56,483612,219723,13692,750,71181,717779,788960,918123,0,3607,220,28737,921951,950688
port824,2026-04-30,Ningbo,29,7,1,0,13,37,50,603611,556193,0,0,126315,1159805,1286121,672693,6411,6534,0,27754,685638,713393
port824,2026-05-01,Ningbo,42,6,4,0,8,52,60,765464,118659,3319,0,66374,887443,953818,809541,46549,11217,0,35338,867308,902647
port824,2026-05-02,Ningbo,28,6,4,1,14,39,53,140216,355455,977,272,712216,496923,1209139,521799,54642,7792,0,44863,584234,629097
port824,2026-05-03,Ningbo,39,5,1,0,10,45,55,1323208,150869,0,0,97350,1474077,1571428,906152,67421,11927,0,47869,985500,1033370
port824,2026-05-04,Ningbo,32,9,1,1,13,43,56,475141,262242,6955,0,325993,744339,1070333,782668,30550,0,3322,55297,816541,871839
port824,2026-05-05,Ningbo,34,5,0,0,6,39,45,672665,153498,0,0,169189,826164,995354,616648,0,0,0,842,616648,617491
port824,2026-05-06,Ningbo,32,10,1,0,17,43,60,737924,289033,2376,0,213173,1029334,1242507,969729,52960,2291,0,50719,1024981,1075701
port824,2026-05-07,Ningbo,31,5,1,2,8,39,47,416533,192047,0,548,33165,609129,642295,635407,0,1392,0,28815,636800,665615
port824,2026-05-08,Ningbo,40,4,2,0,8,46,54,712615,113171,11462,0,19632,837250,856882,818676,62611,11057,0,20883,892345,913228
port824,2026-05-09,Ningbo,30,9,1,1,11,41,52,419744,433982,1659,750,186381,856137,1042518,530077,0,1803,220,59480,532101,591582
port824,2026-05-10,Ningbo,39,4,2,1,12,46,58,329501,228845,4586,547,182317,563481,745798,899309,46629,1803,0,24080,947742,971823
port824,2026-05-11,Ningbo,30,2,2,0,8,34,42,390219,92649,4412,0,128625,487282,615907,769274,6411,1803,0,6565,777489,784054
port824,2026-05-12,Ningbo,11,4,2,1,6,18,24,221252,86174,0,750,32428,308176,340605,303816,33428,10062,220,6005,347528,353533
port824,2026-05-13,Ningbo,42,5,0,1,11,48,59,650431,147792,0,750,57439,798973,856413,1164441,63030,0,220,30640,1227691,1258331
port824,2026-05-14,Ningbo,30,8,2,0,15,40,55,722342,243250,0,0,488822,965593,1454416,596066,73866,7953,0,43023,677886,720910
port824,2026-05-15,Ningbo,40,5,2,1,11,48,59,210483,139222,0,874,32767,350580,383347,1408885,5468,9715,0,24132,1424069,1448201
port824,2026-05-16,Ningbo,34,11,2,1,11,48,59,1393451,323785,1659,0,52447,1718896,1771344,666034,88689,4243,0,17517,758966,776483
port824,2026-05-17,Ningbo,27,7,1,0,8,35,43,408499,56534,4397,0,341960,469431,811392,732865,67340,0,0,9923,800206,810130
port824,2026-05-18,Ningbo,36,9,3,1,16,49,65,242398,262974,3319,547,143808,509239,653048,635205,68262,4991,0,44746,708460,753206
port824,2026-05-19,Ningbo,39,8,3,0,11,50,61,269538,302706,5336,0,333684,577581,911265,807999,95880,1096,0,14178,904976,919154
port824,2026-05-20,Ningbo,30,4,2,2,13,38,51,244543,67024,0,750,126281,312317,438599,816623,46549,8758,220,32946,872152,905099
port824,2026-05-21,Ningbo,34,6,1,2,14,43,57,1341528,186990,0,740,186316,1529258,1715574,755231,39939,2211,0,46798,797381,844180
port824,2026-05-22,Ningbo,35,2,2,0,16,39,55,626457,58424,0,0,58993,684881,743874,763896,0,9008,0,53561,772905,826466
port824,2026-05-23,Ningbo,10,3,1,0,8,14,22,38997,231952,2632,0,327562,273582,601145,526012,41819,0,0,16783,567832,584615
port824,2026-05-24,Ningbo,0,1,0,0,1,1,2,0,12782,0,0,1106,12782,13888,0,0,0,0,0,0,0
port824,2026-05-25,Ningbo,31,4,0,0,12,35,47,714537,246168,0,0,89218,960705,1049923,734320,0,0,0,21235,734320,755556
port824,2026-05-26,Ningbo,26,4,1,2,14,33,47,375976,123128,1180,1297,401243,501582,902825,780390,14380,0,220,21278,794991,816269
port824,2026-05-27,Ningbo,31,11,4,1,10,47,57,340318,262217,5513,0,53899,608049,661948,544492,51289,16875,0,23618,612657,636275
port824,2026-05-28,Ningbo,34,8,4,1,13,47,60,851469,433153,1659,750,155626,1287032,1442659,675521,49240,12779,220,27361,737762,765123
port824,2026-05-29,Ningbo,36,5,1,1,14,43,57,525536,309796,3743,750,45273,839825,885099,985284,0,0,220,112062,985504,1097567
port846,2025-12-21,Oita,0,2,12,0,6,14,20,0,1307,3127,0,3288,4435,7724,0,0,12996,0,7870,12996,20866
port846,2025-12-22,Oita,0,4,12,0,12,16,28,0,248818,1933,0,16537,250752,267290,0,9764,7580,0,7008,17344,24353
port846,2025-12-23,Oita,1,2,6,0,7,9,16,0,236274,1631,0,1438,237905,239343,272,16992,2893,0,13622,20158,33781
port846,2025-12-24,Oita,2,1,5,0,8,8,16,0,0,3731,0,4380,3731,8112,572,36343,2684,0,6369,39601,45970
port846,2025-12-25,Oita,0,0,7,0,3,7,10,0,0,1530,0,1564,1530,3094,0,0,3820,0,1673,3820,5494
port846,2025-12-26,Oita,0,0,4,0,4,4,8,0,0,364,0,9822,364,10187,0,0,5828,0,2677,5828,8506
port846,2025-12-27,Oita,1,0,9,0,6,10,16,0,0,1822,0,41900,1822,43723,2027,0,19575,0,2690,21602,24293
port846,2025-12-28,Oita,0,4,6,1,11,11,22,0,63164,729,200,6727,64094,70821,0,79299,1948,1561,6947,82809,89757
port846,2025-12-29,Oita,0,0,7,0,11,7,18,0,0,1822,0,3676,1822,5498,0,0,4473,0,9116,4473,13590
port846,2025-12-30,Oita,0,1,7,0,3,8,11,0,17339,2187,0,34155,19527,53682,0,0,8280,0,3456,8280,11737
port846,2025-12-31,Oita,0,2,6,0,3,8,11,0,0,3443,0,1564,3443,5007,0,69061,5447,0,948,74509,75458
port846,2026-01-01,Oita,0,0,4,0,4,4,8,0,0,1093,0,2808,1093,3901,0,0,2684,0,3997,2684,6682
port846,2026-01-02,Oita,0,1,7,0,9,8,17,0,0,1458,0,9745,1458,11203,0,0,4408,0,8917,4408,13326
port846,2026-01-03,Oita,0,3,4,0,7,7,14,0,129196,2452,0,4426,131648,136075,0,0,2237,0,13092,2237,15330
port846,2026-01-04,Oita,0,4,5,0,10,9,19,0,320042,1093,0,19894,321136,341030,0,34478,3350,0,285826,37828,323655
port846,2026-01-05,Oita,0,1,5,0,8,6,14,0,62329,1220,0,4043,63549,67593,0,0,5319,0,10293,5319,15612
port846,2026-01-06,Oita,0,2,10,0,14,12,26,0,2927,3281,0,13166,6208,19375,0,55398,8277,0,15107,63675,78783
port846,2026-01-07,Oita,2,1,13,0,13,16,29,496,831,3645,0,51115,4974,56089,641,31,12206,0,11223,12878,24102
port846,2026-01-08,Oita,0,4,8,0,3,12,15,0,827,955,0,0,1782,1782,0,78855,2709,0,6746,81564,88311
port846,2026-01-09,Oita,1,5,7,0,10,13,23,0,132255,1093,0,13595,133348,146944,1940,10129,7458,0,10231,19528,29760
port846,2026-01-10,Oita,0,0,10,0,6,10,16,0,0,2187,0,7575,2187,9762,0,0,5368,0,3801,5368,9170
port846,2026-01-11,Oita,0,0,5,0,5,5,10,0,0,1093,0,5448,1093,6542,0,0,3351,0,5708,3351,9059
port846,2026-01-12,Oita,0,4,6,1,12,11,23,0,233406,1822,200,14310,235430,249740,0,34327,4794,1561,18257,40683,58941
port846,2026-01-13,Oita,2,1,4,0,11,7,18,0,0,729,0,10757,729,11486,2790,13643,2395,0,11148,18829,29977
port846,2026-01-14,Oita,3,1,9,0,10,13,23,1515,63335,2048,0,118366,66900,185266,641,0,4029,0,9432,4670,14102
port846,2026-01-15,Oita,0,4,7,0,7,11,18,0,831,1995,0,14038,2827,16866,0,35027,4179,0,6656,39207,45863
port846,2026-01-16,Oita,1,3,10,0,6,14,20,0,119458,2037,0,4532,121496,126028,532,1414,6492,0,6531,8439,14970
port846,2026-01-17,Oita,0,2,12,0,12,14,26,0,110370,3645,0,7720,114016,121737,0,9764,9757,0,10027,19521,29549
port846,2026-01-18,Oita,0,2,10,0,11,12,23,0,831,2552,0,6968,3383,10352,0,58660,6886,0,19466,65546,85013
port846,2026-01-19,Oita,1,3,7,0,12,11,23,315,56032,17073,0,9784,73422,83207,0,29695,5251,0,9554,34947,44501
port846,2026-01-20,Oita,0,1,12,0,11,13,24,0,65789,2552,0,75888,68341,144229,0,0,7345,0,14470,7345,21815
port846,2026-01-21,Oita,2,0,10,0,8,12,20,386,0,4058,0,6929,4445,11375,641,0,4113,0,8615,4754,13369
port846,2026-01-22,Oita,1,2,5,0,6,8,14,632,0,3190,0,1369,3823,5192,0,13127,1789,0,2269,14916,17185
port846,2026-01-23,Oita,0,2,11,0,17,13,30,0,50940,3247,0,266380,54187,320567,0,23984,7088,0,14165,31073,45239
port846,2026-01-24,Oita,0,0,8,0,8,8,16,0,0,2187,0,49519,2187,51707,0,0,5368,0,11205,5368,16574
port846,2026-01-25,Oita,0,1,8,0,5,9,14,0,864,2370,0,5952,3235,9187,0,0,2684,0,7870,2684,10554
port846,2026-01-26,Oita,0,2,8,0,11,10,21,0,2927,2599,0,8307,5526,13833,0,16992,4546,0,12419,21538,33957
port846,2026-01-27,Oita,0,3,10,0,14,13,27,0,0,2916,0,7843,2916,10760,0,0,7414,0,13219,7414,20633
port846,2026-01-28,Oita,2,0,11,0,13,13,26,239,0,1631,0,9932,1871,11803,2608,0,9376,0,17894,11984,29878
port846,2026-01-29,Oita,1,2,8,0,10,11,21,0,78757,2841,0,6889,81599,88488,1500,0,4490,0,9692,5990,15683
port846,2026-01-30,Oita,0,3,17,0,12,20,32,0,831,4010,0,11834,4842,16676,0,40417,11362,0,13301,51780,65082
port846,2026-01-31,Oita,1,1,13,0,9,15,24,0,0,3865,0,36696,3865,40562,533,0,8996,0,4802,9529,14331
port846,2026-02-01,Oita,0,2,4,0,8,6,14,0,214617,4487,0,12400,219105,231505,0,6258,1789,0,7109,8048,15158
port846,2026-02-02,Oita,0,1,4,0,12,5,17,0,0,729,0,10031,729,10760,0,0,2877,0,13319,2877,16196
port846,2026-02-03,Oita,0,3,8,0,7,11,18,0,30666,1458,0,2808,32124,34932,0,26054,4366,0,14722,30420,45143
port846,2026-02-04,Oita,0,0,10,0,15,10,25,0,0,2552,0,11412,2552,13964,0,0,14437,0,10391,14437,24828
port846,2026-02-05,Oita,0,0,10,0,14,10,24,0,0,5777,0,92182,5777,97960,0,0,9406,0,13895,9406,23301
port846,2026-02-06,Oita,1,1,19,0,14,21,35,1017,2005,4087,0,120221,7109,127331,0,0,10474,0,13842,10474,24317
port846,2026-02-07,Oita,1,3,8,0,6,12,18,0,216854,3009,0,7304,219864,227169,266,27801,4610,0,4645,32678,37324
port846,2026-02-08,Oita,0,0,7,0,5,7,12,0,0,1822,0,5448,1822,7271,0,0,5239,0,3534,5239,8774
port846,2026-02-09,Oita,0,4,10,0,12,14,26,0,146475,2964,0,11201,149440,160641,0,33963,7158,0,8682,41122,49804
port846,2026-02-10,Oita,2,1,10,0,8,13,21,366,0,2552,0,2858,2918,5777,2193,0,6263,0,7404,8456,15861
port846,2026-02-11,Oita,0,1,4,0,12,5,17,0,0,364,0,10696,364,11060,0,1852,1336,0,10424,3188,13612
port846,2026-02-12,Oita,0,3,10,0,10,13,23,0,293747,4637,0,46897,298385,345282,0,17653,5658,0,4981,23311,28293
port846,2026-02-13,Oita,1,1,13,0,11,15,26,0,29321,2187,0,12299,31509,43808,265,0,7306,0,8481,7572,16054
port846,2026-02-14,Oita,0,2,8,0,13,10,23,0,100042,2187,0,288166,102229,390396,0,0,5893,0,10634,5893,16528
port846,2026-02-15,Oita,1,2,10,0,10,13,23,239,1138,2187,0,4626,3565,8191,641,50658,10405,0,12974,61705,74679
port846,2026-02-16,Oita,0,2,12,0,8,14,22,0,825,2402,0,6898,3228,10126,0,0,8556,0,16721,8556,25277
port846,2026-02-17,Oita,1,2,13,0,9,16,25,0,151771,3281,0,19958,155052,175010,641,16992,9128,0,3191,26762,29953
port846,2026-02-18,Oita,1,3,7,0,10,11,21,0,0,1458,0,10792,1458,12251,1003,27640,5058,0,6047,33701,39749
port846,2026-02-19,Oita,1,7,12,0,5,20,25,0,242934,4727,0,2876,247662,250538,770,95080,7158,0,3120,103009,106129
port846,2026-02-20,Oita,0,2,8,0,7,10,17,0,825,1458,0,3329,2284,5613,0,0,5305,0,2450,5305,7755
port846,2026-02-21,Oita,0,1,14,0,12,15,27,0,241201,2916,0,16632,244118,260750,0,0,9860,0,15373,9860,25233
port846,2026-02-22,Oita,0,1,14,0,6,15,21,0,6960,3281,0,36695,10242,46937,0,0,9826,0,4352,9826,14178
port846,2026-02-23,Oita,0,3,9,1,10,13,23,0,49182,1458,200,15120,50841,65962,0,0,4601,1561,6279,6162,12442
port846,2026-02-24,Oita,2,1,7,0,11,10,21,0,0,2347,0,12045,2347,14393,6051,28394,4473,0,9868,38919,48788
port846,2026-02-25,Oita,1,1,8,0,9,10,19,0,241852,1822,0,2071,243675,245746,251,0,4851,0,10587,5103,15691
port846,2026-02-26,Oita,1,0,4,0,5,5,10,239,0,729,0,4296,968,5265,641,0,4176,0,3642,4817,8459
port846,2026-02-27,Oita,1,2,16,0,7,19,26,366,831,4845,0,2467,6043,8510,225,31,12051,0,19814,12307,32122
port846,2026-02-28,Oita,0,0,9,0,8,9,17,0,0,2187,0,0,2187,2187,0,0,6150,0,6575,6150,12726
port846,2026-03-01,Oita,1,2,4,0,8,7,15,0,108474,1093,0,8307,109568,117875,1487,0,2684,0,11451,4172,15623
port846,2026-03-02,Oita,0,1,12,0,11,13,24,0,0,2767,0,85205,2767,87972,0,0,8008,0,11446,8008,19455
port846,2026-03-03,Oita,2,3,4,0,6,9,15,895,63932,1458,0,3847,66286,70133,1967,3138,3579,0,3775,8684,12459
port846,2026-03-04,Oita,0,3,11,0,6,14,20,0,26353,1822,0,28186,28176,56363,0,26330,7207,0,5025,33537,38562
port846,2026-03-05,Oita,1,2,11,0,6,14,20,250,646,3075,0,6980,3972,10953,0,2116,7517,0,8346,9634,17980
port846,2026-03-06,Oita,1,1,11,0,10,13,23,0,14389,3281,0,99664,17670,117334,533,0,9102,0,7084,9636,16721
port846,2026-03-07,Oita,0,2,10,0,4,12,16,0,200280,2652,0,5508,202933,208441,0,0,7077,0,1397,7077,8474
port846,2026-03-08,Oita,0,1,4,0,5,5,10,0,0,1093,0,110883,1093,111977,0,0,3543,0,3131,3543,6674
port846,2026-03-09,Oita,1,4,12,0,9,17,26,514,825,2552,0,10595,3892,14487,0,0,7247,0,12540,7247,19787
port846,2026-03-10,Oita,1,2,8,0,10,11,21,0,831,2187,0,6618,3019,9637,951,54739,13012,0,13596,68703,82299
port846,2026-03-11,Oita,1,1,7,0,5,9,14,1762,18747,1846,0,1655,22356,24012,0,0,3787,0,3347,3787,7135
port846,2026-03-12,Oita,1,2,10,0,7,13,20,500,210198,2037,0,9745,212737,222482,0,36526,7250,0,6329,43777,50106
port846,2026-03-13,Oita,2,0,11,0,4,13,17,606,0,2552,0,2394,3158,5552,866,0,6263,0,1446,7130,8577
port846,2026-03-14,Oita,0,1,13,0,3,14,17,0,16412,2916,0,0,19329,19329,0,0,10962,0,1904,10962,12867
port846,2026-03-15,Oita,0,1,5,0,7,6,13,0,117990,1093,0,5884,119084,124968,0,0,2988,0,10337,2988,13325
port846,2026-03-16,Oita,1,0,6,0,6,7,13,0,0,1458,0,4296,1458,5754,3819,0,3995,0,4594,7815,12410
port846,2026-03-17,Oita,2,1,13,0,6,16,22,318,16647,2724,0,7155,19691,26846,179,0,6370,0,4841,6549,11391
port846,2026-03-18,Oita,1,4,9,0,7,14,21,0,2248,3524,0,8082,5772,13855,746,9776,7158,0,4946,17681,22627
port846,2026-03-19,Oita,1,0,12,0,5,13,18,0,0,2037,0,4228,2037,6266,762,0,12284,0,3277,13047,16325
port846,2026-03-20,Oita,0,3,12,0,4,15,19,0,264849,2963,0,2876,267812,270689,0,9890,9992,0,5843,19882,25725
port846,2026-03-21,Oita,0,0,9,0,4,9,13,0,0,3761,0,114704,3761,118466,0,0,5039,0,5643,5039,10682
port846,2026-03-22,Oita,0,2,5,0,4,7,11,0,0,1308,0,6737,1308,8046,0,50384,6395,0,2952,56779,59732
port846,2026-03-23,Oita,0,3,7,0,8,10,18,0,91843,1822,0,8382,93665,102048,0,28445,5941,0,3916,34387,38303
port846,2026-03-24,Oita,0,2,12,0,8,14,22,0,33168,3247,0,9204,36415,45620,0,0,6263,0,5343,6263,11607
port846,2026-03-25,Oita,4,1,6,0,5,11,16,239,0,1093,0,2284,1333,3617,3813,7727,11534,0,4955,23075,28031
port846,2026-03-26,Oita,1,0,4,0,7,5,12,0,0,1458,0,8446,1458,9904,265,0,3579,0,11819,3845,15664
port846,2026-03-27,Oita,2,2,11,0,6,15,21,479,241345,1822,0,7392,243647,251040,1282,31,16423,0,6006,17736,23742
port846,2026-03-28,Oita,0,1,10,0,7,11,18,0,216733,1822,0,67807,218556,286363,0,0,5844,0,2677,5844,8522
port846,2026-03-29,Oita,0,0,16,0,3,16,19,0,0,4010,0,1435,4010,5445,0,0,11539,0,2348,11539,13887
port846,2026-03-30,Oita,1,2,8,0,11,11,22,366,13220,1822,0,115870,15409,131280,225,29623,6750,0,10670,36599,47269
port846,2026-03-31,Oita,1,2,9,0,5,12,17,0,67124,1737,0,8483,68861,77344,1269,0,5126,0,5473,6396,11869
port846,2026-04-01,Oita,1,1,10,0,6,12,18,250,242210,2552,0,43000,245012,288013,0,0,7123,0,2347,7123,9470
port846,2026-04-02,Oita,0,0,13,0,4,13,17,0,0,3645,0,5717,3645,9362,0,0,10157,0,3020,10157,13177
port846,2026-04-03,Oita,1,1,7,0,6,9,15,0,0,2187,0,163728,2187,165915,1333,0,5368,0,3297,6702,9999
port846,2026-04-04,Oita,0,2,10,0,4,12,16,0,43773,2253,0,8316,46027,54344,0,0,6901,0,1764,6901,8665
port846,2026-04-05,Oita,0,2,4,0,3,6,9,0,30666,1458,0,1058,32124,33183,0,23086,3579,0,2872,26665,29538
port846,2026-04-06,Oita,0,2,10,1,6,13,19,0,0,2552,2614,106816,5166,111982,0,53520,6263,0,4199,59784,63983
port846,2026-04-07,Oita,2,3,11,0,4,16,20,239,200279,2552,0,3076,203071,206148,961,17262,7077,0,2214,25301,27515
port846,2026-04-08,Oita,1,2,10,0,7,13,20,0,827,3281,0,1438,4108,5546,1249,125,8053,0,2344,9428,11773
port846,2026-04-09,Oita,1,0,13,0,8,14,22,772,0,3645,0,5956,4418,10374,0,0,9239,0,5364,9239,14604
port846,2026-04-10,Oita,0,4,8,0,5,12,17,0,0,1822,0,1438,1822,3261,0,146199,4473,0,4111,150672,154784
port846,2026-04-11,Oita,0,0,10,0,4,10,14,0,0,1822,0,3066,1822,4889,0,0,7267,0,2590,7267,9858
port846,2026-04-12,Oita,0,4,4,0,5,8,13,0,83338,1458,0,9459,84796,94256,0,31,3579,0,5754,3610,9365
port846,2026-04-13,Oita,1,3,16,0,12,20,32,0,825,3436,0,13948,4262,18211,511,68336,7810,0,8761,76659,85420
port846,2026-04-14,Oita,1,0,4,0,4,5,9,0,0,729,0,5736,729,6465,1911,0,2061,0,2273,3972,6246
port846,2026-04-15,Oita,1,2,8,1,9,12,21,0,318458,2899,0,58391,321357,379749,3550,0,5103,503,6140,9157,15297
port846,2026-04-16,Oita,1,0,9,0,4,10,14,357,0,2187,0,90484,2544,93028,0,0,5975,0,2291,5975,8266
port846,2026-04-17,Oita,1,1,8,0,6,10,16,366,0,5743,0,19943,6110,26054,225,0,3215,0,2122,3441,5563
port846,2026-04-18,Oita,1,1,14,0,4,16,20,1030,225535,4027,0,4296,230594,234890,0,0,7462,0,3122,7462,10585
port846,2026-04-19,Oita,0,1,7,0,8,8,16,0,0,1822,0,9541,1822,11364,0,0,7272,0,4475,7272,11747
port846,2026-04-20,Oita,0,1,9,0,6,10,16,0,0,3987,0,5734,3987,9722,0,0,4876,0,9387,4876,14263
port846,2026-04-21,Oita,0,2,12,0,7,14,21,0,30666,2939,0,74967,33606,108573,0,46287,7454,0,4646,53742,58388
port846,2026-04-22,Oita,1,3,10,0,5,14,19,239,1307,2552,0,8384,4099,12483,641,0,6801,0,4641,7442,12084
port846,2026-04-23,Oita,0,1,9,0,4,10,14,0,2927,8027,0,5162,10954,16117,0,16992,7580,0,4451,24573,29024
port846,2026-04-24,Oita,1,2,6,0,8,9,17,0,83797,1458,0,6886,85255,92142,3488,0,3708,0,6982,7196,14179
port846,2026-04-25,Oita,0,1,8,1,4,10,14,0,0,5251,0,4568,5251,9820,0,38132,2974,998,1348,42105,43454
port846,2026-04-26,Oita,0,3,7,0,5,10,15,0,169308,1822,0,2725,171131,173857,0,9764,4923,0,1802,14687,16490
port846,2026-04-27,Oita,0,2,11,0,8,13,21,0,30666,3365,0,5966,34032,39999,0,9764,6799,0,6664,16563,23228
port846,2026-04-28,Oita,1,2,1,0,3,4,7,1487,141347,364,0,1655,143199,144855,0,0,894,0,1802,894,2696
port846,2026-04-29,Oita,1,2,6,0,2,9,11,256,0,1458,0,2590,1714,4305,0,31899,9885,0,2544,41785,44329
port846,2026-04-30,Oita,1,3,7,0,7,11,18,0,32667,364,0,8065,33032,41097,21,9764,4045,0,4077,13830,17908
port846,2026-05-01,Oita,0,0,2,0,3,2,5,0,0,729,0,217,729,947,0,0,1789,0,717,1789,2507
port846,2026-05-02,Oita,1,2,10,0,4,13,17,366,68806,1458,0,2876,70630,73507,225,30866,4732,0,2404,35825,38229
port846,2026-05-03,Oita,0,2,6,0,4,8,12,0,30666,1458,0,2858,32124,34983,0,9764,9094,0,7196,18858,26055
port846,2026-05-04,Oita,0,0,6,0,4,6,10,0,0,1093,0,18245,1093,19338,0,0,3148,0,1459,3148,4608
port846,2026-05-05,Oita,0,4,6,0,4,10,14,0,218298,1673,0,2876,219971,222848,0,49684,4232,0,4349,53916,58266
port846,2026-05-06,Oita,1,0,3,0,6,4,10,239,0,3296,0,5361,3536,8897,641,0,1789,0,2743,2430,5173
port846,2026-05-07,Oita,0,0,5,0,8,5,13,0,0,729,0,5717,729,6446,0,0,2065,0,2049,2065,4115
port846,2026-05-08,Oita,1,2,10,0,5,13,18,366,99411,1458,0,2808,101235,104044,225,9764,8639,0,4238,18629,22867
port846,2026-05-09,Oita,0,0,11,0,6,11,17,0,0,2810,0,68801,2810,71612,0,0,7476,0,5307,7476,12783
port846,2026-05-10,Oita,1,3,7,0,7,11,18,0,825,3619,0,72079,4444,76524,1940,0,4207,0,2775,6147,8923
port846,2026-05-11,Oita,0,1,4,0,9,5,14,0,2927,364,0,7299,3291,10591,0,16992,1470,0,5223,18462,23686
port846,2026-05-12,Oita,0,1,7,0,8,8,16,0,0,1458,0,9297,1458,10755,0,53513,3883,0,5062,57396,62459
port846,2026-05-13,Oita,1,1,10,0,6,12,18,767,0,2552,0,6152,3319,9472,0,0,6713,0,4527,6713,11240
port846,2026-05-14,Oita,1,1,7,0,6,9,15,0,0,1822,0,67241,1822,69064,1792,0,5008,0,5978,6801,12780
port846,2026-05-15,Oita,0,0,8,0,10,8,18,0,0,729,0,11393,729,12122,0,0,3386,0,8543,3386,11929
port846,2026-05-16,Oita,0,3,17,0,6,20,26,0,30666,3866,0,3294,34532,37827,0,41221,12853,0,10144,54075,64220
port846,2026-05-17,Oita,0,2,11,0,5,13,18,0,831,5155,0,8593,5987,14580,0,31,7346,0,4039,7377,11416
port846,2026-05-18,Oita,0,2,7,0,14,9,23,0,0,1822,0,11857,1822,13680,0,0,4473,0,10835,4473,15309
port846,2026-05-19,Oita,0,3,8,0,9,11,20,0,275881,1093,0,12463,276975,289438,0,0,5014,0,6726,5014,11741
port846,2026-05-20,Oita,2,3,9,0,7,14,21,490,62164,3406,0,3402,66061,69464,641,19559,6012,0,8544,26212,34756
port846,2026-05-21,Oita,1,0,10,0,8,11,19,0,0,1569,0,9293,1569,10863,1347,0,4748,0,10560,6095,16656
port846,2026-05-22,Oita,0,1,8,0,4,9,13,0,831,1600,0,1276,2432,3708,0,31,8663,0,3450,8694,12145
port846,2026-05-23,Oita,0,3,12,0,8,15,23,0,30666,2552,0,42070,33218,75288,0,9764,9397,0,3902,19161,23064
port846,2026-05-24,Oita,0,3,6,0,8,9,17,0,113026,729,0,10400,113755,124156,0,45069,2839,0,5939,47908,53847
port846,2026-05-25,Oita,0,0,8,0,10,8,18,0,0,1458,0,15865,1458,17323,0,0,5602,0,7672,5602,13275
port846,2026-05-26,Oita,0,3,4,0,11,7,18,0,97788,1093,0,8057,98881,106939,0,9764,2839,0,3904,12603,16507
port846,2026-05-27,Oita,0,1,14,0,9,15,24,0,831,3281,0,7781,4112,11894,0,31,8852,0,8279,8883,17163
port846,2026-05-28,Oita,0,2,7,0,7,9,16,0,0,1822,0,6635,1822,8458,0,48122,4473,0,4290,52596,56887
port846,2026-05-29,Oita,0,2,13,0,7,15,22,0,80907,4374,0,5380,85282,90663,0,0,11204,0,9216,11204,20420
port862,2025-12-21,Osaka,14,1,12,1,6,28,34,43221,2084,5228,261,1140,50796,51937,74169,39,2526,371,119,77106,77226
port862,2025-12-22,Osaka,5,2,13,1,5,21,26,30311,4648,12210,261,5373,47432,52806,0,0,1922,371,239,2293,2532
port862,2025-12-23,Osaka,15,3,9,2,6,29,35,69914,10288,4375,978,1157,85557,86714,47024,39,2027,397,493,49489,49982
port862,2025-12-24,Osaka,14,1,11,2,0,28,28,29180,2084,4241,261,0,35768,35768,123958,39,3443,1068,0,128509,128509
port862,2025-12-25,Osaka,8,4,6,2,4,20,24,42517,12646,2417,522,2212,58105,60317,33354,0,721,742,0,34818,34818
port862,2025-12-26,Osaka,4,2,10,0,0,16,16,8668,3862,5171,0,0,17702,17702,34838,0,2242,0,0,37080,37080
port862,2025-12-27,Osaka,7,1,3,1,2,12,14,12871,920,1385,261,3482,15437,18919,79626,0,640,371,0,80638,80638
port862,2025-12-28,Osaka,12,1,10,1,4,24,28,48364,809,3079,261,1076,52515,53591,122725,0,4188,371,1564,127285,128850
port862,2025-12-29,Osaka,8,1,3,1,2,13,15,28906,332,1355,261,1351,30856,32207,53182,1395,320,371,119,55269,55389
port862,2025-12-30,Osaka,16,0,3,0,2,19,21,74373,0,2077,0,435,76451,76886,12270,0,961,0,119,13231,13351
port862,2025-12-31,Osaka,2,0,3,0,2,5,7,13015,0,2077,0,5753,15093,20847,14336,0,961,0,0,15297,15297
port862,2026-01-01,Osaka,6,0,2,0,0,8,8,21123,0,1893,0,0,23016,23016,24542,0,320,0,0,24862,24862
port862,2026-01-02,Osaka,6,0,0,0,0,6,6,6390,0,0,0,0,6390,6390,49454,0,0,0,0,49454,49454
port862,2026-01-03,Osaka,2,0,1,0,0,3,3,21248,0,508,0,0,21757,21757,4903,0,0,0,0,4903,4903
port862,2026-01-04,Osaka,5,3,3,0,2,11,13,11150,3996,1615,0,730,16763,17493,0,23039,640,0,645,23680,24325
port862,2026-01-05,Osaka,15,1,8,0,2,24,26,70329,3812,3462,0,0,77603,77603,17784,0,4066,0,0,21851,21851
port862,2026-01-06,Osaka,13,1,9,2,2,25,27,70143,1645,6962,978,1166,79731,80897,52673,0,1601,397,571,54672,55244
port862,2026-01-07,Osaka,9,1,17,1,4,28,32,58070,2084,5899,984,2272,67039,69311,51090,39,4249,0,571,55380,55951
port862,2026-01-08,Osaka,7,0,13,1,8,21,29,30747,0,6307,261,8555,37316,45871,36284,0,2242,371,1050,38898,39948
port862,2026-01-09,Osaka,9,5,9,1,0,24,24,38839,31538,3976,717,0,75071,75071,9807,0,1601,26,0,11435,11435
port862,2026-01-10,Osaka,5,1,1,2,1,9,10,29384,1912,692,978,435,32968,33404,4903,0,320,397,119,5621,5741
port862,2026-01-11,Osaka,7,0,9,0,2,16,18,37130,0,5631,0,921,42762,43683,17289,0,2242,0,764,19531,20296
port862,2026-01-12,Osaka,10,1,10,1,1,22,23,59203,3284,7760,261,435,70509,70945,4903,0,2950,371,119,8225,8345
port862,2026-01-13,Osaka,13,1,13,1,3,28,31,57881,461,12091,717,1787,71151,72939,50610,0,3361,26,239,53998,54238
port862,2026-01-14,Osaka,7,5,8,0,4,20,24,40341,10466,3462,0,435,54270,54706,13768,0,1816,0,337,15584,15921
port862,2026-01-15,Osaka,7,1,9,1,2,18,20,34119,178,4770,261,485,39330,39815,4903,0,1601,371,645,6876,7521
port862,2026-01-16,Osaka,6,3,11,2,1,22,23,33531,4498,3854,978,0,42862,42862,9807,1395,1665,397,0,13266,13266
port862,2026-01-17,Osaka,8,0,1,0,1,9,10,46098,0,692,0,1072,46790,47863,24372,0,320,0,0,24692,24692
port862,2026-01-18,Osaka,9,2,16,0,1,27,28,38423,1642,9521,0,1166,49587,50753,12385,0,3673,0,571,16059,16630
port862,2026-01-19,Osaka,16,4,8,1,4,29,33,73200,9491,5172,261,1629,88126,89755,24114,0,1858,371,119,26343,26463
port862,2026-01-20,Osaka,6,4,10,2,2,22,24,34749,2520,4608,978,435,42856,43292,29513,26315,2253,397,119,58479,58599
port862,2026-01-21,Osaka,7,0,7,0,2,14,16,26730,0,2077,0,0,28807,28807,4903,0,1243,0,0,6146,6146
port862,2026-01-22,Osaka,9,2,13,2,3,26,29,24260,919,6250,261,5023,31691,36715,74381,0,2705,371,0,77458,77458
port862,2026-01-23,Osaka,7,3,6,0,3,16,19,30364,6068,1810,0,671,38243,38914,22194,0,640,0,1971,22835,24807
port862,2026-01-24,Osaka,7,1,4,2,3,14,17,26450,2084,1385,522,565,30443,31009,9807,39,640,742,0,11229,11229
port862,2026-01-25,Osaka,9,2,12,0,0,23,23,39223,3261,5516,0,0,48000,48000,23141,0,3074,0,0,26215,26215
port862,2026-01-26,Osaka,13,2,6,1,4,22,26,59561,2639,2514,261,1602,64976,66578,29734,39,1310,371,691,31456,32147
port862,2026-01-27,Osaka,14,6,13,2,3,35,38,46935,10257,11889,978,3342,70061,73403,76794,0,1281,397,119,78473,78593
port862,2026-01-28,Osaka,10,1,10,0,2,21,23,29943,631,3563,0,3187,34138,37326,118941,0,640,0,119,119582,119702
port862,2026-01-29,Osaka,7,2,7,2,1,18,19,39170,5263,2970,522,740,47928,48668,52636,6046,791,742,0,60216,60216
port862,2026-01-30,Osaka,6,3,8,0,4,17,21,27808,4069,5272,0,1982,37149,39131,9807,6046,1569,0,119,17423,17543
port862,2026-01-31,Osaka,5,0,5,1,2,11,13,17586,0,4401,717,435,22705,23141,4648,0,640,26,119,5315,5435
port862,2026-02-01,Osaka,11,5,11,0,4,27,31,56243,9022,7764,0,2290,73029,75320,13622,79,1362,0,1531,15064,16596
port862,2026-02-02,Osaka,14,4,9,0,4,27,31,68178,7508,3193,0,1923,78880,80804,27507,39,1281,0,691,28828,29520
port862,2026-02-03,Osaka,10,1,9,2,2,22,24,46755,594,5300,978,1525,53629,55154,37841,0,2641,397,235,40880,41115
port862,2026-02-04,Osaka,9,2,8,1,1,20,21,43483,2520,2892,0,0,48896,48896,16067,0,1666,0,0,17733,17733
port862,2026-02-05,Osaka,6,1,11,1,6,19,25,46975,2084,3569,261,1731,52891,54622,9151,39,2805,371,1820,12368,14188
port862,2026-02-06,Osaka,5,2,4,0,2,11,13,44379,2698,2077,0,0,49155,49155,0,0,961,0,526,961,1487
port862,2026-02-07,Osaka,9,0,6,2,1,17,18,38234,0,2206,978,0,41419,41419,8090,0,2190,397,1694,10678,12372
port862,2026-02-08,Osaka,6,0,8,0,3,14,17,28013,0,4129,0,1580,32142,33722,10868,0,1524,0,239,12392,12632
port862,2026-02-09,Osaka,10,4,11,0,6,25,31,71573,17419,9625,0,3168,98618,101786,5393,39,2794,0,470,8227,8697
port862,2026-02-10,Osaka,15,0,7,2,5,24,29,79914,0,3198,978,915,84091,85007,35285,0,1281,397,119,36964,37083
port862,2026-02-11,Osaka,6,0,9,0,2,15,17,28584,0,3767,0,435,32352,32788,4317,0,4860,0,119,9178,9298
port862,2026-02-12,Osaka,5,2,12,2,3,21,24,17490,3197,5290,522,0,26501,26501,59469,0,2233,742,4736,62444,67181
port862,2026-02-13,Osaka,7,2,8,0,1,17,18,29398,5114,4954,0,875,39468,40343,10786,0,1922,0,0,12708,12708
port862,2026-02-14,Osaka,4,1,4,2,2,11,13,22169,419,2077,522,435,25189,25625,2696,0,961,742,119,4399,4519
port862,2026-02-15,Osaka,6,3,14,0,5,23,28,32508,631,4763,0,1962,37903,39865,33974,0,4573,0,119,38547,38666
port862,2026-02-16,Osaka,10,0,9,2,4,21,25,43504,0,4208,522,8421,48235,56656,44100,0,961,742,571,45803,46374
port862,2026-02-17,Osaka,14,3,14,2,0,33,33,78355,8204,8144,978,0,95682,95682,16230,2895,2337,397,0,21862,21862
port862,2026-02-18,Osaka,14,2,5,1,1,22,23,44602,10672,4511,261,435,60048,60483,9353,0,122,371,119,9846,9966
port862,2026-02-19,Osaka,6,1,11,1,2,19,21,7813,0,5747,261,871,13823,14694,60756,0,2242,371,239,63370,63610
port862,2026-02-20,Osaka,6,3,7,0,1,16,17,57894,3234,6523,0,0,67651,67651,12467,343,1857,0,0,14669,14669
port862,2026-02-21,Osaka,9,1,4,2,2,16,18,18001,1645,1385,522,685,21555,22241,147530,0,1756,742,0,150028,150028
port862,2026-02-22,Osaka,6,1,3,0,2,10,12,13109,2084,2077,0,179,17271,17451,26624,39,961,0,311,27625,27936
port862,2026-02-23,Osaka,9,4,10,2,2,25,27,35420,6604,3108,261,2332,45394,47726,40964,0,1635,656,1142,43256,44399
port862,2026-02-24,Osaka,10,3,12,2,5,27,32,38217,3491,5218,978,2176,47906,50082,58758,7619,3372,397,571,70148,70719
port862,2026-02-25,Osaka,5,2,13,0,4,20,24,4339,5274,5304,0,921,14917,15838,47832,1395,4660,0,882,53888,54770
port862,2026-02-26,Osaka,9,1,10,3,2,23,25,11234,593,4222,522,1001,16572,17574,63017,0,1694,1027,119,65739,65859
port862,2026-02-27,Osaka,7,2,13,0,3,22,25,50359,6057,5523,0,435,61940,62376,11382,0,2242,0,119,13624,13744
port862,2026-02-28,Osaka,8,1,1,2,3,12,15,14350,1645,501,978,4565,17476,22041,30987,0,0,397,239,31384,31624
port862,2026-03-01,Osaka,8,3,13,0,3,24,27,16669,1391,5962,0,1920,24023,25943,16974,2421,3462,0,806,22858,23664
port862,2026-03-02,Osaka,15,2,5,1,4,23,27,47882,5082,4424,261,1045,57650,58696,75216,0,1281,371,354,76868,77223
port862,2026-03-03,Osaka,11,2,7,1,7,21,28,46045,626,3462,717,4235,50851,55086,56783,0,4246,26,1579,61056,62636
port862,2026-03-04,Osaka,4,3,11,2,1,20,21,882,3298,4065,1246,0,9492,9492,29271,0,961,371,0,30603,30603
port862,2026-03-05,Osaka,9,3,6,2,3,20,23,36280,3964,3484,522,485,44252,44737,16954,0,1886,742,1152,19582,20735
port862,2026-03-06,Osaka,6,2,13,2,3,23,26,31456,5104,10702,1434,1045,48698,49744,96224,0,2667,53,354,98945,99300
port862,2026-03-07,Osaka,8,1,6,1,1,16,17,23628,419,4134,717,0,28899,28899,5715,0,1601,26,0,7343,7343
port862,2026-03-08,Osaka,6,1,7,0,4,14,18,32804,2084,3597,0,851,38486,39338,35384,39,1591,0,1009,37015,38025
port862,2026-03-09,Osaka,14,4,12,2,4,32,36,59353,9515,8997,1736,3253,79602,82855,52920,0,6195,371,0,59487,59487
port862,2026-03-10,Osaka,11,1,12,2,5,26,31,43127,0,8664,978,2177,52770,54948,28200,26766,2130,397,1048,57494,58543
port862,2026-03-11,Osaka,9,2,9,0,1,20,21,22150,4605,6309,0,435,33064,33500,47626,39,2161,0,119,49827,49947
port862,2026-03-12,Osaka,4,4,8,1,3,17,20,17794,5047,1059,261,3225,24162,27388,19005,1435,1232,371,571,22044,22615
port862,2026-03-13,Osaka,3,1,13,1,1,18,19,25730,0,7051,717,536,33498,34035,0,0,2964,26,0,2990,2990
port862,2026-03-14,Osaka,3,1,5,1,2,10,12,6635,11096,2770,261,485,20763,21248,5951,0,1281,371,645,7604,8249
port862,2026-03-15,Osaka,9,3,8,0,2,20,22,37502,9054,4067,0,672,50625,51297,45683,2895,1682,0,0,50262,50262
port862,2026-03-16,Osaka,16,1,9,1,4,27,31,71239,10874,3836,261,430,86211,86641,58711,0,320,371,0,59403,59403
port862,2026-03-17,Osaka,15,4,6,2,4,27,31,74307,4296,2818,978,1481,82401,83882,32279,39,640,397,474,33357,33832
port862,2026-03-18,Osaka,9,1,13,2,3,25,28,28262,1727,5151,1246,1347,36387,37735,68143,0,2742,371,0,71256,71257
port862,2026-03-19,Osaka,9,1,7,1,6,18,24,24021,178,2077,261,3013,26538,29551,32059,0,1607,371,1474,34037,35512
port862,2026-03-20,Osaka,7,1,11,0,3,19,22,26399,1645,6744,0,461,34789,35251,47711,0,2883,0,1050,50594,51645
port862,2026-03-21,Osaka,6,0,5,1,0,12,12,27835,0,5121,261,0,33218,33218,3157,0,961,371,0,4489,4489
port862,2026-03-22,Osaka,10,3,11,1,1,25,26,62182,31038,4547,261,435,98029,98465,11133,0,3051,371,119,14555,14675
port862,2026-03-23,Osaka,11,4,9,1,0,25,25,76850,7487,2530,261,0,87129,87129,12505,2895,3925,371,0,19697,19697
port862,2026-03-24,Osaka,14,3,11,2,3,30,33,70990,4755,3922,978,1054,80647,81702,31635,6046,3387,397,239,41467,41707
port862,2026-03-25,Osaka,9,3,15,1,0,28,28,56506,8475,10411,261,0,75655,75655,27514,2935,6103,371,0,36924,36924
port862,2026-03-26,Osaka,8,3,9,1,6,21,27,18790,11707,8815,261,2187,39574,41761,44022,24007,2662,371,1479,71064,72543
port862,2026-03-27,Osaka,6,0,10,1,1,17,18,35087,0,8202,717,610,44007,44617,21261,0,2852,26,235,24140,24375
port862,2026-03-28,Osaka,6,3,11,1,1,21,22,24149,5312,7507,717,435,37687,38123,32647,0,2853,26,119,35527,35647
port862,2026-03-29,Osaka,7,2,12,0,5,21,26,28636,3288,5300,0,7081,37225,44306,11379,0,3259,0,263,14638,14901
port862,2026-03-30,Osaka,13,2,5,1,2,21,23,92672,2193,1385,261,71,96512,96584,3157,0,640,371,0,4169,4169
port862,2026-03-31,Osaka,8,2,5,2,1,17,18,44975,4837,6737,978,271,57528,57800,19005,0,961,397,0,20363,20363
port862,2026-04-01,Osaka,10,3,5,0,3,18,21,70815,2920,2291,0,2421,76026,78448,14939,39,1244,0,119,16223,16343
port862,2026-04-02,Osaka,8,1,6,3,4,18,22,30925,2694,2572,1507,2041,37699,39740,70119,6046,961,742,1501,77869,79371
port862,2026-04-03,Osaka,5,3,12,1,6,21,27,51982,5836,6034,717,1214,64570,65784,7163,39,3140,26,239,10369,10609
port862,2026-04-04,Osaka,4,1,5,1,1,11,12,18787,2084,2339,261,0,23473,23473,7163,39,961,371,0,8535,8535
port862,2026-04-05,Osaka,9,3,7,0,4,19,23,28414,3169,3262,0,0,34845,34845,13725,0,1990,0,1205,15715,16921
port862,2026-04-06,Osaka,11,2,9,1,3,23,26,44754,2503,3462,261,1166,50982,52148,32136,39,1601,371,571,34148,34720
port862,2026-04-07,Osaka,13,2,8,2,1,25,26,56194,960,2727,978,0,60862,60862,96056,1395,3321,397,0,101172,101172
port862,2026-04-08,Osaka,11,4,7,0,5,22,27,54385,6510,3223,0,1995,64119,66114,20051,273,1362,0,0,21687,21687
port862,2026-04-09,Osaka,9,4,6,1,5,20,25,67285,3688,3597,261,2930,74833,77764,25323,29842,1282,371,354,56820,57174
port862,2026-04-10,Osaka,7,2,8,1,1,18,19,47594,586,4155,717,0,53052,53052,11038,0,1922,26,0,12987,12987
port862,2026-04-11,Osaka,5,1,5,0,3,11,14,17420,729,2077,0,2041,20227,22269,22839,0,1680,0,852,24520,25373
port862,2026-04-12,Osaka,6,2,9,1,2,18,20,13362,4169,5127,261,1610,22921,24531,35433,79,3109,371,0,38994,38994
port862,2026-04-13,Osaka,14,4,9,1,2,28,30,61683,21554,6606,261,0,90106,90106,28203,39,370,371,0,28984,28984
port862,2026-04-14,Osaka,13,2,4,1,2,20,22,43809,2393,3246,717,871,50167,51038,153474,0,961,26,239,154462,154701
port862,2026-04-15,Osaka,11,2,7,2,7,22,29,56599,1608,3223,1246,3123,62677,65801,21489,3345,1362,371,298,26568,26867
port862,2026-04-16,Osaka,8,1,11,1,4,21,25,29357,1645,8874,261,948,40139,41087,56816,0,2506,371,0,59693,59693
port862,2026-04-17,Osaka,9,2,10,0,7,21,28,65936,12959,4789,0,2799,83685,86485,13203,39,5674,0,1817,18917,20735
port862,2026-04-18,Osaka,1,1,4,2,3,8,11,861,0,1385,522,1382,2769,4152,0,0,931,742,354,1673,2028
port862,2026-04-19,Osaka,8,2,9,0,1,19,20,29538,4167,5953,0,0,39658,39658,57490,39,7483,0,101,65014,65116
port862,2026-04-20,Osaka,9,1,5,0,0,15,15,48761,2925,2734,0,0,54421,54421,16209,0,640,0,0,16850,16850
port862,2026-04-21,Osaka,6,0,11,1,0,18,18,68188,0,8157,261,0,76607,76607,17975,0,2242,371,0,20588,20588
port862,2026-04-22,Osaka,8,3,5,1,2,17,19,35293,2177,1838,261,4136,39570,43707,3854,39,904,371,571,5169,5740
port862,2026-04-23,Osaka,11,3,14,2,4,30,34,36831,2639,5491,522,2804,45484,48289,86393,39,3038,742,119,90213,90333
port862,2026-04-24,Osaka,7,2,12,0,6,21,27,45063,5809,4515,0,711,55387,56099,17242,0,3153,0,0,20395,20395
port862,2026-04-25,Osaka,5,0,1,2,0,8,8,30446,0,692,978,0,32117,32117,7163,0,320,397,0,7881,7881
port862,2026-04-26,Osaka,7,1,11,0,3,19,22,23534,2005,9521,0,1728,35061,36789,45100,0,1601,0,119,46702,46821
port862,2026-04-27,Osaka,11,2,11,2,3,26,29,65408,3730,2673,261,0,72074,72074,13813,39,4798,371,0,19023,19023
port862,2026-04-28,Osaka,13,0,7,2,0,22,22,46619,0,2077,978,0,49675,49675,57572,0,1054,397,0,59024,59024
port862,2026-04-29,Osaka,9,1,11,1,5,22,27,46471,0,5067,984,435,52523,52959,13393,22621,2701,0,119,38717,38837
port862,2026-04-30,Osaka,7,4,9,2,6,22,28,23231,10507,3462,522,9390,37725,47115,67372,79,2276,742,239,70471,70710
port862,2026-05-01,Osaka,9,1,9,0,5,19,24,32525,7325,8305,0,1156,48156,49313,56713,0,1922,0,239,58636,58875
port862,2026-05-02,Osaka,8,2,5,1,4,16,20,33088,4169,2770,717,1776,40745,42522,0,79,1281,26,806,1387,2193
port862,2026-05-03,Osaka,6,1,3,0,3,10,13,4570,2070,2077,0,1683,8717,10401,115154,0,961,0,357,116115,116472
port862,2026-05-04,Osaka,10,1,3,0,1,14,15,34625,6390,934,0,610,41950,42560,42866,2895,320,0,235,46082,46317
port862,2026-05-05,Osaka,13,0,5,1,0,19,19,74606,0,3462,261,0,78330,78330,18106,0,1601,371,0,20079,20079
port862,2026-05-06,Osaka,11,1,7,0,5,19,24,75491,1645,2437,0,3528,79575,83103,26102,0,961,0,1041,27063,28105
port862,2026-05-07,Osaka,4,5,11,1,2,21,23,16869,11308,3595,261,1438,32033,33472,41728,8982,3299,371,263,54381,54644
port862,2026-05-08,Osaka,5,3,11,0,3,19,22,45536,6586,5300,0,719,57423,58142,0,6046,2323,0,0,8370,8370
port862,2026-05-09,Osaka,5,1,6,3,5,15,20,20966,0,3035,1240,5010,25242,30253,0,1645,1426,768,806,3841,4647
port862,2026-05-10,Osaka,4,3,12,0,1,19,20,22056,5727,7654,0,435,35438,35874,17014,6046,2242,0,119,25303,25423
port862,2026-05-11,Osaka,11,2,8,1,3,22,25,59127,2520,2770,261,435,64679,65115,28972,0,1281,371,119,30624,30744
port862,2026-05-12,Osaka,10,2,10,2,4,24,28,73368,10535,3093,978,1553,87975,89528,40543,2895,1705,397,2527,45542,48070
port862,2026-05-13,Osaka,13,3,8,1,5,25,30,60850,8475,3140,261,4695,72727,77423,64994,2935,1500,371,0,69802,69802
port862,2026-05-14,Osaka,7,3,7,1,6,18,24,31145,13656,3629,261,1502,48692,50195,40652,2895,1603,371,261,45522,45783
port862,2026-05-15,Osaka,5,0,10,1,2,16,18,37970,0,6431,717,0,45118,45118,9377,0,4054,26,0,13458,13458
port862,2026-05-16,Osaka,5,0,12,0,3,17,20,22903,0,6232,0,1021,29136,30157,6736,0,3529,0,235,10266,10501
port862,2026-05-17,Osaka,7,2,11,0,5,20,25,26838,6057,7465,0,1807,40361,42168,32567,0,2105,0,119,34672,34792
port862,2026-05-18,Osaka,10,3,5,1,5,19,24,55156,5077,909,261,2332,61404,63737,17014,0,320,371,1142,17706,18848
port862,2026-05-19,Osaka,7,1,8,2,4,18,22,30904,0,4935,978,7692,36818,44511,30383,0,2242,397,119,33023,33143
port862,2026-05-20,Osaka,11,3,11,2,3,27,30,46746,4942,3065,1246,2575,55999,58574,62506,39,2634,371,119,65551,65670
port862,2026-05-21,Osaka,9,5,8,1,4,23,27,45010,2374,2308,261,921,49954,50875,31547,5661,2905,371,824,40485,41310
port862,2026-05-22,Osaka,8,2,5,1,2,16,18,28865,5568,2077,717,915,37229,38145,37493,0,961,26,0,38481,38481
port862,2026-05-23,Osaka,5,1,11,1,1,18,19,27044,0,7950,261,1899,35256,37156,106831,0,2787,371,0,109990,109990
port862,2026-05-24,Osaka,9,0,8,1,0,18,18,28237,0,2818,261,0,31318,31318,137974,0,1041,371,0,139387,139387
port862,2026-05-25,Osaka,12,1,9,1,4,23,27,44728,1125,2077,261,2108,48192,50301,100847,0,1844,371,645,103062,103707
port862,2026-05-26,Osaka,8,2,15,2,2,27,29,41768,1699,8156,978,435,52603,53038,0,0,3512,397,119,3910,4030
port862,2026-05-27,Osaka,9,4,7,1,4,21,25,64767,17682,3180,261,1154,85892,87047,30044,2895,961,371,239,34272,34511
port862,2026-05-28,Osaka,7,3,9,0,8,19,27,23718,2374,4800,0,4033,30893,34927,30904,66,2003,0,571,32974,33545
port862,2026-05-29,Osaka,10,2,9,1,4,22,26,44487,12781,4847,261,921,62377,63299,75393,5791,2242,371,764,83798,84563
port960,2025-12-21,Port Klang,19,0,4,3,7,26,33,138277,0,2906,312,22586,141496,164082,146766,0,9103,2444,4827,158314,163141
port960,2025-12-22,Port Klang,22,1,6,0,6,29,35,143745,25534,12109,0,10898,181389,192287,94976,0,5361,0,597,100337,100935
port960,2025-12-23,Port Klang,22,1,5,1,15,29,44,121601,37847,5556,0,50466,165005,215472,197099,0,6979,0,12887,204079,216966
port960,2025-12-24,Port Klang,19,3,4,0,5,26,31,85867,45079,3313,0,23886,134260,158147,120336,3624,6442,0,2698,130403,133101
port960,2025-12-25,Port Klang,20,1,6,3,9,30,39,200607,14217,13434,2498,75159,230757,305917,60704,0,1885,509,3034,63099,66134
port960,2025-12-26,Port Klang,16,0,0,1,10,17,27,88075,0,0,0,31614,88075,119690,49936,0,0,0,38079,49936,88016
port960,2025-12-27,Port Klang,18,1,3,1,7,23,30,206770,36742,7124,312,27322,250948,278271,65964,0,666,222,823,66853,67677
port960,2025-12-28,Port Klang,19,2,4,0,5,25,30,106715,25594,3089,0,17169,135399,152569,81888,861,10189,0,33228,92938,126167
port960,2025-12-29,Port Klang,22,1,3,1,13,27,40,191870,60740,9607,0,42537,262218,304756,79933,0,1133,1159,7644,82226,89871
port960,2025-12-30,Port Klang,13,0,4,1,11,18,29,79176,0,3792,0,30005,82968,112974,95345,0,3311,1762,14981,100419,115400
port960,2025-12-31,Port Klang,21,2,2,0,9,25,34,66763,17410,194,0,35680,84368,120049,202342,0,376,0,97503,202718,300221
port960,2026-01-01,Port Klang,24,2,3,0,11,29,40,191527,0,12122,0,12810,203650,216460,121787,43625,0,0,23224,165413,188637
port960,2026-01-02,Port Klang,15,2,2,0,8,19,27,170643,3761,0,0,43361,174404,217766,85741,4257,6277,0,3196,96276,99472
port960,2026-01-03,Port Klang,22,3,3,1,8,29,37,134583,76450,3349,0,43624,214383,258007,111919,40075,2267,0,1671,154261,155933
port960,2026-01-04,Port Klang,13,1,3,0,8,17,25,142204,11041,254,0,32608,153500,186108,35739,0,376,0,8118,36115,44234
port960,2026-01-05,Port Klang,24,1,6,0,17,31,48,113995,0,15494,0,56887,129490,186377,105152,5221,7323,0,12858,117697,130556
port960,2026-01-06,Port Klang,23,1,4,0,6,28,34,100211,0,11213,0,9214,111424,120638,131910,2790,4632,0,16059,139332,155392
port960,2026-01-07,Port Klang,25,2,5,0,12,32,44,118176,29955,2634,0,43773,150766,194540,105753,7563,3329,0,50603,116646,167249
port960,2026-01-08,Port Klang,16,1,2,1,6,20,26,25892,1624,2277,1089,21629,30884,52513,75554,0,376,0,5362,75930,81293
port960,2026-01-09,Port Klang,25,3,2,0,9,30,39,166474,76917,2060,0,20063,245452,265515,141323,0,5182,0,2276,146505,148782
port960,2026-01-10,Port Klang,23,0,1,2,7,26,33,57708,0,2374,0,13542,60082,73625,145042,0,0,0,15088,145042,160130
port960,2026-01-11,Port Klang,19,2,5,3,9,29,38,75552,15084,1637,830,62876,93105,155981,73488,3624,19783,6383,2276,103279,105555
port960,2026-01-12,Port Klang,24,0,0,0,10,24,34,178620,0,0,0,38765,178620,217386,68777,0,0,0,6035,68777,74812
port960,2026-01-13,Port Klang,21,3,4,1,9,29,38,58789,47759,9264,0,46477,115812,162289,113196,12515,1925,1796,4629,129433,134063
port960,2026-01-14,Port Klang,24,4,5,2,11,35,46,71203,140549,5586,1688,28805,219028,247833,128454,0,8422,0,26043,136877,162920
port960,2026-01-15,Port Klang,19,1,3,0,8,23,31,223722,7759,1946,0,20028,233428,253457,53935,0,5355,0,5591,59290,64881
port960,2026-01-16,Port Klang,16,3,1,1,12,21,33,106976,70054,6579,0,39040,183610,222650,72757,0,0,0,20008,72757,92766
port960,2026-01-17,Port Klang,22,3,5,1,10,31,41,165943,18871,2863,1119,28096,188797,216893,106882,0,2311,111,23801,109305,133107
port960,2026-01-18,Port Klang,20,0,4,0,9,24,33,110478,0,1176,0,19634,111655,131290,111622,0,918,0,52123,112540,164664
port960,2026-01-19,Port Klang,25,1,3,0,11,29,40,97506,15869,5922,0,41405,119298,160704,202155,0,2429,0,28452,204585,233037
port960,2026-01-20,Port Klang,15,2,5,1,10,23,33,130489,8117,5059,1025,45821,144691,190513,83562,31218,5395,0,11900,120176,132076
port960,2026-01-21,Port Klang,21,3,4,2,10,30,40,165005,71052,2131,1784,31632,239974,271607,79544,0,7953,2681,5198,90179,95377
port960,2026-01-22,Port Klang,21,2,0,0,11,23,34,59213,11401,0,0,34430,70614,105045,177579,0,0,0,13728,177579,191307
port960,2026-01-23,Port Klang,20,2,2,1,6,25,31,32113,0,2354,312,40615,34780,75395,138623,85982,0,222,35966,224829,260795
port960,2026-01-24,Port Klang,14,0,6,0,4,20,24,51916,0,12741,0,121071,64657,185728,34216,0,376,0,3083,34592,37675
port960,2026-01-25,Port Klang,22,3,1,0,7,26,33,41188,80287,6945,0,36866,128421,165287,144634,15872,0,0,8015,160507,168522
port960,2026-01-26,Port Klang,22,2,1,1,9,26,35,207211,13358,93,0,16807,220663,237471,131536,0,0,0,50166,131536,181703
port960,2026-01-27,Port Klang,18,1,6,0,10,25,35,22408,10140,2591,0,62629,35140,97770,144337,0,4921,0,10923,149259,160182
port960,2026-01-28,Port Klang,19,2,1,0,5,22,27,113053,42025,0,0,21757,155078,176836,124161,0,14266,0,5437,138428,143865
port960,2026-01-29,Port Klang,23,1,3,2,7,29,36,53869,0,5566,624,24663,60061,84724,162680,12042,414,445,6801,175583,182384
port960,2026-01-30,Port Klang,16,1,5,1,9,23,32,58963,4224,8350,2636,80381,74174,154555,66953,0,17132,0,5198,84086,89284
port960,2026-01-31,Port Klang,20,3,1,2,9,26,35,157423,82948,760,0,73376,241132,314508,46887,3624,0,6440,15989,56952,72942
port960,2026-02-01,Port Klang,16,0,1,1,8,18,26,131214,0,1623,0,24415,132837,157253,86945,0,1133,3141,7600,91221,98821
port960,2026-02-02,Port Klang,22,1,6,0,11,29,40,126215,0,8680,0,41064,134896,175960,61312,0,7134,0,9270,68446,77717
port960,2026-02-03,Port Klang,15,1,2,1,11,19,30,70870,7166,1623,731,47874,80392,128266,157664,1183,1133,0,14006,159982,173989
port960,2026-02-04,Port Klang,18,3,6,1,8,28,36,81306,130320,4884,0,21773,216510,238284,133925,0,6583,0,6613,140508,147122
port960,2026-02-05,Port Klang,20,1,4,3,9,28,37,73350,0,6496,312,44731,80159,124890,129759,25572,5834,222,9065,161388,170454
port960,2026-02-06,Port Klang,18,0,4,1,7,23,30,116966,0,8731,312,30186,126010,156196,127805,0,14587,222,3908,142615,146524
port960,2026-02-07,Port Klang,17,1,2,3,6,23,29,163948,0,13604,312,16375,177865,194241,60327,914,0,6663,9395,67904,77299
port960,2026-02-08,Port Klang,19,1,2,0,7,22,29,171863,13427,90,0,35327,185381,220709,84875,0,1637,0,2269,86513,88782
port960,2026-02-09,Port Klang,26,2,2,1,10,31,41,89972,13023,192,0,33960,103188,137149,147296,0,207,3141,9357,150646,160004
port960,2026-02-10,Port Klang,17,1,5,1,8,24,32,140924,0,3337,0,14660,144261,158921,105808,15709,3368,0,59230,124886,184116
port960,2026-02-11,Port Klang,19,1,6,2,11,28,39,94050,0,4306,0,29353,98356,127710,32322,25179,15078,0,10438,72580,83019
port960,2026-02-12,Port Klang,19,1,3,2,7,25,32,65416,24316,1908,1088,22450,92729,115180,94295,0,1236,0,19824,95532,115357
port960,2026-02-13,Port Klang,24,4,3,1,6,32,38,192742,68471,4346,0,36058,265560,301618,105840,9490,968,0,1517,116298,117816
port960,2026-02-14,Port Klang,15,0,1,1,8,17,25,90727,0,0,0,22737,90727,113465,72972,0,5326,0,2848,78299,81147
port960,2026-02-15,Port Klang,14,1,5,1,9,21,30,57538,23903,3724,0,27690,85166,112857,95096,0,12977,0,4678,108074,112753
port960,2026-02-16,Port Klang,17,2,6,0,5,25,30,102935,10140,5688,0,20257,118764,139021,95963,6016,7928,0,1517,109908,111426
port960,2026-02-17,Port Klang,17,0,4,1,8,22,30,139330,0,4278,1843,24016,145452,169469,73108,0,4011,0,2276,77119,79395
port960,2026-02-18,Port Klang,26,1,2,1,16,30,46,314807,3086,4192,1437,123889,323524,447414,174982,0,999,0,21713,175982,197695
port960,2026-02-19,Port Klang,25,2,2,0,11,29,40,146390,15134,7541,0,22050,169066,191116,131861,3939,0,0,18788,135800,154589
port960,2026-02-20,Port Klang,22,1,1,0,11,24,35,157466,817,0,0,35274,158284,193558,100491,0,990,0,8821,101481,110303
port960,2026-02-21,Port Klang,23,2,1,1,10,27,37,110778,29516,6184,0,33951,146479,180431,214016,3624,0,3141,12838,220782,233621
port960,2026-02-22,Port Klang,19,2,0,0,6,21,27,58222,9436,0,0,14174,67659,81833,154587,28546,0,0,12830,183134,195964
port960,2026-02-23,Port Klang,21,2,5,1,10,29,39,216351,93064,3811,0,37366,313227,350593,143881,0,6713,0,21414,150595,172009
port960,2026-02-24,Port Klang,17,3,1,0,14,21,35,114091,77714,201,0,62828,192007,254836,83258,25704,0,0,16047,108962,125009
port960,2026-02-25,Port Klang,17,2,5,0,5,24,29,65359,15084,1714,0,14568,82157,96726,223896,3624,2729,0,6306,230250,236556
port960,2026-02-26,Port Klang,24,3,2,2,8,31,39,105858,4277,3557,3121,26462,116815,143277,114561,27880,376,222,2114,143041,145156
port960,2026-02-27,Port Klang,24,2,3,1,10,30,40,112892,82044,1714,0,28988,196650,225638,173564,0,3412,0,23922,176976,200899
port960,2026-02-28,Port Klang,24,1,3,1,10,29,39,91404,9895,2947,0,38856,104247,143103,148666,0,1509,2221,3034,152397,155432
port960,2026-03-01,Port Klang,23,1,2,0,6,26,32,190153,0,6990,0,18361,197143,215505,138998,33388,0,0,6986,172386,179373
port960,2026-03-02,Port Klang,20,2,3,0,11,25,36,151928,33843,3246,0,45882,189018,234900,101214,0,2686,0,13147,103901,117049
port960,2026-03-03,Port Klang,17,1,3,0,6,21,27,55390,0,6967,0,11792,62357,74149,99663,0,1837,0,32221,101501,133722
port960,2026-03-04,Port Klang,23,1,1,0,9,25,34,147414,3836,5326,0,65206,156577,221784,86680,0,0,0,1517,86680,88198
port960,2026-03-05,Port Klang,19,2,1,2,10,24,34,115641,24464,0,312,39522,140418,179941,83142,16195,414,222,13567,99974,113542
port960,2026-03-06,Port Klang,22,0,2,0,7,24,31,66471,0,0,0,18199,66471,84670,141192,0,9107,0,48406,150299,198706
port960,2026-03-07,Port Klang,25,2,3,1,11,31,42,166334,30169,3636,312,32702,200452,233154,82116,7249,259,222,6196,89847,96043
port960,2026-03-08,Port Klang,22,1,6,0,10,29,39,76060,12663,3900,0,50772,92624,143397,129522,0,22898,0,36495,152420,188916
port960,2026-03-09,Port Klang,27,2,4,1,15,34,49,178548,73288,4869,0,57367,256706,314074,122003,3624,3401,0,12519,129029,141549
port960,2026-03-10,Port Klang,24,0,5,2,7,31,38,34654,0,16089,0,22992,50743,73735,183459,0,1509,0,20421,184969,205390
port960,2026-03-11,Port Klang,24,4,2,2,11,32,43,150744,67790,2746,3186,33404,224467,257871,147020,0,376,0,8445,147396,155842
port960,2026-03-12,Port Klang,14,1,6,1,11,22,33,90287,32481,5217,0,26343,127986,154330,67121,0,10800,0,46072,77922,123995
port960,2026-03-13,Port Klang,28,3,4,1,8,36,44,204430,14867,11573,0,9656,230871,240527,192614,0,5055,3141,28942,200812,229755
port960,2026-03-14,Port Klang,22,1,1,0,10,24,34,34482,71816,0,0,40575,106298,146874,141426,0,0,0,7624,141426,149050
port960,2026-03-15,Port Klang,26,2,2,1,6,31,37,196097,41311,5144,1100,6580,243654,250235,162843,36399,376,0,3199,199618,202818
port960,2026-03-16,Port Klang,14,1,2,0,10,17,27,32034,16595,1623,0,63008,50252,113261,90061,0,9360,0,15362,99421,114784
port960,2026-03-17,Port Klang,19,1,1,0,6,21,27,129654,32161,0,0,22812,161816,184629,64993,0,496,0,7427,65490,72918
port960,2026-03-18,Port Klang,20,1,2,1,8,24,32,52958,30912,298,312,23401,84481,107883,114235,0,376,222,4364,114834,119199
port960,2026-03-19,Port Klang,18,0,2,1,8,21,29,47484,0,183,874,14860,48543,63403,108471,0,5326,0,22899,113797,136697
port960,2026-03-20,Port Klang,15,0,0,1,6,16,22,113601,0,0,0,23731,113601,137332,61741,0,0,3141,7199,64883,72082
port960,2026-03-21,Port Klang,16,2,2,1,3,21,24,25025,41403,0,0,9471,66429,75900,168055,0,8033,0,18783,176088,194872
port960,2026-03-22,Port Klang,25,2,1,0,10,28,38,127628,43499,0,0,25130,171127,196257,91617,3624,9756,0,36600,104998,141599
port960,2026-03-23,Port Klang,17,2,4,1,11,24,35,69672,58297,2166,312,45471,130449,175920,90742,3624,5747,222,7926,100337,108263
port960,2026-03-24,Port Klang,22,0,0,0,14,22,36,81725,0,0,0,52755,81725,134480,77388,0,0,0,41656,77388,119044
port960,2026-03-25,Port Klang,24,3,3,0,8,30,38,151344,7130,3767,0,14202,162243,176445,86275,34579,1445,0,27339,122300,149640
port960,2026-03-26,Port Klang,18,2,1,0,16,21,37,144029,56304,191,0,46809,200525,247334,34116,0,0,0,29868,34116,63984
port960,2026-03-27,Port Klang,27,2,4,2,8,35,43,111455,15084,12317,3361,26934,142218,169153,72906,45370,2971,0,30427,121248,151676
port960,2026-03-28,Port Klang,15,1,4,1,9,21,30,53130,30224,5184,0,20170,88539,108709,68655,0,8582,0,23069,77237,100306
port960,2026-03-29,Port Klang,23,1,3,0,5,27,32,291115,10991,4528,0,21225,306635,327861,86645,0,7348,0,4581,93993,98575
port960,2026-03-30,Port Klang,18,1,4,0,11,23,34,46350,41195,3246,0,47387,90792,138179,112946,0,3151,0,11321,116098,127420
port960,2026-03-31,Port Klang,21,4,2,0,12,27,39,67590,56754,10653,0,40907,134997,175905,121241,3624,5326,0,56933,130193,187126
port960,2026-04-01,Port Klang,21,0,2,1,4,24,28,97457,0,1623,0,5488,99080,104568,169372,0,1729,3141,3256,174243,177500
port960,2026-04-02,Port Klang,17,1,2,0,11,20,31,64801,3836,90,0,53756,68729,122485,79500,0,6036,0,8354,85537,93891
port960,2026-04-03,Port Klang,19,2,3,1,6,25,31,119500,41651,9771,0,14041,170923,184965,50889,3624,0,0,8453,54514,62967
port960,2026-04-04,Port Klang,27,3,4,0,9,34,43,151932,53705,6404,0,22608,212042,234650,119631,0,1821,0,16684,121452,138137
port960,2026-04-05,Port Klang,23,0,2,0,9,25,34,65611,0,3261,0,24944,68872,93817,158287,0,2971,0,6841,161258,168100
port960,2026-04-06,Port Klang,20,4,0,2,9,26,35,152317,18494,0,0,30496,170812,201309,95961,34861,0,0,6117,130822,136940
port960,2026-04-07,Port Klang,23,1,5,1,7,30,37,112269,21900,4960,1119,109915,140249,250165,84133,0,5793,111,5437,90038,95475
port960,2026-04-08,Port Klang,21,4,1,1,9,27,36,56875,29682,311,0,18747,86868,105616,143720,3624,0,2681,11100,150026,161126
port960,2026-04-09,Port Klang,22,0,5,1,7,28,35,256402,0,13578,1266,29386,271247,300633,76969,0,3401,0,52957,80371,133328
port960,2026-04-10,Port Klang,19,1,3,1,8,24,32,79509,15084,6695,0,25077,101289,126367,76094,3624,3803,0,10621,83522,94144
port960,2026-04-11,Port Klang,22,3,4,1,7,30,37,137222,42125,5364,312,48307,185024,233332,110360,11659,6460,222,34530,128703,163233
port960,2026-04-12,Port Klang,22,2,4,2,8,30,38,177315,14870,2297,0,33463,194483,227947,100478,16443,8760,0,22694,125683,148377
port960,2026-04-13,Port Klang,25,1,6,0,11,32,43,122455,15084,13684,0,49413,151224,200638,246316,3624,3063,0,3793,253004,256798
port960,2026-04-14,Port Klang,18,2,3,0,7,23,30,71870,58330,90,0,12811,130291,143102,79131,0,7763,0,5128,86895,92023
port960,2026-04-15,Port Klang,20,0,4,1,13,25,38,63712,0,5551,312,47515,69576,117091,117463,0,1509,222,34329,119195,153525
port960,2026-04-16,Port Klang,19,0,5,1,11,25,36,242843,0,3481,0,70641,246325,316966,72135,0,8597,0,6876,80733,87609
port960,2026-04-17,Port Klang,21,0,5,0,11,26,37,134492,0,11251,0,45328,145744,191073,69406,0,1509,0,10762,70916,81678
port960,2026-04-18,Port Klang,22,2,3,0,8,27,35,144272,64561,2037,0,24539,210871,235410,120847,1883,2507,0,6251,125237,131488
port960,2026-04-19,Port Klang,24,1,1,0,9,26,35,81326,21050,1623,0,30034,104000,134034,161390,0,1133,0,2355,162524,164880
port960,2026-04-20,Port Klang,23,2,4,1,15,30,45,64521,14389,1714,0,50237,80625,130862,154581,28077,16087,3602,8066,202349,210416
port960,2026-04-21,Port Klang,17,0,1,1,6,19,25,96870,0,1947,3066,13974,101885,115859,79187,0,0,0,7029,79187,86217
port960,2026-04-22,Port Klang,22,3,2,0,7,27,34,146203,52440,3246,0,27240,201889,229130,117114,3624,2267,0,3632,123006,126639
port960,2026-04-23,Port Klang,23,1,4,1,5,29,34,90159,44028,5450,1310,20455,140949,161404,113026,0,1702,0,2503,114729,117233
port960,2026-04-24,Port Klang,18,1,1,1,10,21,31,87476,7724,0,0,31074,95201,126276,78118,0,6482,0,44381,84600,128981
port960,2026-04-25,Port Klang,23,2,2,0,9,27,36,76352,13291,3295,0,19832,92939,112772,108552,20591,0,0,23533,129144,152677
port960,2026-04-26,Port Klang,23,1,2,0,5,26,31,121428,0,0,0,15980,121428,137408,129422,0,12472,0,3272,141894,145167
port960,2026-04-27,Port Klang,21,1,2,0,13,24,37,75114,28343,4769,0,23281,108227,131509,114885,0,376,0,15884,115261,131145
port960,2026-04-28,Port Klang,18,4,3,1,11,26,37,120511,60645,310,0,23616,181467,205084,75898,3624,5725,3602,24734,88850,113585
port960,2026-04-29,Port Klang,21,3,5,1,11,30,41,44258,8895,4703,312,23359,58170,81529,104376,0,9793,222,7423,114392,121816
port960,2026-04-30,Port Klang,21,2,2,2,9,27,36,79621,25845,0,1513,45392,106981,152373,55020,0,7367,0,42271,62387,104658
port960,2026-05-01,Port Klang,22,0,3,1,8,26,34,155539,0,4935,0,26712,160474,187187,93249,0,1133,1445,14001,95829,109830
port960,2026-05-02,Port Klang,21,2,4,0,7,27,34,49556,48414,927,0,34057,98898,132956,107106,0,1136,0,3944,108242,112187
port960,2026-05-03,Port Klang,20,2,3,0,4,25,29,95766,0,22152,0,3104,117919,121023,165852,0,9582,0,4718,175435,180153
port960,2026-05-04,Port Klang,24,1,0,0,10,25,35,54511,41909,0,0,59055,96421,155477,92197,0,0,0,5956,92197,98154
port960,2026-05-05,Port Klang,22,1,3,1,6,27,33,125944,14431,4880,0,17084,145257,162341,96005,0,2267,0,19706,98273,117980
port960,2026-05-06,Port Klang,18,0,0,2,9,20,29,145057,0,0,595,29845,145653,175498,42954,0,0,0,1510,42954,44464
port960,2026-05-07,Port Klang,24,0,2,2,11,28,39,170552,0,6922,312,35469,177787,213257,105519,0,0,222,11120,105742,116862
port960,2026-05-08,Port Klang,17,0,3,1,3,21,24,38254,0,1714,2809,13316,42778,56095,135140,0,1968,0,3680,137108,140789
port960,2026-05-09,Port Klang,22,1,1,0,8,24,32,146179,20089,0,0,32586,166269,198856,144518,0,8172,0,8442,152690,161132
port960,2026-05-10,Port Klang,20,1,3,0,9,24,33,113502,15084,4791,0,23032,133378,156411,132853,3624,376,0,59784,136854,196639
port960,2026-05-11,Port Klang,27,0,1,0,11,28,39,128398,0,90,0,34255,128489,162745,146280,0,376,0,27436,146656,174092
port960,2026-05-12,Port Klang,19,6,1,1,8,27,35,55372,83567,1637,0,7139,140577,147717,144466,8432,1837,2221,10483,156959,167442
port960,2026-05-13,Port Klang,22,2,3,1,8,28,36,58688,21800,90,0,23043,80580,103623,171854,3624,583,0,16860,176062,192922
port960,2026-05-14,Port Klang,16,2,5,1,7,24,31,59067,78077,4525,0,40012,141670,181682,51640,0,5326,0,29325,56966,86292
port960,2026-05-15,Port Klang,23,2,3,1,5,29,34,249819,4559,0,312,11630,254690,266321,64711,10149,4204,222,15837,79288,95126
port960,2026-05-16,Port Klang,22,0,2,0,8,24,32,81089,0,3034,0,15483,84123,99607,140482,0,1133,0,9758,141616,151374
port960,2026-05-17,Port Klang,13,1,5,1,10,20,30,65221,15084,10392,1119,16251,91817,108068,109548,3624,10393,111,13536,123676,137213
port960,2026-05-18,Port Klang,22,1,0,1,10,24,34,113323,15084,0,312,30250,128721,158972,82758,3624,0,222,16651,86605,103257
port960,2026-05-19,Port Klang,20,0,1,1,12,22,34,136163,0,0,0,22245,136163,158409,104055,0,829,0,15346,104885,120232
port960,2026-05-20,Port Klang,17,1,3,0,5,21,26,52939,10140,4903,0,12214,67983,80198,86064,0,4983,0,14363,91047,105411
port960,2026-05-21,Port Klang,20,1,6,2,4,29,33,157430,19143,6299,0,13469,182874,196343,63285,0,752,3141,11653,67179,78833
port960,2026-05-22,Port Klang,20,1,3,3,8,27,35,73837,17408,9174,3829,15628,104249,119877,55365,0,8727,222,5499,64315,69815
port960,2026-05-23,Port Klang,17,4,5,0,9,26,35,113152,51711,2788,0,30787,167652,198439,77102,3624,2991,0,40311,83718,124029
port960,2026-05-24,Port Klang,24,1,3,0,8,28,36,51504,15084,1714,0,25168,68303,93472,206196,3624,1885,0,10359,211706,222065
port960,2026-05-25,Port Klang,25,3,1,0,12,29,41,138788,59418,5458,0,75936,203665,279601,116163,3939,0,0,11653,120103,131756
port960,2026-05-26,Port Klang,18,2,3,0,8,23,31,61046,12226,3246,0,25904,76518,102422,117594,0,2578,0,46859,120173,167032
port960,2026-05-27,Port Klang,21,0,1,1,5,23,28,128234,0,1623,0,22392,129857,152250,114586,0,1133,0,2276,115720,117996
port960,2026-05-28,Port Klang,15,1,4,2,9,22,31,75058,15084,11904,312,24368,102360,126729,53170,3624,10720,222,23104,67738,90842
port960,2026-05-29,Port Klang,25,3,2,1,10,31,41,118117,30169,181,0,22583,148468,171051,102036,7249,752,0,7491,110037,117528
