portid,date,portname,n_container,n_dry_bulk,n_general_cargo,n_roro,n_tanker,n_cargo,n_total,capacity_container,capacity_dry_bulk,capacity_general_cargo,capacity_roro,capacity_tanker,capacity_cargo,capacity_total
chokepoint1,2025-12-23,Suez Canal,11,10,7,2,9,30,39,558372,566449,17810,2387,357292,1145018,1502310
chokepoint1,2025-12-24,Suez Canal,4,15,2,1,14,22,36,46734,970812,8383,4475,676243,1030406,1706650
chokepoint1,2025-12-25,Suez Canal,16,7,3,2,18,28,46,307998,307626,17437,0,1037524,633063,1670587
chokepoint1,2025-12-26,Suez Canal,9,11,4,0,10,24,34,133148,429649,14180,0,436437,576978,1013415
chokepoint1,2025-12-27,Suez Canal,9,8,3,1,12,21,33,158338,469578,4073,3301,858833,635292,1494125
chokepoint1,2025-12-28,Suez Canal,10,8,3,0,12,21,33,222310,409793,6351,0,749887,638455,1388342
chokepoint1,2025-12-29,Suez Canal,9,6,2,0,15,17,32,351568,375030,37565,0,697899,764163,1462063
chokepoint1,2025-12-30,Suez Canal,6,18,4,2,8,30,38,60610,851105,14765,4133,352810,930614,1283425
chokepoint1,2025-12-31,Suez Canal,10,7,4,0,14,21,35,286727,377073,40847,0,397235,704648,1101883
chokepoint1,2026-01-01,Suez Canal,6,7,2,0,10,15,25,243238,380452,1985,0,875050,625676,1500726
chokepoint1,2026-01-02,Suez Canal,7,10,3,0,8,20,28,261966,379902,5374,0,357995,647243,1005239
chokepoint1,2026-01-03,Suez Canal,9,6,3,0,19,18,37,211922,210911,24503,0,882736,447337,1330074
chokepoint1,2026-01-04,Suez Canal,9,10,6,2,15,27,42,190941,600965,55231,0,668147,847137,1515285
chokepoint1,2026-01-05,Suez Canal,10,12,4,2,14,28,42,171700,726043,31062,0,457612,928805,1386418
chokepoint1,2026-01-06,Suez Canal,9,11,5,0,14,25,39,319887,437510,20459,0,645673,777857,1423530
chokepoint1,2026-01-07,Suez Canal,7,6,3,3,9,19,28,102372,247882,5663,2201,302430,358120,660550
chokepoint1,2026-01-08,Suez Canal,9,14,6,1,10,30,40,305329,557730,36812,8185,524923,908057,1432981
chokepoint1,2026-01-09,Suez Canal,10,12,5,1,10,28,38,257176,681061,17815,3525,520976,959579,1480555
chokepoint1,2026-01-10,Suez Canal,10,11,1,1,10,23,33,82183,464454,0,4471,774787,551109,1325897
chokepoint1,2026-01-11,Suez Canal,11,6,7,0,11,24,35,204610,256373,41222,0,447105,502206,949312
chokepoint1,2026-01-12,Suez Canal,5,12,3,0,15,20,35,86507,441563,3391,0,473113,531462,1004575
chokepoint1,2026-01-13,Suez Canal,3,7,2,2,15,14,29,46385,497528,1592,7441,969126,552947,1522074
chokepoint1,2026-01-14,Suez Canal,8,6,3,1,7,18,25,206025,310161,6718,4229,305663,527135,832798
chokepoint1,2026-01-15,Suez Canal,11,10,7,0,9,28,37,263495,496861,59249,0,396974,819606,1216580
chokepoint1,2026-01-16,Suez Canal,12,9,7,2,20,30,50,173468,282603,41291,671,511133,498034,1009167
chokepoint1,2026-01-17,Suez Canal,13,11,8,0,17,32,49,250975,379999,43301,0,793711,674277,1467988
chokepoint1,2026-01-18,Suez Canal,12,10,3,0,20,25,45,241267,402415,17296,0,1118633,660979,1779612
chokepoint1,2026-01-19,Suez Canal,12,6,9,0,12,27,39,390049,219182,57720,0,420878,666952,1087831
chokepoint1,2026-01-20,Suez Canal,8,8,4,0,19,20,39,324273,314597,31743,0,620665,670613,1291279
chokepoint1,2026-01-21,Suez Canal,4,11,5,0,6,20,26,21845,491831,18158,0,328021,531835,859857
chokepoint1,2026-01-22,Suez Canal,8,7,9,1,18,25,43,137965,418724,28845,671,829435,586206,1415642
chokepoint1,2026-01-23,Suez Canal,11,11,4,1,9,27,36,276430,593260,38966,3793,279150,912450,1191601
chokepoint1,2026-01-24,Suez Canal,5,7,4,0,20,16,36,42568,352163,9992,0,549220,404725,953945
chokepoint1,2026-01-25,Suez Canal,12,7,7,3,14,29,43,157643,397722,34944,2230,863072,592540,1455612
chokepoint1,2026-01-26,Suez Canal,9,10,4,3,17,26,43,463245,333497,7820,12750,840182,817314,1657496
chokepoint1,2026-01-27,Suez Canal,8,13,9,1,17,31,48,176025,683152,50629,1554,825137,911362,1736499
chokepoint1,2026-01-28,Suez Canal,9,8,2,0,16,19,35,138207,232289,6821,0,840435,377318,1217754
chokepoint1,2026-01-29,Suez Canal,9,15,5,1,12,30,42,170089,776011,55091,0,633310,1001193,1634504
chokepoint1,2026-01-30,Suez Canal,12,10,5,0,14,27,41,212033,413151,4141,0,881937,629326,1511263
chokepoint1,2026-01-31,Suez Canal,10,12,4,0,14,26,40,127177,612673,35705,0,677915,775556,1453472
chokepoint1,2026-02-01,Suez Canal,9,7,8,0,13,24,37,175029,255355,40664,0,296621,471049,767670
chokepoint1,2026-02-02,Suez Canal,5,10,7,1,14,23,37,131150,631947,29128,0,795317,792226,1587544
chokepoint1,2026-02-03,Suez Canal,6,10,3,0,9,19,28,238116,429354,23381,0,176196,690853,867049
chokepoint1,2026-02-04,Suez Canal,9,8,1,1,15,19,34,274030,193364,325,4752,796346,472472,1268819
chokepoint1,2026-02-05,Suez Canal,9,7,6,0,14,22,36,263865,288349,13529,0,899497,565744,1465242
chokepoint1,2026-02-06,Suez Canal,12,11,4,0,16,27,43,184805,420029,7864,0,824039,612699,1436738
chokepoint1,2026-02-07,Suez Canal,7,10,4,2,22,23,45,78317,523403,24114,11189,888504,637024,1525529
chokepoint1,2026-02-08,Suez Canal,13,11,6,0,17,30,47,246562,350615,32193,0,835594,629371,1464965
chokepoint1,2026-02-09,Suez Canal,9,12,6,0,13,27,40,525300,586735,27338,0,661793,1139374,1801167
chokepoint1,2026-02-10,Suez Canal,6,12,3,0,14,21,35,253407,725390,11852,0,365698,990650,1356348
chokepoint1,2026-02-11,Suez Canal,7,13,10,0,14,30,44,144896,532637,43974,0,634080,721508,1355588
chokepoint1,2026-02-12,Suez Canal,9,15,5,0,15,29,44,220056,507520,7176,0,745747,734753,1480500
chokepoint1,2026-02-13,Suez Canal,7,8,5,1,19,21,40,108142,297769,12574,0,962254,418486,1380741
chokepoint1,2026-02-14,Suez Canal,8,9,3,3,19,23,42,111976,244452,18746,5506,963985,380681,1344667
chokepoint1,2026-02-15,Suez Canal,10,7,4,1,13,22,35,114202,259524,23880,0,666447,397607,1064054
chokepoint1,2026-02-16,Suez Canal,14,8,7,0,20,29,49,380109,362694,72750,0,808602,815554,1624157
chokepoint1,2026-02-17,Suez Canal,6,14,4,1,15,25,40,237935,628333,11117,0,766804,877386,1644191
chokepoint1,2026-02-18,Suez Canal,5,14,3,1,14,23,37,156146,747340,18155,6203,418531,927846,1346377
chokepoint1,2026-02-19,Suez Canal,6,10,2,0,14,18,32,158298,352232,38345,0,739334,548876,1288210
chokepoint1,2026-02-20,Suez Canal,10,5,1,1,15,17,32,232603,330228,1983,0,542937,564816,1107753
chokepoint1,2026-02-21,Suez Canal,7,8,6,1,18,22,40,243711,218491,21949,3301,479491,487454,966945
chokepoint1,2026-02-22,Suez Canal,10,5,7,0,13,22,35,138289,336189,29971,0,346868,504450,851319
chokepoint1,2026-02-23,Suez Canal,8,12,4,2,13,26,39,226699,501403,8703,7135,626749,743942,1370691
chokepoint1,2026-02-24,Suez Canal,8,7,1,3,14,19,33,268987,366911,1704,13442,314344,651046,965390
chokepoint1,2026-02-25,Suez Canal,12,12,2,0,18,26,44,408066,768956,8057,0,713378,1185080,1898458
chokepoint1,2026-02-26,Suez Canal,5,11,5,1,23,22,45,126316,411841,9853,3793,1269116,551804,1820920
chokepoint1,2026-02-27,Suez Canal,13,9,2,1,22,25,47,243977,433854,15381,7071,996493,700285,1696778
chokepoint1,2026-02-28,Suez Canal,8,10,2,0,14,20,34,225755,397183,20056,0,596205,642995,1239200
chokepoint1,2026-03-01,Suez Canal,10,8,3,0,13,21,34,142437,529869,3036,0,247342,675343,922685
chokepoint1,2026-03-02,Suez Canal,10,11,7,1,8,29,37,166087,666734,15676,6258,335845,854757,1190603
chokepoint1,2026-03-03,Suez Canal,11,10,4,0,25,25,50,381101,353176,19661,0,1634066,753939,2388005
chokepoint1,2026-03-04,Suez Canal,14,9,1,1,17,25,42,383185,409108,0,7267,766252,799562,1565815
chokepoint1,2026-03-05,Suez Canal,6,11,2,0,18,19,37,83037,349171,5222,0,872499,437431,1309930
chokepoint1,2026-03-06,Suez Canal,6,5,7,0,16,18,34,198166,838916,33009,0,665814,1070093,1735907
chokepoint1,2026-03-07,Suez Canal,12,12,2,1,22,27,49,211255,489564,36824,0,870474,737644,1608118
chokepoint1,2026-03-08,Suez Canal,7,10,4,3,11,24,35,138601,397485,17113,15807,737659,569007,1306667
chokepoint1,2026-03-09,Suez Canal,8,8,9,0,13,25,38,158787,320225,44578,0,707464,523590,1231055
chokepoint1,2026-03-10,Suez Canal,11,11,6,0,8,28,36,261899,379888,33319,0,334424,675107,1009532
chokepoint1,2026-03-11,Suez Canal,6,15,4,1,24,26,50,81106,616961,44187,7071,672696,749327,1422024
chokepoint1,2026-03-12,Suez Canal,15,6,4,1,9,26,35,366995,242307,3786,3406,286817,616497,903314
chokepoint1,2026-03-13,Suez Canal,8,10,5,1,13,24,37,141276,364751,43815,2859,595681,552702,1148383
chokepoint1,2026-03-14,Suez Canal,1,6,3,0,12,10,22,20717,504757,21698,0,605533,547172,1152706
chokepoint1,2026-03-15,Suez Canal,13,13,3,1,17,30,47,255405,579297,2478,0,783527,837181,1620709
chokepoint1,2026-03-16,Suez Canal,7,7,5,3,9,22,31,268801,444089,5809,0,218649,718700,937350
chokepoint1,2026-03-17,Suez Canal,9,11,7,1,10,28,38,130832,511171,10858,0,201883,652862,854745
chokepoint1,2026-03-18,Suez Canal,8,6,5,2,22,21,43,203250,304489,30359,13102,1190526,551203,1741729
chokepoint1,2026-03-19,Suez Canal,11,11,4,1,14,27,41,218816,647344,42201,3311,648249,911674,1559924
chokepoint1,2026-03-20,Suez Canal,4,9,2,0,10,15,25,54372,485601,28513,0,575772,568487,1144260
chokepoint1,2026-03-21,Suez Canal,6,6,5,0,18,17,35,225271,161808,27953,0,384144,415033,799177
chokepoint1,2026-03-22,Suez Canal,8,14,4,0,21,26,47,174370,797121,14349,0,430464,985840,1416305
chokepoint1,2026-03-23,Suez Canal,10,7,2,1,15,20,35,244184,382924,12330,2552,231863,641991,873854
chokepoint1,2026-03-24,Suez Canal,7,16,2,0,14,25,39,255086,845318,3810,0,663734,1104215,1767949
chokepoint1,2026-03-25,Suez Canal,15,7,8,0,16,30,46,244001,409211,48501,0,375324,701714,1077039
chokepoint1,2026-03-26,Suez Canal,7,9,4,1,12,21,33,147773,423710,10326,0,757984,581809,1339794
chokepoint1,2026-03-27,Suez Canal,14,8,5,1,9,28,37,282626,376628,14252,0,240278,673507,913785
chokepoint1,2026-03-28,Suez Canal,7,12,3,2,14,24,38,256734,489120,7821,0,657037,753677,1410714
chokepoint1,2026-03-29,Suez Canal,6,8,1,2,17,17,34,39119,1078287,35986,12640,685039,1166034,1851073
chokepoint1,2026-03-30,Suez Canal,7,13,2,1,11,23,34,182671,657831,8736,6492,569947,855731,1425678
chokepoint1,2026-03-31,Suez Canal,8,10,4,0,19,22,41,307274,448404,66717,0,935456,822395,1757851
chokepoint1,2026-04-01,Suez Canal,4,18,5,1,20,28,48,83919,881257,26513,0,678406,991690,1670097
chokepoint1,2026-04-02,Suez Canal,6,14,2,1,19,23,42,110759,681522,10833,0,853387,803115,1656502
chokepoint1,2026-04-03,Suez Canal,9,8,1,0,11,18,29,366060,299813,2113,0,683164,667986,1351151
chokepoint1,2026-04-04,Suez Canal,12,9,6,0,23,27,50,175617,333804,57862,0,346367,567284,913652
chokepoint1,2026-04-05,Suez Canal,5,17,2,2,19,26,45,86407,987841,5831,8790,560905,1088870,1649775
chokepoint1,2026-04-06,Suez Canal,7,8,4,0,14,19,33,176704,324856,15755,0,408930,517316,926246
chokepoint1,2026-04-07,Suez Canal,8,9,2,1,17,20,37,223576,439377,4586,1377,789483,668918,1458401
chokepoint1,2026-04-08,Suez Canal,8,10,4,4,14,26,40,166229,457421,8305,20776,612849,652732,1265582
chokepoint1,2026-04-09,Suez Canal,6,8,4,0,13,18,31,113634,530508,22908,0,639104,667051,1306155
chokepoint1,2026-04-10,Suez Canal,10,9,4,2,18,25,43,248140,626404,24326,0,611758,898871,1510629
chokepoint1,2026-04-11,Suez Canal,5,11,4,0,25,20,45,38914,536492,38494,0,364009,613901,977911
chokepoint1,2026-04-12,Suez Canal,7,11,6,2,15,26,41,253984,578588,33079,4501,457081,870154,1327236
chokepoint1,2026-04-13,Suez Canal,8,10,4,1,15,23,38,175818,658751,24020,0,486242,858590,1344832
chokepoint1,2026-04-14,Suez Canal,8,9,4,2,11,23,34,97166,404651,30133,13603,548052,545554,1093607
chokepoint1,2026-04-15,Suez Canal,5,5,6,0,23,16,39,124717,408852,51307,0,737761,584877,1322639
chokepoint1,2026-04-16,Suez Canal,6,7,7,4,12,24,36,179031,143590,23147,3363,441738,349133,790872
chokepoint1,2026-04-17,Suez Canal,9,8,5,0,12,22,34,184192,425051,19347,0,477190,628591,1105781
chokepoint1,2026-04-18,Suez Canal,8,10,5,0,8,23,31,158738,361054,40663,0,259349,560456,819805
chokepoint1,2026-04-19,Suez Canal,10,7,6,1,17,24,41,190338,326846,35964,0,663521,553149,1216670
chokepoint1,2026-04-20,Suez Canal,8,12,7,2,14,29,43,347817,909986,86969,11114,701153,1355887,2057040
chokepoint1,2026-04-21,Suez Canal,12,11,1,2,20,26,46,263439,478191,20834,4733,440463,767200,1207663
chokepoint1,2026-04-22,Suez Canal,4,15,1,5,25,25,50,58436,851033,729,18467,924361,928666,1853028
chokepoint1,2026-04-23,Suez Canal,10,15,2,1,16,28,44,393729,823726,40590,3517,747956,1261563,2009520
chokepoint1,2026-04-24,Suez Canal,5,9,2,0,11,16,27,33595,552256,18357,0,275889,604208,880098
chokepoint1,2026-04-25,Suez Canal,10,13,5,0,14,28,42,121241,653885,23056,0,606080,798183,1404264
chokepoint1,2026-04-26,Suez Canal,11,14,4,0,10,29,39,225338,519401,37300,0,376926,782040,1158967
chokepoint1,2026-04-27,Suez Canal,8,13,1,1,8,23,31,297410,403211,746,6528,551186,707897,1259083
chokepoint1,2026-04-28,Suez Canal,10,6,4,0,16,20,36,299611,253487,61390,0,721965,614488,1336454
chokepoint1,2026-04-29,Suez Canal,11,7,4,4,15,26,41,408278,373557,17458,21062,767285,820356,1587641
chokepoint1,2026-04-30,Suez Canal,9,10,4,1,22,24,46,307859,598819,14501,0,832230,921181,1753412
chokepoint1,2026-05-01,Suez Canal,8,11,3,4,12,26,38,270671,729219,18936,4500,642944,1023328,1666273
chokepoint1,2026-05-02,Suez Canal,11,5,3,0,4,19,23,117084,387563,35569,0,15169,540217,555387
chokepoint1,2026-05-03,Suez Canal,2,9,2,2,15,15,30,77903,554586,559,0,536090,633049,1169139
chokepoint1,2026-05-04,Suez Canal,7,9,2,1,13,19,32,374023,414629,32628,3341,615682,824622,1440305
chokepoint1,2026-05-05,Suez Canal,8,10,3,0,13,21,34,275389,447303,27634,0,459673,750327,1210001
chokepoint1,2026-05-06,Suez Canal,6,9,2,2,18,19,37,118629,605888,1876,1405,513069,727800,1240869
chokepoint1,2026-05-07,Suez Canal,9,17,2,0,16,28,44,188411,784593,2634,0,510711,975639,1486351
chokepoint1,2026-05-08,Suez Canal,9,9,1,4,18,23,41,219485,606630,1371,0,1022915,827488,1850403
chokepoint1,2026-05-09,Suez Canal,8,11,4,1,18,24,42,170009,640522,33502,0,690702,844034,1534736
chokepoint1,2026-05-10,Suez Canal,6,8,0,1,11,15,26,123817,326602,0,0,520550,450419,970969
chokepoint1,2026-05-11,Suez Canal,15,10,2,0,20,27,47,446706,384531,3072,0,662311,834310,1496621
chokepoint1,2026-05-12,Suez Canal,7,9,3,2,16,21,37,504989,365890,27883,11966,728673,910730,1639403
chokepoint1,2026-05-13,Suez Canal,3,11,2,0,13,16,29,62620,392479,13430,0,627241,468531,1095772
chokepoint1,2026-05-14,Suez Canal,5,8,2,2,17,17,34,133779,231807,26722,6928,491122,399238,890360
chokepoint1,2026-05-15,Suez Canal,7,13,4,1,14,25,39,179606,511678,31112,6258,675120,728655,1403775
chokepoint1,2026-05-16,Suez Canal,10,14,0,2,13,26,39,246952,658897,0,0,711813,905849,1617663
chokepoint1,2026-05-17,Suez Canal,11,6,5,2,7,24,31,317011,406509,10808,0,354559,734329,1088889
chokepoint1,2026-05-18,Suez Canal,5,9,3,1,16,18,34,178636,532122,11688,5631,577473,728078,1305552
chokepoint1,2026-05-19,Suez Canal,6,14,3,0,17,23,40,131752,711700,20520,0,672178,863974,1536152
chokepoint1,2026-05-20,Suez Canal,9,14,5,0,11,28,39,208672,732532,48890,0,602782,990094,1592877
chokepoint1,2026-05-21,Suez Canal,7,10,3,2,13,22,35,179720,594983,19046,4660,879421,798411,1677833
chokepoint1,2026-05-22,Suez Canal,7,8,2,0,20,17,37,241609,452567,0,0,1029575,694176,1723751
chokepoint1,2026-05-23,Suez Canal,7,13,7,2,12,29,41,206246,443138,43401,5871,580819,698659,1279478
chokepoint1,2026-05-24,Suez Canal,8,11,3,2,9,24,33,143981,501296,20607,7419,221299,673304,894604
chokepoint1,2026-05-25,Suez Canal,11,9,4,1,21,25,46,475305,581183,21456,2486,861943,1080432,1942376
chokepoint1,2026-05-26,Suez Canal,10,12,2,1,12,25,37,330764,933595,16889,3311,797827,1284561,2082389
chokepoint1,2026-05-27,Suez Canal,7,9,1,0,10,17,27,197922,362060,3905,0,333868,563887,897756
chokepoint1,2026-05-28,Suez Canal,5,16,6,1,15,28,43,100839,749261,28311,0,746169,878412,1624581
chokepoint1,2026-05-29,Suez Canal,12,14,3,0,12,29,41,287109,582528,18528,0,560290,888166,1448456
chokepoint1,2026-05-30,Suez Canal,6,9,4,2,19,21,40,212566,382515,49740,2748,579645,647571,1227217
chokepoint1,2026-05-31,Suez Canal,9,8,2,1,9,20,29,248154,343799,32028,0,438288,623982,1062270
chokepoint10,2025-12-23,Oresund Strait,5,6,30,2,7,43,50,6952,0,32995,1267,11883,41215,53098
chokepoint10,2025-12-24,Oresund Strait,9,13,24,0,13,46,59,15757,129723,36110,0,40007,181591,221598
chokepoint10,2025-12-25,Oresund Strait,6,9,28,3,10,46,56,5588,118584,48958,4710,2821,177843,180664
chokepoint10,2025-12-26,Oresund Strait,4,6,18,2,10,30,40,8968,7381,42613,0,29698,58963,88661
chokepoint10,2025-12-27,Oresund Strait,1,1,9,3,18,14,32,404,121024,16249,0,21132,137677,158809
chokepoint10,2025-12-28,Oresund Strait,3,5,17,1,7,26,33,6671,7275,29149,0,23132,43096,66228
chokepoint10,2025-12-29,Oresund Strait,1,3,7,3,7,14,21,1289,3808,10458,0,7260,15557,22817
chokepoint10,2025-12-30,Oresund Strait,1,6,16,0,8,23,31,404,0,28022,0,11160,28426,39587
chokepoint10,2025-12-31,Oresund Strait,8,9,20,2,11,39,50,14257,72228,29250,0,45703,115736,161440
chokepoint10,2026-01-01,Oresund Strait,6,2,23,2,12,33,45,14902,0,48204,5776,38390,68883,107274
chokepoint10,2026-01-02,Oresund Strait,0,5,13,2,8,20,28,0,4360,13230,1239,15886,18830,34717
chokepoint10,2026-01-03,Oresund Strait,1,5,13,2,5,21,26,3544,9993,14930,1924,3846,30392,34239
chokepoint10,2026-01-04,Oresund Strait,6,4,15,5,9,30,39,11689,9402,28328,5772,10576,55193,65770
chokepoint10,2026-01-05,Oresund Strait,7,10,19,2,11,38,49,11164,177197,32793,542,30403,221697,252100
chokepoint10,2026-01-06,Oresund Strait,6,6,20,3,10,35,45,5841,55458,32203,2000,50562,95504,146066
chokepoint10,2026-01-07,Oresund Strait,8,9,12,2,13,31,44,8706,30562,23840,0,16825,63109,79934
chokepoint10,2026-01-08,Oresund Strait,5,6,16,5,12,32,44,4132,7275,22026,3813,31274,37249,68523
chokepoint10,2026-01-09,Oresund Strait,7,7,20,4,11,38,49,9742,31907,35012,1074,14078,77737,91816
chokepoint10,2026-01-10,Oresund Strait,5,6,19,4,10,34,44,4224,0,22415,4958,23785,31598,55383
chokepoint10,2026-01-11,Oresund Strait,4,5,26,2,7,37,44,5883,8180,52539,0,15209,66603,81813
chokepoint10,2026-01-12,Oresund Strait,3,5,22,3,16,33,49,7805,0,25941,3340,30788,37088,67877
chokepoint10,2026-01-13,Oresund Strait,6,7,18,1,10,32,42,15678,42888,30648,1901,10985,91116,102101
chokepoint10,2026-01-14,Oresund Strait,3,9,18,3,15,33,48,7806,47764,23271,0,64259,78841,143100
chokepoint10,2026-01-15,Oresund Strait,6,11,20,0,12,37,49,5752,111483,37983,0,30389,155219,185608
chokepoint10,2026-01-16,Oresund Strait,6,9,20,4,7,39,46,13643,11220,48418,730,15890,74012,89903
chokepoint10,2026-01-17,Oresund Strait,8,10,24,5,12,47,59,16157,23618,30875,4823,19728,75475,95204
chokepoint10,2026-01-18,Oresund Strait,3,7,23,2,10,35,45,2912,38660,41506,0,21229,83078,104307
chokepoint10,2026-01-19,Oresund Strait,1,10,19,3,8,33,41,5024,7877,33874,0,11768,46776,58545
chokepoint10,2026-01-20,Oresund Strait,8,4,24,2,13,38,51,10107,80770,34666,1254,43819,126799,170618
chokepoint10,2026-01-21,Oresund Strait,4,4,16,1,11,25,36,7705,5867,28958,826,12454,43357,55811
chokepoint10,2026-01-22,Oresund Strait,3,4,16,1,12,24,36,5110,213199,24956,542,43495,243808,287304
chokepoint10,2026-01-23,Oresund Strait,7,4,21,2,11,34,45,18344,21874,38910,1697,15063,80826,95889
chokepoint10,2026-01-24,Oresund Strait,8,7,22,4,9,41,50,13480,168244,41169,4384,28243,227278,255521
chokepoint10,2026-01-25,Oresund Strait,6,6,23,2,11,37,48,14759,0,50848,506,24065,66114,90180
chokepoint10,2026-01-26,Oresund Strait,1,7,16,4,10,28,38,1947,36205,28304,0,22347,66457,88805
chokepoint10,2026-01-27,Oresund Strait,4,2,16,0,7,22,29,4263,0,19514,0,7841,23778,31619
chokepoint10,2026-01-28,Oresund Strait,5,2,16,2,7,25,32,8935,19552,25433,2883,16521,56804,73325
chokepoint10,2026-01-29,Oresund Strait,7,5,13,0,7,25,32,14734,0,22424,0,14887,37158,52046
chokepoint10,2026-01-30,Oresund Strait,3,3,17,2,9,25,34,6641,6604,31415,0,17330,44661,61992
chokepoint10,2026-01-31,Oresund Strait,3,4,15,2,8,24,32,10844,4086,14803,2392,0,32127,32127
chokepoint10,2026-02-01,Oresund Strait,3,6,22,1,9,32,41,7887,35883,46992,0,17737,90763,108500
chokepoint10,2026-02-02,Oresund Strait,8,10,15,2,13,35,48,18489,110985,32841,3062,25479,165378,190858
chokepoint10,2026-02-03,Oresund Strait,5,3,16,2,7,26,33,5903,0,23995,1462,9953,31361,41315
chokepoint10,2026-02-04,Oresund Strait,6,4,13,2,10,25,35,10271,5773,14659,2910,34515,33614,68130
chokepoint10,2026-02-05,Oresund Strait,6,3,11,0,7,20,27,12417,0,21766,0,2931,34184,37115
chokepoint10,2026-02-06,Oresund Strait,8,8,8,1,13,25,38,18531,24689,20871,0,15062,64092,79155
chokepoint10,2026-02-07,Oresund Strait,5,8,20,3,15,36,51,15492,2604,35346,0,59549,53442,112992
chokepoint10,2026-02-08,Oresund Strait,5,5,12,2,8,24,32,14374,0,23264,3718,15700,41357,57057
chokepoint10,2026-02-09,Oresund Strait,4,1,10,1,9,16,25,7869,0,14089,0,6618,21959,28577
chokepoint10,2026-02-10,Oresund Strait,1,8,23,1,8,33,41,671,35380,31513,0,9800,67564,77365
chokepoint10,2026-02-11,Oresund Strait,14,4,23,2,15,43,58,20018,0,40751,1239,26454,62009,88464
chokepoint10,2026-02-12,Oresund Strait,4,6,9,2,11,21,32,7620,40558,20360,3775,19094,72315,91410
chokepoint10,2026-02-13,Oresund Strait,4,5,21,1,10,31,41,11682,0,32463,0,116878,44145,161024
chokepoint10,2026-02-14,Oresund Strait,3,7,17,5,9,32,41,9478,53641,33364,6122,15705,102607,118312
chokepoint10,2026-02-15,Oresund Strait,3,6,20,0,12,29,41,8939,59800,36464,0,16241,105204,121445
chokepoint10,2026-02-16,Oresund Strait,1,2,16,3,6,22,28,1773,6569,31181,730,53098,40254,93353
chokepoint10,2026-02-17,Oresund Strait,6,8,19,2,16,35,51,11184,3100,23136,3458,9984,40879,50863
chokepoint10,2026-02-18,Oresund Strait,6,9,14,1,13,30,43,14554,38978,21680,746,33179,75960,109140
chokepoint10,2026-02-19,Oresund Strait,7,3,26,3,9,39,48,11930,0,48390,6821,28569,67142,95712
chokepoint10,2026-02-20,Oresund Strait,9,8,16,3,6,36,42,18710,39040,29506,0,91349,87258,178608
chokepoint10,2026-02-21,Oresund Strait,7,9,19,2,9,37,46,10879,18775,24535,0,23015,54191,77207
chokepoint10,2026-02-22,Oresund Strait,3,9,14,2,11,28,39,9449,46169,15556,0,28573,71175,99748
chokepoint10,2026-02-23,Oresund Strait,4,2,15,1,11,22,33,8015,0,39325,0,14134,47340,61475
chokepoint10,2026-02-24,Oresund Strait,5,8,11,2,15,26,41,10152,48967,21227,3251,47691,83600,131291
chokepoint10,2026-02-25,Oresund Strait,5,4,16,2,11,27,38,7580,2421,33022,0,17920,43024,60945
chokepoint10,2026-02-26,Oresund Strait,2,5,27,1,11,35,46,9835,2085,51806,3800,16190,67529,83719
chokepoint10,2026-02-27,Oresund Strait,4,7,15,1,14,27,41,8677,42566,24980,0,39663,76224,115888
chokepoint10,2026-02-28,Oresund Strait,10,2,19,4,9,35,44,19556,4727,29295,3718,26303,57297,83601
chokepoint10,2026-03-01,Oresund Strait,12,5,15,2,11,34,45,32083,4086,27350,5727,9336,69248,78584
chokepoint10,2026-03-02,Oresund Strait,3,5,17,3,6,28,34,10823,15006,23084,0,117349,48915,166264
chokepoint10,2026-03-03,Oresund Strait,4,5,22,5,20,36,56,4620,0,31664,7099,43609,43384,86994
chokepoint10,2026-03-04,Oresund Strait,6,5,20,1,12,32,44,10424,0,29212,1239,54607,40876,95483
chokepoint10,2026-03-05,Oresund Strait,4,6,18,3,13,31,44,8138,0,37774,5776,34761,51689,86451
chokepoint10,2026-03-06,Oresund Strait,7,3,17,4,11,31,42,12508,0,30209,679,13480,43397,56877
chokepoint10,2026-03-07,Oresund Strait,4,5,21,3,9,33,42,8080,7275,42340,5042,54102,62738,116840
chokepoint10,2026-03-08,Oresund Strait,5,3,14,1,16,23,39,14287,0,20235,3704,27120,38226,65347
chokepoint10,2026-03-09,Oresund Strait,3,3,12,2,5,20,25,6048,0,12472,1343,4336,19865,24201
chokepoint10,2026-03-10,Oresund Strait,6,4,24,1,12,35,47,6679,8651,25558,2180,69107,43069,112176
chokepoint10,2026-03-11,Oresund Strait,6,6,17,1,5,30,35,20915,8671,29635,0,6874,59222,66097
chokepoint10,2026-03-12,Oresund Strait,4,3,21,2,11,30,41,3293,0,33458,2421,29244,39174,68418
chokepoint10,2026-03-13,Oresund Strait,4,5,8,3,11,20,31,7097,27371,12359,34,62884,46863,109747
chokepoint10,2026-03-14,Oresund Strait,5,6,24,4,14,39,53,16712,21632,46596,3704,10845,88645,99490
chokepoint10,2026-03-15,Oresund Strait,6,5,14,2,11,27,38,11357,73715,25841,5411,21678,116324,138003
chokepoint10,2026-03-16,Oresund Strait,7,4,9,3,9,23,32,9660,44588,6455,1410,24800,62115,86916
chokepoint10,2026-03-17,Oresund Strait,5,8,16,3,10,32,42,3642,4086,34798,5388,97736,47916,145652
chokepoint10,2026-03-18,Oresund Strait,6,3,22,0,8,31,39,16472,0,33641,0,7146,50114,57261
chokepoint10,2026-03-19,Oresund Strait,5,7,15,3,10,30,40,18604,3100,23792,730,3407,46227,49635
chokepoint10,2026-03-20,Oresund Strait,8,7,22,2,17,39,56,24329,36793,54501,0,25737,115624,141361
chokepoint10,2026-03-21,Oresund Strait,5,7,24,3,11,39,50,13719,0,36899,5033,26427,55652,82080
chokepoint10,2026-03-22,Oresund Strait,7,7,25,2,10,41,51,15418,0,42791,3727,20415,61937,82352
chokepoint10,2026-03-23,Oresund Strait,4,4,16,5,12,29,41,8061,28252,22037,1033,22145,59384,81529
chokepoint10,2026-03-24,Oresund Strait,3,7,23,2,7,35,42,1624,0,37428,2205,6535,41258,47794
chokepoint10,2026-03-25,Oresund Strait,2,4,16,1,11,23,34,7483,7275,21121,0,68595,35880,104475
chokepoint10,2026-03-26,Oresund Strait,8,3,16,3,13,30,43,17315,6398,27488,0,26897,51202,78100
chokepoint10,2026-03-27,Oresund Strait,1,5,13,1,5,20,25,1595,30493,25456,0,5464,57545,63009
chokepoint10,2026-03-28,Oresund Strait,9,9,16,7,15,41,56,22821,7345,29245,9419,32413,68831,101244
chokepoint10,2026-03-29,Oresund Strait,5,7,12,1,10,25,35,13279,32309,14472,0,17518,60062,77580
chokepoint10,2026-03-30,Oresund Strait,4,7,15,1,17,27,44,6628,101921,23430,0,42082,131980,174062
chokepoint10,2026-03-31,Oresund Strait,5,9,18,2,8,34,42,9034,34086,32755,2103,5630,77979,83609
chokepoint10,2026-04-01,Oresund Strait,5,5,10,3,9,23,32,7487,56409,5306,3116,10760,72319,83080
chokepoint10,2026-04-02,Oresund Strait,11,6,18,2,11,37,48,27273,203904,36285,831,17937,268295,286232
chokepoint10,2026-04-03,Oresund Strait,5,10,23,1,15,39,54,9279,47198,31472,0,39794,87950,127744
chokepoint10,2026-04-04,Oresund Strait,10,7,12,4,12,33,45,31138,0,13336,8026,13579,52501,66080
chokepoint10,2026-04-05,Oresund Strait,5,8,17,2,11,32,43,9778,7275,17215,0,27344,34269,61614
chokepoint10,2026-04-06,Oresund Strait,2,2,13,4,3,21,24,4976,0,21834,3240,5208,30051,35260
chokepoint10,2026-04-07,Oresund Strait,3,8,10,3,14,24,38,2667,2544,17197,3888,29142,26297,55440
chokepoint10,2026-04-08,Oresund Strait,4,7,21,2,4,34,38,1074,76782,28749,0,7165,106605,113770
chokepoint10,2026-04-09,Oresund Strait,2,4,14,0,12,20,32,2169,29062,17160,0,12591,48392,60983
chokepoint10,2026-04-10,Oresund Strait,5,3,11,3,9,22,31,4539,0,19486,0,28293,24026,52320
chokepoint10,2026-04-11,Oresund Strait,4,6,20,2,11,32,43,14130,0,29505,0,13828,43635,57464
chokepoint10,2026-04-12,Oresund Strait,9,5,17,1,11,32,43,16552,7681,36573,1385,33011,62193,95205
chokepoint10,2026-04-13,Oresund Strait,3,7,13,5,5,28,33,11329,5489,18758,5814,3987,41392,45379
chokepoint10,2026-04-14,Oresund Strait,6,5,18,3,7,32,39,12538,60159,28004,2716,49194,103420,152615
chokepoint10,2026-04-15,Oresund Strait,4,13,19,1,11,37,48,6504,12002,31987,730,22993,51225,74218
chokepoint10,2026-04-16,Oresund Strait,4,7,14,1,11,26,37,8298,44754,21443,0,19558,74495,94053
chokepoint10,2026-04-17,Oresund Strait,5,7,9,1,7,22,29,10075,7307,15141,1119,18701,33644,52345
chokepoint10,2026-04-18,Oresund Strait,9,4,22,3,9,38,47,16315,67052,27226,5042,12875,115637,128513
chokepoint10,2026-04-19,Oresund Strait,9,7,17,2,12,35,47,23282,34350,36860,4159,29079,98653,127732
chokepoint10,2026-04-20,Oresund Strait,3,6,17,3,11,29,40,5278,0,30844,2152,26553,38275,64829
chokepoint10,2026-04-21,Oresund Strait,2,6,16,0,5,24,29,3940,295800,30873,0,3050,330614,333664
chokepoint10,2026-04-22,Oresund Strait,2,3,19,3,10,27,37,4697,0,17485,0,16791,22183,38975
chokepoint10,2026-04-23,Oresund Strait,3,6,17,3,10,29,39,4890,8488,20733,2000,29566,36112,65678
chokepoint10,2026-04-24,Oresund Strait,1,6,22,1,13,30,43,1227,6992,45662,1391,66096,55273,121370
chokepoint10,2026-04-25,Oresund Strait,7,6,17,5,8,35,43,13889,138241,29541,10316,12604,191989,204593
chokepoint10,2026-04-26,Oresund Strait,8,5,24,3,7,40,47,32291,4336,43191,3019,14435,82839,97275
chokepoint10,2026-04-27,Oresund Strait,4,4,13,1,12,22,34,7657,3049,28352,1119,18326,40179,58506
chokepoint10,2026-04-28,Oresund Strait,7,7,20,3,16,37,53,12471,4727,28060,4956,24271,50215,74487
chokepoint10,2026-04-29,Oresund Strait,4,7,20,2,9,33,42,17140,33332,28468,3272,12828,82214,95043
chokepoint10,2026-04-30,Oresund Strait,6,7,19,3,11,35,46,9427,33106,28859,3800,30305,75194,105499
chokepoint10,2026-05-01,Oresund Strait,6,7,24,2,9,39,48,12318,8488,46617,0,29938,67424,97362
chokepoint10,2026-05-02,Oresund Strait,4,4,12,3,14,23,37,6227,0,14071,8300,16976,28599,45576
chokepoint10,2026-05-03,Oresund Strait,7,7,21,2,10,37,47,24408,6992,50431,0,25130,81832,106962
chokepoint10,2026-05-04,Oresund Strait,7,5,13,5,10,30,40,15840,4038,23413,3014,22290,46306,68597
chokepoint10,2026-05-05,Oresund Strait,7,7,20,2,7,36,43,8198,15977,32903,1888,20613,58967,79581
chokepoint10,2026-05-06,Oresund Strait,2,6,17,1,8,26,34,2236,65159,28423,0,16153,95820,111973
chokepoint10,2026-05-07,Oresund Strait,4,8,17,2,9,31,40,4495,6092,34147,0,49749,44735,94484
chokepoint10,2026-05-08,Oresund Strait,7,7,19,2,10,35,45,9487,2360,27944,1671,63001,41463,104465
chokepoint10,2026-05-09,Oresund Strait,7,6,27,3,11,43,54,17233,36819,43075,2392,23231,99521,122753
chokepoint10,2026-05-10,Oresund Strait,5,9,15,4,17,33,50,15763,70514,22305,5952,35291,114535,149827
chokepoint10,2026-05-11,Oresund Strait,6,3,19,2,8,30,38,10425,0,40248,1410,17854,52084,69938
chokepoint10,2026-05-12,Oresund Strait,8,8,18,1,13,35,48,18836,96643,19954,1647,22568,137081,159649
chokepoint10,2026-05-13,Oresund Strait,1,3,21,2,7,27,34,2119,2268,40156,3272,16264,47817,64082
chokepoint10,2026-05-14,Oresund Strait,6,5,17,0,8,28,36,10221,4727,27047,0,4522,41996,46519
chokepoint10,2026-05-15,Oresund Strait,5,6,18,3,10,32,42,8919,65704,35448,2650,10853,112723,123577
chokepoint10,2026-05-16,Oresund Strait,8,6,14,5,12,33,45,16902,23879,31889,4361,26594,77032,103626
chokepoint10,2026-05-17,Oresund Strait,6,6,15,2,5,29,34,17742,0,20743,2407,6174,40892,47067
chokepoint10,2026-05-18,Oresund Strait,2,10,26,2,14,40,54,5914,112251,52360,1343,18292,171869,190162
chokepoint10,2026-05-19,Oresund Strait,7,5,18,1,6,31,37,15647,23301,36894,0,12935,75843,88778
chokepoint10,2026-05-20,Oresund Strait,2,6,21,3,7,32,39,4685,33679,38017,3752,19952,80135,100088
chokepoint10,2026-05-21,Oresund Strait,7,4,23,1,4,35,39,13254,0,33289,0,0,46544,46544
chokepoint10,2026-05-22,Oresund Strait,4,10,25,2,10,41,51,7051,30798,45258,29,18312,83137,101450
chokepoint10,2026-05-23,Oresund Strait,8,7,20,3,11,38,49,15159,25366,30891,5033,25712,76451,102164
chokepoint10,2026-05-24,Oresund Strait,4,5,14,3,10,26,36,8325,7882,27328,3071,64404,46607,111012
chokepoint10,2026-05-25,Oresund Strait,3,7,13,4,2,27,29,8158,85663,17387,1764,7496,112973,120469
chokepoint10,2026-05-26,Oresund Strait,3,5,15,3,6,26,32,4003,47235,24414,4938,16293,80591,96885
chokepoint10,2026-05-27,Oresund Strait,7,8,16,2,9,33,42,11076,68729,30376,5015,18967,115197,134165
chokepoint10,2026-05-28,Oresund Strait,3,4,9,2,13,18,31,4268,2451,9607,0,15810,16328,32138
chokepoint10,2026-05-29,Oresund Strait,7,1,9,2,13,19,32,33349,76108,16051,0,23358,125509,148867
chokepoint10,2026-05-30,Oresund Strait,6,5,24,3,9,38,47,13491,0,56168,6780,23877,76441,100318
chokepoint10,2026-05-31,Oresund Strait,5,7,19,1,9,32,41,5180,4727,31689,0,30110,41597,71707
chokepoint11,2025-12-23,Taiwan Strait,111,76,34,8,54,229,283,2761927,3863275,146268,19058,744478,6790529,7535007
chokepoint11,2025-12-24,Taiwan Strait,85,64,22,11,46,182,228,1685277,2992792,152743,10246,970234,4841059,5811293
chokepoint11,2025-12-25,Taiwan Strait,72,55,19,6,48,152,200,1767280,1971300,158908,24028,677961,3921518,4599479
chokepoint11,2025-12-26,Taiwan Strait,90,63,25,7,30,185,215,2019641,4216422,115150,23587,498491,6374801,6873292
chokepoint11,2025-12-27,Taiwan Strait,90,48,19,4,36,161,197,1695183,2649084,84634,7293,426513,4436196,4862710
chokepoint11,2025-12-28,Taiwan Strait,103,63,20,7,33,193,226,2485430,2845700,128449,19871,454067,5479452,5933519
chokepoint11,2025-12-29,Taiwan Strait,84,67,32,6,44,189,233,1893293,3025526,220106,9861,839410,5148786,5988197
chokepoint11,2025-12-30,Taiwan Strait,75,57,36,6,41,174,215,1549667,2067002,148159,10765,440672,3775595,4216267
chokepoint11,2025-12-31,Taiwan Strait,75,47,21,7,44,150,194,1686394,1582763,132803,3875,709922,3405837,4115760
chokepoint11,2026-01-01,Taiwan Strait,90,49,19,7,41,165,206,1883892,1815760,92098,8691,385379,3800443,4185822
chokepoint11,2026-01-02,Taiwan Strait,87,59,18,7,35,171,206,1522912,2921609,122869,25946,613793,4593338,5207131
chokepoint11,2026-01-03,Taiwan Strait,109,60,43,3,42,215,257,2402388,2796890,283310,7620,625061,5490209,6115271
chokepoint11,2026-01-04,Taiwan Strait,92,71,26,5,37,194,231,1857254,3448866,153916,26389,949134,5486426,6435560
chokepoint11,2026-01-05,Taiwan Strait,84,59,26,6,50,175,225,1897352,2546777,136461,12725,1232007,4593316,5825324
chokepoint11,2026-01-06,Taiwan Strait,96,62,26,7,46,191,237,2132571,3552106,167234,29499,554107,5881411,6435519
chokepoint11,2026-01-07,Taiwan Strait,84,51,18,5,35,158,193,1918943,2268350,81599,10837,561622,4279730,4841353
chokepoint11,2026-01-08,Taiwan Strait,73,47,16,1,47,137,184,1354995,2076192,76581,0,1246654,3507769,4754424
chokepoint11,2026-01-09,Taiwan Strait,78,69,25,7,52,179,231,1749141,3710799,87955,21274,620087,5569171,6189258
chokepoint11,2026-01-10,Taiwan Strait,80,65,25,3,44,173,217,1816960,3060272,122514,1879,741853,5001626,5743480
chokepoint11,2026-01-11,Taiwan Strait,94,60,21,5,46,180,226,1757106,2951466,168804,10294,670841,4887671,5558512
chokepoint11,2026-01-12,Taiwan Strait,90,49,21,9,45,169,214,1833437,2513202,114759,17751,1318839,4479150,5797990
chokepoint11,2026-01-13,Taiwan Strait,98,65,22,1,41,186,227,2141242,2890013,115536,1030,537233,5147823,5685057
chokepoint11,2026-01-14,Taiwan Strait,89,56,25,3,64,173,237,1861108,1910129,136398,8950,1632661,3916587,5549248
chokepoint11,2026-01-15,Taiwan Strait,88,75,23,10,66,196,262,2080511,3064806,84024,40428,1457067,5269770,6726837
chokepoint11,2026-01-16,Taiwan Strait,96,69,33,6,63,204,267,1786996,2349001,192812,16757,806831,4345568,5152400
chokepoint11,2026-01-17,Taiwan Strait,88,68,28,5,59,189,248,1977930,3055198,171420,25913,1194552,5230462,6425014
chokepoint11,2026-01-18,Taiwan Strait,97,76,22,3,48,198,246,1838631,3312784,117845,10146,868777,5279407,6148185
chokepoint11,2026-01-19,Taiwan Strait,87,63,23,5,52,178,230,1766699,3538451,137572,12178,665026,5454901,6119928
chokepoint11,2026-01-20,Taiwan Strait,89,47,14,4,36,154,190,2040707,1860478,111496,6023,799700,4018705,4818406
chokepoint11,2026-01-21,Taiwan Strait,94,58,19,9,42,180,222,1970892,3185711,113443,13098,1086961,5283145,6370107
chokepoint11,2026-01-22,Taiwan Strait,100,53,33,9,43,195,238,2009906,2283778,182198,28795,846684,4504679,5351363
chokepoint11,2026-01-23,Taiwan Strait,77,58,35,12,43,182,225,1593043,2694154,213863,16268,926520,4517328,5443849
chokepoint11,2026-01-24,Taiwan Strait,91,56,29,3,46,179,225,1956460,2561988,194478,7989,821253,4720917,5542170
chokepoint11,2026-01-25,Taiwan Strait,97,65,28,5,53,195,248,2556746,2780952,123992,2768,910414,5464460,6374875
chokepoint11,2026-01-26,Taiwan Strait,106,59,25,8,43,198,241,2123553,2880583,110758,6693,1059143,5121589,6180732
chokepoint11,2026-01-27,Taiwan Strait,93,57,18,10,51,178,229,2418447,2628807,91944,10174,981520,5149373,6130893
chokepoint11,2026-01-28,Taiwan Strait,77,66,23,9,40,175,215,1576517,3195641,115594,23223,1062116,4910977,5973094
chokepoint11,2026-01-29,Taiwan Strait,87,69,27,3,67,186,253,1660905,2813362,99137,0,1057580,4573404,5630985
chokepoint11,2026-01-30,Taiwan Strait,87,61,24,9,54,181,235,1968430,2283082,95082,30270,980860,4376865,5357726
chokepoint11,2026-01-31,Taiwan Strait,82,58,34,3,40,177,217,1539663,3197059,204950,5237,650277,4946910,5597187
chokepoint11,2026-02-01,Taiwan Strait,89,66,24,10,42,189,231,1628249,2501410,187089,15488,869170,4332238,5201409
chokepoint11,2026-02-02,Taiwan Strait,81,53,23,5,35,162,197,2093336,2998827,144379,15712,671157,5252255,5923413
chokepoint11,2026-02-03,Taiwan Strait,101,52,31,3,47,187,234,2137782,2650549,184373,2892,499698,4975598,5475296
chokepoint11,2026-02-04,Taiwan Strait,113,78,22,8,58,221,279,2559574,3648817,93620,18187,927665,6320200,7247865
chokepoint11,2026-02-05,Taiwan Strait,89,66,20,11,49,186,235,1902727,3579355,89907,52465,548872,5624456,6173329
chokepoint11,2026-02-06,Taiwan Strait,84,61,21,7,49,173,222,2054286,2661908,113910,22850,588774,4852956,5441730
chokepoint11,2026-02-07,Taiwan Strait,69,42,16,6,25,133,158,1680872,2281367,80346,21715,409847,4064302,4474149
chokepoint11,2026-02-08,Taiwan Strait,85,35,13,5,27,138,165,1756061,1686355,101108,3471,378512,3546996,3925508
chokepoint11,2026-02-09,Taiwan Strait,94,51,26,10,52,181,233,2069362,2904891,139213,15763,641949,5129231,5771180
chokepoint11,2026-02-10,Taiwan Strait,98,85,36,10,57,229,286,2018215,4198647,203370,15386,693757,6435619,7129376
chokepoint11,2026-02-11,Taiwan Strait,86,60,23,6,54,175,229,2157992,2795160,127855,35549,1009133,5116558,6125692
chokepoint11,2026-02-12,Taiwan Strait,90,58,33,10,45,191,236,1882129,3300065,222869,17184,475843,5422248,5898092
chokepoint11,2026-02-13,Taiwan Strait,102,69,26,7,53,204,257,2236579,3210600,217373,13101,896724,5677654,6574379
chokepoint11,2026-02-14,Taiwan Strait,101,69,26,4,53,200,253,2054175,3838798,106850,8923,730974,6008747,6739722
chokepoint11,2026-02-15,Taiwan Strait,86,70,29,11,41,196,237,1708136,3174425,215009,33004,613503,5130575,5744079
chokepoint11,2026-02-16,Taiwan Strait,69,49,17,8,35,143,178,1549081,1641008,96966,25865,1127935,3312922,4440858
chokepoint11,2026-02-17,Taiwan Strait,75,45,16,5,45,141,186,1546185,1957241,95184,10119,418422,3608731,4027154
chokepoint11,2026-02-18,Taiwan Strait,88,48,17,3,36,156,192,2057765,2448629,140794,10114,674124,4657304,5331428
chokepoint11,2026-02-19,Taiwan Strait,82,47,23,4,48,156,204,1585160,2344934,92574,10103,1270998,4032773,5303771
chokepoint11,2026-02-20,Taiwan Strait,91,57,14,8,57,170,227,1728003,2574661,60950,29186,1037245,4392801,5430046
chokepoint11,2026-02-21,Taiwan Strait,103,47,19,3,42,172,214,2584756,1887111,89880,10281,778439,4572030,5350470
chokepoint11,2026-02-22,Taiwan Strait,70,58,24,7,46,159,205,1606142,2953880,125119,16513,498961,4701656,5200617
chokepoint11,2026-02-23,Taiwan Strait,82,51,20,6,60,159,219,1948819,2045367,65245,12287,548355,4071719,4620074
chokepoint11,2026-02-24,Taiwan Strait,84,55,16,2,49,157,206,1786996,2277104,110525,2120,678573,4176746,4855320
chokepoint11,2026-02-25,Taiwan Strait,80,43,16,2,31,141,172,1727526,2051196,76623,7609,942214,3862956,4805171
chokepoint11,2026-02-26,Taiwan Strait,76,56,33,3,40,168,208,1345416,2650958,211349,4184,810458,4211908,5022366
chokepoint11,2026-02-27,Taiwan Strait,80,50,26,4,49,160,209,2020426,2409344,111181,6797,798765,4547749,5346515
chokepoint11,2026-02-28,Taiwan Strait,82,62,34,9,31,187,218,2005601,3075693,207309,8024,334426,5296628,5631054
chokepoint11,2026-03-01,Taiwan Strait,78,49,15,6,40,148,188,1621390,2123153,87739,5276,1037558,3837560,4875118
chokepoint11,2026-03-02,Taiwan Strait,83,61,17,6,39,167,206,1435941,2605437,107447,14453,1046528,4163279,5209807
chokepoint11,2026-03-03,Taiwan Strait,78,32,23,5,34,138,172,1314136,2046416,160050,25887,609317,3546491,4155808
chokepoint11,2026-03-04,Taiwan Strait,77,50,23,3,46,153,199,1370978,2751557,119119,9310,940147,4250965,5191113
chokepoint11,2026-03-05,Taiwan Strait,70,59,31,4,53,164,217,1323712,3214568,246029,8430,635619,4792740,5428360
chokepoint11,2026-03-06,Taiwan Strait,85,54,15,7,34,161,195,1705719,2108985,65917,25003,324205,3905625,4229830
chokepoint11,2026-03-07,Taiwan Strait,90,37,17,9,40,153,193,1764367,2551393,58123,12529,879642,4386415,5266057
chokepoint11,2026-03-08,Taiwan Strait,72,68,30,7,61,177,238,1652550,2648433,118520,12684,725213,4432188,5157402
chokepoint11,2026-03-09,Taiwan Strait,85,58,21,3,51,167,218,1711456,2825430,155085,4951,736805,4696923,5433729
chokepoint11,2026-03-10,Taiwan Strait,85,62,21,6,62,174,236,1456522,3418966,107927,18892,837878,5002308,5840187
chokepoint11,2026-03-11,Taiwan Strait,91,68,39,6,60,204,264,1982547,3493717,174057,9342,1671169,5659664,7330834
chokepoint11,2026-03-12,Taiwan Strait,85,61,17,8,45,171,216,1822842,2372733,48623,12106,468481,4256305,4724786
chokepoint11,2026-03-13,Taiwan Strait,102,50,18,6,42,176,218,2055092,2072944,137328,16246,1099562,4281611,5381173
chokepoint11,2026-03-14,Taiwan Strait,82,61,33,11,49,187,236,1502498,3560937,147435,30817,541986,5241688,5783675
chokepoint11,2026-03-15,Taiwan Strait,100,64,23,4,48,191,239,2002393,2765404,134009,9922,1143323,4911729,6055052
chokepoint11,2026-03-16,Taiwan Strait,83,59,39,6,46,187,233,1911548,2584520,188376,30494,346467,4714940,5061408
chokepoint11,2026-03-17,Taiwan Strait,104,68,28,9,44,209,253,1626201,3102315,185408,14608,1181164,4928533,6109697
chokepoint11,2026-03-18,Taiwan Strait,88,72,35,4,57,199,256,1563654,2680775,226257,4028,1279775,4474716,5754492
chokepoint11,2026-03-19,Taiwan Strait,83,63,21,5,60,172,232,1563951,3237530,90129,14174,715536,4905786,5621322
chokepoint11,2026-03-20,Taiwan Strait,81,57,26,8,39,172,211,1661818,2087826,133204,28957,417135,3911807,4328942
chokepoint11,2026-03-21,Taiwan Strait,102,51,23,10,43,186,229,2447273,1939684,102946,24897,829895,4514801,5344696
chokepoint11,2026-03-22,Taiwan Strait,90,57,30,2,57,179,236,2045740,2977343,207424,1713,815005,5232221,6047227
chokepoint11,2026-03-23,Taiwan Strait,91,63,27,4,36,185,221,1819893,3083802,111657,4668,435284,5020022,5455307
chokepoint11,2026-03-24,Taiwan Strait,97,60,35,1,39,193,232,2201759,2608320,186286,1310,502840,4997676,5500516
chokepoint11,2026-03-25,Taiwan Strait,97,65,24,5,47,191,238,2235572,3311405,164825,21063,579278,5732866,6312144
chokepoint11,2026-03-26,Taiwan Strait,70,56,17,5,43,148,191,1406680,2851665,82115,7980,688876,4348442,5037318
chokepoint11,2026-03-27,Taiwan Strait,92,53,31,7,48,183,231,2256038,2341914,210629,13613,606899,4822195,5429094
chokepoint11,2026-03-28,Taiwan Strait,91,79,26,9,54,205,259,2010503,4656620,119997,4393,671508,6791514,7463023
chokepoint11,2026-03-29,Taiwan Strait,92,64,23,3,39,182,221,1796891,3498920,70766,18990,501811,5385568,5887379
chokepoint11,2026-03-30,Taiwan Strait,78,70,19,8,30,175,205,1484833,3529223,101675,19189,368841,5134920,5503762
chokepoint11,2026-03-31,Taiwan Strait,84,54,28,9,44,175,219,1899423,2938947,219585,13452,772230,5071408,5843638
chokepoint11,2026-04-01,Taiwan Strait,88,58,35,4,42,185,227,1724375,2277631,203416,10724,585313,4216148,4801461
chokepoint11,2026-04-02,Taiwan Strait,76,61,26,3,35,166,201,1568589,3127274,212661,0,639633,4908526,5548159
chokepoint11,2026-04-03,Taiwan Strait,82,61,28,9,44,180,224,2253250,3098767,121080,17246,1183474,5490344,6673819
chokepoint11,2026-04-04,Taiwan Strait,99,57,12,7,37,175,212,2340202,2352104,77820,24951,839174,4795078,5634253
chokepoint11,2026-04-05,Taiwan Strait,87,70,28,9,48,194,242,1747283,3524887,215295,27847,525855,5515314,6041169
chokepoint11,2026-04-06,Taiwan Strait,89,58,22,5,45,174,219,1943160,2772472,59201,14339,777287,4789173,5566461
chokepoint11,2026-04-07,Taiwan Strait,99,68,25,4,29,196,225,2135630,3262417,155675,18105,505923,5571829,6077752
chokepoint11,2026-04-08,Taiwan Strait,101,65,32,5,38,203,241,2041446,3014020,165142,10575,399494,5231184,5630679
chokepoint11,2026-04-09,Taiwan Strait,73,76,35,5,53,189,242,1343089,3024839,229618,9915,711570,4607463,5319034
chokepoint11,2026-04-10,Taiwan Strait,94,74,29,5,54,202,256,2151741,3999109,123976,14940,954150,6289767,7243918
chokepoint11,2026-04-11,Taiwan Strait,96,62,25,1,47,184,231,2024082,2701672,153281,1857,755391,4880894,5636285
chokepoint11,2026-04-12,Taiwan Strait,107,73,18,3,51,201,252,2388455,4431819,108310,3592,596867,6932177,7529045
chokepoint11,2026-04-13,Taiwan Strait,90,65,28,7,39,190,229,1880760,3115090,116776,16694,372253,5129322,5501575
chokepoint11,2026-04-14,Taiwan Strait,86,68,30,8,64,192,256,1787253,3561941,161964,22254,716247,5533414,6249661
chokepoint11,2026-04-15,Taiwan Strait,86,75,26,7,46,194,240,1971168,2687507,137594,9584,900048,4805854,5705903
chokepoint11,2026-04-16,Taiwan Strait,85,60,22,5,45,172,217,1681386,3304122,101292,12307,419348,5099109,5518457
chokepoint11,2026-04-17,Taiwan Strait,78,53,25,4,39,160,199,2060959,3297206,163106,6255,743750,5527528,6271279
chokepoint11,2026-04-18,Taiwan Strait,87,51,26,4,41,168,209,1933846,2019709,174978,11828,404650,4140363,4545013
chokepoint11,2026-04-19,Taiwan Strait,105,54,33,5,56,197,253,2278966,2578294,277795,22994,506438,5158050,5664489
chokepoint11,2026-04-20,Taiwan Strait,89,77,24,2,48,192,240,1802028,2934073,177944,6579,648927,4920625,5569553
chokepoint11,2026-04-21,Taiwan Strait,74,57,33,8,37,172,209,1723421,1929169,173641,17574,476009,3843806,4319815
chokepoint11,2026-04-22,Taiwan Strait,98,58,27,7,42,190,232,2005861,2540175,106590,17293,487677,4669921,5157598
chokepoint11,2026-04-23,Taiwan Strait,86,62,25,2,39,175,214,1856102,2416633,132313,4456,621313,4409506,5030819
chokepoint11,2026-04-24,Taiwan Strait,78,54,23,6,55,161,216,1495492,3133990,120156,7173,1057173,4756813,5813987
chokepoint11,2026-04-25,Taiwan Strait,91,73,22,6,42,192,234,2389787,3391072,107124,3056,337404,5891041,6228446
chokepoint11,2026-04-26,Taiwan Strait,102,67,30,9,55,208,263,2328689,2608689,159710,17088,853671,5114177,5967848
chokepoint11,2026-04-27,Taiwan Strait,87,69,25,8,45,189,234,2010982,3804679,126736,25427,331324,5967825,6299149
chokepoint11,2026-04-28,Taiwan Strait,87,64,27,6,48,184,232,1673351,3152018,98159,23616,785815,4947145,5732960
chokepoint11,2026-04-29,Taiwan Strait,97,73,25,4,42,199,241,2474136,2954956,135242,4432,698998,5568768,6267767
chokepoint11,2026-04-30,Taiwan Strait,75,66,22,3,43,166,209,1251830,3481068,109385,7451,668582,4849736,5518318
chokepoint11,2026-05-01,Taiwan Strait,76,85,33,14,55,208,263,1687137,3897401,154324,34994,1499888,5773858,7273746
chokepoint11,2026-05-02,Taiwan Strait,108,77,35,7,53,227,280,2674090,2753635,168578,27183,696281,5623488,6319769
chokepoint11,2026-05-03,Taiwan Strait,95,79,27,7,36,208,244,1794748,4106339,125564,23477,448573,6050130,6498704
chokepoint11,2026-05-04,Taiwan Strait,98,75,26,8,50,207,257,1978279,3686188,150830,23067,513921,5838365,6352286
chokepoint11,2026-05-05,Taiwan Strait,91,50,19,8,41,168,209,2307665,2781968,81860,25861,816161,5197356,6013518
chokepoint11,2026-05-06,Taiwan Strait,85,81,33,6,46,205,251,2405538,3662367,152975,15718,640465,6236600,6877065
chokepoint11,2026-05-07,Taiwan Strait,79,81,21,2,45,183,228,1548258,3876452,110284,2557,493451,5537553,6031004
chokepoint11,2026-05-08,Taiwan Strait,92,54,34,3,31,183,214,2254094,3268826,261916,15626,506821,5800464,6307285
chokepoint11,2026-05-09,Taiwan Strait,86,69,22,5,37,182,219,1777860,3254246,156080,8981,583570,5197168,5780738
chokepoint11,2026-05-10,Taiwan Strait,99,72,24,8,48,203,251,2090678,3774423,117907,31130,560986,6014140,6575127
chokepoint11,2026-05-11,Taiwan Strait,80,64,28,3,50,175,225,1766576,2652121,158594,11587,785683,4588880,5374563
chokepoint11,2026-05-12,Taiwan Strait,98,70,45,11,45,224,269,1727166,2884266,289516,37010,667239,4937959,5605198
chokepoint11,2026-05-13,Taiwan Strait,79,64,29,8,37,180,217,1588649,3467740,126134,10483,487584,5193008,5680593
chokepoint11,2026-05-14,Taiwan Strait,85,72,29,6,45,192,237,2295711,3313546,127926,17959,390801,5755143,6145944
chokepoint11,2026-05-15,Taiwan Strait,84,60,39,5,53,188,241,2097837,2976132,155513,5750,1131444,5235233,6366678
chokepoint11,2026-05-16,Taiwan Strait,86,79,25,4,45,194,239,1877735,3593787,177018,7086,768554,5655627,6424181
chokepoint11,2026-05-17,Taiwan Strait,107,82,39,5,47,233,280,2032543,3346643,347762,4664,898325,5731614,6629939
chokepoint11,2026-05-18,Taiwan Strait,97,83,35,10,54,225,279,2118323,4172996,134251,22411,943928,6447983,7391911
chokepoint11,2026-05-19,Taiwan Strait,89,68,22,9,42,188,230,2112509,3286438,104024,39020,693953,5541992,6235946
chokepoint11,2026-05-20,Taiwan Strait,105,69,24,3,46,201,247,2120081,3163951,165506,6261,966652,5455801,6422454
chokepoint11,2026-05-21,Taiwan Strait,83,49,41,5,45,178,223,1956317,2970810,258865,26181,544533,5212174,5756708
chokepoint11,2026-05-22,Taiwan Strait,76,63,37,7,45,183,228,1628051,3281125,201590,14531,634232,5125298,5759530
chokepoint11,2026-05-23,Taiwan Strait,92,49,27,2,45,170,215,2176218,3094165,122019,1310,418962,5393712,5812674
chokepoint11,2026-05-24,Taiwan Strait,84,61,25,9,50,179,229,1783233,3218750,171178,23581,543618,5196743,5740362
chokepoint11,2026-05-25,Taiwan Strait,67,68,25,8,41,168,209,1265212,2301784,122206,24454,359043,3713657,4072701
chokepoint11,2026-05-26,Taiwan Strait,109,66,22,4,45,201,246,2082313,2670935,144806,12350,584638,4910405,5495043
chokepoint11,2026-05-27,Taiwan Strait,85,61,20,7,50,173,223,2038370,3136688,184253,1030,632239,5360343,5992583
chokepoint11,2026-05-28,Taiwan Strait,76,89,30,6,45,201,246,1808177,3672431,168470,17578,579551,5666658,6246209
chokepoint11,2026-05-29,Taiwan Strait,80,72,35,8,51,195,246,1799197,3566548,191493,20097,684419,5577337,6261757
chokepoint11,2026-05-30,Taiwan Strait,86,77,33,2,53,198,251,1737121,3277499,221644,1533,901327,5237799,6139126
chokepoint11,2026-05-31,Taiwan Strait,101,96,29,10,58,236,294,2511457,6240563,127526,19152,624962,8898700,9523662
chokepoint12,2025-12-23,Korea Strait,54,52,48,8,66,162,228,1049146,1883670,82770,5568,828239,3021157,3849396
chokepoint12,2025-12-24,Korea Strait,61,34,58,8,55,161,216,1072972,1266656,164746,21024,1126038,2525400,3651439
chokepoint12,2025-12-25,Korea Strait,42,30,27,10,28,109,137,967222,974421,85603,21059,454280,2048306,2502586
chokepoint12,2025-12-26,Korea Strait,47,28,38,7,50,120,170,758055,911396,64508,3601,523038,1737561,2260599
chokepoint12,2025-12-27,Korea Strait,65,36,59,12,58,172,230,910131,717681,142455,15413,658773,1785683,2444456
chokepoint12,2025-12-28,Korea Strait,51,40,49,6,37,146,183,769873,1147052,126728,12456,513286,2056110,2569397
chokepoint12,2025-12-29,Korea Strait,46,41,45,5,48,137,185,675666,1364572,132459,0,598100,2172699,2770799
chokepoint12,2025-12-30,Korea Strait,38,26,43,3,37,110,147,702454,975817,125245,3705,496788,1807224,2304013
chokepoint12,2025-12-31,Korea Strait,52,31,45,11,48,139,187,840338,1226010,119285,41408,845211,2227043,3072254
chokepoint12,2026-01-01,Korea Strait,47,27,29,5,52,108,160,839437,954540,82223,0,792816,1876200,2669017
chokepoint12,2026-01-02,Korea Strait,40,28,35,8,43,111,154,890775,814169,85755,12598,773882,1803298,2577181
chokepoint12,2026-01-03,Korea Strait,41,35,46,10,44,132,176,1013869,935899,139685,16740,136516,2106195,2242712
chokepoint12,2026-01-04,Korea Strait,54,40,57,2,44,153,197,723678,1140173,180593,14768,1033097,2059214,3092312
chokepoint12,2026-01-05,Korea Strait,46,38,48,4,47,136,183,919681,858564,113371,2643,932223,1894261,2826484
chokepoint12,2026-01-06,Korea Strait,40,29,42,10,54,121,175,900169,1386714,110060,21117,1079880,2418062,3497943
chokepoint12,2026-01-07,Korea Strait,47,34,48,6,50,135,185,830013,1202663,97005,984,142125,2130666,2272791
chokepoint12,2026-01-08,Korea Strait,52,24,47,8,45,131,176,821979,920795,100223,10557,729494,1853556,2583050
chokepoint12,2026-01-09,Korea Strait,49,31,43,9,48,132,180,842093,1160838,74929,18368,840370,2096228,2936599
chokepoint12,2026-01-10,Korea Strait,27,19,15,9,34,70,104,470513,976333,46214,11075,745631,1504136,2249768
chokepoint12,2026-01-11,Korea Strait,52,28,33,7,46,120,166,1033321,422079,75477,12244,1004374,1543122,2547497
chokepoint12,2026-01-12,Korea Strait,53,30,52,11,63,146,209,606136,717843,112815,9419,1051231,1446215,2497447
chokepoint12,2026-01-13,Korea Strait,47,29,44,7,53,127,180,956906,664050,89445,17657,840467,1728060,2568528
chokepoint12,2026-01-14,Korea Strait,42,41,50,12,54,145,199,875963,1493266,122776,22679,620356,2514685,3135042
chokepoint12,2026-01-15,Korea Strait,57,36,38,5,62,136,198,943273,1244861,78010,5159,581220,2271303,2852523
chokepoint12,2026-01-16,Korea Strait,48,34,66,11,60,159,219,802025,864025,104190,11185,1514141,1781426,3295568
chokepoint12,2026-01-17,Korea Strait,44,31,39,6,44,120,164,689147,933594,101798,13567,744415,1738107,2482523
chokepoint12,2026-01-18,Korea Strait,50,27,43,8,51,128,179,864846,899718,93310,7603,1063728,1865480,2929208
chokepoint12,2026-01-19,Korea Strait,50,29,45,7,49,131,180,736471,1131389,93056,1318,933422,1962235,2895658
chokepoint12,2026-01-20,Korea Strait,36,30,35,6,38,107,145,740549,1529625,99609,3543,634672,2373327,3007999
chokepoint12,2026-01-21,Korea Strait,47,25,27,10,33,109,142,590096,605223,88097,13434,222422,1296852,1519274
chokepoint12,2026-01-22,Korea Strait,46,30,43,7,36,126,162,653719,1325145,85911,4454,640275,2069231,2709506
chokepoint12,2026-01-23,Korea Strait,51,40,58,10,48,159,207,881512,976322,76209,11997,657067,1946042,2603110
chokepoint12,2026-01-24,Korea Strait,30,32,43,8,55,113,168,390055,1106816,83317,28079,1312360,1608268,2920628
chokepoint12,2026-01-25,Korea Strait,54,49,55,10,56,168,224,850792,1659873,114260,8871,1250188,2633797,3883986
chokepoint12,2026-01-26,Korea Strait,51,27,50,9,61,137,198,918292,1264731,100045,9613,1122465,2292682,3415148
chokepoint12,2026-01-27,Korea Strait,38,25,48,8,45,119,164,729458,769093,85224,9681,707858,1593458,2301316
chokepoint12,2026-01-28,Korea Strait,47,30,55,8,55,140,195,683478,991847,135244,9064,466941,1819635,2286576
chokepoint12,2026-01-29,Korea Strait,48,37,37,11,45,133,178,777965,1029368,99268,23029,668694,1929631,2598326
chokepoint12,2026-01-30,Korea Strait,51,41,44,13,46,149,195,924108,1576868,76611,18001,937895,2595589,3533484
chokepoint12,2026-01-31,Korea Strait,46,36,47,6,58,135,193,1240777,1080140,142241,31399,463820,2494558,2958378
chokepoint12,2026-02-01,Korea Strait,54,42,45,7,50,148,198,961334,1384091,85581,12268,1035004,2443275,3478280
chokepoint12,2026-02-02,Korea Strait,57,36,45,12,41,150,191,1079635,1054333,74193,19497,647760,2227659,2875419
chokepoint12,2026-02-03,Korea Strait,36,39,55,11,59,141,200,661737,955601,214367,14372,639781,1846079,2485860
chokepoint12,2026-02-04,Korea Strait,47,40,55,12,48,154,202,956309,1402043,124425,20371,708495,2503148,3211644
chokepoint12,2026-02-05,Korea Strait,59,41,48,4,65,152,217,1236019,1589808,80756,8955,645156,2915539,3560695
chokepoint12,2026-02-06,Korea Strait,47,29,39,3,44,118,162,889200,1131257,105033,2515,398494,2128007,2526501
chokepoint12,2026-02-07,Korea Strait,54,23,31,6,29,114,143,1258825,751945,86190,14615,285372,2111576,2396949
chokepoint12,2026-02-08,Korea Strait,51,18,27,7,38,103,141,620037,593183,93140,10302,728584,1316662,2045247
chokepoint12,2026-02-09,Korea Strait,52,44,61,11,66,168,234,917212,967796,86545,16910,893400,1988464,2881864
chokepoint12,2026-02-10,Korea Strait,46,33,54,3,45,136,181,936310,1068812,107045,12351,457655,2124518,2582174
chokepoint12,2026-02-11,Korea Strait,51,36,51,9,40,147,187,926187,1285574,87598,3651,614280,2303012,2917292
chokepoint12,2026-02-12,Korea Strait,49,41,40,14,63,144,207,1066682,867239,106986,25585,727396,2066494,2793891
chokepoint12,2026-02-13,Korea Strait,55,34,41,9,62,139,201,1241730,596223,91653,25003,1651207,1954609,3605817
chokepoint12,2026-02-14,Korea Strait,48,42,42,12,51,144,195,924519,1163331,71604,18041,1248654,2177497,3426152
chokepoint12,2026-02-15,Korea Strait,52,38,46,6,50,142,192,851570,1127988,141012,7252,1000017,2127823,3127841
chokepoint12,2026-02-16,Korea Strait,37,39,25,2,51,103,154,607887,849694,53202,26075,1081094,1536859,2617954
chokepoint12,2026-02-17,Korea Strait,37,30,33,5,59,105,164,677425,1039961,61956,7332,728992,1786676,2515668
chokepoint12,2026-02-18,Korea Strait,51,30,39,6,45,126,171,652576,889210,88926,7703,546041,1638416,2184458
chokepoint12,2026-02-19,Korea Strait,54,32,52,6,50,144,194,1440217,631787,134308,13534,1049513,2219847,3269361
chokepoint12,2026-02-20,Korea Strait,45,33,52,5,47,135,182,666146,748779,162723,6166,913040,1583816,2496857
chokepoint12,2026-02-21,Korea Strait,45,42,47,7,52,141,193,1061638,1027552,118509,4936,1116332,2212637,3328970
chokepoint12,2026-02-22,Korea Strait,51,34,37,11,39,133,172,1270660,1024998,105464,26303,738916,2427427,3166343
chokepoint12,2026-02-23,Korea Strait,49,22,51,5,48,127,175,757508,669757,125718,1068,361069,1554053,1915122
chokepoint12,2026-02-24,Korea Strait,44,20,35,10,41,109,150,1153754,729511,63275,10414,544244,1956956,2501201
chokepoint12,2026-02-25,Korea Strait,52,33,40,8,48,133,181,928189,1275117,101304,28630,341811,2333241,2675053
chokepoint12,2026-02-26,Korea Strait,47,45,73,11,56,176,232,1120013,1428274,158134,44913,513823,2751335,3265159
chokepoint12,2026-02-27,Korea Strait,39,32,52,9,44,132,176,660416,967152,121503,13852,318904,1762924,2081828
chokepoint12,2026-02-28,Korea Strait,55,33,45,7,47,140,187,1169753,1058909,152162,2482,721664,2383307,3104971
chokepoint12,2026-03-01,Korea Strait,51,33,50,7,46,141,187,863873,1146141,105126,19640,829268,2134781,2964050
chokepoint12,2026-03-02,Korea Strait,40,28,16,4,35,88,123,913013,904506,37734,3582,752173,1858836,2611009
chokepoint12,2026-03-03,Korea Strait,57,30,38,8,52,133,185,1127900,1337922,92749,8128,512296,2566700,3078996
chokepoint12,2026-03-04,Korea Strait,54,36,70,15,57,175,232,908315,558951,117583,20297,410881,1605147,2016029
chokepoint12,2026-03-05,Korea Strait,56,63,53,11,67,183,250,960129,2255687,103192,17051,1059697,3336060,4395757
chokepoint12,2026-03-06,Korea Strait,44,39,47,6,46,136,182,738629,1273364,116601,7592,882117,2136188,3018306
chokepoint12,2026-03-07,Korea Strait,51,28,45,5,52,129,181,908654,1105260,99208,4365,1030229,2117488,3147717
chokepoint12,2026-03-08,Korea Strait,52,34,52,5,56,143,199,946410,1210099,115320,6130,1075429,2277960,3353390
chokepoint12,2026-03-09,Korea Strait,45,39,44,6,63,134,197,788330,1269913,97240,6232,751791,2161717,2913508
chokepoint12,2026-03-10,Korea Strait,56,39,45,10,43,150,193,1018243,1278162,102287,7717,666647,2406411,3073059
chokepoint12,2026-03-11,Korea Strait,49,40,42,10,48,141,189,844764,962499,85387,11499,381130,1904151,2285281
chokepoint12,2026-03-12,Korea Strait,51,29,51,8,47,139,186,797970,678995,171040,8520,557573,1656527,2214101
chokepoint12,2026-03-13,Korea Strait,71,36,38,7,50,152,202,1518767,978696,73556,13297,686936,2584318,3271254
chokepoint12,2026-03-14,Korea Strait,56,39,72,8,58,175,233,1154129,734350,128208,8509,974930,2025198,3000128
chokepoint12,2026-03-15,Korea Strait,49,38,43,7,57,137,194,859181,1709438,109573,2794,945843,2680988,3626831
chokepoint12,2026-03-16,Korea Strait,56,37,49,4,64,146,210,915194,1362743,116018,19889,1083721,2413846,3497568
chokepoint12,2026-03-17,Korea Strait,43,33,54,9,55,139,194,734752,765252,112851,13748,868816,1626604,2495421
chokepoint12,2026-03-18,Korea Strait,42,35,42,11,44,130,174,810565,904639,134930,12787,778881,1862922,2641804
chokepoint12,2026-03-19,Korea Strait,45,27,44,8,46,124,170,1015959,714737,111125,14555,1032377,1856379,2888756
chokepoint12,2026-03-20,Korea Strait,69,39,51,9,50,168,218,1378994,1081005,155028,13554,422835,2628583,3051419
chokepoint12,2026-03-21,Korea Strait,47,30,40,11,57,128,185,777132,960189,80745,15493,744350,1833561,2577912
chokepoint12,2026-03-22,Korea Strait,66,40,42,7,45,155,200,1214018,1701469,118197,5831,656504,3039516,3696021
chokepoint12,2026-03-23,Korea Strait,51,39,40,12,52,142,194,944309,1533339,87345,6013,557034,2571007,3128042
chokepoint12,2026-03-24,Korea Strait,49,39,48,10,60,146,206,790912,901751,97520,6570,1034731,1796754,2831485
chokepoint12,2026-03-25,Korea Strait,51,36,55,9,52,151,203,681644,959562,170052,5286,708595,1816546,2525141
chokepoint12,2026-03-26,Korea Strait,50,36,56,13,45,155,200,952594,949163,160361,11594,433157,2073714,2506872
chokepoint12,2026-03-27,Korea Strait,59,46,54,7,49,166,215,1178406,1569341,114431,5742,526588,2867921,3394509
chokepoint12,2026-03-28,Korea Strait,56,45,47,7,44,155,199,962957,1019856,142790,14689,179303,2140294,2319597
chokepoint12,2026-03-29,Korea Strait,50,35,45,13,41,143,184,710654,917004,93816,11573,487905,1733049,2220955
chokepoint12,2026-03-30,Korea Strait,56,34,52,6,51,148,199,842031,1083673,167224,7803,749288,2100732,2850021
chokepoint12,2026-03-31,Korea Strait,51,38,45,11,49,145,194,908044,1400372,89873,15936,523446,2414226,2937673
chokepoint12,2026-04-01,Korea Strait,45,23,43,5,54,116,170,620859,478275,80451,0,796884,1179586,1976471
chokepoint12,2026-04-02,Korea Strait,64,36,44,9,52,153,205,873719,1468785,109848,7291,671451,2459645,3131096
chokepoint12,2026-04-03,Korea Strait,68,30,43,6,56,147,203,1187109,853763,133692,13075,741818,2187640,2929458
chokepoint12,2026-04-04,Korea Strait,45,35,26,8,40,114,154,1018828,850299,81745,7833,1155410,1958707,3114117
chokepoint12,2026-04-05,Korea Strait,45,23,60,12,66,140,206,919071,506317,161932,13937,996680,1601258,2597939
chokepoint12,2026-04-06,Korea Strait,48,36,44,8,49,136,185,896658,1272292,110131,12303,622234,2291386,2913621
chokepoint12,2026-04-07,Korea Strait,54,38,43,9,60,144,204,1076417,871588,99362,19707,988117,2067076,3055193
chokepoint12,2026-04-08,Korea Strait,50,44,45,14,43,153,196,873061,1407293,120511,43177,568824,2444044,3012868
chokepoint12,2026-04-09,Korea Strait,57,23,28,5,31,113,144,1264598,1139135,73684,12410,507763,2489828,2997591
chokepoint12,2026-04-10,Korea Strait,52,29,67,8,40,156,196,799716,802686,166642,9210,334453,1778256,2112709
chokepoint12,2026-04-11,Korea Strait,50,38,60,5,46,153,199,819848,1220279,165599,8589,208544,2214316,2422861
chokepoint12,2026-04-12,Korea Strait,56,43,56,8,58,163,221,892022,1290834,176221,7383,560758,2366462,2927220
chokepoint12,2026-04-13,Korea Strait,50,29,45,8,49,132,181,773635,828290,98312,17005,708667,1717243,2425911
chokepoint12,2026-04-14,Korea Strait,60,34,48,11,48,153,201,1231367,546908,137959,17641,400998,1933876,2334874
chokepoint12,2026-04-15,Korea Strait,56,37,53,10,44,156,200,1286151,842440,150938,25440,769069,2304970,3074040
chokepoint12,2026-04-16,Korea Strait,54,37,49,10,46,150,196,1177285,1125107,138272,22382,875243,2463047,3338290
chokepoint12,2026-04-17,Korea Strait,57,37,60,9,44,163,207,1199041,1243770,176155,22154,654253,2641122,3295375
chokepoint12,2026-04-18,Korea Strait,52,35,58,5,39,150,189,1027751,1003888,121583,13863,523998,2167087,2691085
chokepoint12,2026-04-19,Korea Strait,53,35,43,5,49,136,185,796100,778947,99778,1412,672712,1676239,2348952
chokepoint12,2026-04-20,Korea Strait,43,29,52,8,44,132,176,915438,1305029,147582,4428,470922,2372478,2843401
chokepoint12,2026-04-21,Korea Strait,50,38,51,10,52,149,201,900558,1259361,134304,34028,893256,2328253,3221510
chokepoint12,2026-04-22,Korea Strait,47,40,30,6,50,123,173,826050,995202,60379,9365,1126354,1890998,3017353
chokepoint12,2026-04-23,Korea Strait,50,20,42,14,50,126,176,1199511,485926,143852,11450,600826,1840740,2441566
chokepoint12,2026-04-24,Korea Strait,53,60,65,7,51,185,236,969940,1590467,178412,3990,326234,2742811,3069046
chokepoint12,2026-04-25,Korea Strait,61,35,64,9,56,169,225,1199697,1077863,127499,17233,960270,2422293,3382563
chokepoint12,2026-04-26,Korea Strait,59,23,34,7,64,123,187,1284454,620335,72101,6157,809209,1983049,2792259
chokepoint12,2026-04-27,Korea Strait,64,40,51,12,47,167,214,945669,1348150,118516,30072,592673,2442408,3035081
chokepoint12,2026-04-28,Korea Strait,37,38,46,6,50,127,177,647756,1090853,94119,7647,896649,1840378,2737027
chokepoint12,2026-04-29,Korea Strait,47,43,54,8,43,152,195,914047,963066,124035,13358,433482,2014507,2447990
chokepoint12,2026-04-30,Korea Strait,63,34,49,9,49,155,204,1408061,1004541,142774,8898,1257950,2564275,3822225
chokepoint12,2026-05-01,Korea Strait,68,39,47,8,52,162,214,1105899,1649872,106251,25121,466352,2887145,3353498
chokepoint12,2026-05-02,Korea Strait,62,40,40,11,44,153,197,1292987,985002,106066,33751,504335,2417808,2922144
chokepoint12,2026-05-03,Korea Strait,66,41,30,3,34,140,174,1131128,1196516,124310,13991,602437,2465948,3068386
chokepoint12,2026-05-04,Korea Strait,58,35,54,5,53,152,205,1160186,1047238,148541,6140,635111,2362106,2997218
chokepoint12,2026-05-05,Korea Strait,43,34,43,6,42,126,168,789989,816028,86555,4550,310777,1697124,2007901
chokepoint12,2026-05-06,Korea Strait,47,35,47,6,45,135,180,1136058,816473,112821,28177,559904,2093530,2653435
chokepoint12,2026-05-07,Korea Strait,50,34,40,7,43,131,174,1118032,984239,87840,3334,651756,2193447,2845204
chokepoint12,2026-05-08,Korea Strait,50,25,51,6,39,132,171,766796,871895,103564,2643,349281,1744900,2094181
chokepoint12,2026-05-09,Korea Strait,54,41,45,11,48,151,199,945678,1355816,83828,7107,844088,2392431,3236519
chokepoint12,2026-05-10,Korea Strait,61,30,59,8,62,158,220,1230976,862480,125879,11054,1148017,2230391,3378408
chokepoint12,2026-05-11,Korea Strait,55,40,43,5,34,143,177,1026770,1295376,91574,8096,617993,2421817,3039811
chokepoint12,2026-05-12,Korea Strait,49,34,47,16,61,146,207,1001996,795035,91684,17137,1320549,1905853,3226402
chokepoint12,2026-05-13,Korea Strait,57,44,49,7,39,157,196,934833,1467313,91922,5928,375918,2499999,2875917
chokepoint12,2026-05-14,Korea Strait,52,36,45,10,50,143,193,1073394,1077043,115975,27903,1194268,2294316,3488585
chokepoint12,2026-05-15,Korea Strait,62,52,65,8,49,187,236,1328538,1491964,127422,17524,476621,2965450,3442071
chokepoint12,2026-05-16,Korea Strait,56,43,58,7,44,164,208,1061634,1338280,119609,15607,365330,2535132,2900462
chokepoint12,2026-05-17,Korea Strait,59,43,47,8,55,157,212,1014065,737485,94027,22065,1040036,1867643,2907680
chokepoint12,2026-05-18,Korea Strait,57,40,43,9,51,149,200,1127275,1066391,74333,12142,773998,2280144,3054142
chokepoint12,2026-05-19,Korea Strait,48,47,46,8,60,149,209,771646,1319226,78090,8427,783256,2177391,2960647
chokepoint12,2026-05-20,Korea Strait,60,46,47,12,54,165,219,1366721,1313041,88818,10559,891222,2779141,3670363
chokepoint12,2026-05-21,Korea Strait,52,40,50,7,46,149,195,924699,1501433,114902,6117,527866,2547154,3075020
chokepoint12,2026-05-22,Korea Strait,59,40,54,9,60,162,222,1205876,940288,94625,16276,504713,2257066,2761780
chokepoint12,2026-05-23,Korea Strait,62,34,49,11,48,156,204,1197078,937887,104690,14581,569954,2254239,2824194
chokepoint12,2026-05-24,Korea Strait,61,40,46,12,53,159,212,992858,1272158,118908,12118,867815,2396043,3263859
chokepoint12,2026-05-25,Korea Strait,55,40,45,8,54,148,202,956502,1348502,97427,14165,1095626,2416598,3512224
chokepoint12,2026-05-26,Korea Strait,35,29,58,11,46,133,179,636924,830013,141245,30625,628203,1638809,2267013
chokepoint12,2026-05-27,Korea Strait,50,33,51,8,61,142,203,853318,1113612,114061,27375,440300,2108369,2548669
chokepoint12,2026-05-28,Korea Strait,57,34,63,15,65,169,234,965604,1751591,127433,17120,1064066,2861749,3925815
chokepoint12,2026-05-29,Korea Strait,67,52,55,7,57,181,238,1404345,1006431,156463,14141,1092337,2581381,3673719
chokepoint12,2026-05-30,Korea Strait,56,54,61,9,53,180,233,861944,2586998,163064,18187,884836,3630193,4515029
chokepoint12,2026-05-31,Korea Strait,73,48,70,9,54,200,254,1476609,1578411,220844,19422,1153446,3295286,4448733
chokepoint13,2025-12-23,Tsugaru Strait,8,13,3,4,15,28,43,311253,382822,2645,10079,162324,706801,869125
chokepoint13,2025-12-24,Tsugaru Strait,6,15,6,2,11,29,40,191632,375783,7706,0,100606,575122,675729
chokepoint13,2025-12-25,Tsugaru Strait,8,6,3,3,12,20,32,444731,259851,1266,5485,138818,711334,850152
chokepoint13,2025-12-26,Tsugaru Strait,7,11,0,0,1,18,19,154932,469171,0,0,0,624103,624103
chokepoint13,2025-12-27,Tsugaru Strait,10,10,2,2,3,24,27,336195,261502,14085,4062,117416,615846,733263
chokepoint13,2025-12-28,Tsugaru Strait,5,12,10,1,22,28,50,244975,257488,13583,9027,136573,525075,661648
chokepoint13,2025-12-29,Tsugaru Strait,5,17,4,3,11,29,40,152487,399761,4175,7276,156596,563701,720298
chokepoint13,2025-12-30,Tsugaru Strait,4,9,3,1,8,17,25,107745,333258,27182,0,89543,468186,557729
chokepoint13,2025-12-31,Tsugaru Strait,3,14,1,0,3,18,21,137520,708753,6618,0,86253,852892,939145
chokepoint13,2026-01-01,Tsugaru Strait,3,9,2,2,8,16,24,74568,419460,20411,0,95762,514440,610203
chokepoint13,2026-01-02,Tsugaru Strait,5,17,4,0,20,26,46,309890,772242,3863,0,128845,1085997,1214842
chokepoint13,2026-01-03,Tsugaru Strait,8,8,1,0,7,17,24,268014,406039,1822,0,53121,675876,728997
chokepoint13,2026-01-04,Tsugaru Strait,5,7,0,3,7,15,22,243718,149447,0,10478,47587,403644,451232
chokepoint13,2026-01-05,Tsugaru Strait,8,13,2,3,8,26,34,353547,219241,2986,8523,68588,584299,652887
chokepoint13,2026-01-06,Tsugaru Strait,7,17,7,3,17,34,51,317263,398386,3938,17046,113471,736635,850107
chokepoint13,2026-01-07,Tsugaru Strait,4,13,4,2,16,23,39,230638,298184,11897,7223,186363,547944,734307
chokepoint13,2026-01-08,Tsugaru Strait,4,12,1,0,6,17,23,180572,569989,703,0,55133,751266,806400
chokepoint13,2026-01-09,Tsugaru Strait,2,7,2,0,17,11,28,10811,146507,1181,0,177644,158500,336145
chokepoint13,2026-01-10,Tsugaru Strait,3,11,1,0,7,15,22,231546,381911,6768,0,18984,620226,639211
chokepoint13,2026-01-11,Tsugaru Strait,3,8,0,0,0,11,11,64397,293812,0,0,0,358209,358209
chokepoint13,2026-01-12,Tsugaru Strait,4,8,0,0,5,12,17,204284,352356,0,0,129881,556641,686522
chokepoint13,2026-01-13,Tsugaru Strait,4,8,2,0,4,14,18,165295,146206,3028,0,49317,314530,363848
chokepoint13,2026-01-14,Tsugaru Strait,3,6,1,1,3,11,14,151611,313929,1991,1643,37003,469176,506179
chokepoint13,2026-01-15,Tsugaru Strait,7,10,5,2,33,24,57,240491,70986,4283,5302,152711,321064,473775
chokepoint13,2026-01-16,Tsugaru Strait,7,15,2,2,21,26,47,307814,591354,629,3937,95427,903735,999163
chokepoint13,2026-01-17,Tsugaru Strait,16,15,5,0,8,36,44,451667,293734,29163,0,12693,774565,787258
chokepoint13,2026-01-18,Tsugaru Strait,13,21,6,3,24,43,67,498969,1093628,19738,14146,172531,1626483,1799014
chokepoint13,2026-01-19,Tsugaru Strait,3,14,4,3,15,24,39,105259,647572,6308,6828,103014,765969,868983
chokepoint13,2026-01-20,Tsugaru Strait,7,4,0,0,3,11,14,304924,113200,0,0,3280,418124,421404
chokepoint13,2026-01-21,Tsugaru Strait,9,8,0,1,7,18,25,433354,363887,0,1643,20690,798885,819576
chokepoint13,2026-01-22,Tsugaru Strait,3,13,1,5,9,22,31,134684,619682,3376,12519,54599,770262,824862
chokepoint13,2026-01-23,Tsugaru Strait,9,15,4,0,7,28,35,198534,522573,4839,0,28062,725946,754009
chokepoint13,2026-01-24,Tsugaru Strait,7,10,1,1,13,19,32,263746,330622,1642,1643,166248,597655,763904
chokepoint13,2026-01-25,Tsugaru Strait,7,10,1,0,9,18,27,238381,444686,2935,0,332875,686003,1018879
chokepoint13,2026-01-26,Tsugaru Strait,7,16,7,5,22,35,57,269322,705344,7077,6451,214044,988195,1202240
chokepoint13,2026-01-27,Tsugaru Strait,5,16,3,3,24,27,51,164889,508139,292,4974,318423,678295,996719
chokepoint13,2026-01-28,Tsugaru Strait,9,8,4,1,10,22,32,309078,238843,0,5934,99916,553855,653772
chokepoint13,2026-01-29,Tsugaru Strait,13,19,3,3,10,38,48,529141,1051336,26456,10651,84495,1617584,1702080
chokepoint13,2026-01-30,Tsugaru Strait,8,14,5,1,9,28,37,351220,387736,27650,0,118592,766606,885199
chokepoint13,2026-01-31,Tsugaru Strait,6,15,4,0,12,25,37,154940,841246,25530,0,101290,1021717,1123008
chokepoint13,2026-02-01,Tsugaru Strait,14,13,4,1,15,32,47,339162,430784,3553,0,245519,773500,1019020
chokepoint13,2026-02-02,Tsugaru Strait,9,12,6,5,36,32,68,369183,422292,7252,16350,165207,815079,980286
chokepoint13,2026-02-03,Tsugaru Strait,5,15,4,4,9,28,37,313578,361244,11173,3674,56523,689671,746195
chokepoint13,2026-02-04,Tsugaru Strait,12,13,13,1,20,39,59,501842,221377,9959,4258,209861,737438,947300
chokepoint13,2026-02-05,Tsugaru Strait,8,11,3,2,5,24,29,278810,217199,2345,4570,7834,502925,510759
chokepoint13,2026-02-06,Tsugaru Strait,4,8,0,1,4,13,17,105428,346789,0,7460,84881,459679,544560
chokepoint13,2026-02-07,Tsugaru Strait,13,12,2,2,10,29,39,464338,403858,1003,10409,155334,879610,1034945
chokepoint13,2026-02-08,Tsugaru Strait,13,7,2,1,10,23,33,433906,210424,12276,2624,258283,659231,917514
chokepoint13,2026-02-09,Tsugaru Strait,10,9,5,0,16,24,40,359565,457613,2399,0,104623,819577,924200
chokepoint13,2026-02-10,Tsugaru Strait,11,13,9,7,26,40,66,341663,426102,14126,10662,200571,792555,993126
chokepoint13,2026-02-11,Tsugaru Strait,11,7,4,1,17,23,40,567574,246588,1194,7832,41006,823190,864197
chokepoint13,2026-02-12,Tsugaru Strait,5,13,6,0,7,24,31,168988,203676,20622,0,27989,393287,421276
chokepoint13,2026-02-13,Tsugaru Strait,12,13,7,5,21,37,58,272918,289232,4328,13423,182049,579902,761951
chokepoint13,2026-02-14,Tsugaru Strait,8,10,12,1,22,31,53,338655,523272,10144,0,177280,872071,1049352
chokepoint13,2026-02-15,Tsugaru Strait,9,14,2,1,16,26,42,379596,416657,1498,1905,157212,799658,956871
chokepoint13,2026-02-16,Tsugaru Strait,9,14,2,2,16,27,43,529698,212780,1110,7301,120605,750890,871495
chokepoint13,2026-02-17,Tsugaru Strait,7,7,5,2,15,21,36,323197,332319,29319,4062,324278,688899,1013177
chokepoint13,2026-02-18,Tsugaru Strait,7,7,3,0,7,17,24,453500,312355,13973,0,164734,779828,944563
chokepoint13,2026-02-19,Tsugaru Strait,2,10,7,0,20,19,39,97323,491720,9271,0,171461,598314,769776
chokepoint13,2026-02-20,Tsugaru Strait,10,14,10,1,20,35,55,352611,295598,16484,1347,117463,666042,783506
chokepoint13,2026-02-21,Tsugaru Strait,14,12,9,1,14,36,50,539060,449590,11052,2190,253175,1001894,1255069
chokepoint13,2026-02-22,Tsugaru Strait,8,15,3,2,12,28,40,264075,748368,4211,0,133454,1016655,1150110
chokepoint13,2026-02-23,Tsugaru Strait,6,16,1,1,3,24,27,294722,693066,228,4662,88700,992679,1081380
chokepoint13,2026-02-24,Tsugaru Strait,14,13,10,1,20,38,58,493459,585548,27141,2031,120617,1108180,1228798
chokepoint13,2026-02-25,Tsugaru Strait,8,9,14,4,21,35,56,282987,272821,34599,3674,129168,594084,723252
chokepoint13,2026-02-26,Tsugaru Strait,16,13,9,1,21,39,60,677294,587968,14757,4541,199831,1284562,1484393
chokepoint13,2026-02-27,Tsugaru Strait,13,6,6,0,12,25,37,583279,189233,8153,0,386064,780666,1166730
chokepoint13,2026-02-28,Tsugaru Strait,6,16,7,1,9,30,39,132727,660254,23677,0,95486,816660,912147
chokepoint13,2026-03-01,Tsugaru Strait,7,9,6,3,12,25,37,367388,223227,23301,12037,355950,625955,981906
chokepoint13,2026-03-02,Tsugaru Strait,6,11,14,1,17,32,49,227066,522202,15714,0,54936,764983,819919
chokepoint13,2026-03-03,Tsugaru Strait,6,9,9,4,10,28,38,374258,100253,12749,16228,159152,503490,662642
chokepoint13,2026-03-04,Tsugaru Strait,8,13,2,1,6,24,30,363543,320083,3957,0,66842,687584,754426
chokepoint13,2026-03-05,Tsugaru Strait,13,16,3,0,16,32,48,751376,916025,3413,0,179570,1670815,1850385
chokepoint13,2026-03-06,Tsugaru Strait,11,10,6,1,14,28,42,474057,534281,9143,4554,189769,1022037,1211806
chokepoint13,2026-03-07,Tsugaru Strait,10,11,5,3,6,29,35,447576,453039,19764,4412,206872,924792,1131665
chokepoint13,2026-03-08,Tsugaru Strait,16,11,5,3,13,35,48,373506,258929,3545,8890,31415,644871,676287
chokepoint13,2026-03-09,Tsugaru Strait,8,15,7,3,17,33,50,307675,392753,24139,4723,181862,729292,911154
chokepoint13,2026-03-10,Tsugaru Strait,12,7,9,2,11,30,41,407673,159334,11821,6137,58129,584967,643096
chokepoint13,2026-03-11,Tsugaru Strait,10,8,9,2,18,29,47,289463,310200,36551,4548,335581,640765,976346
chokepoint13,2026-03-12,Tsugaru Strait,16,11,6,0,9,33,42,872203,218310,9062,0,10785,1099577,1110363
chokepoint13,2026-03-13,Tsugaru Strait,7,14,9,0,11,30,41,238087,511141,15443,0,83438,764672,848110
chokepoint13,2026-03-14,Tsugaru Strait,12,13,18,3,15,46,61,501188,552382,15883,16113,174985,1085567,1260552
chokepoint13,2026-03-15,Tsugaru Strait,8,20,9,2,16,39,55,351318,798371,32048,530,517223,1182268,1699492
chokepoint13,2026-03-16,Tsugaru Strait,13,17,4,1,15,35,50,591365,383711,5448,0,68671,980525,1049196
chokepoint13,2026-03-17,Tsugaru Strait,15,10,16,4,15,45,60,573368,268948,30752,14092,36797,887161,923958
chokepoint13,2026-03-18,Tsugaru Strait,14,16,14,2,8,46,54,489979,350024,18451,7593,328380,866049,1194429
chokepoint13,2026-03-19,Tsugaru Strait,16,6,8,2,11,32,43,575750,144842,33408,10797,188301,764798,953100
chokepoint13,2026-03-20,Tsugaru Strait,8,8,1,2,7,19,26,353531,201507,3261,2969,46112,561270,607382
chokepoint13,2026-03-21,Tsugaru Strait,9,12,6,3,13,30,43,351512,531658,3361,5867,103762,892399,996161
chokepoint13,2026-03-22,Tsugaru Strait,11,16,13,6,18,46,64,322276,384343,36963,12251,206644,755834,962479
chokepoint13,2026-03-23,Tsugaru Strait,12,8,8,1,18,29,47,551724,448659,20657,0,39260,1021042,1060302
chokepoint13,2026-03-24,Tsugaru Strait,18,9,6,5,14,38,52,659756,237522,5731,17081,150642,920092,1070735
chokepoint13,2026-03-25,Tsugaru Strait,9,21,10,2,10,42,52,457947,928167,23438,1013,255926,1410566,1666492
chokepoint13,2026-03-26,Tsugaru Strait,17,12,4,1,15,34,49,496012,173895,5557,4587,214685,680051,894737
chokepoint13,2026-03-27,Tsugaru Strait,13,9,8,1,15,31,46,613969,352899,7653,4529,194728,979052,1173781
chokepoint13,2026-03-28,Tsugaru Strait,15,8,9,3,18,35,53,567788,209146,19664,7857,359809,804456,1164266
chokepoint13,2026-03-29,Tsugaru Strait,13,12,8,3,7,36,43,570064,448998,4975,15773,109264,1039812,1149077
chokepoint13,2026-03-30,Tsugaru Strait,7,17,7,3,14,34,48,195728,713673,27560,3878,134945,940841,1075786
chokepoint13,2026-03-31,Tsugaru Strait,15,13,7,4,15,39,54,566359,369588,23616,4641,204580,964206,1168786
chokepoint13,2026-04-01,Tsugaru Strait,11,10,11,5,13,37,50,454469,150794,9449,5433,60852,620146,680999
chokepoint13,2026-04-02,Tsugaru Strait,16,14,3,2,12,35,47,584915,475651,4362,0,144822,1064929,1209752
chokepoint13,2026-04-03,Tsugaru Strait,10,12,7,3,15,32,47,292977,498280,13051,0,151578,804309,955887
chokepoint13,2026-04-04,Tsugaru Strait,8,11,3,2,18,24,42,307541,379992,3053,4258,255503,694846,950350
chokepoint13,2026-04-05,Tsugaru Strait,13,16,2,1,15,32,47,397937,541468,0,5428,242010,944834,1186844
chokepoint13,2026-04-06,Tsugaru Strait,10,24,8,5,5,47,52,429348,707284,13418,16623,51519,1166674,1218193
chokepoint13,2026-04-07,Tsugaru Strait,14,10,2,5,7,31,38,641286,392414,1159,7336,335720,1042197,1377917
chokepoint13,2026-04-08,Tsugaru Strait,10,11,10,2,18,33,51,509750,374726,30837,7840,137851,923154,1061006
chokepoint13,2026-04-09,Tsugaru Strait,8,15,16,0,9,39,48,336506,614184,25178,0,25042,975869,1000912
chokepoint13,2026-04-10,Tsugaru Strait,9,11,4,3,5,27,32,428035,236427,6410,19318,49773,690191,739965
chokepoint13,2026-04-11,Tsugaru Strait,9,9,1,4,5,23,28,353059,252826,2128,4467,78578,612482,691060
chokepoint13,2026-04-12,Tsugaru Strait,13,8,5,3,10,29,39,713991,285742,5758,8143,156527,1013635,1170163
chokepoint13,2026-04-13,Tsugaru Strait,11,12,22,2,17,47,64,489998,583059,47938,11789,118820,1132786,1251607
chokepoint13,2026-04-14,Tsugaru Strait,8,12,5,5,13,30,43,364465,323683,15470,4584,53488,708204,761692
chokepoint13,2026-04-15,Tsugaru Strait,16,8,14,2,16,40,56,565096,266810,28785,6333,173656,867026,1040682
chokepoint13,2026-04-16,Tsugaru Strait,9,13,8,2,13,32,45,370939,320194,14843,10475,522952,716453,1239406
chokepoint13,2026-04-17,Tsugaru Strait,18,13,14,4,12,49,61,704948,376400,43656,8038,223704,1133043,1356747
chokepoint13,2026-04-18,Tsugaru Strait,14,15,6,3,12,38,50,567527,764558,17575,9043,253193,1358705,1611898
chokepoint13,2026-04-19,Tsugaru Strait,18,17,8,5,18,48,66,813259,632088,27225,17648,283643,1490221,1773865
chokepoint13,2026-04-20,Tsugaru Strait,10,13,13,3,11,39,50,322991,565000,48423,5897,162196,942313,1104510
chokepoint13,2026-04-21,Tsugaru Strait,13,10,3,5,9,31,40,547150,321891,1584,4062,209015,874690,1083705
chokepoint13,2026-04-22,Tsugaru Strait,15,10,9,0,13,34,47,572270,301366,6243,0,108352,879881,988234
chokepoint13,2026-04-23,Tsugaru Strait,16,10,13,1,15,40,55,695538,273375,15449,966,199913,985329,1185242
chokepoint13,2026-04-24,Tsugaru Strait,9,9,5,1,8,24,32,366738,296400,8054,0,90187,671194,761381
chokepoint13,2026-04-25,Tsugaru Strait,13,13,13,2,15,41,56,557882,494981,14908,10673,118418,1078445,1196864
chokepoint13,2026-04-26,Tsugaru Strait,20,13,5,2,19,40,59,867274,417991,11810,10184,540046,1307260,1847307
chokepoint13,2026-04-27,Tsugaru Strait,8,12,9,0,13,29,42,453095,418430,5515,0,150936,877041,1027977
chokepoint13,2026-04-28,Tsugaru Strait,10,11,6,6,12,33,45,288624,407056,9339,9800,197859,714821,912680
chokepoint13,2026-04-29,Tsugaru Strait,9,15,11,5,9,40,49,442322,679782,42167,14566,89543,1178838,1268381
chokepoint13,2026-04-30,Tsugaru Strait,8,13,6,1,5,28,33,340258,502502,3399,0,48250,846160,894410
chokepoint13,2026-05-01,Tsugaru Strait,10,14,6,1,5,31,36,443166,421409,32889,2031,57554,899496,957051
chokepoint13,2026-05-02,Tsugaru Strait,18,13,1,1,7,33,40,741286,215039,0,3881,65592,960207,1025800
chokepoint13,2026-05-03,Tsugaru Strait,8,15,12,4,14,39,53,433495,620752,7834,20440,188587,1082522,1271109
chokepoint13,2026-05-04,Tsugaru Strait,7,5,6,1,6,19,25,269105,186143,38483,0,198216,493732,691949
chokepoint13,2026-05-05,Tsugaru Strait,12,6,3,1,11,22,33,467304,281871,4250,0,243731,753425,997157
chokepoint13,2026-05-06,Tsugaru Strait,8,8,9,2,10,27,37,257479,356743,10870,4954,17998,630048,648046
chokepoint13,2026-05-07,Tsugaru Strait,12,13,6,3,8,34,42,609939,210235,32495,2031,61577,854701,916279
chokepoint13,2026-05-08,Tsugaru Strait,15,15,12,3,10,45,55,622308,412193,13721,5456,273760,1053680,1327441
chokepoint13,2026-05-09,Tsugaru Strait,8,9,8,1,13,26,39,451755,271541,31300,4343,129857,758941,888798
chokepoint13,2026-05-10,Tsugaru Strait,12,13,12,3,16,40,56,358986,403612,10138,10746,180962,783483,964446
chokepoint13,2026-05-11,Tsugaru Strait,12,15,5,4,11,36,47,347892,781181,2050,2031,384847,1133155,1518003
chokepoint13,2026-05-12,Tsugaru Strait,10,8,8,6,13,32,45,518222,247692,9286,19502,49089,794703,843792
chokepoint13,2026-05-13,Tsugaru Strait,9,19,7,1,16,36,52,383507,798937,8444,3430,262650,1194320,1456970
chokepoint13,2026-05-14,Tsugaru Strait,13,17,10,0,16,40,56,661543,562820,15251,0,183003,1239615,1422619
chokepoint13,2026-05-15,Tsugaru Strait,9,11,8,4,10,32,42,252456,244899,6521,3078,338782,506956,845739
chokepoint13,2026-05-16,Tsugaru Strait,19,18,12,8,13,57,70,812938,555368,35555,37265,527086,1441127,1968214
chokepoint13,2026-05-17,Tsugaru Strait,10,19,5,2,15,36,51,363010,687261,4906,502,96232,1055680,1151913
chokepoint13,2026-05-18,Tsugaru Strait,11,16,8,6,14,41,55,408740,608239,12678,8833,371066,1038493,1409559
chokepoint13,2026-05-19,Tsugaru Strait,11,13,6,5,20,35,55,422117,340986,9857,14105,457607,787067,1244675
chokepoint13,2026-05-20,Tsugaru Strait,13,17,10,1,14,41,55,550324,607011,13824,1643,151235,1172803,1324038
chokepoint13,2026-05-21,Tsugaru Strait,11,15,7,3,14,36,50,461478,525694,12973,4801,144058,1004948,1149006
chokepoint13,2026-05-22,Tsugaru Strait,15,11,12,5,9,43,52,579773,317216,13507,14676,119653,925174,1044828
chokepoint13,2026-05-23,Tsugaru Strait,14,6,7,3,9,30,39,429166,142214,5865,6640,151388,583886,735274
chokepoint13,2026-05-24,Tsugaru Strait,11,10,10,4,14,35,49,537443,310019,13405,15802,274578,876671,1151250
chokepoint13,2026-05-25,Tsugaru Strait,10,19,11,3,11,43,54,602833,759400,8868,8460,176034,1379563,1555597
chokepoint13,2026-05-26,Tsugaru Strait,8,17,5,5,13,35,48,208239,431700,3370,5774,189369,649085,838454
chokepoint13,2026-05-27,Tsugaru Strait,11,14,6,5,15,36,51,450644,487498,5318,966,477477,944427,1421905
chokepoint13,2026-05-28,Tsugaru Strait,6,11,10,3,12,30,42,287548,758996,19928,12400,332554,1078874,1411428
chokepoint13,2026-05-29,Tsugaru Strait,13,8,5,1,10,27,37,453092,372507,10459,4258,189328,840318,1029647
chokepoint13,2026-05-30,Tsugaru Strait,10,10,7,2,9,29,38,331754,339531,7842,14366,36984,693494,730478
chokepoint13,2026-05-31,Tsugaru Strait,16,14,8,2,16,40,56,603494,361780,8647,0,267331,973921,1241253
chokepoint14,2025-12-23,Luzon Strait,5,29,5,3,23,42,65,161865,2221081,29736,1917,1724072,2414601,4138673
chokepoint14,2025-12-24,Luzon Strait,7,30,3,0,20,40,60,79061,2460944,6879,0,962623,2546885,3509508
chokepoint14,2025-12-25,Luzon Strait,3,23,2,1,17,29,46,64877,1844430,32074,4229,427410,1945611,2373021
chokepoint14,2025-12-26,Luzon Strait,3,23,1,1,18,28,46,63275,1215814,8221,9087,609940,1296399,1906340
chokepoint14,2025-12-27,Luzon Strait,11,28,6,0,16,45,61,286772,2604825,65906,0,1615529,2957504,4573033
chokepoint14,2025-12-28,Luzon Strait,8,33,6,3,13,50,63,169197,2858298,27859,11043,1038050,3066399,4104449
chokepoint14,2025-12-29,Luzon Strait,14,32,7,2,18,55,73,592675,2678675,49265,2510,1210528,3323127,4533655
chokepoint14,2025-12-30,Luzon Strait,11,31,5,4,17,51,68,349604,2946752,27787,12664,908772,3336808,4245580
chokepoint14,2025-12-31,Luzon Strait,11,28,4,2,26,45,71,430180,3030951,2038,6322,1862128,3469492,5331620
chokepoint14,2026-01-01,Luzon Strait,5,35,1,2,31,43,74,114727,4143259,6252,9210,2063084,4273449,6336534
chokepoint14,2026-01-02,Luzon Strait,5,21,5,0,20,31,51,75187,1230792,18554,0,1684651,1324535,3009186
chokepoint14,2026-01-03,Luzon Strait,7,32,4,3,24,46,70,164647,2832929,18126,2949,2281483,3018652,5300135
chokepoint14,2026-01-04,Luzon Strait,9,33,8,4,17,54,71,196561,2800840,44592,10974,1424232,3052969,4477202
chokepoint14,2026-01-05,Luzon Strait,7,39,4,1,27,51,78,169461,3831714,22155,0,2041695,4023331,6065026
chokepoint14,2026-01-06,Luzon Strait,6,24,8,1,16,39,55,95097,1555197,85894,2618,548062,1738807,2286870
chokepoint14,2026-01-07,Luzon Strait,4,28,3,2,23,37,60,167345,2240101,6661,6492,2116951,2420601,4537552
chokepoint14,2026-01-08,Luzon Strait,9,22,2,1,20,34,54,325583,2047588,5886,0,1274748,2379058,3653807
chokepoint14,2026-01-09,Luzon Strait,11,32,12,1,22,56,78,244619,2521237,72039,0,1096387,2837896,3934284
chokepoint14,2026-01-10,Luzon Strait,7,31,5,3,20,46,66,128229,2318582,50447,8740,1352570,2505999,3858569
chokepoint14,2026-01-11,Luzon Strait,12,24,3,2,19,41,60,447736,1207486,24834,0,295550,1680057,1975608
chokepoint14,2026-01-12,Luzon Strait,11,34,9,6,19,60,79,235037,3229163,55468,23768,1690402,3543437,5233839
chokepoint14,2026-01-13,Luzon Strait,8,40,5,1,20,54,74,132367,2990801,19984,1849,2079762,3145003,5224765
chokepoint14,2026-01-14,Luzon Strait,5,32,2,1,26,40,66,156857,2599398,6388,2350,1305906,2764994,4070900
chokepoint14,2026-01-15,Luzon Strait,5,39,9,6,17,59,76,38510,4212931,70357,2166,986750,4323964,5310715
chokepoint14,2026-01-16,Luzon Strait,13,20,8,1,30,42,72,362187,1672359,91639,0,2102007,2126187,4228194
chokepoint14,2026-01-17,Luzon Strait,5,31,0,2,23,38,61,83570,2652832,0,11084,882634,2747488,3630122
chokepoint14,2026-01-18,Luzon Strait,1,27,2,4,31,34,65,18126,2402293,5405,10134,1488803,2435959,3924763
chokepoint14,2026-01-19,Luzon Strait,7,27,3,2,29,39,68,261935,1987474,14552,0,1166208,2263962,3430171
chokepoint14,2026-01-20,Luzon Strait,6,31,1,2,21,40,61,161252,1797063,6986,0,1732074,1965302,3697377
chokepoint14,2026-01-21,Luzon Strait,4,22,4,3,18,33,51,53267,1961259,21164,3454,1389272,2039145,3428418
chokepoint14,2026-01-22,Luzon Strait,8,27,4,5,22,44,66,362419,2578896,28409,22268,1331588,2991993,4323581
chokepoint14,2026-01-23,Luzon Strait,9,30,11,2,11,52,63,176786,2084094,43716,0,1272104,2304598,3576702
chokepoint14,2026-01-24,Luzon Strait,5,28,7,5,17,45,62,210118,2591319,32711,6842,866267,2840992,3707259
chokepoint14,2026-01-25,Luzon Strait,10,27,7,2,20,46,66,191911,2008443,29981,4089,1613202,2234427,3847629
chokepoint14,2026-01-26,Luzon Strait,6,24,6,3,26,39,65,150495,2122477,34078,6014,1857511,2313065,4170577
chokepoint14,2026-01-27,Luzon Strait,6,30,7,1,20,44,64,55758,3225745,32456,2397,1434384,3316358,4750742
chokepoint14,2026-01-28,Luzon Strait,6,31,4,3,19,44,63,400321,2529142,30720,10189,945934,2970374,3916308
chokepoint14,2026-01-29,Luzon Strait,11,33,8,1,23,53,76,233093,2689298,85566,3877,1803248,3011836,4815084
chokepoint14,2026-01-30,Luzon Strait,10,30,10,2,21,52,73,155809,2687611,68911,11309,1061789,2923641,3985431
chokepoint14,2026-01-31,Luzon Strait,13,24,5,1,22,43,65,348249,2077400,21174,0,1419036,2446825,3865861
chokepoint14,2026-02-01,Luzon Strait,9,29,3,4,15,45,60,129038,1970217,30772,13579,1361044,2143607,3504652
chokepoint14,2026-02-02,Luzon Strait,6,29,2,2,24,39,63,121905,3777101,18519,0,749230,3917526,4666757
chokepoint14,2026-02-03,Luzon Strait,6,24,13,4,12,47,59,204181,2053581,115959,11521,800789,2385243,3186033
chokepoint14,2026-02-04,Luzon Strait,9,28,5,4,17,46,63,235765,2747946,16477,11540,1063055,3011731,4074786
chokepoint14,2026-02-05,Luzon Strait,7,31,3,3,25,44,69,202786,2410852,15688,7311,1411681,2636638,4048319
chokepoint14,2026-02-06,Luzon Strait,5,32,4,1,23,42,65,102118,3413822,30275,0,1301567,3546216,4847784
chokepoint14,2026-02-07,Luzon Strait,4,30,0,2,17,36,53,32813,1960861,0,2510,665262,1996185,2661448
chokepoint14,2026-02-08,Luzon Strait,1,18,3,0,20,22,42,31756,2304386,25470,0,818396,2361613,3180009
chokepoint14,2026-02-09,Luzon Strait,6,22,5,3,16,36,52,127633,2528424,16579,9551,1054731,2682188,3736920
chokepoint14,2026-02-10,Luzon Strait,8,37,13,4,30,62,92,377895,3827261,134244,6779,2024705,4346181,6370886
chokepoint14,2026-02-11,Luzon Strait,7,35,7,0,24,49,73,159517,2621195,22630,0,2624469,2803343,5427813
chokepoint14,2026-02-12,Luzon Strait,10,35,4,3,24,52,76,188739,3681050,21618,2300,1658084,3893708,5551792
chokepoint14,2026-02-13,Luzon Strait,6,28,5,2,25,41,66,117972,2024007,30412,8328,980004,2180720,3160725
chokepoint14,2026-02-14,Luzon Strait,6,31,11,2,18,50,68,170542,1769652,72454,0,877704,2012649,2890353
chokepoint14,2026-02-15,Luzon Strait,7,19,12,11,24,49,73,145993,2550429,80230,35392,1117243,2812046,3929289
chokepoint14,2026-02-16,Luzon Strait,6,20,6,2,25,34,59,135527,1183400,41429,0,1058668,1360357,2419026
chokepoint14,2026-02-17,Luzon Strait,6,30,12,3,30,51,81,65219,1237387,61321,10777,1768967,1374705,3143672
chokepoint14,2026-02-18,Luzon Strait,5,28,1,3,20,37,57,121908,1386487,5445,0,1250714,1513841,2764556
chokepoint14,2026-02-19,Luzon Strait,5,24,10,3,21,42,63,118986,1607975,75938,10268,1195845,1813169,3009014
chokepoint14,2026-02-20,Luzon Strait,12,25,2,2,27,41,68,192834,1654209,0,0,1694883,1847044,3541927
chokepoint14,2026-02-21,Luzon Strait,6,22,5,6,24,39,63,191246,2045490,30309,13151,1417217,2280198,3697415
chokepoint14,2026-02-22,Luzon Strait,12,24,4,0,26,40,66,380986,2590062,21736,0,2687653,2992785,5680438
chokepoint14,2026-02-23,Luzon Strait,9,32,6,6,16,53,69,219433,2306797,38950,15872,908964,2581052,3490017
chokepoint14,2026-02-24,Luzon Strait,2,24,5,1,21,32,53,34110,1366338,23587,9425,1593910,1433462,3027373
chokepoint14,2026-02-25,Luzon Strait,10,38,6,4,28,58,86,204355,3408037,30959,9639,1303191,3652992,4956184
chokepoint14,2026-02-26,Luzon Strait,12,20,2,4,16,38,54,229460,1938591,977,12952,1033095,2181982,3215077
chokepoint14,2026-02-27,Luzon Strait,5,36,2,5,13,48,61,130091,3220553,20271,18432,801750,3389347,4191098
chokepoint14,2026-02-28,Luzon Strait,9,28,9,6,19,52,71,218804,2206902,57516,15001,1245100,2498224,3743325
chokepoint14,2026-03-01,Luzon Strait,12,24,5,4,16,45,61,256944,2212328,30777,12496,1303508,2512546,3816054
chokepoint14,2026-03-02,Luzon Strait,8,25,2,2,26,37,63,220982,1780463,15253,6292,1788271,2022991,3811263
chokepoint14,2026-03-03,Luzon Strait,10,22,7,3,23,42,65,217211,2421138,58495,13744,2114737,2710590,4825327
chokepoint14,2026-03-04,Luzon Strait,6,21,7,3,17,37,54,119812,1730583,24863,8817,643892,1884075,2527968
chokepoint14,2026-03-05,Luzon Strait,11,31,7,4,14,53,67,438681,3514309,42164,11942,1175399,4007097,5182496
chokepoint14,2026-03-06,Luzon Strait,11,23,7,1,24,42,66,283508,2242446,26358,6492,1529445,2558806,4088251
chokepoint14,2026-03-07,Luzon Strait,8,23,3,2,21,36,57,283477,1971316,7963,5728,1048884,2268485,3317369
chokepoint14,2026-03-08,Luzon Strait,13,38,8,3,21,62,83,191674,3463631,43680,6134,1013971,3705120,4719092
chokepoint14,2026-03-09,Luzon Strait,6,33,6,3,23,48,71,182284,2182959,34423,3884,1447081,2403552,3850634
chokepoint14,2026-03-10,Luzon Strait,6,25,5,2,17,38,55,337577,2188689,43765,9305,256261,2579337,2835599
chokepoint14,2026-03-11,Luzon Strait,6,29,2,2,23,39,62,122346,2221838,30441,14522,1588289,2389149,3977439
chokepoint14,2026-03-12,Luzon Strait,6,22,3,3,16,34,50,153044,1967727,13574,8908,1092448,2143255,3235704
chokepoint14,2026-03-13,Luzon Strait,3,23,2,1,10,29,39,48282,2064951,10268,0,638735,2123502,2762238
chokepoint14,2026-03-14,Luzon Strait,11,23,11,5,13,50,63,416933,2551141,55496,11386,827739,3034958,3862697
chokepoint14,2026-03-15,Luzon Strait,9,26,7,5,25,47,72,201509,2682265,45950,0,1147160,2929725,4076885
chokepoint14,2026-03-16,Luzon Strait,7,25,10,4,21,46,67,134642,1964337,38098,11230,1654193,2148308,3802501
chokepoint14,2026-03-17,Luzon Strait,10,27,8,5,17,50,67,238832,2623341,31785,13775,1118865,2907735,4026600
chokepoint14,2026-03-18,Luzon Strait,14,21,12,3,15,50,65,360841,1590117,110550,7676,972375,2069185,3041561
chokepoint14,2026-03-19,Luzon Strait,4,36,4,1,15,45,60,90449,2745296,51930,0,802075,2887676,3689752
chokepoint14,2026-03-20,Luzon Strait,12,23,8,4,14,47,61,337758,1608654,40307,11391,734377,1998111,2732488
chokepoint14,2026-03-21,Luzon Strait,12,21,5,2,21,40,61,317697,2094438,37316,2510,1030372,2451962,3482335
chokepoint14,2026-03-22,Luzon Strait,8,29,2,3,15,42,57,166165,2655008,5066,30332,929119,2856571,3785691
chokepoint14,2026-03-23,Luzon Strait,7,19,5,2,13,33,46,187954,985203,27710,13527,316712,1214396,1531108
chokepoint14,2026-03-24,Luzon Strait,5,21,5,2,15,33,48,242774,2045549,33457,5450,466019,2327230,2793249
chokepoint14,2026-03-25,Luzon Strait,9,24,6,3,15,42,57,185968,2243283,61667,1406,1135178,2492326,3627504
chokepoint14,2026-03-26,Luzon Strait,10,24,4,2,10,40,50,278990,2496993,18281,6595,439626,2800859,3240485
chokepoint14,2026-03-27,Luzon Strait,7,30,2,1,19,40,59,128338,1931892,15967,7267,301850,2083466,2385316
chokepoint14,2026-03-28,Luzon Strait,7,19,2,4,23,32,55,163219,2283648,20239,12278,1293320,2479386,3772706
chokepoint14,2026-03-29,Luzon Strait,6,20,8,5,19,39,58,140240,2187652,59121,16241,1137614,2403255,3540870
chokepoint14,2026-03-30,Luzon Strait,6,24,5,4,15,39,54,165414,1863215,33985,2609,463406,2065225,2528631
chokepoint14,2026-03-31,Luzon Strait,8,44,3,2,21,57,78,88954,3857757,43419,6149,846574,3996280,4842855
chokepoint14,2026-04-01,Luzon Strait,8,32,7,4,13,51,64,119490,2897111,48485,4855,1295062,3069942,4365005
chokepoint14,2026-04-02,Luzon Strait,8,30,2,3,9,43,52,281079,3299368,7370,10002,142980,3597820,3740800
chokepoint14,2026-04-03,Luzon Strait,8,29,5,5,13,47,60,188557,2569481,44323,13100,251454,2815463,3066917
chokepoint14,2026-04-04,Luzon Strait,11,25,4,7,20,47,67,287525,1593788,16793,13246,827585,1911354,2738939
chokepoint14,2026-04-05,Luzon Strait,8,13,5,1,11,27,38,213599,1380549,18217,2060,954059,1614426,2568486
chokepoint14,2026-04-06,Luzon Strait,7,17,8,4,14,36,50,145705,1326631,30046,24297,247633,1526680,1774313
chokepoint14,2026-04-07,Luzon Strait,8,34,4,4,16,50,66,314474,3425789,44837,8764,1034988,3793865,4828854
chokepoint14,2026-04-08,Luzon Strait,13,16,9,2,17,40,57,198082,1039513,46563,5583,652388,1289743,1942132
chokepoint14,2026-04-09,Luzon Strait,9,36,5,2,22,52,74,191183,3219286,28254,0,1019807,3438724,4458532
chokepoint14,2026-04-10,Luzon Strait,12,27,5,5,23,49,72,269357,3275339,48536,17079,1722083,3610312,5332395
chokepoint14,2026-04-11,Luzon Strait,5,29,5,1,11,40,51,84001,2205166,65799,2333,642517,2357301,2999819
chokepoint14,2026-04-12,Luzon Strait,9,28,6,6,19,49,68,248747,1699655,24035,4334,1306368,1976772,3283141
chokepoint14,2026-04-13,Luzon Strait,6,19,6,2,25,33,58,115140,1805737,5810,7686,1124918,1934374,3059293
chokepoint14,2026-04-14,Luzon Strait,6,28,2,1,17,37,54,131981,2007940,9589,1645,879805,2151156,3030961
chokepoint14,2026-04-15,Luzon Strait,7,31,9,2,18,49,67,94866,1808852,61023,0,866611,1964742,2831354
chokepoint14,2026-04-16,Luzon Strait,8,27,10,2,17,47,64,234002,3207352,73630,3226,538028,3518212,4056241
chokepoint14,2026-04-17,Luzon Strait,7,19,5,1,17,32,49,232549,1735546,29176,0,1933938,1997272,3931211
chokepoint14,2026-04-18,Luzon Strait,7,30,3,1,16,41,57,101526,2172101,13795,2510,913702,2289934,3203636
chokepoint14,2026-04-19,Luzon Strait,5,23,4,5,12,37,49,90355,1336475,19514,0,457949,1446345,1904295
chokepoint14,2026-04-20,Luzon Strait,5,21,4,2,19,32,51,65525,2715008,52354,10266,847645,2843156,3690801
chokepoint14,2026-04-21,Luzon Strait,5,17,6,3,22,31,53,313827,1621242,59723,9677,1237721,2004469,3242191
chokepoint14,2026-04-22,Luzon Strait,11,35,8,1,19,55,74,239386,2503671,55119,6540,1101834,2804717,3906551
chokepoint14,2026-04-23,Luzon Strait,7,29,4,3,23,43,66,125929,1548116,71820,4159,876058,1750026,2626084
chokepoint14,2026-04-24,Luzon Strait,5,18,5,3,7,31,38,61081,1593720,17643,2503,484315,1674949,2159265
chokepoint14,2026-04-25,Luzon Strait,7,24,4,2,23,37,60,114776,1867311,16757,0,1127166,1998845,3126011
chokepoint14,2026-04-26,Luzon Strait,10,16,3,4,17,33,50,333077,1632936,25644,10733,590271,2002392,2592663
chokepoint14,2026-04-27,Luzon Strait,8,39,6,1,14,54,68,193941,3399400,44957,4865,1142050,3643165,4785215
chokepoint14,2026-04-28,Luzon Strait,16,36,3,3,25,58,83,351734,3259398,24346,11932,1678872,3647413,5326285
chokepoint14,2026-04-29,Luzon Strait,9,40,7,3,17,59,76,263302,2712793,44602,7208,1280478,3027906,4308385
chokepoint14,2026-04-30,Luzon Strait,7,32,2,2,18,43,61,136301,2463082,17425,10779,684203,2627588,3311792
chokepoint14,2026-05-01,Luzon Strait,10,35,6,6,29,57,86,287205,2577770,37361,27234,1258608,2929572,4188181
chokepoint14,2026-05-02,Luzon Strait,16,40,1,6,19,63,82,462479,4037372,0,18144,1242307,4517996,5760303
chokepoint14,2026-05-03,Luzon Strait,12,35,5,4,27,56,83,438504,3494119,55490,4771,1538008,3992885,5530893
chokepoint14,2026-05-04,Luzon Strait,8,39,3,5,14,55,69,145741,3108793,7863,10180,612583,3272578,3885161
chokepoint14,2026-05-05,Luzon Strait,8,30,3,2,14,43,57,165975,2983379,14274,0,454714,3163628,3618343
chokepoint14,2026-05-06,Luzon Strait,14,36,5,3,21,58,79,318632,3611736,35762,8861,1250429,3974993,5225423
chokepoint14,2026-05-07,Luzon Strait,11,31,7,2,22,51,73,190758,3253399,56930,10392,1720526,3511481,5232007
chokepoint14,2026-05-08,Luzon Strait,10,34,4,4,14,52,66,374375,2377495,24174,6492,505599,2782538,3288137
chokepoint14,2026-05-09,Luzon Strait,11,40,3,7,20,61,81,287243,4047889,20946,14602,1236096,4370682,5606778
chokepoint14,2026-05-10,Luzon Strait,13,43,5,4,17,65,82,180647,4522607,35973,7014,579366,4746242,5325609
chokepoint14,2026-05-11,Luzon Strait,13,42,5,2,32,62,94,306994,4133331,26837,8553,1556963,4475716,6032679
chokepoint14,2026-05-12,Luzon Strait,4,33,5,3,24,45,69,129362,2857453,53357,2504,744048,3042678,3786726
chokepoint14,2026-05-13,Luzon Strait,12,33,7,3,18,55,73,221079,3179403,49434,2605,939273,3452523,4391796
chokepoint14,2026-05-14,Luzon Strait,10,40,3,4,27,57,84,233529,3700180,12471,16566,1017589,3962748,4980338
chokepoint14,2026-05-15,Luzon Strait,10,37,9,2,23,58,81,250053,3451694,82275,0,1943448,3784024,5727472
chokepoint14,2026-05-16,Luzon Strait,14,39,5,5,32,63,95,577688,4078407,23432,14558,2145844,4694086,6839930
chokepoint14,2026-05-17,Luzon Strait,4,34,2,4,21,44,65,188936,2610159,10188,6492,1556583,2815777,4372360
chokepoint14,2026-05-18,Luzon Strait,14,44,12,5,31,75,106,356256,4345459,68874,12621,1906040,4783212,6689252
chokepoint14,2026-05-19,Luzon Strait,15,41,5,2,19,63,82,243370,3921701,50698,0,853261,4215770,5069031
chokepoint14,2026-05-20,Luzon Strait,11,46,8,1,30,66,96,152497,4942791,41125,0,1683422,5136414,6819837
chokepoint14,2026-05-21,Luzon Strait,9,41,8,5,34,63,97,275874,4329551,55120,18362,1839123,4678908,6518032
chokepoint14,2026-05-22,Luzon Strait,9,40,11,7,29,67,96,162208,4067807,44610,20955,981507,4295582,5277089
chokepoint14,2026-05-23,Luzon Strait,12,50,4,6,35,72,107,395591,5565695,23269,29681,1477865,6014237,7492102
chokepoint14,2026-05-24,Luzon Strait,11,49,13,1,24,74,98,317590,3868762,88578,0,1011099,4274930,5286030
chokepoint14,2026-05-25,Luzon Strait,13,45,1,4,21,63,84,319094,4049182,4466,2944,1336442,4375689,5712132
chokepoint14,2026-05-26,Luzon Strait,10,49,9,2,28,70,98,276501,4978529,62096,4159,1860291,5321286,7181578
chokepoint14,2026-05-27,Luzon Strait,10,44,4,2,16,60,76,201290,3097302,40405,8481,947555,3347479,4295034
chokepoint14,2026-05-28,Luzon Strait,11,49,4,3,27,67,94,233357,3902348,32674,4288,1333012,4172668,5505680
chokepoint14,2026-05-29,Luzon Strait,7,46,4,3,23,60,83,124550,3001932,49771,6046,521267,3182301,3703569
chokepoint14,2026-05-30,Luzon Strait,7,35,1,2,16,45,61,165725,3884524,4906,9289,626926,4064445,4691372
chokepoint14,2026-05-31,Luzon Strait,2,29,0,1,28,32,60,57255,2899725,0,1554,1892593,2958534,4851128
chokepoint15,2025-12-23,Lombok Strait,0,33,2,1,11,36,47,0,3587532,4554,6710,433227,3598797,4032025
chokepoint15,2025-12-24,Lombok Strait,0,27,0,1,9,28,37,0,2692770,0,2367,43636,2695138,2738774
chokepoint15,2025-12-25,Lombok Strait,1,28,1,0,8,30,38,2201,3461771,5646,0,265524,3469619,3735144
chokepoint15,2025-12-26,Lombok Strait,0,29,1,0,7,30,37,0,3015185,0,0,187203,3015185,3202389
chokepoint15,2025-12-27,Lombok Strait,0,26,2,0,7,28,35,0,3458302,2054,0,220102,3460357,3680459
chokepoint15,2025-12-28,Lombok Strait,0,22,0,0,7,22,29,0,2626333,0,0,185213,2626333,2811546
chokepoint15,2025-12-29,Lombok Strait,1,35,0,0,7,36,43,2201,3115576,0,0,13582,3117778,3131361
chokepoint15,2025-12-30,Lombok Strait,0,41,0,0,4,41,45,0,4270695,0,0,41452,4270695,4312148
chokepoint15,2025-12-31,Lombok Strait,1,17,0,0,6,18,24,59093,1446561,0,0,76814,1505654,1582469
chokepoint15,2026-01-01,Lombok Strait,0,31,1,0,7,32,39,0,2990876,0,0,134582,2990876,3125459
chokepoint15,2026-01-02,Lombok Strait,0,28,4,1,9,33,42,0,3180461,19523,4210,64363,3204196,3268559
chokepoint15,2026-01-03,Lombok Strait,0,23,1,0,10,24,34,0,3032867,10599,0,369391,3043467,3412858
chokepoint15,2026-01-04,Lombok Strait,0,25,0,1,10,26,36,0,1272432,0,2879,603758,1275312,1879071
chokepoint15,2026-01-05,Lombok Strait,2,35,2,0,10,39,49,22504,4804525,2065,0,163781,4829095,4992877
chokepoint15,2026-01-06,Lombok Strait,0,26,0,0,7,26,33,0,4024129,0,0,280410,4024129,4304540
chokepoint15,2026-01-07,Lombok Strait,0,32,1,1,11,34,45,0,2884687,2489,5042,191280,2892220,3083500
chokepoint15,2026-01-08,Lombok Strait,0,28,1,0,4,29,33,0,2924127,6679,0,119248,2930807,3050055
chokepoint15,2026-01-09,Lombok Strait,0,29,1,0,8,30,38,0,3027824,7868,0,80162,3035693,3115855
chokepoint15,2026-01-10,Lombok Strait,0,30,0,0,6,30,36,0,1952112,0,0,58168,1952112,2010280
chokepoint15,2026-01-11,Lombok Strait,0,29,2,0,9,31,40,0,3169293,5378,0,285693,3174671,3460365
chokepoint15,2026-01-12,Lombok Strait,0,26,1,0,13,27,40,0,3488353,1792,0,373093,3490146,3863239
chokepoint15,2026-01-13,Lombok Strait,0,14,3,0,7,17,24,0,1612736,17594,0,5343,1630330,1635674
chokepoint15,2026-01-14,Lombok Strait,1,31,3,1,4,36,40,3114,2424556,4387,0,36192,2432058,2468250
chokepoint15,2026-01-15,Lombok Strait,0,36,3,0,7,39,46,0,3757642,21743,0,146312,3779386,3925698
chokepoint15,2026-01-16,Lombok Strait,0,20,1,0,10,21,31,0,2175262,6066,0,252769,2181329,2434098
chokepoint15,2026-01-17,Lombok Strait,0,34,5,0,9,39,48,0,2428686,27149,0,522344,2455836,2978180
chokepoint15,2026-01-18,Lombok Strait,0,33,1,0,8,34,42,0,2872773,0,0,118319,2872773,2991093
chokepoint15,2026-01-19,Lombok Strait,0,29,1,0,7,30,37,0,3329008,7074,0,114693,3336082,3450776
chokepoint15,2026-01-20,Lombok Strait,0,32,2,0,4,34,38,0,4680318,3120,0,36330,4683439,4719769
chokepoint15,2026-01-21,Lombok Strait,0,30,1,2,4,33,37,0,3411202,8634,3273,200784,3423109,3623894
chokepoint15,2026-01-22,Lombok Strait,0,26,3,0,8,29,37,0,2503501,29559,0,307262,2533061,2840323
chokepoint15,2026-01-23,Lombok Strait,1,27,1,0,10,29,39,3157,3491426,2998,0,352210,3497582,3849792
chokepoint15,2026-01-24,Lombok Strait,0,27,3,1,11,31,42,0,2544328,17445,4123,134361,2565897,2700259
chokepoint15,2026-01-25,Lombok Strait,0,26,1,0,8,27,35,0,1534455,2721,0,81595,1537176,1618771
chokepoint15,2026-01-26,Lombok Strait,0,21,1,0,8,22,30,0,2707734,1897,0,148883,2709631,2858515
chokepoint15,2026-01-27,Lombok Strait,0,29,3,0,7,32,39,0,2622391,5266,0,302283,2627658,2929941
chokepoint15,2026-01-28,Lombok Strait,0,24,1,0,6,25,31,0,3098686,2249,0,165363,3100936,3266299
chokepoint15,2026-01-29,Lombok Strait,0,28,1,0,12,29,41,0,2347049,0,0,110920,2347049,2457970
chokepoint15,2026-01-30,Lombok Strait,0,27,0,0,7,27,34,0,3978242,0,0,420608,3978242,4398850
chokepoint15,2026-01-31,Lombok Strait,0,31,3,0,5,34,39,0,3252912,24002,0,384767,3276914,3661682
chokepoint15,2026-02-01,Lombok Strait,1,31,1,0,6,33,39,46879,3542400,2846,0,169682,3592126,3761808
chokepoint15,2026-02-02,Lombok Strait,0,30,1,2,6,33,39,0,3732289,3891,4148,103450,3740329,3843779
chokepoint15,2026-02-03,Lombok Strait,0,36,0,1,10,37,47,0,2514660,0,0,106167,2514660,2620828
chokepoint15,2026-02-04,Lombok Strait,1,26,1,0,10,28,38,3114,2468562,2065,0,190087,2473741,2663829
chokepoint15,2026-02-05,Lombok Strait,0,23,1,0,6,24,30,0,1700787,2249,0,62076,1703036,1765112
chokepoint15,2026-02-06,Lombok Strait,1,28,0,1,9,30,39,2201,2827487,0,2562,393751,2832251,3226003
chokepoint15,2026-02-07,Lombok Strait,0,27,1,0,6,28,34,0,3204364,1049,0,13058,3205414,3218473
chokepoint15,2026-02-08,Lombok Strait,0,21,2,0,10,23,33,0,3639277,15102,0,166299,3654379,3820679
chokepoint15,2026-02-09,Lombok Strait,0,19,0,0,5,19,24,0,1518293,0,0,69934,1518293,1588228
chokepoint15,2026-02-10,Lombok Strait,0,16,2,0,4,18,22,0,977313,1564,0,88543,978878,1067421
chokepoint15,2026-02-11,Lombok Strait,0,19,3,0,9,22,31,0,1713643,9146,0,135201,1722790,1857991
chokepoint15,2026-02-12,Lombok Strait,0,17,3,0,11,20,31,0,1253154,11961,0,172335,1265115,1437450
chokepoint15,2026-02-13,Lombok Strait,0,26,1,1,5,28,33,0,2517072,2249,0,6130,2519321,2525452
chokepoint15,2026-02-14,Lombok Strait,2,19,1,0,11,22,33,57572,3272162,7974,0,87962,3337709,3425672
chokepoint15,2026-02-15,Lombok Strait,0,22,1,1,7,24,31,0,2156459,0,4210,138679,2160670,2299349
chokepoint15,2026-02-16,Lombok Strait,0,28,3,1,8,32,40,0,3077993,12443,4261,319526,3094698,3414225
chokepoint15,2026-02-17,Lombok Strait,0,26,1,0,8,27,35,0,3853146,5010,0,102669,3858157,3960827
chokepoint15,2026-02-18,Lombok Strait,0,29,0,1,9,30,39,0,3517572,0,7210,130742,3524782,3655525
chokepoint15,2026-02-19,Lombok Strait,0,22,3,0,7,25,32,0,1864717,2065,0,102559,1866783,1969342
chokepoint15,2026-02-20,Lombok Strait,0,39,4,0,10,43,53,0,3699304,29096,0,184110,3728401,3912511
chokepoint15,2026-02-21,Lombok Strait,0,22,1,0,7,23,30,0,2756890,3120,0,156992,2760011,2917004
chokepoint15,2026-02-22,Lombok Strait,1,28,0,0,5,29,34,1821,3103223,0,0,52191,3105045,3157236
chokepoint15,2026-02-23,Lombok Strait,1,23,0,1,11,25,36,4749,2502201,0,0,190933,2506951,2697885
chokepoint15,2026-02-24,Lombok Strait,0,24,2,0,7,26,33,0,2670588,9490,0,14996,2680079,2695075
chokepoint15,2026-02-25,Lombok Strait,0,29,0,0,3,29,32,0,2222321,0,0,152916,2222321,2375238
chokepoint15,2026-02-26,Lombok Strait,0,22,2,0,8,24,32,0,2108419,7173,0,52170,2115593,2167763
chokepoint15,2026-02-27,Lombok Strait,0,28,0,1,8,29,37,0,3443367,0,0,119457,3443367,3562825
chokepoint15,2026-02-28,Lombok Strait,0,37,2,0,7,39,46,0,3674504,6406,0,125358,3680910,3806268
chokepoint15,2026-03-01,Lombok Strait,1,24,3,0,7,28,35,816,2032189,13686,0,199003,2046692,2245696
chokepoint15,2026-03-02,Lombok Strait,0,24,3,1,6,28,34,0,2574564,40814,0,117392,2615378,2732770
chokepoint15,2026-03-03,Lombok Strait,0,27,2,1,8,30,38,0,3414734,8929,0,127486,3423663,3551150
chokepoint15,2026-03-04,Lombok Strait,0,20,3,0,7,23,30,0,1696267,9825,0,225854,1706092,1931946
chokepoint15,2026-03-05,Lombok Strait,0,28,1,0,8,29,37,0,1648047,0,0,208234,1648047,1856282
chokepoint15,2026-03-06,Lombok Strait,0,20,1,1,11,22,33,0,2204004,5378,4759,247100,2214143,2461243
chokepoint15,2026-03-07,Lombok Strait,0,36,2,0,5,38,43,0,1880999,0,0,81061,1880999,1962060
chokepoint15,2026-03-08,Lombok Strait,1,29,1,1,8,32,40,6480,3237823,3896,0,154790,3248201,3402991
chokepoint15,2026-03-09,Lombok Strait,0,20,1,0,10,21,31,0,2271320,0,0,173711,2271320,2445031
chokepoint15,2026-03-10,Lombok Strait,0,30,1,0,5,31,36,0,3946272,2108,0,120059,3948380,4068439
chokepoint15,2026-03-11,Lombok Strait,0,25,1,0,10,26,36,0,2694056,17661,0,157181,2711717,2868899
chokepoint15,2026-03-12,Lombok Strait,1,25,6,0,13,32,45,2201,1860419,14153,0,56390,1876774,1933165
chokepoint15,2026-03-13,Lombok Strait,0,36,1,0,9,37,46,0,3436933,0,0,106690,3436933,3543623
chokepoint15,2026-03-14,Lombok Strait,0,31,0,0,9,31,40,0,3194988,0,0,184753,3194988,3379741
chokepoint15,2026-03-15,Lombok Strait,0,28,2,0,7,30,37,0,2539279,6785,0,11454,2546065,2557520
chokepoint15,2026-03-16,Lombok Strait,0,36,1,0,8,37,45,0,3765039,2660,0,203124,3767700,3970825
chokepoint15,2026-03-17,Lombok Strait,0,33,2,0,5,35,40,0,3746920,6098,0,140439,3753018,3893458
chokepoint15,2026-03-18,Lombok Strait,0,27,1,0,9,28,37,0,2548492,1049,0,356724,2549542,2906266
chokepoint15,2026-03-19,Lombok Strait,0,36,1,1,7,38,45,0,3300840,2065,0,161280,3302906,3464186
chokepoint15,2026-03-20,Lombok Strait,0,21,3,0,12,24,36,0,2826156,11250,0,180166,2837407,3017573
chokepoint15,2026-03-21,Lombok Strait,0,27,2,0,8,29,37,0,2445562,12650,0,170032,2458212,2628244
chokepoint15,2026-03-22,Lombok Strait,0,25,1,1,8,27,35,0,2462634,0,0,608051,2462634,3070686
chokepoint15,2026-03-23,Lombok Strait,0,37,1,1,8,39,47,0,2969560,840,4210,341732,2974611,3316343
chokepoint15,2026-03-24,Lombok Strait,0,25,0,0,6,25,31,0,2878610,0,0,58337,2878610,2936947
chokepoint15,2026-03-25,Lombok Strait,0,31,1,0,12,32,44,0,3521370,3120,0,145764,3524490,3670255
chokepoint15,2026-03-26,Lombok Strait,0,35,4,0,6,39,45,0,3571030,9857,0,208427,3580887,3789314
chokepoint15,2026-03-27,Lombok Strait,0,21,0,0,5,21,26,0,1395578,0,0,124895,1395578,1520474
chokepoint15,2026-03-28,Lombok Strait,0,13,4,0,6,17,23,0,918921,32257,0,241105,951178,1192284
chokepoint15,2026-03-29,Lombok Strait,0,19,1,1,4,21,25,0,890965,19754,0,7259,910720,917979
chokepoint15,2026-03-30,Lombok Strait,1,22,4,0,8,27,35,2074,1851355,26395,0,122079,1879825,2001904
chokepoint15,2026-03-31,Lombok Strait,0,16,3,0,11,19,30,0,1344928,10036,0,129389,1354965,1484354
chokepoint15,2026-04-01,Lombok Strait,0,14,2,1,8,17,25,0,2259746,4871,0,89534,2264617,2354151
chokepoint15,2026-04-02,Lombok Strait,0,24,1,0,9,25,34,0,2560840,0,0,488943,2560840,3049783
chokepoint15,2026-04-03,Lombok Strait,0,29,3,1,13,33,46,0,3267794,6923,0,288784,3274718,3563503
chokepoint15,2026-04-04,Lombok Strait,0,26,1,0,6,27,33,0,3283406,2477,0,244514,3285883,3530398
chokepoint15,2026-04-05,Lombok Strait,0,26,3,0,12,29,41,0,2012693,9228,0,124826,2021921,2146747
chokepoint15,2026-04-06,Lombok Strait,0,20,3,0,7,23,30,0,2370234,8755,0,234549,2378990,2613540
chokepoint15,2026-04-07,Lombok Strait,0,25,3,0,5,28,33,0,2229248,5094,0,292126,2234343,2526470
chokepoint15,2026-04-08,Lombok Strait,1,26,1,2,6,30,36,2201,2014385,6146,4913,125644,2027647,2153292
chokepoint15,2026-04-09,Lombok Strait,0,27,1,0,5,28,33,0,2223511,7271,0,155403,2230782,2386186
chokepoint15,2026-04-10,Lombok Strait,0,26,0,0,8,26,34,0,2796945,0,0,301995,2796945,3098940
chokepoint15,2026-04-11,Lombok Strait,0,24,2,0,12,26,38,0,3615191,16778,0,315886,3631969,3947856
chokepoint15,2026-04-12,Lombok Strait,0,22,2,0,12,24,36,0,2498974,6296,0,71640,2505270,2576911
chokepoint15,2026-04-13,Lombok Strait,0,21,3,0,8,24,32,0,2423477,8091,0,92356,2431569,2523926
chokepoint15,2026-04-14,Lombok Strait,1,27,1,0,9,29,38,3481,2815093,2065,0,189230,2820640,3009870
chokepoint15,2026-04-15,Lombok Strait,1,25,1,0,5,27,32,2201,1539823,2469,0,62501,1544494,1606995
chokepoint15,2026-04-16,Lombok Strait,0,28,1,1,7,30,37,0,2743683,1514,5618,86104,2750816,2836921
chokepoint15,2026-04-17,Lombok Strait,0,34,2,0,8,36,44,0,3684716,4161,0,201958,3688878,3890837
chokepoint15,2026-04-18,Lombok Strait,0,30,3,0,8,33,41,0,2518903,6979,0,135389,2525883,2661272
chokepoint15,2026-04-19,Lombok Strait,0,32,2,0,6,34,40,0,3012310,5633,0,39897,3017944,3057841
chokepoint15,2026-04-20,Lombok Strait,0,27,4,1,8,32,40,0,2538451,28244,0,122794,2566695,2689490
chokepoint15,2026-04-21,Lombok Strait,0,35,3,0,6,38,44,0,3031535,2799,0,3877,3034335,3038213
chokepoint15,2026-04-22,Lombok Strait,0,23,1,0,8,24,32,0,1816707,6146,0,360159,1822854,2183014
chokepoint15,2026-04-23,Lombok Strait,0,24,0,0,7,24,31,0,1956942,0,0,39917,1956942,1996860
chokepoint15,2026-04-24,Lombok Strait,0,28,1,0,7,29,36,0,2540305,6262,0,111494,2546567,2658061
chokepoint15,2026-04-25,Lombok Strait,1,23,1,0,6,25,31,2201,2981829,4536,0,149642,2988567,3138210
chokepoint15,2026-04-26,Lombok Strait,0,30,0,0,12,30,42,0,4030388,0,0,122295,4030388,4152684
chokepoint15,2026-04-27,Lombok Strait,0,26,2,1,10,29,39,0,3271574,2065,0,233690,3273640,3507331
chokepoint15,2026-04-28,Lombok Strait,0,26,1,0,5,27,32,0,2996196,3120,0,2909,2999317,3002226
chokepoint15,2026-04-29,Lombok Strait,0,33,1,1,10,35,45,0,3761732,2249,6180,296695,3770162,4066857
chokepoint15,2026-04-30,Lombok Strait,0,23,3,1,11,27,38,0,2384372,6918,0,67394,2391290,2458685
chokepoint15,2026-05-01,Lombok Strait,0,27,1,1,6,29,35,0,2649746,0,4210,52065,2653956,2706022
chokepoint15,2026-05-02,Lombok Strait,1,23,1,0,12,25,37,1947,2181805,13619,0,339985,2197373,2537359
chokepoint15,2026-05-03,Lombok Strait,0,36,5,0,8,41,49,0,3760786,29676,0,174490,3790463,3964953
chokepoint15,2026-05-04,Lombok Strait,0,25,3,0,12,28,40,0,3285500,2815,0,498473,3288315,3786789
chokepoint15,2026-05-05,Lombok Strait,0,25,2,4,8,31,39,0,3731637,22735,7556,62548,3761928,3824477
chokepoint15,2026-05-06,Lombok Strait,0,22,2,0,5,24,29,0,2211973,961,0,157055,2212934,2369990
chokepoint15,2026-05-07,Lombok Strait,0,30,1,0,8,31,39,0,2842084,15108,0,87626,2857193,2944819
chokepoint15,2026-05-08,Lombok Strait,1,23,1,0,7,25,32,6938,2136035,0,0,95134,2142974,2238108
chokepoint15,2026-05-09,Lombok Strait,1,28,0,0,7,29,36,2201,2613663,0,0,115059,2615865,2730924
chokepoint15,2026-05-10,Lombok Strait,0,25,4,0,10,29,39,0,2047296,7550,0,394773,2054846,2449620
chokepoint15,2026-05-11,Lombok Strait,0,19,2,0,6,21,27,0,1835949,8760,0,89569,1844709,1934278
chokepoint15,2026-05-12,Lombok Strait,0,28,1,0,7,29,36,0,3840673,961,0,145572,3841634,3987207
chokepoint15,2026-05-13,Lombok Strait,0,21,1,0,7,22,29,0,2569168,4536,0,61704,2573704,2635408
chokepoint15,2026-05-14,Lombok Strait,0,33,3,1,9,37,46,0,2742641,26364,0,81024,2769005,2850030
chokepoint15,2026-05-15,Lombok Strait,0,23,0,0,8,23,31,0,1932756,0,0,116742,1932756,2049499
chokepoint15,2026-05-16,Lombok Strait,1,31,4,0,5,36,41,2074,3808176,20578,0,180740,3830829,4011569
chokepoint15,2026-05-17,Lombok Strait,0,30,0,0,8,30,38,0,2526607,0,0,87437,2526607,2614045
chokepoint15,2026-05-18,Lombok Strait,0,27,2,0,9,29,38,0,2391891,5003,0,65948,2396894,2462843
chokepoint15,2026-05-19,Lombok Strait,0,23,4,1,13,28,41,0,2446647,5475,3920,133717,2456043,2589761
chokepoint15,2026-05-20,Lombok Strait,0,25,0,0,4,25,29,0,2529155,0,0,86516,2529155,2615672
chokepoint15,2026-05-21,Lombok Strait,0,25,0,0,6,25,31,0,2376386,0,0,107972,2376386,2484359
chokepoint15,2026-05-22,Lombok Strait,0,34,2,0,9,36,45,0,5123971,4310,0,100684,5128282,5228966
chokepoint15,2026-05-23,Lombok Strait,1,28,1,0,9,30,39,2201,3165365,2065,0,190006,3169632,3359639
chokepoint15,2026-05-24,Lombok Strait,0,25,1,0,7,26,33,0,2526308,3416,0,139538,2529725,2669263
chokepoint15,2026-05-25,Lombok Strait,1,17,0,0,4,18,22,0,1796171,0,0,104513,1796171,1900685
chokepoint15,2026-05-26,Lombok Strait,0,31,0,0,11,31,42,0,4187899,0,0,373408,4187899,4561307
chokepoint15,2026-05-27,Lombok Strait,0,29,2,1,4,32,36,0,3224896,6212,0,45814,3231108,3276923
chokepoint15,2026-05-28,Lombok Strait,0,33,1,0,5,34,39,0,4164204,3420,0,207952,4167624,4375577
chokepoint15,2026-05-29,Lombok Strait,0,32,0,0,9,32,41,0,4572557,0,0,245253,4572557,4817811
chokepoint15,2026-05-30,Lombok Strait,1,31,0,0,4,32,36,28783,2117913,0,0,43659,2146696,2190356
chokepoint15,2026-05-31,Lombok Strait,2,27,1,1,7,31,38,3019,1882676,2070,267,43132,1888033,1931166
chokepoint16,2025-12-23,Ombai Strait,1,7,1,0,4,9,13,31973,2144788,4010,0,160684,2180773,2341458
chokepoint16,2025-12-24,Ombai Strait,3,5,1,0,4,9,13,37445,348660,2654,0,166271,388761,555032
chokepoint16,2025-12-25,Ombai Strait,0,2,0,0,5,2,7,0,1385532,0,0,92032,1385532,1477564
chokepoint16,2025-12-26,Ombai Strait,1,5,0,0,1,6,7,5020,338193,0,0,0,343213,343213
chokepoint16,2025-12-27,Ombai Strait,1,2,1,0,6,4,10,29692,286751,4824,0,175209,321268,496478
chokepoint16,2025-12-28,Ombai Strait,2,4,0,0,3,6,9,37258,236272,0,0,11410,273530,284941
chokepoint16,2025-12-29,Ombai Strait,1,10,0,0,3,11,14,0,549777,0,0,80717,549777,630494
chokepoint16,2025-12-30,Ombai Strait,0,6,0,0,9,6,15,0,498586,0,0,125081,498586,623668
chokepoint16,2025-12-31,Ombai Strait,1,9,0,0,6,10,16,43987,475892,0,0,67533,519880,587413
chokepoint16,2026-01-01,Ombai Strait,0,2,1,0,3,3,6,0,1371532,0,0,7487,1371532,1379020
chokepoint16,2026-01-02,Ombai Strait,2,6,0,0,7,8,15,12452,230513,0,0,289371,242966,532337
chokepoint16,2026-01-03,Ombai Strait,2,5,2,0,3,9,12,41196,502463,12599,0,41845,556259,598105
chokepoint16,2026-01-04,Ombai Strait,1,3,1,1,4,6,10,2852,572413,3549,4301,58562,583116,641679
chokepoint16,2026-01-05,Ombai Strait,2,4,1,0,4,7,11,29238,1309554,2499,0,153117,1341293,1494410
chokepoint16,2026-01-06,Ombai Strait,2,2,0,0,2,4,6,34748,177158,0,0,0,211906,211906
chokepoint16,2026-01-07,Ombai Strait,0,7,1,0,3,8,11,0,198756,9547,0,40594,208304,248898
chokepoint16,2026-01-08,Ombai Strait,0,4,0,0,7,4,11,0,454493,0,0,205636,454493,660130
chokepoint16,2026-01-09,Ombai Strait,2,4,0,0,1,6,7,56295,210479,0,0,0,266775,266775
chokepoint16,2026-01-10,Ombai Strait,1,3,0,0,2,4,6,31456,1579482,0,0,0,1610938,1610938
chokepoint16,2026-01-11,Ombai Strait,1,2,0,0,7,3,10,19834,1269753,0,0,11991,1289588,1301579
chokepoint16,2026-01-12,Ombai Strait,0,1,4,0,4,5,9,0,0,11711,0,197196,11711,208907
chokepoint16,2026-01-13,Ombai Strait,0,6,0,0,2,6,8,0,1612263,0,0,152816,1612263,1765080
chokepoint16,2026-01-14,Ombai Strait,3,2,1,0,2,6,8,45451,0,1931,0,0,47382,47382
chokepoint16,2026-01-15,Ombai Strait,1,4,1,0,4,6,10,43987,590334,0,0,91527,634321,725848
chokepoint16,2026-01-16,Ombai Strait,1,4,0,0,7,5,12,24910,33128,0,0,94684,58039,152724
chokepoint16,2026-01-17,Ombai Strait,2,2,1,0,5,5,10,62739,345789,799,0,114469,409328,523797
chokepoint16,2026-01-18,Ombai Strait,5,2,1,0,2,8,10,70919,71750,17602,0,0,160272,160272
chokepoint16,2026-01-19,Ombai Strait,1,4,0,0,3,5,8,1944,405217,0,0,90660,407161,497822
chokepoint16,2026-01-20,Ombai Strait,2,4,1,0,2,7,9,19721,1779712,5023,0,41518,1804457,1845976
chokepoint16,2026-01-21,Ombai Strait,1,4,0,0,5,5,10,29090,1480352,0,0,154497,1509442,1663939
chokepoint16,2026-01-22,Ombai Strait,1,1,0,0,6,2,8,0,37014,0,0,73815,37014,110829
chokepoint16,2026-01-23,Ombai Strait,1,3,1,0,4,5,9,4332,401877,20481,0,49163,426691,475854
chokepoint16,2026-01-24,Ombai Strait,2,2,0,0,3,4,7,85870,441616,0,0,0,527487,527487
chokepoint16,2026-01-25,Ombai Strait,1,4,1,0,5,6,11,20463,504867,491,0,4494,525821,530316
chokepoint16,2026-01-26,Ombai Strait,0,5,1,0,1,6,7,0,368626,0,0,0,368626,368626
chokepoint16,2026-01-27,Ombai Strait,1,3,1,1,6,6,12,2852,196468,815,0,263539,200136,463676
chokepoint16,2026-01-28,Ombai Strait,1,6,0,0,4,7,11,25008,350692,0,0,81377,375701,457079
chokepoint16,2026-01-29,Ombai Strait,0,2,0,0,0,2,2,0,1472155,0,0,0,1472155,1472155
chokepoint16,2026-01-30,Ombai Strait,3,7,1,0,3,11,14,43783,1675120,0,0,0,1718904,1718904
chokepoint16,2026-01-31,Ombai Strait,0,1,1,0,4,2,6,0,0,9936,0,84609,9936,94545
chokepoint16,2026-02-01,Ombai Strait,1,4,0,0,7,5,12,26419,94904,0,0,211182,121323,332506
chokepoint16,2026-02-02,Ombai Strait,1,2,1,0,6,4,10,26152,219588,749,0,55799,246491,302290
chokepoint16,2026-02-03,Ombai Strait,1,5,0,0,2,6,8,7398,235315,0,0,0,242714,242714
chokepoint16,2026-02-04,Ombai Strait,3,5,0,0,3,8,11,55583,661788,0,0,0,717372,717372
chokepoint16,2026-02-05,Ombai Strait,1,6,0,0,5,7,12,891,296625,0,0,19746,297516,317263
chokepoint16,2026-02-06,Ombai Strait,1,2,1,0,5,4,9,41664,242095,4307,0,201361,288067,489428
chokepoint16,2026-02-07,Ombai Strait,1,0,1,0,4,2,6,19910,0,0,0,177356,19910,197267
chokepoint16,2026-02-08,Ombai Strait,1,2,0,1,3,4,7,3753,0,0,2892,201975,6646,208622
chokepoint16,2026-02-09,Ombai Strait,2,2,0,0,3,4,7,30101,0,0,0,172554,30101,202656
chokepoint16,2026-02-10,Ombai Strait,1,0,0,0,5,1,6,6938,0,0,0,160575,6938,167513
chokepoint16,2026-02-11,Ombai Strait,2,6,1,0,2,9,11,34148,34096,2499,0,0,70744,70744
chokepoint16,2026-02-12,Ombai Strait,3,4,1,0,4,8,12,56050,36503,815,0,7487,93369,100857
chokepoint16,2026-02-13,Ombai Strait,1,3,0,0,3,4,7,29036,293164,0,0,90009,322201,412211
chokepoint16,2026-02-14,Ombai Strait,1,4,0,0,2,5,7,5020,313371,0,0,83389,318391,401781
chokepoint16,2026-02-15,Ombai Strait,1,6,1,0,0,8,8,16699,1442226,5023,0,0,1463950,1463950
chokepoint16,2026-02-16,Ombai Strait,0,3,1,0,5,4,9,0,20302,649,0,45475,20951,66426
chokepoint16,2026-02-17,Ombai Strait,2,4,0,0,2,6,8,36712,85371,0,0,44219,122084,166304
chokepoint16,2026-02-18,Ombai Strait,0,7,0,0,3,7,10,0,253044,0,0,87908,253044,340952
chokepoint16,2026-02-19,Ombai Strait,1,5,0,0,5,6,11,7398,1672811,0,0,79615,1680209,1759825
chokepoint16,2026-02-20,Ombai Strait,2,6,0,0,1,8,9,8672,791115,0,0,0,799788,799788
chokepoint16,2026-02-21,Ombai Strait,1,4,0,0,7,5,12,6739,1293321,0,0,68924,1300061,1368985
chokepoint16,2026-02-22,Ombai Strait,0,8,0,0,4,8,12,0,1866987,0,0,148361,1866987,2015348
chokepoint16,2026-02-23,Ombai Strait,0,1,0,0,2,1,3,0,162536,0,0,73740,162536,236277
chokepoint16,2026-02-24,Ombai Strait,1,3,0,0,4,4,8,28788,2808433,0,0,94245,2837222,2931467
chokepoint16,2026-02-25,Ombai Strait,2,4,1,0,4,7,11,51985,200280,3479,0,154403,255745,410149
chokepoint16,2026-02-26,Ombai Strait,3,6,0,0,5,9,14,6873,682803,0,0,163174,689677,852851
chokepoint16,2026-02-27,Ombai Strait,2,4,1,0,5,7,12,52492,204334,2728,0,192809,259554,452363
chokepoint16,2026-02-28,Ombai Strait,1,9,1,0,6,11,17,34161,1920733,810,0,90009,1955705,2045714
chokepoint16,2026-03-01,Ombai Strait,0,4,0,0,4,4,8,0,1896002,0,0,84915,1896002,1980918
chokepoint16,2026-03-02,Ombai Strait,1,6,1,0,4,8,12,0,1652919,0,0,146066,1652919,1798986
chokepoint16,2026-03-03,Ombai Strait,0,3,0,0,3,3,6,0,475697,0,0,84434,475697,560131
chokepoint16,2026-03-04,Ombai Strait,1,6,0,0,7,7,14,29090,1209277,0,0,144234,1238367,1382601
chokepoint16,2026-03-05,Ombai Strait,0,2,0,0,1,2,3,0,124352,0,0,0,124352,124352
chokepoint16,2026-03-06,Ombai Strait,1,6,1,1,4,9,13,29716,1762775,2926,3738,165803,1799156,1964960
chokepoint16,2026-03-07,Ombai Strait,0,4,0,0,1,4,5,0,55861,0,0,87798,55861,143659
chokepoint16,2026-03-08,Ombai Strait,1,1,1,0,3,3,6,6938,242576,0,0,0,249515,249515
chokepoint16,2026-03-09,Ombai Strait,1,3,2,0,3,6,9,21648,115776,7331,0,89962,144757,234719
chokepoint16,2026-03-10,Ombai Strait,1,5,0,0,2,6,8,3550,1735769,0,0,0,1739319,1739319
chokepoint16,2026-03-11,Ombai Strait,1,4,0,0,2,5,7,13121,225799,0,0,68165,238921,307086
chokepoint16,2026-03-12,Ombai Strait,0,2,1,1,4,4,8,0,352690,2152,2945,45663,357789,403452
chokepoint16,2026-03-13,Ombai Strait,2,4,0,0,3,6,9,27132,391658,0,0,34969,418791,453760
chokepoint16,2026-03-14,Ombai Strait,1,8,1,0,4,10,14,1002,2575988,491,0,96511,2577481,2673993
chokepoint16,2026-03-15,Ombai Strait,4,1,0,0,4,5,9,67940,76238,0,0,48555,144179,192735
chokepoint16,2026-03-16,Ombai Strait,0,4,0,0,5,4,9,0,427876,0,0,5236,427876,433113
chokepoint16,2026-03-17,Ombai Strait,2,5,2,0,2,9,11,67279,320381,11697,0,88196,399358,487555
chokepoint16,2026-03-18,Ombai Strait,0,4,0,0,0,4,4,0,308963,0,0,0,308963,308963
chokepoint16,2026-03-19,Ombai Strait,1,4,0,0,4,5,9,10046,466378,0,0,49095,476425,525521
chokepoint16,2026-03-20,Ombai Strait,2,4,0,0,4,6,10,53486,204935,0,0,8043,258422,266465
chokepoint16,2026-03-21,Ombai Strait,3,4,0,1,2,8,10,59466,270551,0,2214,0,332231,332231
chokepoint16,2026-03-22,Ombai Strait,0,10,0,0,4,10,14,0,2494741,0,0,197709,2494741,2692450
chokepoint16,2026-03-23,Ombai Strait,0,3,0,0,1,3,4,0,0,0,0,87718,0,87718
chokepoint16,2026-03-24,Ombai Strait,1,5,0,0,0,6,6,27464,1677334,0,0,0,1704798,1704798
chokepoint16,2026-03-25,Ombai Strait,2,5,0,0,5,7,12,42476,1572476,0,0,0,1614953,1614953
chokepoint16,2026-03-26,Ombai Strait,1,3,1,0,3,5,8,42340,199815,6089,0,122614,248246,370860
chokepoint16,2026-03-27,Ombai Strait,0,2,0,0,2,2,4,0,31583,0,0,0,31583,31583
chokepoint16,2026-03-28,Ombai Strait,2,4,2,0,6,8,14,32367,112823,4559,0,215339,149750,365090
chokepoint16,2026-03-29,Ombai Strait,1,3,2,0,5,6,11,4332,887934,2108,0,16630,894374,911005
chokepoint16,2026-03-30,Ombai Strait,2,2,0,0,0,4,4,11249,33854,0,0,0,45103,45103
chokepoint16,2026-03-31,Ombai Strait,0,6,1,0,5,7,12,0,401629,9334,0,234857,410964,645821
chokepoint16,2026-04-01,Ombai Strait,1,2,0,0,4,3,7,31859,239084,0,0,68371,270944,339315
chokepoint16,2026-04-02,Ombai Strait,3,1,0,0,2,4,6,77334,1256491,0,0,0,1333825,1333825
chokepoint16,2026-04-03,Ombai Strait,2,4,0,0,2,6,8,14138,50737,0,0,21513,64876,86389
chokepoint16,2026-04-04,Ombai Strait,1,1,2,1,4,5,9,31456,0,5905,3441,209551,40803,250354
chokepoint16,2026-04-05,Ombai Strait,0,8,0,1,6,9,15,0,1782896,0,0,98353,1782896,1881249
chokepoint16,2026-04-06,Ombai Strait,2,1,1,0,3,4,7,7599,1385532,9946,0,87798,1403078,1490876
chokepoint16,2026-04-07,Ombai Strait,0,5,2,1,3,8,11,0,609336,1427,0,41861,610764,652625
chokepoint16,2026-04-08,Ombai Strait,1,3,0,1,1,5,6,25757,586123,0,0,0,611880,611880
chokepoint16,2026-04-09,Ombai Strait,2,10,2,0,2,14,16,45381,2059783,11972,0,41482,2117137,2158620
chokepoint16,2026-04-10,Ombai Strait,2,4,1,0,1,7,8,31148,117034,2403,0,0,150586,150586
chokepoint16,2026-04-11,Ombai Strait,0,4,1,0,2,5,7,0,1469709,491,0,2389,1470200,1472590
chokepoint16,2026-04-12,Ombai Strait,1,3,2,0,6,6,12,30229,228796,942,0,40116,259968,300084
chokepoint16,2026-04-13,Ombai Strait,2,1,2,0,1,5,6,33400,0,4725,0,66142,38125,104268
chokepoint16,2026-04-14,Ombai Strait,0,2,1,1,3,4,7,0,286977,1983,0,147531,288961,436492
chokepoint16,2026-04-15,Ombai Strait,0,1,0,0,6,1,7,0,148248,0,0,50760,148248,199009
chokepoint16,2026-04-16,Ombai Strait,3,1,0,1,4,5,9,35270,213387,0,2523,76447,251181,327628
chokepoint16,2026-04-17,Ombai Strait,1,5,0,0,0,6,6,31859,1940910,0,0,0,1972770,1972770
chokepoint16,2026-04-18,Ombai Strait,0,2,1,0,3,3,6,0,272208,5049,0,78077,277258,355335
chokepoint16,2026-04-19,Ombai Strait,0,6,0,0,3,6,9,0,924353,0,0,82755,924353,1007109
chokepoint16,2026-04-20,Ombai Strait,4,2,0,0,5,6,11,51026,197748,0,0,97052,248774,345826
chokepoint16,2026-04-21,Ombai Strait,1,4,2,0,6,7,13,3210,64841,0,0,86592,68051,154644
chokepoint16,2026-04-22,Ombai Strait,2,3,0,0,6,5,11,22911,1453393,0,0,323565,1476304,1799869
chokepoint16,2026-04-23,Ombai Strait,1,1,2,0,5,4,9,0,30827,5004,0,53500,35831,89332
chokepoint16,2026-04-24,Ombai Strait,0,3,0,0,3,3,6,0,2759216,0,0,80708,2759216,2839925
chokepoint16,2026-04-25,Ombai Strait,0,3,0,0,3,3,6,0,0,0,0,159717,0,159717
chokepoint16,2026-04-26,Ombai Strait,1,4,0,1,2,6,8,28366,373622,0,0,0,401988,401988
chokepoint16,2026-04-27,Ombai Strait,3,5,2,0,2,10,12,12487,1207287,12798,0,15620,1232573,1248194
chokepoint16,2026-04-28,Ombai Strait,2,4,0,0,3,6,9,10493,63933,0,0,32037,74427,106464
chokepoint16,2026-04-29,Ombai Strait,0,4,0,1,5,5,10,0,617297,0,2636,131671,619933,751604
chokepoint16,2026-04-30,Ombai Strait,2,3,0,0,3,5,8,33722,1385532,0,0,13710,1419255,1432966
chokepoint16,2026-05-01,Ombai Strait,3,5,4,0,0,12,12,124164,1432150,13010,0,0,1569326,1569326
chokepoint16,2026-05-02,Ombai Strait,0,6,1,0,3,7,10,0,1505541,10325,0,34738,1515867,1550605
chokepoint16,2026-05-03,Ombai Strait,1,5,0,0,3,6,9,0,546554,0,0,10600,546554,557155
chokepoint16,2026-05-04,Ombai Strait,1,3,0,0,2,4,6,2744,203964,0,0,69864,206708,276572
chokepoint16,2026-05-05,Ombai Strait,1,2,0,0,0,3,3,8273,0,0,0,0,8273,8273
chokepoint16,2026-05-06,Ombai Strait,0,3,0,0,2,3,5,0,110606,0,0,0,110606,110606
chokepoint16,2026-05-07,Ombai Strait,0,4,0,0,4,4,8,0,645793,0,0,229284,645793,875077
chokepoint16,2026-05-08,Ombai Strait,3,2,0,0,2,5,7,63783,402838,0,0,0,466622,466622
chokepoint16,2026-05-09,Ombai Strait,0,4,1,0,4,5,9,0,1586670,2965,0,233176,1589635,1822812
chokepoint16,2026-05-10,Ombai Strait,0,1,0,0,3,1,4,0,0,0,0,0,0,0
chokepoint16,2026-05-11,Ombai Strait,0,2,0,0,3,2,5,0,1377067,0,0,190127,1377067,1567194
chokepoint16,2026-05-12,Ombai Strait,3,3,0,1,3,7,10,42984,282157,0,3315,4075,328456,332531
chokepoint16,2026-05-13,Ombai Strait,1,3,1,0,11,5,16,27483,203803,4260,0,238221,235547,473768
chokepoint16,2026-05-14,Ombai Strait,2,4,1,0,1,7,8,25757,1855104,5023,0,43782,1885885,1929668
chokepoint16,2026-05-15,Ombai Strait,0,3,0,0,1,3,4,0,1034533,0,0,0,1034533,1034533
chokepoint16,2026-05-16,Ombai Strait,1,5,1,0,7,7,14,40042,136969,0,0,273400,177012,450412
chokepoint16,2026-05-17,Ombai Strait,1,6,1,0,2,8,10,6938,662860,3227,0,0,673026,673026
chokepoint16,2026-05-18,Ombai Strait,1,4,2,0,1,7,8,8821,320660,2755,0,0,332237,332237
chokepoint16,2026-05-19,Ombai Strait,1,8,0,0,5,9,14,29090,482369,0,0,181475,511459,692935
chokepoint16,2026-05-20,Ombai Strait,1,3,0,0,1,4,5,29574,13463,0,0,0,43038,43038
chokepoint16,2026-05-21,Ombai Strait,3,5,1,0,3,9,12,80527,1903155,1383,0,10941,1985065,1996007
chokepoint16,2026-05-22,Ombai Strait,1,1,0,0,4,2,6,4756,0,0,0,57526,4756,62283
chokepoint16,2026-05-23,Ombai Strait,2,2,0,0,4,4,8,42897,0,0,0,87798,42897,130695
chokepoint16,2026-05-24,Ombai Strait,0,4,2,0,2,6,8,0,1305690,19225,0,76089,1324915,1401005
chokepoint16,2026-05-25,Ombai Strait,1,8,0,1,4,10,14,0,1463133,0,3369,120439,1466502,1586942
chokepoint16,2026-05-26,Ombai Strait,1,2,0,0,1,3,4,22932,0,0,0,0,22932,22932
chokepoint16,2026-05-27,Ombai Strait,4,7,0,1,3,12,15,66554,439825,0,0,55572,506379,561952
chokepoint16,2026-05-28,Ombai Strait,0,2,0,0,4,2,6,0,228930,0,0,0,228930,228930
chokepoint16,2026-05-29,Ombai Strait,0,4,0,0,1,4,5,0,438241,0,0,0,438241,438241
chokepoint16,2026-05-30,Ombai Strait,0,4,0,0,2,4,6,0,190211,0,0,0,190211,190211
chokepoint16,2026-05-31,Ombai Strait,0,3,3,0,2,6,8,0,46503,10393,0,74483,56896,131380
chokepoint17,2025-12-23,Bohai Strait,24,86,17,1,29,128,157,383944,5462256,108244,1902,535554,5956347,6491902
chokepoint17,2025-12-24,Bohai Strait,14,85,17,1,38,117,155,223681,6575553,107695,1310,1233013,6908241,8141254
chokepoint17,2025-12-25,Bohai Strait,18,74,10,0,29,102,131,433558,5334621,26297,0,694091,5794477,6488569
chokepoint17,2025-12-26,Bohai Strait,16,85,19,1,48,121,169,286295,3809448,92901,1879,917051,4190523,5107575
chokepoint17,2025-12-27,Bohai Strait,19,100,27,1,41,147,188,300899,6074499,125057,0,638326,6500456,7138783
chokepoint17,2025-12-28,Bohai Strait,16,97,18,1,45,132,177,436302,5481699,43422,1310,844324,5962734,6807058
chokepoint17,2025-12-29,Bohai Strait,25,100,26,1,63,152,215,342424,5685698,82198,2698,1071312,6113020,7184332
chokepoint17,2025-12-30,Bohai Strait,15,88,19,3,44,125,169,265934,5465738,100947,3838,1310611,5836459,7147070
chokepoint17,2025-12-31,Bohai Strait,22,94,17,1,43,134,177,254412,5572816,62714,0,915514,5889943,6805458
chokepoint17,2026-01-01,Bohai Strait,26,100,22,2,32,150,182,795376,6158766,88678,1879,699271,7044700,7743971
chokepoint17,2026-01-02,Bohai Strait,12,78,16,1,38,107,145,88629,5129270,70544,0,320208,5288444,5608653
chokepoint17,2026-01-03,Bohai Strait,17,83,24,1,31,125,156,386833,5579914,90207,1908,572581,6058864,6631445
chokepoint17,2026-01-04,Bohai Strait,18,93,29,3,31,143,174,297142,5590619,60457,9269,380387,5957489,6337876
chokepoint17,2026-01-05,Bohai Strait,21,115,21,1,33,158,191,407701,7457965,91087,1163,1098859,7957917,9056777
chokepoint17,2026-01-06,Bohai Strait,22,94,25,2,31,143,174,398736,4536388,73610,3725,284065,5012460,5296525
chokepoint17,2026-01-07,Bohai Strait,22,96,17,2,38,137,175,296857,6265359,52946,3819,1061185,6618983,7680168
chokepoint17,2026-01-08,Bohai Strait,21,81,20,2,34,124,158,538438,5870215,79762,6333,652435,6494749,7147185
chokepoint17,2026-01-09,Bohai Strait,15,91,18,2,39,126,165,210560,5095221,73573,5782,1145269,5385138,6530408
chokepoint17,2026-01-10,Bohai Strait,11,66,11,0,16,88,104,169665,4142079,58938,0,495933,4370683,4866616
chokepoint17,2026-01-11,Bohai Strait,23,73,14,2,46,112,158,428577,3804524,81435,5543,654189,4320080,4974269
chokepoint17,2026-01-12,Bohai Strait,20,84,18,1,35,123,158,354354,5515937,84677,0,349789,5954969,6304759
chokepoint17,2026-01-13,Bohai Strait,21,82,25,3,62,131,193,436428,4959057,113380,0,1059250,5508867,6568118
chokepoint17,2026-01-14,Bohai Strait,26,100,13,4,34,143,177,541469,5767393,57523,9186,610815,6375572,6986387
chokepoint17,2026-01-15,Bohai Strait,20,98,14,2,47,134,181,376906,4719696,65282,0,621904,5161885,5783789
chokepoint17,2026-01-16,Bohai Strait,24,79,15,3,25,121,146,532941,4691084,39528,3197,403099,5266752,5669851
chokepoint17,2026-01-17,Bohai Strait,24,94,21,1,44,140,184,227527,5418114,65826,0,565501,5711468,6276970
chokepoint17,2026-01-18,Bohai Strait,16,60,7,1,32,84,116,240398,4474533,28548,2047,856157,4745528,5601686
chokepoint17,2026-01-19,Bohai Strait,26,94,14,1,24,135,159,621747,5377991,46215,1908,818267,6047862,6866130
chokepoint17,2026-01-20,Bohai Strait,15,83,13,1,39,112,151,212608,4476056,45844,0,893377,4734509,5627887
chokepoint17,2026-01-21,Bohai Strait,25,88,13,1,43,127,170,426899,5826681,52661,2974,1063994,6309217,7373212
chokepoint17,2026-01-22,Bohai Strait,25,98,17,1,33,141,174,493375,6488046,105229,980,856467,7087632,7944099
chokepoint17,2026-01-23,Bohai Strait,14,109,29,1,35,153,188,268595,8019465,99007,4729,497060,8391798,8888858
chokepoint17,2026-01-24,Bohai Strait,21,98,35,1,36,155,191,318562,7247651,124370,1259,391455,7691844,8083299
chokepoint17,2026-01-25,Bohai Strait,21,89,28,1,40,139,179,547439,4751794,115773,7307,966696,5422313,6389010
chokepoint17,2026-01-26,Bohai Strait,16,96,20,1,46,133,179,264493,5239934,126642,1902,1305083,5632972,6938056
chokepoint17,2026-01-27,Bohai Strait,23,89,20,2,33,134,167,544490,5212000,66293,2553,992835,5825339,6818174
chokepoint17,2026-01-28,Bohai Strait,22,91,21,1,35,135,170,489939,5310468,73871,1902,656115,5876182,6532297
chokepoint17,2026-01-29,Bohai Strait,22,93,21,2,38,138,176,478224,6547702,78176,9186,362349,7113290,7475639
chokepoint17,2026-01-30,Bohai Strait,18,88,20,1,39,127,166,395843,5097917,99368,0,822477,5593129,6415606
chokepoint17,2026-01-31,Bohai Strait,19,93,23,1,39,136,175,414103,6192638,71863,1908,1028756,6680513,7709270
chokepoint17,2026-02-01,Bohai Strait,21,91,19,0,46,131,177,488096,5648111,58458,0,1917712,6194666,8112378
chokepoint17,2026-02-02,Bohai Strait,23,87,11,6,33,127,160,537637,5012198,72914,8102,539999,5630853,6170853
chokepoint17,2026-02-03,Bohai Strait,28,91,19,1,42,139,181,486530,5649218,62971,0,1032253,6198720,7230973
chokepoint17,2026-02-04,Bohai Strait,17,100,21,2,38,140,178,234557,6232553,83217,8102,516521,6558431,7074952
chokepoint17,2026-02-05,Bohai Strait,17,44,3,3,13,67,80,363573,2687381,31292,5736,578058,3087984,3666042
chokepoint17,2026-02-06,Bohai Strait,29,106,14,3,35,152,187,423126,7706930,104679,3687,524955,8238423,8763379
chokepoint17,2026-02-07,Bohai Strait,22,80,24,0,34,126,160,377048,4001370,72008,0,646016,4450428,5096444
chokepoint17,2026-02-08,Bohai Strait,17,81,16,1,43,115,158,300274,4334175,42017,1148,1365257,4677615,6042872
chokepoint17,2026-02-09,Bohai Strait,20,104,24,2,32,150,182,293221,6699521,86357,8626,406733,7087726,7494459
chokepoint17,2026-02-10,Bohai Strait,31,101,19,0,50,151,201,783291,5813730,88140,0,703994,6685162,7389156
chokepoint17,2026-02-11,Bohai Strait,13,71,25,1,30,110,140,223224,4402770,113072,0,892761,4739067,5631829
chokepoint17,2026-02-12,Bohai Strait,21,94,19,3,44,137,181,607715,4717052,50155,10527,1032349,5385451,6417800
chokepoint17,2026-02-13,Bohai Strait,16,95,19,3,38,133,171,302230,4986440,61636,2471,822183,5352779,6174963
chokepoint17,2026-02-14,Bohai Strait,18,105,21,0,41,144,185,321216,7301298,136127,0,542117,7758642,8300759
chokepoint17,2026-02-15,Bohai Strait,16,87,15,1,40,119,159,250472,6475302,84567,1879,560890,6812221,7373111
chokepoint17,2026-02-16,Bohai Strait,13,83,11,0,33,107,140,356034,4295706,52888,0,1104039,4704629,5808669
chokepoint17,2026-02-17,Bohai Strait,19,58,14,2,28,93,121,375036,2929905,56414,3366,245678,3364723,3610401
chokepoint17,2026-02-18,Bohai Strait,19,90,17,0,36,126,162,252283,4481683,47072,0,448129,4781039,5229169
chokepoint17,2026-02-19,Bohai Strait,14,76,15,2,45,107,152,254148,3859050,80262,21129,729588,4214591,4944180
chokepoint17,2026-02-20,Bohai Strait,9,97,12,0,24,118,142,345545,5589342,48530,0,281095,5983418,6264513
chokepoint17,2026-02-21,Bohai Strait,17,81,9,2,34,109,143,410727,4634519,78329,7307,885649,5130882,6016532
chokepoint17,2026-02-22,Bohai Strait,15,60,15,2,30,92,122,175385,2558044,60762,2341,511455,2796533,3307989
chokepoint17,2026-02-23,Bohai Strait,18,85,18,1,47,122,169,365808,4217166,56088,1908,689595,4640971,5330567
chokepoint17,2026-02-24,Bohai Strait,17,90,9,1,37,117,154,333358,4240484,34043,2137,612574,4610024,5222599
chokepoint17,2026-02-25,Bohai Strait,14,81,17,3,39,115,154,464240,5193623,43168,1294,821820,5702326,6524146
chokepoint17,2026-02-26,Bohai Strait,17,61,15,2,40,95,135,453373,2904088,41803,1301,1200423,3400566,4600990
chokepoint17,2026-02-27,Bohai Strait,22,87,12,1,40,122,162,274855,5656878,75755,1253,318225,6008743,6326969
chokepoint17,2026-02-28,Bohai Strait,17,69,22,1,34,109,143,315248,4040580,51895,7307,436005,4415032,4851037
chokepoint17,2026-03-01,Bohai Strait,14,82,18,2,32,116,148,335981,4484899,109126,1301,690835,4931309,5622144
chokepoint17,2026-03-02,Bohai Strait,17,85,17,2,30,121,151,324706,5356788,73316,1318,331883,5756130,6088013
chokepoint17,2026-03-03,Bohai Strait,23,76,16,0,36,115,151,530597,5338197,54615,0,1358111,5923409,7281520
chokepoint17,2026-03-04,Bohai Strait,16,80,16,3,36,115,151,302439,3709626,67292,1318,676489,4080677,4757166
chokepoint17,2026-03-05,Bohai Strait,18,88,23,1,37,130,167,260077,4756150,56077,0,1042290,5072305,6114596
chokepoint17,2026-03-06,Bohai Strait,16,85,14,3,32,118,150,296287,4677047,100783,2571,585994,5076689,5662684
chokepoint17,2026-03-07,Bohai Strait,20,75,17,1,45,113,158,325505,3862260,91453,3848,1356544,4283067,5639612
chokepoint17,2026-03-08,Bohai Strait,20,83,24,0,36,127,163,511949,4582879,118917,0,937218,5213745,6150963
chokepoint17,2026-03-09,Bohai Strait,16,81,15,2,35,114,149,228520,4401402,67773,9215,1047829,4706911,5754741
chokepoint17,2026-03-10,Bohai Strait,27,101,17,1,38,146,184,503994,4907947,92996,0,1107972,5504938,6612911
chokepoint17,2026-03-11,Bohai Strait,26,79,24,1,47,130,177,600633,4065411,89247,7307,1518926,4762599,6281526
chokepoint17,2026-03-12,Bohai Strait,24,101,23,3,39,151,190,556734,7109789,103963,5416,681674,7775904,8457578
chokepoint17,2026-03-13,Bohai Strait,23,96,9,2,33,130,163,452109,5219231,35067,4028,328429,5710437,6038866
chokepoint17,2026-03-14,Bohai Strait,22,72,16,1,36,111,147,405804,3389130,46776,7307,640043,3849018,4489061
chokepoint17,2026-03-15,Bohai Strait,18,83,22,2,38,125,163,217877,5273363,106402,9910,412833,5607553,6020387
chokepoint17,2026-03-16,Bohai Strait,23,91,23,1,42,138,180,474806,4214473,86471,1163,747398,4776915,5524313
chokepoint17,2026-03-17,Bohai Strait,26,83,17,0,38,126,164,376081,6644473,89009,0,953393,7109564,8062958
chokepoint17,2026-03-18,Bohai Strait,20,86,21,3,36,130,166,189408,4748728,82478,1857,482913,5022472,5505385
chokepoint17,2026-03-19,Bohai Strait,23,95,17,1,30,136,166,421226,5614983,54575,3066,474238,6093852,6568091
chokepoint17,2026-03-20,Bohai Strait,30,80,23,1,33,134,167,482592,3794113,133012,0,788481,4409717,5198198
chokepoint17,2026-03-21,Bohai Strait,21,96,19,1,40,137,177,327069,5739740,55495,1259,804145,6123565,6927711
chokepoint17,2026-03-22,Bohai Strait,19,98,16,2,39,135,174,343267,6261721,86533,0,586497,6691521,7278019
chokepoint17,2026-03-23,Bohai Strait,13,49,13,2,32,77,109,210154,2910392,75150,9215,1182124,3204913,4387037
chokepoint17,2026-03-24,Bohai Strait,27,119,25,1,38,172,210,507360,7770218,154531,2701,620644,8434810,9055454
chokepoint17,2026-03-25,Bohai Strait,24,96,19,0,47,139,186,557531,6157000,101788,0,554640,6816319,7370959
chokepoint17,2026-03-26,Bohai Strait,22,72,15,2,32,111,143,448104,3988013,97987,1879,598832,4535984,5134816
chokepoint17,2026-03-27,Bohai Strait,20,95,17,3,30,135,165,470057,4780808,51570,9928,568301,5312365,5880667
chokepoint17,2026-03-28,Bohai Strait,23,114,26,1,37,164,201,505905,6466096,89637,0,423044,7061639,7484684
chokepoint17,2026-03-29,Bohai Strait,23,86,21,1,37,131,168,437850,5121773,102749,1902,772943,5664276,6437219
chokepoint17,2026-03-30,Bohai Strait,20,95,17,0,35,132,167,323399,5776100,89525,0,315987,6189025,6505013
chokepoint17,2026-03-31,Bohai Strait,33,87,18,0,34,138,172,769412,4578930,98178,0,391145,5446520,5837666
chokepoint17,2026-04-01,Bohai Strait,23,89,20,2,26,134,160,270449,5387897,80361,3759,430510,5742467,6172977
chokepoint17,2026-04-02,Bohai Strait,25,93,21,1,31,140,171,569828,6488060,112025,6739,497862,7176654,7674516
chokepoint17,2026-04-03,Bohai Strait,18,75,13,3,29,109,138,381833,4554076,45278,3531,557828,4984719,5542548
chokepoint17,2026-04-04,Bohai Strait,28,105,19,1,41,153,194,489544,6637744,98269,1533,827104,7227091,8054195
chokepoint17,2026-04-05,Bohai Strait,15,91,14,0,38,120,158,411712,4391314,74114,0,385227,4877141,5262369
chokepoint17,2026-04-06,Bohai Strait,14,85,15,1,34,115,149,219841,4116598,62885,1908,744730,4401233,5145963
chokepoint17,2026-04-07,Bohai Strait,16,90,17,3,43,126,169,367515,4296824,40954,5009,643703,4710304,5354007
chokepoint17,2026-04-08,Bohai Strait,21,101,26,3,35,151,186,496897,5063911,130649,14230,550607,5705689,6256296
chokepoint17,2026-04-09,Bohai Strait,18,100,16,1,42,135,177,305768,5241807,113384,8250,780258,5669210,6449469
chokepoint17,2026-04-10,Bohai Strait,23,79,14,3,28,119,147,554606,5442845,86217,10656,414904,6094325,6509230
chokepoint17,2026-04-11,Bohai Strait,27,95,18,0,34,140,174,479912,4254246,97424,0,699128,4831582,5530711
chokepoint17,2026-04-12,Bohai Strait,17,91,21,1,35,130,165,222023,4135864,94676,7071,587727,4459636,5047363
chokepoint17,2026-04-13,Bohai Strait,28,79,21,1,31,129,160,482327,3578554,96376,1902,440927,4159161,4600089
chokepoint17,2026-04-14,Bohai Strait,27,107,16,1,36,151,187,506351,4848194,109290,0,599175,5463836,6063012
chokepoint17,2026-04-15,Bohai Strait,19,106,21,1,36,147,183,289916,6552931,65561,1857,353077,6910267,7263345
chokepoint17,2026-04-16,Bohai Strait,22,91,31,1,30,145,175,421168,4948270,148686,2580,539302,5520705,6060008
chokepoint17,2026-04-17,Bohai Strait,15,100,14,0,36,129,165,366513,4617588,27241,0,644460,5011343,5655804
chokepoint17,2026-04-18,Bohai Strait,22,101,19,4,20,146,166,440623,4920180,80247,11357,447007,5452409,5899417
chokepoint17,2026-04-19,Bohai Strait,11,78,21,1,40,111,151,244625,3989216,123902,0,460926,4357743,4818669
chokepoint17,2026-04-20,Bohai Strait,24,86,17,0,23,127,150,457518,4440154,69717,0,710394,4967390,5677784
chokepoint17,2026-04-21,Bohai Strait,20,91,20,3,28,134,162,354249,4335734,113834,9186,500893,4813003,5313897
chokepoint17,2026-04-22,Bohai Strait,11,108,23,4,42,146,188,193646,6203279,61809,0,566101,6458736,7024837
chokepoint17,2026-04-23,Bohai Strait,27,88,19,0,27,134,161,494838,4425888,130438,0,243108,5051166,5294275
chokepoint17,2026-04-24,Bohai Strait,27,111,16,3,35,157,192,629267,6619715,77108,10488,572130,7336579,7908710
chokepoint17,2026-04-25,Bohai Strait,21,100,22,2,33,145,178,309692,5282551,105300,2452,407150,5699997,6107147
chokepoint17,2026-04-26,Bohai Strait,20,89,23,0,30,132,162,502476,4137644,101745,0,844050,4741866,5585916
chokepoint17,2026-04-27,Bohai Strait,21,92,14,3,19,130,149,369725,5870772,50317,2792,201505,6293607,6495112
chokepoint17,2026-04-28,Bohai Strait,26,82,15,0,21,123,144,592688,4699748,44789,0,635632,5337226,5972859
chokepoint17,2026-04-29,Bohai Strait,14,91,21,1,35,127,162,405263,5049924,103351,3559,586751,5562097,6148849
chokepoint17,2026-04-30,Bohai Strait,18,93,20,1,17,132,149,333689,4503961,45473,1310,83708,4884434,4968142
chokepoint17,2026-05-01,Bohai Strait,17,91,19,0,28,127,155,210572,5367627,126103,0,363491,5704302,6067793
chokepoint17,2026-05-02,Bohai Strait,13,94,20,0,27,127,154,292563,4553218,91426,0,307851,4937208,5245059
chokepoint17,2026-05-03,Bohai Strait,14,74,13,2,23,103,126,324838,4785729,73186,1533,268770,5185288,5454058
chokepoint17,2026-05-04,Bohai Strait,19,93,20,1,29,133,162,458971,5356756,97160,0,411066,5912887,6323953
chokepoint17,2026-05-05,Bohai Strait,25,84,12,3,24,124,148,297510,6181812,98986,8287,352399,6586596,6938996
chokepoint17,2026-05-06,Bohai Strait,15,92,17,0,25,124,149,319703,4531807,54310,0,373016,4905821,5278838
chokepoint17,2026-05-07,Bohai Strait,19,81,17,4,25,121,146,324913,4503755,29745,17529,338748,4875944,5214692
chokepoint17,2026-05-08,Bohai Strait,19,106,23,3,28,151,179,348017,6152906,89246,6702,267704,6596873,6864578
chokepoint17,2026-05-09,Bohai Strait,22,89,20,2,32,133,165,675677,3424661,95376,4912,549295,4200628,4749923
chokepoint17,2026-05-10,Bohai Strait,19,87,17,1,32,124,156,396368,5086876,131377,6081,566005,5620704,6186710
chokepoint17,2026-05-11,Bohai Strait,21,78,14,2,30,115,145,527256,4266901,44020,6492,665551,4844671,5510223
chokepoint17,2026-05-12,Bohai Strait,20,98,21,2,22,141,163,341831,5585528,69329,3899,491900,6000589,6492490
chokepoint17,2026-05-13,Bohai Strait,23,84,23,1,34,131,165,335312,6464006,63941,874,493397,6864135,7357532
chokepoint17,2026-05-14,Bohai Strait,25,91,12,2,32,130,162,618996,5233442,51323,8076,482041,5911838,6393880
chokepoint17,2026-05-15,Bohai Strait,20,107,17,2,20,146,166,330778,6942406,71396,2592,388901,7347173,7736075
chokepoint17,2026-05-16,Bohai Strait,27,91,23,3,24,144,168,444358,4727447,87088,2835,381523,5261729,5643252
chokepoint17,2026-05-17,Bohai Strait,21,83,13,1,33,118,151,497606,5585944,67243,3900,448122,6154695,6602818
chokepoint17,2026-05-18,Bohai Strait,17,92,14,4,26,127,153,219622,4427634,80986,11036,189162,4739279,4928441
chokepoint17,2026-05-19,Bohai Strait,13,91,17,2,26,123,149,299676,4842544,83284,10596,172179,5236101,5408281
chokepoint17,2026-05-20,Bohai Strait,21,76,19,1,22,117,139,246796,4384987,104832,1902,717930,4738518,5456449
chokepoint17,2026-05-21,Bohai Strait,17,102,17,2,28,138,166,650915,6835393,52900,6917,363503,7546126,7909630
chokepoint17,2026-05-22,Bohai Strait,24,95,21,2,31,142,173,411190,5404096,105518,2660,500309,5923465,6423774
chokepoint17,2026-05-23,Bohai Strait,24,91,27,0,32,142,174,470428,4779472,106695,0,687443,5356596,6044040
chokepoint17,2026-05-24,Bohai Strait,22,97,19,2,23,140,163,442147,5307151,61645,1746,586231,5812691,6398923
chokepoint17,2026-05-25,Bohai Strait,26,90,19,1,24,136,160,616392,4631317,76341,0,414743,5324051,5738794
chokepoint17,2026-05-26,Bohai Strait,21,89,19,0,24,129,153,426216,4556464,97435,0,363064,5080115,5443179
chokepoint17,2026-05-27,Bohai Strait,19,83,7,2,35,111,146,424977,5525116,21600,6780,538191,5978475,6516667
chokepoint17,2026-05-28,Bohai Strait,23,78,32,1,22,134,156,651396,4049784,71156,764,704363,4773101,5477465
chokepoint17,2026-05-29,Bohai Strait,14,95,17,0,36,126,162,72931,5408353,62556,0,701122,5543841,6244964
chokepoint17,2026-05-30,Bohai Strait,28,107,24,0,32,159,191,647053,5333534,103760,0,210615,6084348,6294964
chokepoint17,2026-05-31,Bohai Strait,16,94,21,2,25,133,158,284090,4512471,94296,0,506123,4890858,5396982
chokepoint18,2025-12-23,Torres Strait,1,6,1,0,2,8,10,0,189089,0,0,31117,189089,220207
chokepoint18,2025-12-24,Torres Strait,1,3,1,0,2,5,7,30637,74679,425,0,0,105742,105742
chokepoint18,2025-12-25,Torres Strait,1,6,0,1,3,8,11,30319,120827,0,0,24186,151147,175333
chokepoint18,2025-12-26,Torres Strait,1,4,0,0,1,5,6,32777,128834,0,0,39613,161612,201225
chokepoint18,2025-12-27,Torres Strait,1,4,0,0,3,5,8,8898,137928,0,0,104241,146826,251068
chokepoint18,2025-12-28,Torres Strait,1,3,1,0,3,5,8,43987,182390,2654,0,44255,229032,273288
chokepoint18,2025-12-29,Torres Strait,1,3,0,0,0,4,4,41410,78252,0,0,0,119663,119663
chokepoint18,2025-12-30,Torres Strait,1,5,0,0,1,6,7,29036,154540,0,0,9653,183577,193230
chokepoint18,2025-12-31,Torres Strait,2,7,1,2,3,12,15,28840,226330,0,8741,45681,263911,309593
chokepoint18,2026-01-01,Torres Strait,1,6,0,0,1,7,8,8902,163946,0,0,0,172848,172848
chokepoint18,2026-01-02,Torres Strait,2,6,1,0,2,9,11,41505,83972,7740,0,110427,133219,243646
chokepoint18,2026-01-03,Torres Strait,0,6,1,0,1,7,8,0,86832,574,0,43202,87407,130610
chokepoint18,2026-01-04,Torres Strait,2,5,0,0,5,7,12,22732,138078,0,0,60580,160811,221392
chokepoint18,2026-01-05,Torres Strait,1,7,0,0,2,8,10,26438,168047,0,0,43882,194486,238368
chokepoint18,2026-01-06,Torres Strait,2,5,0,0,3,7,10,66689,133960,0,0,0,200650,200650
chokepoint18,2026-01-07,Torres Strait,1,5,1,1,1,8,9,6739,192185,7550,3380,41845,209856,251701
chokepoint18,2026-01-08,Torres Strait,0,2,0,0,2,2,4,0,37163,0,0,48113,37163,85277
chokepoint18,2026-01-09,Torres Strait,0,2,0,0,1,2,3,0,75220,0,0,82606,75220,157827
chokepoint18,2026-01-10,Torres Strait,0,0,1,0,0,1,1,0,0,574,0,0,574,574
chokepoint18,2026-01-11,Torres Strait,2,8,2,1,2,13,15,41661,164123,8607,3339,79492,217732,297224
chokepoint18,2026-01-12,Torres Strait,3,4,0,0,2,7,9,61843,27007,0,0,47901,88850,136752
chokepoint18,2026-01-13,Torres Strait,1,4,0,0,1,5,6,31456,158880,0,0,18808,190336,209145
chokepoint18,2026-01-14,Torres Strait,2,8,1,0,1,11,12,44745,219103,17602,0,0,281451,281451
chokepoint18,2026-01-15,Torres Strait,2,6,0,0,3,8,11,52338,87658,0,0,78194,139997,218191
chokepoint18,2026-01-16,Torres Strait,0,5,0,0,0,5,5,0,279010,0,0,0,279010,279010
chokepoint18,2026-01-17,Torres Strait,1,1,0,0,0,2,2,10926,0,0,0,0,10926,10926
chokepoint18,2026-01-18,Torres Strait,1,6,1,0,3,8,11,43987,252874,574,0,68094,297436,365530
chokepoint18,2026-01-19,Torres Strait,0,4,1,0,1,5,6,0,0,0,0,7067,0,7067
chokepoint18,2026-01-20,Torres Strait,1,6,0,1,1,8,9,53917,181870,0,0,48339,235787,284126
chokepoint18,2026-01-21,Torres Strait,1,12,0,0,5,13,18,26432,391367,0,0,89875,417800,507675
chokepoint18,2026-01-22,Torres Strait,2,3,0,0,0,5,5,35899,83512,0,0,0,119411,119411
chokepoint18,2026-01-23,Torres Strait,1,2,0,0,1,3,4,22452,83972,0,0,31698,106425,138123
chokepoint18,2026-01-24,Torres Strait,4,2,2,1,1,9,10,63926,43595,1494,3305,74219,112321,186541
chokepoint18,2026-01-25,Torres Strait,0,1,1,0,3,2,5,0,0,16911,0,52420,16911,69332
chokepoint18,2026-01-26,Torres Strait,1,4,0,0,4,5,9,25008,212940,0,0,104885,237949,342834
chokepoint18,2026-01-27,Torres Strait,1,4,1,0,5,6,11,53896,158567,9494,0,85049,221958,307008
chokepoint18,2026-01-28,Torres Strait,1,5,1,0,2,7,9,20463,156619,0,0,118243,177082,295326
chokepoint18,2026-01-29,Torres Strait,0,6,1,0,3,7,10,0,120810,574,0,91361,121385,212746
chokepoint18,2026-01-30,Torres Strait,2,3,1,1,0,7,7,51594,75276,0,4443,0,131314,131314
chokepoint18,2026-01-31,Torres Strait,3,5,1,0,1,9,10,96707,158823,1318,0,2781,256849,259631
chokepoint18,2026-02-01,Torres Strait,1,3,0,0,3,4,7,30382,0,0,0,0,30382,30382
chokepoint18,2026-02-02,Torres Strait,2,3,1,0,1,6,7,22317,106064,2143,0,5071,130525,135596
chokepoint18,2026-02-03,Torres Strait,0,5,2,0,3,7,10,0,267288,2418,0,37792,269707,307499
chokepoint18,2026-02-04,Torres Strait,1,5,1,0,1,7,8,35069,177711,574,0,0,213355,213355
chokepoint18,2026-02-05,Torres Strait,1,7,0,0,2,8,10,19910,216041,0,0,22258,235952,258211
chokepoint18,2026-02-06,Torres Strait,0,3,2,0,2,5,7,0,90015,1797,0,44113,91813,135926
chokepoint18,2026-02-07,Torres Strait,2,4,2,0,1,8,9,43117,122167,0,0,69712,165285,234997
chokepoint18,2026-02-08,Torres Strait,1,5,2,1,2,9,11,34148,117609,1175,3637,7334,156571,163905
chokepoint18,2026-02-09,Torres Strait,3,5,1,0,2,9,11,95881,130383,16109,0,44588,242373,286961
chokepoint18,2026-02-10,Torres Strait,0,4,2,0,3,6,9,0,144362,7887,0,154895,152250,307146
chokepoint18,2026-02-11,Torres Strait,0,4,1,0,2,5,7,0,55071,574,0,47950,55646,103596
chokepoint18,2026-02-12,Torres Strait,1,6,2,0,2,9,11,16699,94561,13486,0,103689,124747,228437
chokepoint18,2026-02-13,Torres Strait,1,8,1,0,2,10,12,30983,245087,3559,0,48002,279630,327632
chokepoint18,2026-02-14,Torres Strait,1,2,1,2,3,6,9,2409,0,1175,7053,121767,10638,132406
chokepoint18,2026-02-15,Torres Strait,2,7,1,0,1,10,11,53902,218505,17444,0,0,289852,289852
chokepoint18,2026-02-16,Torres Strait,2,0,0,0,1,2,3,33499,0,0,0,0,33499,33499
chokepoint18,2026-02-17,Torres Strait,1,5,2,0,2,8,10,35064,79684,0,0,7134,114749,121884
chokepoint18,2026-02-18,Torres Strait,0,9,1,0,1,10,11,0,186505,574,0,0,187080,187080
chokepoint18,2026-02-19,Torres Strait,1,4,0,0,2,5,7,27257,0,0,0,47901,27257,75159
chokepoint18,2026-02-20,Torres Strait,2,7,1,1,2,11,13,36181,243987,0,4261,0,284430,284430
chokepoint18,2026-02-21,Torres Strait,3,7,2,0,2,12,14,51473,191790,4929,0,46511,248194,294705
chokepoint18,2026-02-22,Torres Strait,0,3,1,0,1,4,5,0,88204,0,0,41529,88204,129733
chokepoint18,2026-02-23,Torres Strait,1,6,1,0,5,8,13,11260,208874,2295,0,141092,222429,363522
chokepoint18,2026-02-24,Torres Strait,3,3,1,0,3,7,10,82520,121195,0,0,11438,203715,215154
chokepoint18,2026-02-25,Torres Strait,1,6,1,1,2,9,11,5247,142583,574,3441,33548,151847,185396
chokepoint18,2026-02-26,Torres Strait,0,5,0,0,0,5,5,0,236633,0,0,0,236633,236633
chokepoint18,2026-02-27,Torres Strait,2,2,1,0,3,5,8,23942,132196,5106,0,93627,161245,254873
chokepoint18,2026-02-28,Torres Strait,4,4,2,0,5,10,15,72457,266133,3937,0,7775,342528,350304
chokepoint18,2026-03-01,Torres Strait,0,4,0,0,1,4,5,0,36575,0,0,0,36575,36575
chokepoint18,2026-03-02,Torres Strait,1,5,0,0,0,6,6,24177,46177,0,0,0,70354,70354
chokepoint18,2026-03-03,Torres Strait,2,4,3,0,1,9,10,63736,111633,2890,0,2781,178260,181042
chokepoint18,2026-03-04,Torres Strait,1,3,1,0,2,5,7,29716,63751,574,0,79979,94042,174022
chokepoint18,2026-03-05,Torres Strait,0,3,2,0,3,5,8,0,29124,7893,0,91672,37018,128691
chokepoint18,2026-03-06,Torres Strait,2,3,0,0,4,5,9,51772,46371,0,0,12830,98144,110974
chokepoint18,2026-03-07,Torres Strait,1,4,1,0,1,6,7,21648,80690,1318,0,0,103657,103657
chokepoint18,2026-03-08,Torres Strait,2,3,0,0,1,5,6,31332,0,0,0,40168,31332,71501
chokepoint18,2026-03-09,Torres Strait,1,5,2,1,0,9,9,15512,181812,5078,5349,0,207753,207753
chokepoint18,2026-03-10,Torres Strait,1,7,1,0,1,9,10,51168,227239,0,0,32224,278408,310632
chokepoint18,2026-03-11,Torres Strait,0,5,0,0,1,5,6,0,83970,0,0,0,83970,83970
chokepoint18,2026-03-12,Torres Strait,1,3,1,0,2,5,7,15731,131605,574,0,11939,147911,159851
chokepoint18,2026-03-13,Torres Strait,2,3,1,1,0,7,7,56572,58391,2705,2470,0,120140,120140
chokepoint18,2026-03-14,Torres Strait,0,6,2,0,1,8,9,0,151401,4531,0,0,155933,155933
chokepoint18,2026-03-15,Torres Strait,3,2,0,0,2,5,7,69931,0,0,0,82471,69931,152403
chokepoint18,2026-03-16,Torres Strait,1,6,1,0,0,8,8,24183,265838,2604,0,0,292626,292626
chokepoint18,2026-03-17,Torres Strait,3,5,1,0,2,9,11,61861,94205,0,0,0,156066,156066
chokepoint18,2026-03-18,Torres Strait,2,2,1,0,3,5,8,49394,0,574,0,90147,49969,140116
chokepoint18,2026-03-19,Torres Strait,1,4,0,1,0,6,6,27855,107463,0,4659,0,139978,139978
chokepoint18,2026-03-20,Torres Strait,1,7,0,0,1,8,9,21277,0,0,0,0,21277,21277
chokepoint18,2026-03-21,Torres Strait,1,4,2,0,0,7,7,10046,106098,1462,0,0,117606,117606
chokepoint18,2026-03-22,Torres Strait,0,4,2,0,2,6,8,0,85751,5209,0,19069,90960,110030
chokepoint18,2026-03-23,Torres Strait,4,4,0,1,3,9,12,133264,109622,0,2214,147311,245101,392413
chokepoint18,2026-03-24,Torres Strait,0,2,1,0,1,3,4,0,0,0,0,5755,0,5755
chokepoint18,2026-03-25,Torres Strait,0,4,2,0,3,6,9,0,106727,1342,0,0,108070,108070
chokepoint18,2026-03-26,Torres Strait,1,1,1,0,5,3,8,10724,0,2108,0,44284,12832,57117
chokepoint18,2026-03-27,Torres Strait,3,10,0,0,0,13,13,73880,380320,0,0,0,454200,454200
chokepoint18,2026-03-28,Torres Strait,2,7,1,0,1,10,11,68915,120691,1462,0,18795,191068,209864
chokepoint18,2026-03-29,Torres Strait,0,2,1,0,4,3,7,0,68199,1797,0,44258,69996,114255
chokepoint18,2026-03-30,Torres Strait,4,2,1,0,1,7,8,85395,0,6089,0,32075,91485,123560
chokepoint18,2026-03-31,Torres Strait,0,4,1,0,3,5,8,0,176790,0,0,46572,176790,223363
chokepoint18,2026-04-01,Torres Strait,0,5,1,0,0,6,6,0,138701,574,0,0,139276,139276
chokepoint18,2026-04-02,Torres Strait,1,4,2,0,2,7,9,19932,69180,16487,0,7066,105600,112667
chokepoint18,2026-04-03,Torres Strait,1,5,0,0,2,6,8,25686,130631,0,0,61226,156317,217543
chokepoint18,2026-04-04,Torres Strait,2,3,2,1,3,8,11,52375,75831,8484,0,43847,136691,180538
chokepoint18,2026-04-05,Torres Strait,0,3,0,2,3,5,8,0,0,0,0,2781,0,2781
chokepoint18,2026-04-06,Torres Strait,1,3,1,0,0,5,5,9353,337181,1479,0,0,348013,348013
chokepoint18,2026-04-07,Torres Strait,2,5,3,1,1,11,12,39962,35823,2646,2521,0,80954,80954
chokepoint18,2026-04-08,Torres Strait,1,5,1,0,2,7,9,28315,77740,574,0,43202,106630,149833
chokepoint18,2026-04-09,Torres Strait,2,3,0,0,5,5,10,36146,74679,0,0,114845,110826,225671
chokepoint18,2026-04-10,Torres Strait,1,4,0,0,0,5,5,7822,114757,0,0,0,122580,122580
chokepoint18,2026-04-11,Torres Strait,2,3,1,1,1,7,8,34062,0,1983,3074,0,39120,39120
chokepoint18,2026-04-12,Torres Strait,2,8,2,0,3,12,15,59942,222868,2402,0,30409,285213,315623
chokepoint18,2026-04-13,Torres Strait,1,2,1,0,4,4,8,29344,33079,860,0,156428,63284,219712
chokepoint18,2026-04-14,Torres Strait,0,3,1,0,1,4,5,0,86286,4986,0,0,91273,91273
chokepoint18,2026-04-15,Torres Strait,0,1,2,0,3,3,6,0,84902,574,0,136591,85477,222069
chokepoint18,2026-04-16,Torres Strait,1,9,2,1,0,13,13,29090,397031,4146,3875,0,434144,434144
chokepoint18,2026-04-17,Torres Strait,5,4,0,0,3,9,12,95520,119510,0,0,74289,215030,289320
chokepoint18,2026-04-18,Torres Strait,1,4,1,0,3,6,9,25680,176512,1175,0,50760,203368,254129
chokepoint18,2026-04-19,Torres Strait,0,4,1,1,2,6,8,0,79079,3298,2523,111655,84901,196556
chokepoint18,2026-04-20,Torres Strait,3,7,1,0,4,11,15,68762,210343,2204,0,50015,281310,331326
chokepoint18,2026-04-21,Torres Strait,0,6,2,0,3,8,11,0,167438,464,0,53771,167903,221674
chokepoint18,2026-04-22,Torres Strait,1,3,1,0,2,5,7,27793,148735,574,0,41092,177103,218195
chokepoint18,2026-04-23,Torres Strait,1,1,1,0,2,3,5,31050,77740,7748,0,41663,116539,158203
chokepoint18,2026-04-24,Torres Strait,1,3,0,1,4,5,9,28366,0,0,0,39519,28366,67885
chokepoint18,2026-04-25,Torres Strait,2,2,1,0,2,5,7,24922,64841,1175,0,38911,90940,129852
chokepoint18,2026-04-26,Torres Strait,1,3,1,1,1,6,7,11550,56594,1987,0,48569,70131,118701
chokepoint18,2026-04-27,Torres Strait,2,5,1,0,3,8,11,48562,229260,2799,0,59034,280622,339656
chokepoint18,2026-04-28,Torres Strait,3,3,2,0,1,8,9,106368,103203,4716,0,38977,214288,253265
chokepoint18,2026-04-29,Torres Strait,2,5,1,0,2,8,10,6647,60200,574,0,123932,67422,191355
chokepoint18,2026-04-30,Torres Strait,0,4,1,0,2,5,7,0,82572,6982,0,0,89554,89554
chokepoint18,2026-05-01,Torres Strait,0,5,0,0,3,5,8,0,116797,0,0,0,116797,116797
chokepoint18,2026-05-02,Torres Strait,1,5,1,2,0,9,9,28456,140418,1605,8320,0,178800,178800
chokepoint18,2026-05-03,Torres Strait,1,3,0,0,3,4,7,29001,158652,0,0,49167,187653,236820
chokepoint18,2026-05-04,Torres Strait,2,3,2,0,5,7,12,85560,0,2720,0,144654,88280,232935
chokepoint18,2026-05-05,Torres Strait,1,4,1,0,3,6,9,26816,161032,0,0,155718,187848,343567
chokepoint18,2026-05-06,Torres Strait,2,4,1,0,2,7,9,8366,109571,4805,0,34738,122743,157481
chokepoint18,2026-05-07,Torres Strait,0,5,1,0,1,6,7,0,157027,499,0,0,157527,157527
chokepoint18,2026-05-08,Torres Strait,3,4,0,0,2,7,9,50797,31072,0,0,40143,81869,122012
chokepoint18,2026-05-09,Torres Strait,1,5,2,0,2,8,10,28140,122503,7952,0,110575,158596,269171
chokepoint18,2026-05-10,Torres Strait,1,5,2,0,2,8,10,30382,0,2204,0,0,32587,32587
chokepoint18,2026-05-11,Torres Strait,1,3,0,1,2,5,7,25757,75513,0,3800,40881,105071,145953
chokepoint18,2026-05-12,Torres Strait,2,5,0,0,1,7,8,41939,129078,0,0,0,171018,171018
chokepoint18,2026-05-13,Torres Strait,0,4,3,0,1,7,8,0,32320,18495,0,40917,50816,91733
chokepoint18,2026-05-14,Torres Strait,0,5,0,0,0,5,5,0,114155,0,0,0,114155,114155
chokepoint18,2026-05-15,Torres Strait,1,3,1,1,5,6,11,21864,82070,3141,3315,77553,110392,187946
chokepoint18,2026-05-16,Torres Strait,1,3,1,0,5,5,10,25960,144228,1318,0,5755,171507,177263
chokepoint18,2026-05-17,Torres Strait,2,4,2,1,2,9,11,45980,167117,2140,2644,43790,217883,261674
chokepoint18,2026-05-18,Torres Strait,2,3,0,0,4,5,9,68807,0,0,0,57450,68807,126257
chokepoint18,2026-05-19,Torres Strait,1,9,2,0,3,12,15,35816,250848,0,0,37203,286665,323869
chokepoint18,2026-05-20,Torres Strait,0,5,2,0,2,7,9,0,108307,3802,0,39646,112109,151755
chokepoint18,2026-05-21,Torres Strait,0,5,0,0,1,5,6,0,198773,0,0,11850,198773,210623
chokepoint18,2026-05-22,Torres Strait,2,6,0,0,0,8,8,54830,202557,0,0,0,257388,257388
chokepoint18,2026-05-23,Torres Strait,1,8,2,0,1,11,12,30349,77405,4689,0,11532,112444,123976
chokepoint18,2026-05-24,Torres Strait,4,5,1,0,3,10,13,100709,387160,768,0,14045,488638,502684
chokepoint18,2026-05-25,Torres Strait,0,3,0,1,3,4,7,0,104628,0,4897,83673,109526,193199
chokepoint18,2026-05-26,Torres Strait,2,7,1,0,2,10,12,44145,157874,17368,0,0,219388,219388
chokepoint18,2026-05-27,Torres Strait,2,6,1,1,2,10,12,31753,172335,574,3369,33460,208032,241493
chokepoint18,2026-05-28,Torres Strait,0,7,1,0,2,8,10,0,165406,2357,0,42536,167763,210299
chokepoint18,2026-05-29,Torres Strait,1,3,0,0,2,4,6,24183,83970,0,0,31679,108153,139833
chokepoint18,2026-05-30,Torres Strait,1,6,1,0,2,8,10,29683,129194,1033,0,50864,159911,210775
chokepoint18,2026-05-31,Torres Strait,2,5,0,0,3,7,10,33329,75435,0,0,55446,108765,164211
chokepoint19,2025-12-23,Sunda Strait,3,11,5,2,10,21,31,134416,886726,15637,3242,89553,1040022,1129576
chokepoint19,2025-12-24,Sunda Strait,5,14,2,1,9,22,31,115309,943688,0,4858,22304,1063855,1086159
chokepoint19,2025-12-25,Sunda Strait,3,12,6,1,16,22,38,57637,896899,20714,0,73463,975250,1048714
chokepoint19,2025-12-26,Sunda Strait,3,10,4,1,17,18,35,47069,561010,37191,0,401897,645272,1047169
chokepoint19,2025-12-27,Sunda Strait,2,13,7,2,16,24,40,77782,623450,44216,6677,403684,752126,1155811
chokepoint19,2025-12-28,Sunda Strait,0,18,2,1,15,21,36,0,974459,6809,4732,200130,986001,1186131
chokepoint19,2025-12-29,Sunda Strait,3,13,3,1,12,20,32,75340,890596,27475,5784,591468,999197,1590665
chokepoint19,2025-12-30,Sunda Strait,4,8,2,0,10,14,24,53474,261689,4416,0,357620,319580,677200
chokepoint19,2025-12-31,Sunda Strait,4,15,5,3,11,27,38,151201,1240920,63057,13609,168850,1468789,1637640
chokepoint19,2026-01-01,Sunda Strait,1,18,4,2,12,25,37,4006,1310487,5490,12838,598202,1332823,1931026
chokepoint19,2026-01-02,Sunda Strait,3,17,6,2,13,28,41,94038,1272729,11187,9354,103810,1387310,1491120
chokepoint19,2026-01-03,Sunda Strait,2,9,5,1,15,17,32,113517,1107699,70118,4215,170854,1295551,1466406
chokepoint19,2026-01-04,Sunda Strait,7,21,3,0,11,31,42,99365,1692363,2919,0,201739,1794648,1996388
chokepoint19,2026-01-05,Sunda Strait,1,12,3,0,15,16,31,0,722166,4858,0,320431,727024,1047456
chokepoint19,2026-01-06,Sunda Strait,3,10,2,0,12,15,27,95379,720112,4378,0,432944,819869,1252813
chokepoint19,2026-01-07,Sunda Strait,7,21,5,2,17,35,52,182814,1481277,8585,6259,681050,1678936,2359987
chokepoint19,2026-01-08,Sunda Strait,7,13,5,1,17,26,43,240322,895482,20426,0,664696,1156230,1820927
chokepoint19,2026-01-09,Sunda Strait,2,17,2,1,14,22,36,79801,882428,7967,0,555131,970197,1525329
chokepoint19,2026-01-10,Sunda Strait,2,10,2,2,12,16,28,24532,981583,9879,11609,39239,1027605,1066845
chokepoint19,2026-01-11,Sunda Strait,2,12,5,0,18,19,37,11314,1027581,23429,0,834326,1062324,1896651
chokepoint19,2026-01-12,Sunda Strait,2,11,2,1,13,16,29,35900,972401,45713,1846,164195,1055861,1220056
chokepoint19,2026-01-13,Sunda Strait,5,16,3,1,13,25,38,97135,1392696,13725,6258,215656,1509815,1725472
chokepoint19,2026-01-14,Sunda Strait,5,15,2,3,16,25,41,59594,941613,7679,13143,223029,1022031,1245061
chokepoint19,2026-01-15,Sunda Strait,4,10,1,0,6,15,21,177097,1015817,707,0,436354,1193622,1629976
chokepoint19,2026-01-16,Sunda Strait,1,18,5,3,14,27,41,17390,874555,33394,2965,716443,928305,1644749
chokepoint19,2026-01-17,Sunda Strait,6,15,3,1,15,25,40,168743,1680173,6960,0,69209,1855877,1925087
chokepoint19,2026-01-18,Sunda Strait,4,17,3,0,19,24,43,102263,957491,10496,0,799245,1070251,1869497
chokepoint19,2026-01-19,Sunda Strait,3,9,2,1,10,15,25,63186,475919,0,0,95461,539105,634567
chokepoint19,2026-01-20,Sunda Strait,3,13,2,1,11,19,30,50704,1101988,518,8696,172226,1161907,1334134
chokepoint19,2026-01-21,Sunda Strait,6,13,4,1,18,24,42,73733,1000895,47365,0,226339,1121994,1348334
chokepoint19,2026-01-22,Sunda Strait,5,14,5,2,12,26,38,111939,1260479,11225,16888,551942,1400532,1952475
chokepoint19,2026-01-23,Sunda Strait,1,10,4,1,11,16,27,56455,599629,18044,0,448413,674129,1122542
chokepoint19,2026-01-24,Sunda Strait,5,11,0,1,18,17,35,156255,824568,0,0,616097,980823,1596920
chokepoint19,2026-01-25,Sunda Strait,3,15,0,2,14,20,34,124243,1103132,0,5277,390693,1232654,1623347
chokepoint19,2026-01-26,Sunda Strait,1,21,3,0,10,25,35,29432,1852702,5228,0,306541,1887362,2193904
chokepoint19,2026-01-27,Sunda Strait,4,14,4,1,14,23,37,92236,631325,82603,0,106517,806166,912683
chokepoint19,2026-01-28,Sunda Strait,6,14,2,2,10,24,34,61859,735953,2981,5293,66925,806088,873013
chokepoint19,2026-01-29,Sunda Strait,2,16,5,1,14,24,38,58542,986244,16188,0,505987,1060976,1566964
chokepoint19,2026-01-30,Sunda Strait,2,9,5,0,6,16,22,43997,616226,28513,0,376491,688737,1065229
chokepoint19,2026-01-31,Sunda Strait,3,14,2,0,13,19,32,55355,1042569,35188,0,377971,1133113,1511085
chokepoint19,2026-02-01,Sunda Strait,5,15,5,2,11,27,38,180400,1274775,20852,3523,241294,1479552,1720847
chokepoint19,2026-02-02,Sunda Strait,6,13,2,2,17,23,40,80184,746999,1531,1961,416934,830676,1247610
chokepoint19,2026-02-03,Sunda Strait,5,11,4,0,15,20,35,57812,787918,32981,0,608290,878711,1487002
chokepoint19,2026-02-04,Sunda Strait,1,25,3,0,10,29,39,49622,2154503,5951,0,345040,2210077,2555117
chokepoint19,2026-02-05,Sunda Strait,4,20,3,0,16,27,43,49001,920680,47014,0,739160,1016696,1755856
chokepoint19,2026-02-06,Sunda Strait,4,16,3,0,11,23,34,41398,500582,22042,0,396817,564022,960840
chokepoint19,2026-02-07,Sunda Strait,2,12,1,0,13,15,28,123578,627568,15684,0,161285,766830,928116
chokepoint19,2026-02-08,Sunda Strait,4,14,4,2,8,24,32,184062,914627,707,9385,56002,1108782,1164784
chokepoint19,2026-02-09,Sunda Strait,2,18,3,1,10,24,34,21505,765347,9391,0,374661,796243,1170905
chokepoint19,2026-02-10,Sunda Strait,4,22,1,2,13,29,42,99564,1275950,844,6579,484503,1382938,1867442
chokepoint19,2026-02-11,Sunda Strait,5,13,2,2,14,22,36,74518,1001238,30368,13394,81821,1119520,1201342
chokepoint19,2026-02-12,Sunda Strait,2,16,3,0,7,21,28,31540,661308,35239,0,433395,728088,1161484
chokepoint19,2026-02-13,Sunda Strait,5,10,3,2,13,20,33,111778,542034,5910,6263,292606,665987,958593
chokepoint19,2026-02-14,Sunda Strait,0,19,5,3,16,27,43,0,1702934,3328,14044,212999,1720307,1933306
chokepoint19,2026-02-15,Sunda Strait,4,11,5,2,11,22,33,131486,997405,14574,0,247130,1143466,1390597
chokepoint19,2026-02-16,Sunda Strait,6,11,5,4,9,26,35,79772,697776,19319,0,103055,796868,899923
chokepoint19,2026-02-17,Sunda Strait,2,9,5,0,11,16,27,37472,649951,28897,0,32768,716321,749090
chokepoint19,2026-02-18,Sunda Strait,3,22,3,1,12,29,41,60139,1568128,32537,0,186674,1660806,1847480
chokepoint19,2026-02-19,Sunda Strait,3,11,4,1,12,19,31,50192,497908,12330,4227,209720,564660,774380
chokepoint19,2026-02-20,Sunda Strait,5,11,3,1,11,20,31,106921,984162,37420,11673,263469,1140177,1403647
chokepoint19,2026-02-21,Sunda Strait,6,19,2,1,13,28,41,218342,649751,1690,0,452858,869784,1322642
chokepoint19,2026-02-22,Sunda Strait,3,15,5,3,11,26,37,53191,1423693,13561,11944,336557,1502391,1838949
chokepoint19,2026-02-23,Sunda Strait,4,12,3,1,13,20,33,125737,1017651,7662,0,141093,1151052,1292145
chokepoint19,2026-02-24,Sunda Strait,3,14,4,3,16,24,40,50541,978528,707,10720,195205,1040497,1235703
chokepoint19,2026-02-25,Sunda Strait,4,10,5,3,13,22,35,109052,527663,18662,5701,411833,661080,1072914
chokepoint19,2026-02-26,Sunda Strait,1,11,3,1,9,16,25,57847,1048624,52950,3449,193823,1162872,1356695
chokepoint19,2026-02-27,Sunda Strait,5,11,3,5,10,24,34,44781,626739,11402,16594,54702,699518,754221
chokepoint19,2026-02-28,Sunda Strait,3,20,2,2,10,27,37,93872,1920787,6464,3874,147247,2025000,2172247
chokepoint19,2026-03-01,Sunda Strait,9,22,4,1,10,36,46,465894,1469273,10412,0,105616,1945580,2051196
chokepoint19,2026-03-02,Sunda Strait,1,11,5,1,6,18,24,2443,465754,43583,7307,79105,519088,598193
chokepoint19,2026-03-03,Sunda Strait,2,16,3,0,11,21,32,46819,1360354,27592,0,424868,1434766,1859634
chokepoint19,2026-03-04,Sunda Strait,6,16,4,1,8,27,35,112002,931446,6051,4184,10612,1053684,1064296
chokepoint19,2026-03-05,Sunda Strait,0,11,1,1,14,13,27,0,559111,4775,0,540765,563887,1104652
chokepoint19,2026-03-06,Sunda Strait,3,7,2,0,6,12,18,20235,209266,9730,0,407341,239232,646573
chokepoint19,2026-03-07,Sunda Strait,8,10,6,0,12,24,36,239104,794487,17762,0,70600,1051354,1121954
chokepoint19,2026-03-08,Sunda Strait,6,11,2,1,10,20,30,136446,980305,7838,17711,535227,1142302,1677529
chokepoint19,2026-03-09,Sunda Strait,2,10,2,2,16,16,32,17540,734081,18016,2334,342414,771972,1114386
chokepoint19,2026-03-10,Sunda Strait,4,16,7,1,9,28,37,98833,1668068,13967,6742,249276,1787612,2036889
chokepoint19,2026-03-11,Sunda Strait,5,15,4,2,11,26,37,236790,1000378,52274,17141,627024,1306585,1933610
chokepoint19,2026-03-12,Sunda Strait,1,14,2,1,10,18,28,4422,598201,28755,3094,350828,634474,985302
chokepoint19,2026-03-13,Sunda Strait,8,14,3,3,11,28,39,223788,719526,32221,18775,491044,994312,1485357
chokepoint19,2026-03-14,Sunda Strait,5,14,8,0,15,27,42,111456,555150,70119,0,350382,736726,1087109
chokepoint19,2026-03-15,Sunda Strait,4,14,3,0,11,21,32,81108,540446,4209,0,111695,625765,737460
chokepoint19,2026-03-16,Sunda Strait,3,15,4,1,14,23,37,77877,728614,2180,0,157685,808672,966358
chokepoint19,2026-03-17,Sunda Strait,2,12,2,1,11,17,28,16983,1531857,1311,0,231107,1550152,1781260
chokepoint19,2026-03-18,Sunda Strait,4,17,2,0,13,23,36,129769,1254511,10529,0,552859,1394810,1947669
chokepoint19,2026-03-19,Sunda Strait,2,12,6,0,15,20,35,21960,381056,42978,0,520429,445995,966425
chokepoint19,2026-03-20,Sunda Strait,6,15,1,2,7,24,31,112331,1076308,7654,0,42038,1196294,1238332
chokepoint19,2026-03-21,Sunda Strait,3,14,1,0,11,18,29,74141,964514,3248,0,402185,1041904,1444089
chokepoint19,2026-03-22,Sunda Strait,1,15,5,1,10,22,32,31082,783270,33870,7423,529015,855648,1384664
chokepoint19,2026-03-23,Sunda Strait,1,8,4,1,8,14,22,4216,430125,61610,0,378672,495953,874625
chokepoint19,2026-03-24,Sunda Strait,2,13,3,2,11,20,31,69959,1079134,22034,0,104014,1171128,1275143
chokepoint19,2026-03-25,Sunda Strait,4,19,2,0,10,25,35,100482,1389303,14754,0,141149,1504539,1645689
chokepoint19,2026-03-26,Sunda Strait,4,10,2,0,9,16,25,179098,840796,8847,0,246341,1028742,1275083
chokepoint19,2026-03-27,Sunda Strait,4,15,4,2,9,25,34,36123,1344306,20136,16859,132483,1417426,1549910
chokepoint19,2026-03-28,Sunda Strait,4,12,4,0,17,20,37,81212,910049,16905,0,226713,1008167,1234881
chokepoint19,2026-03-29,Sunda Strait,4,6,6,2,14,18,32,130401,453617,13655,16410,360595,614085,974681
chokepoint19,2026-03-30,Sunda Strait,0,14,5,2,9,21,30,0,1270114,23938,11448,405664,1305501,1711166
chokepoint19,2026-03-31,Sunda Strait,0,13,4,0,12,17,29,0,334000,19222,0,111846,353223,465069
chokepoint19,2026-04-01,Sunda Strait,4,9,5,3,6,21,27,152615,498721,18797,9880,330694,680014,1010708
chokepoint19,2026-04-02,Sunda Strait,5,20,7,0,12,32,44,117797,1502892,55498,0,462173,1676188,2138361
chokepoint19,2026-04-03,Sunda Strait,6,12,0,1,13,19,32,174344,738798,0,9053,193769,922196,1115965
chokepoint19,2026-04-04,Sunda Strait,6,8,2,2,11,18,29,170764,498487,895,8980,65718,679127,744845
chokepoint19,2026-04-05,Sunda Strait,3,10,7,0,13,20,33,127810,613200,56675,0,580595,797687,1378282
chokepoint19,2026-04-06,Sunda Strait,1,11,4,3,10,19,29,28153,1286452,14687,15558,246923,1344851,1591774
chokepoint19,2026-04-07,Sunda Strait,3,13,4,3,19,23,42,80911,984604,3720,11577,234399,1080814,1315213
chokepoint19,2026-04-08,Sunda Strait,3,16,3,2,13,24,37,68282,1124291,52863,11341,205004,1256778,1461782
chokepoint19,2026-04-09,Sunda Strait,2,10,5,1,13,18,31,52778,422490,40212,7346,378368,522827,901196
chokepoint19,2026-04-10,Sunda Strait,2,17,5,2,16,26,42,90534,1106697,7176,4215,668906,1208623,1877530
chokepoint19,2026-04-11,Sunda Strait,5,15,4,0,8,24,32,97531,824156,27830,0,46478,949518,995996
chokepoint19,2026-04-12,Sunda Strait,3,8,6,0,12,17,29,48516,724843,9576,0,265978,782936,1048914
chokepoint19,2026-04-13,Sunda Strait,5,10,1,0,12,16,28,132493,333474,1630,0,160559,467598,628157
chokepoint19,2026-04-14,Sunda Strait,0,17,6,3,11,26,37,0,995757,21661,2916,64098,1020336,1084434
chokepoint19,2026-04-15,Sunda Strait,1,15,3,5,8,24,32,53917,1680469,11060,20312,32378,1765759,1798138
chokepoint19,2026-04-16,Sunda Strait,2,12,3,0,17,17,34,42169,743101,9462,0,809165,794732,1603898
chokepoint19,2026-04-17,Sunda Strait,6,17,7,1,10,31,41,143121,1640216,29245,6203,158821,1818786,1977608
chokepoint19,2026-04-18,Sunda Strait,5,11,3,0,14,19,33,175401,1181112,16014,0,128646,1372527,1501174
chokepoint19,2026-04-19,Sunda Strait,3,13,3,1,18,20,38,85006,1098087,5608,2503,229819,1191205,1421025
chokepoint19,2026-04-20,Sunda Strait,2,15,4,1,12,22,34,44395,1670268,3958,0,507160,1718623,2225783
chokepoint19,2026-04-21,Sunda Strait,3,15,2,3,15,23,38,10666,1100911,0,9804,485488,1121381,1606870
chokepoint19,2026-04-22,Sunda Strait,3,11,6,2,8,22,30,122013,595666,2818,14926,319428,735425,1054853
chokepoint19,2026-04-23,Sunda Strait,3,13,1,0,9,17,26,163175,1148587,3558,0,503140,1315321,1818461
chokepoint19,2026-04-24,Sunda Strait,2,15,4,3,14,24,38,86581,1016274,9224,15366,36150,1127446,1163597
chokepoint19,2026-04-25,Sunda Strait,11,9,2,3,10,25,35,260019,1319342,0,10266,796924,1589629,2386553
chokepoint19,2026-04-26,Sunda Strait,3,9,5,1,16,18,34,1373,525559,29274,0,223463,556207,779670
chokepoint19,2026-04-27,Sunda Strait,1,14,4,1,17,20,37,31619,709269,21483,0,341225,762372,1103598
chokepoint19,2026-04-28,Sunda Strait,5,12,3,0,8,20,28,136783,776962,1252,0,123523,914998,1038521
chokepoint19,2026-04-29,Sunda Strait,3,11,3,2,7,19,26,56084,624629,38337,0,29204,719051,748255
chokepoint19,2026-04-30,Sunda Strait,3,17,5,0,13,25,38,84373,1186459,45397,0,424122,1316230,1740353
chokepoint19,2026-05-01,Sunda Strait,6,14,6,3,12,29,41,214424,1411256,50815,15384,349052,1691881,2040934
chokepoint19,2026-05-02,Sunda Strait,7,17,2,3,14,29,43,258770,1706504,14939,11863,438566,1992077,2430644
chokepoint19,2026-05-03,Sunda Strait,5,12,7,1,14,25,39,66460,1193775,25876,6683,176780,1292795,1469576
chokepoint19,2026-05-04,Sunda Strait,2,19,2,4,14,27,41,50507,1469070,7712,7812,100030,1535103,1635133
chokepoint19,2026-05-05,Sunda Strait,3,12,2,0,8,17,25,131476,1015831,9762,0,119978,1157071,1277049
chokepoint19,2026-05-06,Sunda Strait,3,14,4,0,9,21,30,55317,813144,22057,0,170779,890518,1061297
chokepoint19,2026-05-07,Sunda Strait,3,6,3,4,15,16,31,71793,352837,4516,6677,126303,435823,562127
chokepoint19,2026-05-08,Sunda Strait,5,9,5,0,9,19,28,250790,646581,39705,0,147450,937076,1084527
chokepoint19,2026-05-09,Sunda Strait,5,10,3,1,14,19,33,190759,914483,4268,6952,154625,1116465,1271090
chokepoint19,2026-05-10,Sunda Strait,5,9,2,1,12,17,29,118143,329644,8562,4184,821413,460534,1281948
chokepoint19,2026-05-11,Sunda Strait,3,13,5,1,14,22,36,73188,906758,16094,0,193595,996041,1189637
chokepoint19,2026-05-12,Sunda Strait,4,9,3,3,24,19,43,136368,713402,9461,9500,674694,868733,1543428
chokepoint19,2026-05-13,Sunda Strait,3,12,2,1,8,18,26,76719,760681,8695,0,760203,846096,1606300
chokepoint19,2026-05-14,Sunda Strait,2,15,2,0,12,19,31,75844,1712460,10691,0,321676,1798995,2120672
chokepoint19,2026-05-15,Sunda Strait,5,19,4,2,9,30,39,245057,2269768,1689,5666,89248,2522182,2611431
chokepoint19,2026-05-16,Sunda Strait,5,14,2,0,12,21,33,45964,701815,16377,0,127384,764157,891542
chokepoint19,2026-05-17,Sunda Strait,6,15,6,0,13,27,40,173428,653513,44295,0,517460,871236,1388696
chokepoint19,2026-05-18,Sunda Strait,2,12,2,1,18,17,35,68566,1182440,1966,6263,498590,1259237,1757828
chokepoint19,2026-05-19,Sunda Strait,1,9,2,1,18,13,31,4425,846541,2526,0,621911,853493,1475405
chokepoint19,2026-05-20,Sunda Strait,1,12,5,1,16,19,35,3701,615627,6655,0,359611,625984,985596
chokepoint19,2026-05-21,Sunda Strait,4,9,2,2,10,17,27,148237,723531,882,4013,411019,876666,1287685
chokepoint19,2026-05-22,Sunda Strait,7,9,2,0,16,18,34,114008,539710,4006,0,201846,657725,859571
chokepoint19,2026-05-23,Sunda Strait,4,8,5,2,11,19,30,60268,440039,46004,6492,171023,552804,723827
chokepoint19,2026-05-24,Sunda Strait,3,13,5,2,5,23,28,159292,835957,10639,2916,66869,1008806,1075676
chokepoint19,2026-05-25,Sunda Strait,2,12,4,2,15,20,35,110351,908734,44928,4479,507038,1068494,1575532
chokepoint19,2026-05-26,Sunda Strait,1,11,0,2,13,14,27,2380,553692,0,13876,286567,569949,856517
chokepoint19,2026-05-27,Sunda Strait,3,13,6,2,11,24,35,73340,1097873,57689,6461,106647,1235364,1342012
chokepoint19,2026-05-28,Sunda Strait,4,14,0,0,10,18,28,125749,1297449,0,0,512117,1423198,1935316
chokepoint19,2026-05-29,Sunda Strait,2,11,6,0,12,19,31,24540,774121,55387,0,101504,854049,955554
chokepoint19,2026-05-30,Sunda Strait,7,15,5,1,16,28,44,208080,1010701,31028,0,96858,1249811,1346669
chokepoint19,2026-05-31,Sunda Strait,4,8,1,1,17,14,31,170699,907269,0,4713,455310,1082682,1537993
chokepoint2,2025-12-23,Panama Canal,5,8,2,4,9,19,28,194803,415532,29439,26672,214748,666448,881196
chokepoint2,2025-12-24,Panama Canal,8,9,0,4,10,21,31,311599,383218,0,28983,242609,723801,966410
chokepoint2,2025-12-25,Panama Canal,6,8,0,4,11,18,29,340192,349404,0,10888,242222,700485,942707
chokepoint2,2025-12-26,Panama Canal,9,7,0,1,12,17,29,403809,359786,0,0,300418,763595,1064014
chokepoint2,2025-12-27,Panama Canal,8,5,1,2,11,16,27,319859,225802,12077,3911,294595,561650,856245
chokepoint2,2025-12-28,Panama Canal,11,4,1,2,6,18,24,354523,72311,6254,6079,116179,439168,555348
chokepoint2,2025-12-29,Panama Canal,4,7,2,2,12,15,27,181859,323942,16151,12655,344378,534609,878988
chokepoint2,2025-12-30,Panama Canal,4,5,2,3,18,14,32,121534,181212,36177,5201,265628,344126,609754
chokepoint2,2025-12-31,Panama Canal,7,3,5,0,13,15,28,320109,137361,51968,0,235951,509440,745391
chokepoint2,2026-01-01,Panama Canal,7,4,1,4,10,16,26,391794,203638,1760,12848,280043,610041,890084
chokepoint2,2026-01-02,Panama Canal,8,4,1,6,6,19,25,347274,150721,12111,21878,231742,531986,763728
chokepoint2,2026-01-03,Panama Canal,13,4,2,3,7,22,29,385913,172272,38846,0,284241,597032,881273
chokepoint2,2026-01-04,Panama Canal,6,4,1,1,14,12,26,215265,249633,3842,0,462291,468740,931032
chokepoint2,2026-01-05,Panama Canal,6,5,1,3,12,15,27,216335,225599,3805,7926,225711,453667,679378
chokepoint2,2026-01-06,Panama Canal,8,5,0,2,12,15,27,305077,295376,0,13146,444886,613600,1058487
chokepoint2,2026-01-07,Panama Canal,5,6,2,2,16,15,31,155412,265718,36294,5755,249434,463181,712615
chokepoint2,2026-01-08,Panama Canal,4,7,1,2,18,14,32,159692,234474,2624,6209,409182,403001,812184
chokepoint2,2026-01-09,Panama Canal,9,7,1,1,12,18,30,440474,313734,0,0,301712,754209,1055922
chokepoint2,2026-01-10,Panama Canal,9,5,1,1,15,16,31,305065,231213,7833,3452,310855,547564,858420
chokepoint2,2026-01-11,Panama Canal,5,7,0,4,14,16,30,194583,283511,0,25312,398175,503407,901582
chokepoint2,2026-01-12,Panama Canal,6,4,3,6,12,19,31,260364,307213,9404,21097,270870,598080,868950
chokepoint2,2026-01-13,Panama Canal,6,10,2,1,13,19,32,236769,465088,17878,0,391104,719736,1110840
chokepoint2,2026-01-14,Panama Canal,7,6,1,3,15,17,32,183743,252045,4644,15854,500935,456288,957223
chokepoint2,2026-01-15,Panama Canal,5,11,4,2,14,22,36,279683,421224,12152,1314,454328,714374,1168702
chokepoint2,2026-01-16,Panama Canal,9,7,2,4,12,22,34,395929,223997,19026,6463,353491,645417,998909
chokepoint2,2026-01-17,Panama Canal,11,6,1,5,7,23,30,391165,299530,3495,12781,166509,706973,873483
chokepoint2,2026-01-18,Panama Canal,13,4,2,3,12,22,34,397079,136550,7061,11387,268476,552079,820556
chokepoint2,2026-01-19,Panama Canal,9,4,2,3,12,18,30,369529,170379,14525,13472,260464,567907,828372
chokepoint2,2026-01-20,Panama Canal,6,6,1,1,17,14,31,205943,266862,5437,0,532208,478243,1010452
chokepoint2,2026-01-21,Panama Canal,4,8,1,4,14,17,31,159300,325630,4057,15279,485327,504267,989595
chokepoint2,2026-01-22,Panama Canal,5,5,0,3,11,13,24,242716,248501,0,8766,324758,499984,824743
chokepoint2,2026-01-23,Panama Canal,7,5,0,2,11,14,25,298241,236692,0,2181,364417,537114,901532
chokepoint2,2026-01-24,Panama Canal,11,5,1,0,10,17,27,364424,275630,1435,0,314564,641491,956056
chokepoint2,2026-01-25,Panama Canal,11,4,3,1,14,19,33,383904,203848,14764,0,264286,602517,866804
chokepoint2,2026-01-26,Panama Canal,5,9,3,3,11,20,31,241837,454732,53365,35479,403997,785414,1189411
chokepoint2,2026-01-27,Panama Canal,6,9,0,1,14,16,30,182428,292504,0,3952,320073,478885,798958
chokepoint2,2026-01-28,Panama Canal,6,6,0,1,8,13,21,190339,285448,0,0,233509,475787,709297
chokepoint2,2026-01-29,Panama Canal,9,7,2,1,12,19,31,389435,210039,17554,0,259301,617029,876330
chokepoint2,2026-01-30,Panama Canal,8,7,1,1,15,17,32,223890,282445,18284,5941,354854,530561,885415
chokepoint2,2026-01-31,Panama Canal,10,5,0,1,8,16,24,432767,210993,0,18841,141788,662601,804389
chokepoint2,2026-02-01,Panama Canal,9,7,0,1,13,17,30,318783,297048,0,4478,487275,620310,1107586
chokepoint2,2026-02-02,Panama Canal,5,9,0,2,12,16,28,252186,429953,0,0,299521,682139,981660
chokepoint2,2026-02-03,Panama Canal,5,4,1,1,16,11,27,133737,160506,9425,4821,458951,308490,767442
chokepoint2,2026-02-04,Panama Canal,8,4,2,0,12,14,26,309249,177729,5526,0,456152,492505,948657
chokepoint2,2026-02-05,Panama Canal,4,5,3,1,15,13,28,113194,224202,17550,3350,478498,358297,836796
chokepoint2,2026-02-06,Panama Canal,7,5,2,0,17,14,31,243717,353195,13468,0,410672,610381,1021054
chokepoint2,2026-02-07,Panama Canal,11,8,1,2,8,22,30,343027,318900,3042,15530,168338,680501,848839
chokepoint2,2026-02-08,Panama Canal,8,7,1,4,11,20,31,347842,513079,22240,11761,319930,894924,1214855
chokepoint2,2026-02-09,Panama Canal,5,5,3,3,12,16,28,150435,221514,16052,7822,207150,395825,602975
chokepoint2,2026-02-10,Panama Canal,7,9,3,4,8,23,31,352633,362329,19608,7633,175257,742205,917463
chokepoint2,2026-02-11,Panama Canal,11,4,0,1,15,16,31,341473,212238,0,1897,229547,555609,785157
chokepoint2,2026-02-12,Panama Canal,5,6,3,2,19,16,35,199859,209020,40388,9693,471568,458961,930530
chokepoint2,2026-02-13,Panama Canal,7,8,2,2,12,19,31,239900,414738,15365,2509,256629,672514,929143
chokepoint2,2026-02-14,Panama Canal,10,9,2,2,7,23,30,394205,445647,20386,19674,295373,879913,1175287
chokepoint2,2026-02-15,Panama Canal,14,7,1,0,11,22,33,481283,191616,0,0,272828,672899,945727
chokepoint2,2026-02-16,Panama Canal,8,5,0,3,16,16,32,342349,368921,0,6808,696495,718079,1414574
chokepoint2,2026-02-17,Panama Canal,9,9,1,2,14,21,35,318566,464767,1935,15447,334883,800716,1135599
chokepoint2,2026-02-18,Panama Canal,8,11,1,1,8,21,29,287798,635262,2677,0,236800,925738,1162539
chokepoint2,2026-02-19,Panama Canal,9,6,0,1,13,16,29,513929,267632,0,0,428054,781561,1209616
chokepoint2,2026-02-20,Panama Canal,10,6,3,2,10,21,31,308831,292263,12536,8060,307026,621692,928718
chokepoint2,2026-02-21,Panama Canal,9,5,0,6,12,20,32,438830,268061,0,30964,361871,737856,1099728
chokepoint2,2026-02-22,Panama Canal,12,7,1,4,19,24,43,393455,420343,9816,19348,505901,842963,1348865
chokepoint2,2026-02-23,Panama Canal,4,5,2,2,17,13,30,113074,208839,9096,1314,348685,332324,681010
chokepoint2,2026-02-24,Panama Canal,3,5,1,1,21,10,31,74660,191510,1135,5838,377191,273144,650336
chokepoint2,2026-02-25,Panama Canal,9,13,0,3,5,25,30,323541,449347,0,7255,86939,780144,867084
chokepoint2,2026-02-26,Panama Canal,8,10,0,2,12,20,32,255144,303104,0,5595,325179,563843,889022
chokepoint2,2026-02-27,Panama Canal,9,6,0,1,12,16,28,394322,295268,0,0,312749,689591,1002340
chokepoint2,2026-02-28,Panama Canal,7,4,1,1,20,13,33,283857,176059,31837,9243,386284,500997,887281
chokepoint2,2026-03-01,Panama Canal,10,7,1,1,15,19,34,284675,289175,0,0,378288,573850,952139
chokepoint2,2026-03-02,Panama Canal,9,3,1,4,15,17,32,368045,133155,19724,26719,367243,547644,914887
chokepoint2,2026-03-03,Panama Canal,8,10,2,2,15,22,37,288783,361068,15098,4237,366518,669188,1035707
chokepoint2,2026-03-04,Panama Canal,8,9,0,2,12,19,31,332601,348690,0,11470,274952,692762,967715
chokepoint2,2026-03-05,Panama Canal,9,8,2,2,14,21,35,350015,229656,6605,11549,323396,597827,921223
chokepoint2,2026-03-06,Panama Canal,9,9,1,4,11,23,34,388846,459091,0,17146,306495,865084,1171580
chokepoint2,2026-03-07,Panama Canal,9,6,2,2,13,19,32,263154,202367,24648,0,316847,490171,807018
chokepoint2,2026-03-08,Panama Canal,11,5,1,2,16,19,35,336434,221614,2755,27984,416203,588789,1004992
chokepoint2,2026-03-09,Panama Canal,7,5,2,3,12,17,29,340949,250564,22488,8525,303358,622528,925886
chokepoint2,2026-03-10,Panama Canal,8,5,1,6,11,20,31,418654,217203,0,24932,327367,660790,988158
chokepoint2,2026-03-11,Panama Canal,6,5,2,1,17,14,31,115370,210824,4551,4537,557372,335283,892656
chokepoint2,2026-03-12,Panama Canal,8,3,1,2,15,14,29,311642,87554,3415,12621,246833,415234,662068
chokepoint2,2026-03-13,Panama Canal,11,9,0,1,12,21,33,351894,534922,0,0,280329,886816,1167146
chokepoint2,2026-03-14,Panama Canal,8,10,2,1,13,21,34,362071,499470,16666,9487,355549,887695,1243244
chokepoint2,2026-03-15,Panama Canal,11,4,1,3,14,19,33,532700,116665,22240,11884,247459,683491,930950
chokepoint2,2026-03-16,Panama Canal,11,10,1,0,13,22,35,451338,404839,2376,0,299658,858554,1158212
chokepoint2,2026-03-17,Panama Canal,7,6,0,2,22,15,37,188431,305052,0,13863,561543,507346,1068890
chokepoint2,2026-03-18,Panama Canal,8,8,2,3,11,21,32,296182,345839,4769,14955,400781,661747,1062528
chokepoint2,2026-03-19,Panama Canal,9,9,1,3,15,22,37,293085,416639,6376,6270,392899,722372,1115272
chokepoint2,2026-03-20,Panama Canal,5,8,1,1,12,15,27,248230,347895,18834,6116,350606,621076,971683
chokepoint2,2026-03-21,Panama Canal,8,4,0,3,12,15,27,312539,183481,0,18225,413291,514246,927537
chokepoint2,2026-03-22,Panama Canal,7,4,4,2,16,17,33,276021,259403,17299,0,306225,552724,858949
chokepoint2,2026-03-23,Panama Canal,7,6,1,3,13,17,30,189386,256941,840,5715,493206,452884,946091
chokepoint2,2026-03-24,Panama Canal,4,7,1,4,13,16,29,301758,343243,12111,12886,409406,669999,1079406
chokepoint2,2026-03-25,Panama Canal,10,5,1,2,12,18,30,302426,262776,18211,0,305768,583414,889183
chokepoint2,2026-03-26,Panama Canal,10,3,1,2,15,16,31,289583,134930,10220,0,252164,434734,686898
chokepoint2,2026-03-27,Panama Canal,5,7,1,6,11,19,30,181263,330748,9128,29695,343171,550836,894007
chokepoint2,2026-03-28,Panama Canal,9,5,2,4,8,20,28,400513,174568,23753,12781,233290,611616,844907
chokepoint2,2026-03-29,Panama Canal,7,10,2,2,14,21,35,213889,426428,4582,2168,413275,647069,1060344
chokepoint2,2026-03-30,Panama Canal,5,5,0,3,23,13,36,219241,239720,0,3561,444896,462523,907420
chokepoint2,2026-03-31,Panama Canal,4,3,1,4,18,12,30,122053,117848,0,14238,693994,254140,948134
chokepoint2,2026-04-01,Panama Canal,7,3,3,0,19,13,32,332735,104447,30638,0,429007,467821,896829
chokepoint2,2026-04-02,Panama Canal,6,6,1,1,17,14,31,304963,255483,2365,0,324083,562811,886895
chokepoint2,2026-04-03,Panama Canal,8,2,1,4,19,15,34,357643,87904,6244,11548,494357,463341,957699
chokepoint2,2026-04-04,Panama Canal,12,6,3,1,11,22,33,390478,275118,14982,7631,353037,688211,1041249
chokepoint2,2026-04-05,Panama Canal,6,3,1,5,17,15,32,236796,116047,2212,5427,423807,360484,784291
chokepoint2,2026-04-06,Panama Canal,8,4,2,1,17,15,32,319624,223436,30086,8998,562340,582146,1144486
chokepoint2,2026-04-07,Panama Canal,7,7,3,0,12,17,29,292647,362809,20687,0,268620,676144,944765
chokepoint2,2026-04-08,Panama Canal,8,4,0,0,13,12,25,301169,143367,0,0,289035,444537,733573
chokepoint2,2026-04-09,Panama Canal,4,4,0,2,18,10,28,117112,175474,0,0,475552,292587,768140
chokepoint2,2026-04-10,Panama Canal,6,3,3,4,19,16,35,332054,151244,5002,12713,503313,501015,1004329
chokepoint2,2026-04-11,Panama Canal,11,7,0,2,14,20,34,382883,323217,0,19937,428711,726038,1154750
chokepoint2,2026-04-12,Panama Canal,11,5,1,1,17,18,35,467339,232813,4053,0,341370,704206,1045576
chokepoint2,2026-04-13,Panama Canal,9,1,1,4,21,15,36,303971,49311,7908,8430,486724,369622,856346
chokepoint2,2026-04-14,Panama Canal,6,6,2,4,13,18,31,281669,249030,18101,4821,387888,553622,941511
chokepoint2,2026-04-15,Panama Canal,7,9,2,1,18,19,37,233413,484128,1796,6360,505760,725697,1231458
chokepoint2,2026-04-16,Panama Canal,8,9,3,3,12,23,35,281295,239633,29042,11109,374602,561080,935682
chokepoint2,2026-04-17,Panama Canal,7,7,1,3,19,18,37,358300,242852,4956,11055,553696,617165,1170862
chokepoint2,2026-04-18,Panama Canal,9,2,2,2,20,15,35,334189,101116,16218,15204,435995,466728,902724
chokepoint2,2026-04-19,Panama Canal,9,7,1,4,15,21,36,363357,305000,9180,18786,615425,696324,1311750
chokepoint2,2026-04-20,Panama Canal,8,4,0,4,14,16,30,312575,179555,0,15719,587058,507850,1094909
chokepoint2,2026-04-21,Panama Canal,2,7,1,3,19,13,32,112272,455600,20778,17887,317193,606540,923733
chokepoint2,2026-04-22,Panama Canal,7,6,1,4,15,18,33,206230,291540,2901,12885,552460,513558,1066019
chokepoint2,2026-04-23,Panama Canal,7,8,0,4,14,19,33,255898,491909,0,15786,289947,763594,1053542
chokepoint2,2026-04-24,Panama Canal,9,6,1,1,15,17,32,281963,310061,14781,0,413749,606806,1020556
chokepoint2,2026-04-25,Panama Canal,8,9,2,2,15,21,36,350409,252305,16736,7928,447363,627378,1074742
chokepoint2,2026-04-26,Panama Canal,10,6,3,3,12,22,34,431808,248915,9674,23380,281916,713779,995695
chokepoint2,2026-04-27,Panama Canal,4,8,3,4,12,19,31,233038,355501,12626,18058,396034,619225,1015259
chokepoint2,2026-04-28,Panama Canal,10,7,1,1,15,19,34,420316,314618,1605,5554,317838,742094,1059933
chokepoint2,2026-04-29,Panama Canal,8,7,0,5,15,20,35,298533,273543,0,24921,474667,596999,1071667
chokepoint2,2026-04-30,Panama Canal,9,7,1,2,13,19,32,345096,302458,4930,8098,343041,660584,1003625
chokepoint2,2026-05-01,Panama Canal,9,9,2,0,14,20,34,327110,359093,19724,0,299878,705928,1005806
chokepoint2,2026-05-02,Panama Canal,8,8,3,4,14,23,37,254042,319792,27241,14481,348180,615557,963738
chokepoint2,2026-05-03,Panama Canal,9,5,0,2,16,16,32,344816,228588,0,12175,286147,585581,871729
chokepoint2,2026-05-04,Panama Canal,10,1,2,4,22,17,39,410040,51876,8989,10140,583770,481048,1064818
chokepoint2,2026-05-05,Panama Canal,8,2,1,2,17,13,30,320232,64782,11714,9939,487873,406668,894541
chokepoint2,2026-05-06,Panama Canal,8,9,3,1,15,21,36,420150,353819,5087,0,361575,779057,1140632
chokepoint2,2026-05-07,Panama Canal,5,6,2,3,18,16,34,200688,227933,26635,8858,460376,464115,924491
chokepoint2,2026-05-08,Panama Canal,7,8,1,0,17,16,33,240882,415608,10220,0,407264,666711,1073975
chokepoint2,2026-05-09,Panama Canal,10,4,1,7,10,22,32,379840,138655,1847,13648,273243,533992,807235
chokepoint2,2026-05-10,Panama Canal,10,7,0,0,15,17,32,382170,308857,0,0,306332,691028,997360
chokepoint2,2026-05-11,Panama Canal,5,8,2,5,13,20,33,245694,586052,1257,17208,321967,850213,1172181
chokepoint2,2026-05-12,Panama Canal,4,5,2,1,18,12,30,246607,207650,4174,0,461523,458432,919955
chokepoint2,2026-05-13,Panama Canal,8,5,1,3,16,17,33,328144,167203,25321,36954,434276,557624,991900
chokepoint2,2026-05-14,Panama Canal,10,6,3,2,11,21,32,414667,287898,43263,5722,325891,751552,1077443
chokepoint2,2026-05-15,Panama Canal,7,2,3,2,16,14,30,241451,78712,28276,0,292985,348440,641426
chokepoint2,2026-05-16,Panama Canal,8,2,4,1,19,15,34,269231,75957,23675,4751,649905,373616,1023522
chokepoint2,2026-05-17,Panama Canal,9,7,0,4,13,20,33,283500,284041,0,6333,188418,573876,762294
chokepoint2,2026-05-18,Panama Canal,9,6,1,2,12,18,30,497063,293157,6794,0,268353,797016,1065369
chokepoint2,2026-05-19,Panama Canal,6,7,1,4,13,18,31,240977,216861,7167,3099,317808,468105,785914
chokepoint2,2026-05-20,Panama Canal,8,4,2,1,24,15,39,304434,200441,10949,6166,487727,521992,1009719
chokepoint2,2026-05-21,Panama Canal,9,5,3,4,16,21,37,327859,186066,40678,16458,402261,571063,973324
chokepoint2,2026-05-22,Panama Canal,8,3,5,2,12,18,30,394564,139808,40841,5548,301892,580762,882655
chokepoint2,2026-05-23,Panama Canal,9,5,5,3,13,22,35,329184,311987,21708,9784,320595,672664,993260
chokepoint2,2026-05-24,Panama Canal,7,9,1,3,14,20,34,412438,240844,0,15035,305400,668317,973717
chokepoint2,2026-05-25,Panama Canal,12,5,1,1,11,19,30,528906,154401,3013,0,227828,686321,914149
chokepoint2,2026-05-26,Panama Canal,8,4,1,3,15,16,31,302727,201952,16656,6154,316900,527491,844392
chokepoint2,2026-05-27,Panama Canal,9,4,1,3,16,17,33,286281,247249,0,4477,276494,538008,814502
chokepoint2,2026-05-28,Panama Canal,8,4,1,5,11,18,29,470891,154592,6016,19223,185578,650724,836303
chokepoint2,2026-05-29,Panama Canal,5,7,0,3,18,15,33,237523,317471,0,5431,524757,560426,1085184
chokepoint2,2026-05-30,Panama Canal,11,3,1,2,17,17,34,388042,138245,6511,0,309375,532798,842174
chokepoint2,2026-05-31,Panama Canal,7,6,1,5,10,19,29,297250,281950,3161,12859,351332,595222,946555
chokepoint20,2025-12-23,Makassar Strait,4,51,0,0,5,55,60,23230,3237635,0,0,115765,3260866,3376631
chokepoint20,2025-12-24,Makassar Strait,1,44,0,0,6,45,51,12383,3768336,0,0,27088,3780720,3807809
chokepoint20,2025-12-25,Makassar Strait,0,37,2,0,1,39,40,0,3182369,3916,0,0,3186285,3186285
chokepoint20,2025-12-26,Makassar Strait,3,46,1,0,6,50,56,42586,3294354,10173,0,75801,3347114,3422915
chokepoint20,2025-12-27,Makassar Strait,2,37,2,0,10,41,51,24083,3580969,5618,0,218339,3610672,3829012
chokepoint20,2025-12-28,Makassar Strait,0,37,0,0,11,37,48,0,2081686,0,0,18119,2081686,2099806
chokepoint20,2025-12-29,Makassar Strait,2,35,2,0,3,39,42,37587,2805801,1804,0,13052,2845193,2858246
chokepoint20,2025-12-30,Makassar Strait,2,41,1,0,8,44,52,13157,2647365,0,0,108535,2660522,2769058
chokepoint20,2025-12-31,Makassar Strait,1,43,3,0,5,47,52,11372,3481764,25885,0,68675,3519022,3587698
chokepoint20,2026-01-01,Makassar Strait,0,36,3,0,2,39,41,0,2817659,7860,0,12532,2825520,2838053
chokepoint20,2026-01-02,Makassar Strait,2,43,1,0,7,46,53,18678,2708174,10391,0,77726,2737244,2814971
chokepoint20,2026-01-03,Makassar Strait,1,40,4,0,4,45,49,22586,2635235,3965,0,110914,2661786,2772701
chokepoint20,2026-01-04,Makassar Strait,2,32,0,0,4,34,38,37039,2635461,0,0,96509,2672501,2769010
chokepoint20,2026-01-05,Makassar Strait,3,34,4,0,4,41,45,25691,3041040,14162,0,308873,3080894,3389768
chokepoint20,2026-01-06,Makassar Strait,4,48,0,0,5,52,57,20504,2558229,0,0,173832,2578734,2752566
chokepoint20,2026-01-07,Makassar Strait,2,38,2,0,2,42,44,8663,2494814,4698,0,3203,2508176,2511379
chokepoint20,2026-01-08,Makassar Strait,1,49,2,0,5,52,57,0,3983762,5562,0,138196,3989325,4127521
chokepoint20,2026-01-09,Makassar Strait,1,39,1,1,5,42,47,3670,3579994,2505,5042,298133,3591213,3889347
chokepoint20,2026-01-10,Makassar Strait,2,33,3,0,5,38,43,14668,2116902,10565,0,16284,2142136,2158421
chokepoint20,2026-01-11,Makassar Strait,2,37,4,0,5,43,48,20841,2321949,12838,0,45043,2355630,2400673
chokepoint20,2026-01-12,Makassar Strait,2,45,4,0,7,51,58,22191,2732113,6684,0,24837,2760990,2785827
chokepoint20,2026-01-13,Makassar Strait,2,51,2,0,4,55,59,17693,3480327,2641,0,311991,3500662,3812654
chokepoint20,2026-01-14,Makassar Strait,2,38,2,0,3,42,45,4396,2294481,8220,0,14259,2307099,2321359
chokepoint20,2026-01-15,Makassar Strait,0,48,4,0,5,52,57,0,2694747,21491,0,202489,2716239,2918728
chokepoint20,2026-01-16,Makassar Strait,1,37,3,0,5,41,46,54507,2035241,4068,0,11842,2093816,2105659
chokepoint20,2026-01-17,Makassar Strait,1,43,1,0,8,45,53,4847,3313458,3038,0,91142,3321344,3412487
chokepoint20,2026-01-18,Makassar Strait,0,50,3,0,7,53,60,0,3698921,6620,0,113443,3705541,3818984
chokepoint20,2026-01-19,Makassar Strait,3,51,3,0,7,57,64,16490,2663851,19995,0,112322,2700337,2812660
chokepoint20,2026-01-20,Makassar Strait,3,38,5,0,7,46,53,33972,2413509,7738,0,116749,2455220,2571970
chokepoint20,2026-01-21,Makassar Strait,1,43,1,0,5,45,50,5719,4808321,7074,0,17262,4821115,4838377
chokepoint20,2026-01-22,Makassar Strait,1,27,1,0,10,29,39,8266,1439030,3480,0,36882,1450777,1487659
chokepoint20,2026-01-23,Makassar Strait,2,31,1,1,6,35,41,29654,2803524,0,0,118108,2833178,2951287
chokepoint20,2026-01-24,Makassar Strait,1,38,3,0,5,42,47,5934,2455427,7552,0,6458,2468914,2475373
chokepoint20,2026-01-25,Makassar Strait,3,43,2,0,5,48,53,30550,2741224,12228,0,2840,2784004,2786845
chokepoint20,2026-01-26,Makassar Strait,1,42,1,0,5,44,49,0,2489513,17445,0,118069,2506958,2625028
chokepoint20,2026-01-27,Makassar Strait,1,34,1,0,5,36,41,4811,1927475,0,0,23812,1932287,1956099
chokepoint20,2026-01-28,Makassar Strait,3,28,4,0,4,35,39,18808,3241577,7689,0,107040,3268076,3375116
chokepoint20,2026-01-29,Makassar Strait,2,35,5,0,5,42,47,20526,1524392,18803,0,101198,1563723,1664921
chokepoint20,2026-01-30,Makassar Strait,2,30,1,0,4,33,37,24595,2334334,4539,0,7342,2363470,2370812
chokepoint20,2026-01-31,Makassar Strait,1,53,1,0,2,55,57,21612,4185100,6726,0,0,4213438,4213438
chokepoint20,2026-02-01,Makassar Strait,0,41,2,0,3,43,46,0,3512970,2953,0,83819,3515924,3599743
chokepoint20,2026-02-02,Makassar Strait,4,43,1,0,4,48,52,71614,2972210,21891,0,338134,3065717,3403851
chokepoint20,2026-02-03,Makassar Strait,3,38,1,0,2,42,44,15797,2782417,1659,0,868,2799874,2800743
chokepoint20,2026-02-04,Makassar Strait,1,37,2,1,7,41,48,9898,2756933,8657,0,125710,2775489,2901200
chokepoint20,2026-02-05,Makassar Strait,3,39,3,0,6,45,51,15831,2474991,44211,0,123725,2535034,2658760
chokepoint20,2026-02-06,Makassar Strait,2,35,2,0,3,39,42,28416,2299111,1312,0,6723,2328840,2335564
chokepoint20,2026-02-07,Makassar Strait,0,28,0,0,1,28,29,0,2170154,0,0,5942,2170154,2176097
chokepoint20,2026-02-08,Makassar Strait,1,34,4,0,2,39,41,6733,2506220,4187,0,0,2517141,2517141
chokepoint20,2026-02-09,Makassar Strait,2,26,1,0,4,29,33,24345,991067,0,0,15960,1015412,1031373
chokepoint20,2026-02-10,Makassar Strait,1,26,3,0,5,30,35,18598,2992946,23596,0,344005,3035141,3379147
chokepoint20,2026-02-11,Makassar Strait,3,33,1,0,3,37,40,30898,1412283,926,0,112730,1444108,1556839
chokepoint20,2026-02-12,Makassar Strait,0,29,2,0,3,31,34,0,1247501,1750,0,9035,1249252,1258287
chokepoint20,2026-02-13,Makassar Strait,1,18,2,0,8,21,29,18807,428264,618,0,42265,447690,489956
chokepoint20,2026-02-14,Makassar Strait,2,35,8,1,3,46,49,3887,1758466,25783,0,11116,1788137,1799253
chokepoint20,2026-02-15,Makassar Strait,0,30,2,0,5,32,37,0,1911671,3722,0,41171,1915393,1956564
chokepoint20,2026-02-16,Makassar Strait,1,37,0,0,5,38,43,11042,3618126,0,0,12997,3629169,3642166
chokepoint20,2026-02-17,Makassar Strait,2,37,0,0,4,39,43,8304,2497863,0,0,7131,2506168,2513300
chokepoint20,2026-02-18,Makassar Strait,1,51,3,0,3,55,58,16601,3448612,5132,0,17690,3470347,3488037
chokepoint20,2026-02-19,Makassar Strait,1,34,2,0,2,37,39,2784,2341619,10169,0,2821,2354573,2357394
chokepoint20,2026-02-20,Makassar Strait,3,39,2,0,4,44,48,54768,3432674,7223,0,88316,3494666,3582983
chokepoint20,2026-02-21,Makassar Strait,0,33,4,0,6,37,43,0,2811438,17617,0,18186,2829055,2847242
chokepoint20,2026-02-22,Makassar Strait,1,35,2,0,7,38,45,54507,1943893,1797,0,95188,2000197,2095386
chokepoint20,2026-02-23,Makassar Strait,0,45,2,0,6,47,53,0,3148972,2808,0,28420,3151781,3180202
chokepoint20,2026-02-24,Makassar Strait,2,39,0,0,6,41,47,7464,3174676,0,0,22315,3182141,3204457
chokepoint20,2026-02-25,Makassar Strait,2,39,1,0,2,42,44,24815,2843341,0,0,3689,2868157,2871847
chokepoint20,2026-02-26,Makassar Strait,1,32,0,0,1,33,34,6244,2300391,0,0,5869,2306636,2312506
chokepoint20,2026-02-27,Makassar Strait,0,27,2,0,3,29,32,0,1585872,5378,0,13317,1591251,1604569
chokepoint20,2026-02-28,Makassar Strait,2,26,1,2,6,31,37,38822,2005687,0,0,29875,2044509,2074385
chokepoint20,2026-03-01,Makassar Strait,1,39,3,0,5,43,48,5941,2853864,11368,0,114443,2871174,2985618
chokepoint20,2026-03-02,Makassar Strait,1,37,3,1,3,42,45,7366,2401678,7250,2743,4600,2419038,2423638
chokepoint20,2026-03-03,Makassar Strait,3,52,1,0,2,56,58,28922,3095116,2798,0,158332,3126837,3285170
chokepoint20,2026-03-04,Makassar Strait,1,23,4,0,3,28,31,10141,2070269,19916,0,102134,2100327,2202461
chokepoint20,2026-03-05,Makassar Strait,1,46,1,0,7,48,55,0,3139183,2798,0,278001,3141982,3419983
chokepoint20,2026-03-06,Makassar Strait,1,32,3,0,5,36,41,6480,1869808,32271,0,125682,1908560,2034243
chokepoint20,2026-03-07,Makassar Strait,1,32,0,0,1,33,34,9898,1699698,0,0,4086,1709597,1713684
chokepoint20,2026-03-08,Makassar Strait,2,40,1,0,1,43,44,37734,2714007,0,0,0,2751741,2751741
chokepoint20,2026-03-09,Makassar Strait,1,35,6,1,6,43,49,5922,2996162,22435,0,41772,3024520,3066293
chokepoint20,2026-03-10,Makassar Strait,3,32,0,0,7,35,42,28504,2635812,0,0,46837,2664317,2711154
chokepoint20,2026-03-11,Makassar Strait,2,38,4,0,8,44,52,22006,2148391,5909,0,98910,2176307,2275217
chokepoint20,2026-03-12,Makassar Strait,1,34,3,0,3,38,41,21375,2406299,6420,0,10097,2434095,2444192
chokepoint20,2026-03-13,Makassar Strait,2,22,4,0,6,28,34,64863,1012733,38739,0,8211,1116336,1124548
chokepoint20,2026-03-14,Makassar Strait,1,42,2,0,6,45,51,7172,2196006,1365,0,8957,2204544,2213502
chokepoint20,2026-03-15,Makassar Strait,1,34,6,0,2,41,43,17003,3518376,13147,0,94900,3548526,3643427
chokepoint20,2026-03-16,Makassar Strait,3,23,2,0,3,28,31,42976,1610392,8818,0,7251,1662188,1669439
chokepoint20,2026-03-17,Makassar Strait,2,41,4,0,4,47,51,9453,3065728,19959,0,24049,3095141,3119191
chokepoint20,2026-03-18,Makassar Strait,2,33,0,0,2,35,37,32626,2769532,0,0,50255,2802159,2852415
chokepoint20,2026-03-19,Makassar Strait,0,35,4,0,6,39,45,0,2488254,3373,0,41835,2491628,2533463
chokepoint20,2026-03-20,Makassar Strait,1,45,2,1,6,49,55,18357,2640912,16511,0,86350,2675781,2762131
chokepoint20,2026-03-21,Makassar Strait,2,44,2,0,4,48,52,29197,2786498,18710,0,30032,2834405,2864437
chokepoint20,2026-03-22,Makassar Strait,1,37,1,0,6,39,45,21225,3098337,1417,0,31845,3120981,3152827
chokepoint20,2026-03-23,Makassar Strait,1,24,2,0,6,27,33,9511,1557399,0,0,348630,1566911,1915541
chokepoint20,2026-03-24,Makassar Strait,1,37,1,0,5,39,44,5191,2508947,3983,0,314921,2518122,2833044
chokepoint20,2026-03-25,Makassar Strait,1,34,4,0,3,39,42,7883,3337953,7545,0,89181,3353382,3442563
chokepoint20,2026-03-26,Makassar Strait,1,43,2,0,8,46,54,4674,3402964,6484,0,99753,3414123,3513877
chokepoint20,2026-03-27,Makassar Strait,1,43,2,0,6,46,52,54507,3857072,3038,0,94550,3914618,4009168
chokepoint20,2026-03-28,Makassar Strait,2,42,2,0,5,46,51,5941,2859305,4935,0,71627,2870182,2941809
chokepoint20,2026-03-29,Makassar Strait,1,26,1,0,5,28,33,21832,1275782,3723,0,15181,1301338,1316520
chokepoint20,2026-03-30,Makassar Strait,1,21,1,0,2,23,25,4943,1245805,0,0,2128,1250748,1252876
chokepoint20,2026-03-31,Makassar Strait,1,33,2,0,5,36,41,0,1469452,0,0,92136,1469452,1561589
chokepoint20,2026-04-01,Makassar Strait,4,29,7,0,3,40,43,28217,2087810,21476,0,23279,2137504,2160783
chokepoint20,2026-04-02,Makassar Strait,1,32,2,0,6,35,41,0,2214759,4133,0,89197,2218893,2308090
chokepoint20,2026-04-03,Makassar Strait,3,27,2,0,7,32,39,34405,1910265,1402,0,17587,1946072,1963660
chokepoint20,2026-04-04,Makassar Strait,3,27,1,1,4,32,36,38041,2304363,1471,0,10510,2343876,2354386
chokepoint20,2026-04-05,Makassar Strait,0,26,2,0,1,28,29,0,2185442,0,0,6946,2185442,2192388
chokepoint20,2026-04-06,Makassar Strait,0,37,1,0,5,38,43,0,3342707,1050,0,31850,3343758,3375608
chokepoint20,2026-04-07,Makassar Strait,1,26,2,2,5,31,36,4330,1539612,5639,4913,158872,1554496,1713368
chokepoint20,2026-04-08,Makassar Strait,0,33,1,0,2,34,36,0,2665165,0,0,5209,2665165,2670374
chokepoint20,2026-04-09,Makassar Strait,1,24,2,0,2,27,29,15543,2737404,18187,0,0,2771135,2771135
chokepoint20,2026-04-10,Makassar Strait,0,29,3,0,2,32,34,0,1699636,6299,0,81182,1705936,1787118
chokepoint20,2026-04-11,Makassar Strait,0,25,2,0,5,27,32,0,2060209,4791,0,250138,2065001,2315139
chokepoint20,2026-04-12,Makassar Strait,4,29,0,0,5,33,38,34931,2419761,0,0,4449,2454692,2459142
chokepoint20,2026-04-13,Makassar Strait,2,34,1,0,3,37,40,5415,2032831,6531,0,77481,2044777,2122259
chokepoint20,2026-04-14,Makassar Strait,0,32,0,0,4,32,36,0,2134622,0,0,40791,2134622,2175413
chokepoint20,2026-04-15,Makassar Strait,2,37,3,0,4,42,46,6557,1851771,18944,0,16589,1877273,1893863
chokepoint20,2026-04-16,Makassar Strait,1,37,3,0,3,41,44,12227,3863333,6743,0,4638,3882305,3886943
chokepoint20,2026-04-17,Makassar Strait,0,40,2,0,5,42,47,0,1519924,18265,0,13113,1538190,1551303
chokepoint20,2026-04-18,Makassar Strait,0,29,3,0,4,32,36,0,1867989,14419,0,6511,1882409,1888920
chokepoint20,2026-04-19,Makassar Strait,1,27,1,0,4,29,33,13473,2189186,0,0,5857,2202659,2208516
chokepoint20,2026-04-20,Makassar Strait,0,36,1,0,3,37,40,0,2130059,3538,0,3982,2133598,2137580
chokepoint20,2026-04-21,Makassar Strait,3,30,1,1,7,35,42,27482,1649362,2953,0,6968,1679798,1686766
chokepoint20,2026-04-22,Makassar Strait,1,37,1,0,3,39,42,3735,2178399,5639,0,0,2187774,2187774
chokepoint20,2026-04-23,Makassar Strait,1,35,3,0,6,39,45,2632,2612131,26199,0,21490,2640964,2662454
chokepoint20,2026-04-24,Makassar Strait,1,36,3,0,5,40,45,22161,1868031,3947,0,15236,1894140,1909377
chokepoint20,2026-04-25,Makassar Strait,2,28,1,0,8,31,39,23990,1922624,0,0,321133,1946614,2267748
chokepoint20,2026-04-26,Makassar Strait,1,20,1,0,6,22,28,2683,1518711,5765,0,25488,1527159,1552648
chokepoint20,2026-04-27,Makassar Strait,3,28,2,0,2,33,35,66067,2741516,2666,0,0,2810251,2810251
chokepoint20,2026-04-28,Makassar Strait,3,45,1,1,5,50,55,42740,4626219,0,0,32813,4668960,4701773
chokepoint20,2026-04-29,Makassar Strait,1,40,2,0,4,43,47,2156,3611577,0,0,41591,3613733,3655325
chokepoint20,2026-04-30,Makassar Strait,0,43,1,1,6,45,51,0,3133344,2216,4639,114139,3140201,3254340
chokepoint20,2026-05-01,Makassar Strait,1,54,2,0,7,57,64,11657,4268853,7720,0,125359,4288231,4413590
chokepoint20,2026-05-02,Makassar Strait,0,39,4,0,7,43,50,0,3075596,25530,0,41979,3101126,3143105
chokepoint20,2026-05-03,Makassar Strait,4,40,4,1,6,49,55,63645,2806342,0,2354,5253,2872343,2877596
chokepoint20,2026-05-04,Makassar Strait,2,41,2,1,2,46,48,51608,2620913,8859,5201,3340,2686582,2689922
chokepoint20,2026-05-05,Makassar Strait,0,30,2,0,3,32,35,0,2465383,5513,0,1722,2470896,2472618
chokepoint20,2026-05-06,Makassar Strait,0,12,0,0,2,12,14,0,1350920,0,0,10268,1350920,1361189
chokepoint20,2026-05-07,Makassar Strait,2,19,1,1,4,23,27,14947,1489104,0,0,176743,1504052,1680795
chokepoint20,2026-05-08,Makassar Strait,2,35,2,0,2,39,41,66562,2667457,15108,0,1581,2749128,2750709
chokepoint20,2026-05-09,Makassar Strait,0,29,1,0,5,30,35,0,2542337,423,0,104141,2542760,2646902
chokepoint20,2026-05-10,Makassar Strait,0,34,2,0,2,36,38,0,2744310,2560,0,2830,2746870,2749700
chokepoint20,2026-05-11,Makassar Strait,0,40,4,0,6,44,50,0,2948795,4417,0,5525,2953213,2958738
chokepoint20,2026-05-12,Makassar Strait,1,27,0,0,4,28,32,14852,1951504,0,0,11420,1966357,1977778
chokepoint20,2026-05-13,Makassar Strait,2,39,1,0,2,42,44,45364,2199884,0,0,243390,2245248,2488639
chokepoint20,2026-05-14,Makassar Strait,2,33,3,0,3,38,41,17342,2572575,799,0,14225,2590717,2604943
chokepoint20,2026-05-15,Makassar Strait,3,37,3,1,4,44,48,8851,2435812,8659,0,33722,2453322,2487045
chokepoint20,2026-05-16,Makassar Strait,1,36,4,0,1,41,42,2037,2076457,32465,0,0,2110960,2110960
chokepoint20,2026-05-17,Makassar Strait,1,33,3,0,3,37,40,5978,1531076,8064,0,18742,1545118,1563860
chokepoint20,2026-05-18,Makassar Strait,5,50,2,1,3,58,61,47578,4914199,0,3920,84405,4965699,5050105
chokepoint20,2026-05-19,Makassar Strait,3,41,2,0,3,46,49,45381,3261073,3670,0,0,3310125,3310125
chokepoint20,2026-05-20,Makassar Strait,3,38,1,0,4,42,46,31236,2977450,0,0,83281,3008686,3091968
chokepoint20,2026-05-21,Makassar Strait,3,47,3,0,3,53,56,19326,4347764,13884,0,85566,4380974,4466541
chokepoint20,2026-05-22,Makassar Strait,0,27,2,0,3,29,32,0,1670752,5294,0,1581,1676046,1677627
chokepoint20,2026-05-23,Makassar Strait,2,44,2,0,5,48,53,11323,3384166,4003,0,31314,3399492,3430807
chokepoint20,2026-05-24,Makassar Strait,1,47,1,0,8,49,57,4332,3752172,3700,0,24178,3760204,3784383
chokepoint20,2026-05-25,Makassar Strait,2,47,3,0,5,52,57,34151,3790559,6194,0,71988,3830905,3902894
chokepoint20,2026-05-26,Makassar Strait,3,41,3,0,5,47,52,20014,3964409,5408,0,37275,3989832,4027108
chokepoint20,2026-05-27,Makassar Strait,1,31,2,0,2,34,36,33672,1230860,6814,0,76872,1271348,1348220
chokepoint20,2026-05-28,Makassar Strait,4,59,1,0,10,64,74,39888,3747546,0,0,128417,3787434,3915851
chokepoint20,2026-05-29,Makassar Strait,2,39,4,0,7,45,52,14395,2797008,15109,0,102773,2826513,2929287
chokepoint20,2026-05-30,Makassar Strait,0,38,1,0,4,39,43,0,4061214,16819,0,155882,4078033,4233916
chokepoint20,2026-05-31,Makassar Strait,2,38,2,0,0,42,42,9393,2752856,7307,0,0,2769558,2769558
chokepoint21,2025-12-23,Magellan Strait,1,1,0,0,0,2,2,21613,44218,0,0,0,65832,65832
chokepoint21,2025-12-24,Magellan Strait,0,3,0,0,2,3,5,0,89826,0,0,20733,89826,110560
chokepoint21,2025-12-25,Magellan Strait,0,4,0,1,0,5,5,0,153852,0,3572,0,157425,157425
chokepoint21,2025-12-26,Magellan Strait,1,2,0,0,0,3,3,0,84132,0,0,0,84132,84132
chokepoint21,2025-12-27,Magellan Strait,0,3,0,0,2,3,5,0,34094,0,0,112298,34094,146393
chokepoint21,2025-12-28,Magellan Strait,0,2,0,0,1,2,3,0,94635,0,0,69160,94635,163795
chokepoint21,2025-12-29,Magellan Strait,0,4,1,0,2,5,7,0,192555,17879,0,51387,210435,261822
chokepoint21,2025-12-30,Magellan Strait,1,5,0,1,0,7,7,30841,190432,0,2789,0,224062,224062
chokepoint21,2025-12-31,Magellan Strait,0,1,0,0,1,1,2,0,78987,0,0,18687,78987,97675
chokepoint21,2026-01-01,Magellan Strait,0,0,0,0,2,0,2,0,0,0,0,122034,0,122034
chokepoint21,2026-01-02,Magellan Strait,0,1,0,0,1,1,2,0,0,0,0,57889,0,57889
chokepoint21,2026-01-03,Magellan Strait,1,3,0,0,0,4,4,21172,150104,0,0,0,171277,171277
chokepoint21,2026-01-04,Magellan Strait,0,1,1,0,1,2,3,0,32824,2716,0,0,35540,35540
chokepoint21,2026-01-05,Magellan Strait,0,3,0,1,1,4,5,0,93016,0,0,0,93016,93016
chokepoint21,2026-01-06,Magellan Strait,1,0,0,0,3,1,4,28987,0,0,0,161282,28987,190270
chokepoint21,2026-01-07,Magellan Strait,0,0,1,0,0,1,1,0,0,2360,0,0,2360,2360
chokepoint21,2026-01-08,Magellan Strait,0,1,0,0,2,1,3,0,42238,0,0,72798,42238,115036
chokepoint21,2026-01-09,Magellan Strait,1,4,0,0,1,5,6,6695,30443,0,0,0,37139,37139
chokepoint21,2026-01-10,Magellan Strait,0,2,1,0,1,3,4,0,62208,5443,0,140572,67652,208224
chokepoint21,2026-01-11,Magellan Strait,0,2,0,0,2,2,4,0,62311,0,0,18810,62311,81121
chokepoint21,2026-01-12,Magellan Strait,0,2,0,1,0,3,3,0,60278,0,4469,0,64747,64747
chokepoint21,2026-01-13,Magellan Strait,1,4,0,0,0,5,5,27054,156103,0,0,0,183157,183157
chokepoint21,2026-01-14,Magellan Strait,0,1,2,2,0,5,5,0,132229,25669,0,0,157898,157898
chokepoint21,2026-01-15,Magellan Strait,0,2,0,0,0,2,2,0,127393,0,0,0,127393,127393
chokepoint21,2026-01-16,Magellan Strait,1,1,0,0,1,2,3,12409,60416,0,0,18841,72826,91668
chokepoint21,2026-01-17,Magellan Strait,0,2,0,0,0,2,2,0,75362,0,0,0,75362,75362
chokepoint21,2026-01-18,Magellan Strait,0,0,0,0,1,0,1,0,0,0,0,141902,0,141902
chokepoint21,2026-01-19,Magellan Strait,1,1,0,0,0,2,2,16017,61578,0,0,0,77596,77596
chokepoint21,2026-01-20,Magellan Strait,0,3,0,0,1,3,4,0,141364,0,0,19003,141364,160368
chokepoint21,2026-01-21,Magellan Strait,0,2,0,0,0,2,2,0,85258,0,0,0,85258,85258
chokepoint21,2026-01-22,Magellan Strait,0,2,0,1,0,3,3,0,72502,0,3845,0,76348,76348
chokepoint21,2026-01-23,Magellan Strait,1,1,0,0,2,2,4,5615,54471,0,0,205142,60087,265229
chokepoint21,2026-01-24,Magellan Strait,0,3,0,0,0,3,3,0,139743,0,0,0,139743,139743
chokepoint21,2026-01-25,Magellan Strait,0,4,0,0,3,4,7,0,118108,0,0,93085,118108,211194
chokepoint21,2026-01-26,Magellan Strait,0,2,0,0,1,2,3,0,69404,0,0,11508,69404,80913
chokepoint21,2026-01-27,Magellan Strait,1,1,0,0,0,2,2,18622,43681,0,0,0,62304,62304
chokepoint21,2026-01-28,Magellan Strait,0,3,0,0,0,3,3,0,88106,0,0,0,88106,88106
chokepoint21,2026-01-29,Magellan Strait,0,1,0,0,1,1,2,0,0,0,0,18758,0,18758
chokepoint21,2026-01-30,Magellan Strait,1,3,0,0,0,4,4,16267,99844,0,0,0,116111,116111
chokepoint21,2026-01-31,Magellan Strait,0,2,0,0,1,2,3,0,72153,0,0,0,72153,72153
chokepoint21,2026-02-01,Magellan Strait,0,1,0,0,1,1,2,0,31041,0,0,93360,31041,124402
chokepoint21,2026-02-02,Magellan Strait,0,3,0,0,2,3,5,0,114173,0,0,0,114173,114173
chokepoint21,2026-02-03,Magellan Strait,0,0,0,1,2,1,3,0,0,0,2898,65358,2898,68257
chokepoint21,2026-02-04,Magellan Strait,0,1,0,0,0,1,1,0,31892,0,0,0,31892,31892
chokepoint21,2026-02-05,Magellan Strait,0,3,0,0,0,3,3,0,99078,0,0,0,99078,99078
chokepoint21,2026-02-06,Magellan Strait,1,2,0,0,0,3,3,8475,85131,0,0,0,93607,93607
chokepoint21,2026-02-07,Magellan Strait,0,1,0,0,0,1,1,0,41475,0,0,0,41475,41475
chokepoint21,2026-02-08,Magellan Strait,0,1,0,1,2,2,4,0,55704,0,3282,38965,58986,97952
chokepoint21,2026-02-09,Magellan Strait,1,4,0,0,1,5,6,30108,171261,0,0,35718,201370,237088
chokepoint21,2026-02-10,Magellan Strait,0,2,1,0,0,3,3,0,90883,8541,0,0,99424,99424
chokepoint21,2026-02-11,Magellan Strait,0,1,0,0,0,1,1,0,144588,0,0,0,144588,144588
chokepoint21,2026-02-12,Magellan Strait,0,0,0,0,1,0,1,0,0,0,0,0,0,0
chokepoint21,2026-02-13,Magellan Strait,1,0,0,0,4,1,5,15181,0,0,0,91221,15181,106402
chokepoint21,2026-02-14,Magellan Strait,0,1,1,0,2,2,4,0,33724,17191,0,142168,50915,193083
chokepoint21,2026-02-15,Magellan Strait,0,3,0,0,0,3,3,0,42160,0,0,0,42160,42160
chokepoint21,2026-02-16,Magellan Strait,2,0,0,0,0,2,2,53007,0,0,0,0,53007,53007
chokepoint21,2026-02-17,Magellan Strait,1,1,0,0,1,2,3,29141,41343,0,0,23128,70485,93614
chokepoint21,2026-02-18,Magellan Strait,0,0,0,0,1,0,1,0,0,0,0,27950,0,27950
chokepoint21,2026-02-19,Magellan Strait,0,1,0,0,0,1,1,0,39054,0,0,0,39054,39054
chokepoint21,2026-02-20,Magellan Strait,1,4,0,0,1,5,6,8376,156330,0,0,0,164707,164707
chokepoint21,2026-02-21,Magellan Strait,0,0,1,0,2,1,3,0,0,6332,0,61648,6332,67981
chokepoint21,2026-02-22,Magellan Strait,0,1,0,0,1,1,2,0,30115,0,0,29856,30115,59971
chokepoint21,2026-02-23,Magellan Strait,0,0,0,0,0,0,0,0,0,0,0,0,0,0
chokepoint21,2026-02-24,Magellan Strait,1,1,0,0,0,2,2,39440,53346,0,0,0,92786,92786
chokepoint21,2026-02-25,Magellan Strait,0,1,0,0,1,1,2,0,36772,0,0,139494,36772,176266
chokepoint21,2026-02-26,Magellan Strait,0,2,1,2,0,5,5,0,78610,0,3725,0,82335,82335
chokepoint21,2026-02-27,Magellan Strait,1,1,0,0,0,2,2,19722,33356,0,0,0,53079,53079
chokepoint21,2026-02-28,Magellan Strait,0,2,0,0,0,2,2,0,169989,0,0,0,169989,169989
chokepoint21,2026-03-01,Magellan Strait,0,2,0,0,1,2,3,0,112291,0,0,18252,112291,130543
chokepoint21,2026-03-02,Magellan Strait,1,0,0,0,1,1,2,27801,0,0,0,0,27801,27801
chokepoint21,2026-03-03,Magellan Strait,0,2,0,0,0,2,2,0,32949,0,0,0,32949,32949
chokepoint21,2026-03-04,Magellan Strait,0,1,0,0,0,1,1,0,24263,0,0,0,24263,24263
chokepoint21,2026-03-05,Magellan Strait,0,1,0,0,2,1,3,0,36923,0,0,212493,36923,249417
chokepoint21,2026-03-06,Magellan Strait,0,3,0,0,0,3,3,0,70745,0,0,0,70745,70745
chokepoint21,2026-03-07,Magellan Strait,0,3,1,0,1,4,5,0,126123,0,0,0,126123,126123
chokepoint21,2026-03-08,Magellan Strait,0,1,0,1,0,2,2,0,56891,0,7582,0,64473,64473
chokepoint21,2026-03-09,Magellan Strait,2,4,0,0,1,6,7,36826,146236,0,0,22478,183062,205540
chokepoint21,2026-03-10,Magellan Strait,0,1,1,0,0,2,2,0,0,3651,0,0,3651,3651
chokepoint21,2026-03-11,Magellan Strait,1,1,0,0,0,2,2,6389,35096,0,0,0,41486,41486
chokepoint21,2026-03-12,Magellan Strait,0,2,0,0,0,2,2,0,57709,0,0,0,57709,57709
chokepoint21,2026-03-13,Magellan Strait,1,3,0,0,0,4,4,26828,57303,0,0,0,84132,84132
chokepoint21,2026-03-14,Magellan Strait,0,3,0,0,0,3,3,0,100347,0,0,0,100347,100347
chokepoint21,2026-03-15,Magellan Strait,0,2,0,0,2,2,4,0,32796,0,0,213774,32796,246570
chokepoint21,2026-03-16,Magellan Strait,0,2,0,0,2,2,4,0,144588,0,0,78014,144588,222602
chokepoint21,2026-03-17,Magellan Strait,1,2,0,0,2,3,5,30841,33535,0,0,145516,64376,209893
chokepoint21,2026-03-18,Magellan Strait,0,1,1,0,1,2,3,0,41681,2716,0,0,44397,44397
chokepoint21,2026-03-19,Magellan Strait,1,2,0,0,0,3,3,9674,36778,0,0,0,46453,46453
chokepoint21,2026-03-20,Magellan Strait,0,2,0,0,0,2,2,0,91284,0,0,0,91284,91284
chokepoint21,2026-03-21,Magellan Strait,0,2,0,0,2,2,4,0,52912,0,0,0,52912,52912
chokepoint21,2026-03-22,Magellan Strait,0,4,0,0,1,4,5,0,142322,0,0,18916,142322,161238
chokepoint21,2026-03-23,Magellan Strait,0,3,0,1,0,4,4,0,125824,0,2850,0,128674,128674
chokepoint21,2026-03-24,Magellan Strait,1,2,0,0,1,3,4,26319,68879,0,0,0,95198,95198
chokepoint21,2026-03-25,Magellan Strait,1,4,0,0,0,5,5,2108,203678,0,0,0,205787,205787
chokepoint21,2026-03-26,Magellan Strait,0,0,1,1,2,2,4,0,0,3429,2409,117926,5839,123766
chokepoint21,2026-03-27,Magellan Strait,0,1,1,0,1,2,3,0,42866,3923,0,52713,46790,99503
chokepoint21,2026-03-28,Magellan Strait,1,1,0,1,2,3,5,27504,48112,0,4160,20699,79776,100475
chokepoint21,2026-03-29,Magellan Strait,1,3,1,0,0,5,5,20245,95406,5494,0,0,121147,121147
chokepoint21,2026-03-30,Magellan Strait,0,1,2,0,0,3,3,0,33550,26468,0,0,60018,60018
chokepoint21,2026-03-31,Magellan Strait,1,3,2,0,2,6,8,30108,121841,26147,0,0,178096,178096
chokepoint21,2026-04-01,Magellan Strait,1,1,0,0,1,2,3,19612,40052,0,0,0,59664,59664
chokepoint21,2026-04-02,Magellan Strait,0,4,0,0,0,4,4,0,254184,0,0,0,254184,254184
chokepoint21,2026-04-03,Magellan Strait,0,1,1,0,2,2,4,0,58761,3491,0,36480,62253,98733
chokepoint21,2026-04-04,Magellan Strait,0,0,0,0,0,0,0,0,0,0,0,0,0,0
chokepoint21,2026-04-05,Magellan Strait,0,2,0,0,1,2,3,0,43587,0,0,135904,43587,179492
chokepoint21,2026-04-06,Magellan Strait,0,3,0,0,0,3,3,0,192456,0,0,0,192456,192456
chokepoint21,2026-04-07,Magellan Strait,1,2,0,0,2,3,5,30841,93490,0,0,131735,124331,256067
chokepoint21,2026-04-08,Magellan Strait,0,0,0,0,2,0,2,0,0,0,0,170984,0,170984
chokepoint21,2026-04-09,Magellan Strait,1,4,0,0,1,5,6,6758,144382,0,0,80498,151141,231639
chokepoint21,2026-04-10,Magellan Strait,0,1,0,0,2,1,3,0,31474,0,0,0,31474,31474
chokepoint21,2026-04-11,Magellan Strait,1,3,0,0,0,4,4,19233,163366,0,0,0,182600,182600
chokepoint21,2026-04-12,Magellan Strait,0,0,0,0,1,0,1,0,0,0,0,0,0,0
chokepoint21,2026-04-13,Magellan Strait,0,2,0,0,1,2,3,0,119810,0,0,88980,119810,208791
chokepoint21,2026-04-14,Magellan Strait,1,3,0,0,0,4,4,41694,94099,0,0,0,135793,135793
chokepoint21,2026-04-15,Magellan Strait,0,0,0,0,0,0,0,0,0,0,0,0,0,0
chokepoint21,2026-04-16,Magellan Strait,0,2,0,0,0,2,2,0,83429,0,0,0,83429,83429
chokepoint21,2026-04-17,Magellan Strait,1,1,0,0,2,2,4,12075,33580,0,0,18916,45655,64572
chokepoint21,2026-04-18,Magellan Strait,0,3,0,0,0,3,3,0,122542,0,0,0,122542,122542
chokepoint21,2026-04-19,Magellan Strait,0,2,0,1,0,3,3,0,70379,0,5263,0,75642,75642
chokepoint21,2026-04-20,Magellan Strait,0,1,0,0,1,1,2,0,16916,0,0,61218,16916,78135
chokepoint21,2026-04-21,Magellan Strait,1,4,0,1,0,6,6,30048,111280,0,2321,0,143650,143650
chokepoint21,2026-04-22,Magellan Strait,0,3,0,0,0,3,3,0,60292,0,0,0,60292,60292
chokepoint21,2026-04-23,Magellan Strait,0,1,0,1,2,2,4,0,0,0,0,18627,0,18627
chokepoint21,2026-04-24,Magellan Strait,1,6,0,0,1,7,8,17374,374148,0,0,141902,391523,533425
chokepoint21,2026-04-25,Magellan Strait,0,0,0,0,3,0,3,0,0,0,0,99314,0,99314
chokepoint21,2026-04-26,Magellan Strait,0,4,0,0,0,4,4,0,211162,0,0,0,211162,211162
chokepoint21,2026-04-27,Magellan Strait,0,2,1,2,1,5,6,0,33412,29414,11380,0,74206,74206
chokepoint21,2026-04-28,Magellan Strait,1,3,0,0,0,4,4,23116,88860,0,0,0,111977,111977
chokepoint21,2026-04-29,Magellan Strait,0,3,0,0,2,3,5,0,151381,0,0,0,151381,151381
chokepoint21,2026-04-30,Magellan Strait,1,0,0,0,0,1,1,13872,0,0,0,0,13872,13872
chokepoint21,2026-05-01,Magellan Strait,0,2,0,0,1,2,3,0,31337,0,0,0,31337,31337
chokepoint21,2026-05-02,Magellan Strait,0,4,0,0,0,4,4,0,230462,0,0,0,230462,230462
chokepoint21,2026-05-03,Magellan Strait,0,1,0,0,3,1,4,0,0,0,0,153338,0,153338
chokepoint21,2026-05-04,Magellan Strait,0,5,0,0,2,5,7,0,103555,0,0,245600,103555,349155
chokepoint21,2026-05-05,Magellan Strait,1,4,2,1,2,8,10,30841,140698,4807,3526,35956,179873,215830
chokepoint21,2026-05-06,Magellan Strait,0,1,0,0,2,1,3,0,52840,0,0,14123,52840,66963
chokepoint21,2026-05-07,Magellan Strait,0,3,0,0,0,3,3,0,183736,0,0,0,183736,183736
chokepoint21,2026-05-08,Magellan Strait,0,1,1,0,4,2,6,0,38049,1279,0,24292,39329,63622
chokepoint21,2026-05-09,Magellan Strait,1,3,0,0,0,4,4,15161,49423,0,0,0,64584,64584
chokepoint21,2026-05-10,Magellan Strait,0,3,1,0,0,4,4,0,74040,17191,0,0,91231,91231
chokepoint21,2026-05-11,Magellan Strait,0,3,0,0,0,3,3,0,92228,0,0,0,92228,92228
chokepoint21,2026-05-12,Magellan Strait,0,0,0,0,0,0,0,0,0,0,0,0,0,0
chokepoint21,2026-05-13,Magellan Strait,0,1,0,0,1,1,2,0,76728,0,0,0,76728,76728
chokepoint21,2026-05-14,Magellan Strait,1,4,0,0,0,5,5,15003,168893,0,0,0,183897,183897
chokepoint21,2026-05-15,Magellan Strait,1,3,0,1,2,5,7,28576,67272,0,6534,24015,102383,126398
chokepoint21,2026-05-16,Magellan Strait,0,1,0,0,2,1,3,0,0,0,0,187928,0,187928
chokepoint21,2026-05-17,Magellan Strait,0,6,0,0,1,6,7,0,301389,0,0,73398,301389,374788
chokepoint21,2026-05-18,Magellan Strait,0,2,0,0,0,2,2,0,208691,0,0,0,208691,208691
chokepoint21,2026-05-19,Magellan Strait,1,5,0,0,1,6,7,30108,285718,0,0,0,315826,315826
chokepoint21,2026-05-20,Magellan Strait,0,3,1,0,5,4,9,0,130081,28123,0,35433,158204,193638
chokepoint21,2026-05-21,Magellan Strait,0,4,0,1,0,5,5,0,286512,0,2748,0,289261,289261
chokepoint21,2026-05-22,Magellan Strait,1,3,0,0,1,4,5,12242,98122,0,0,18976,110365,129341
chokepoint21,2026-05-23,Magellan Strait,0,3,0,0,1,3,4,0,98882,0,0,13288,98882,112170
chokepoint21,2026-05-24,Magellan Strait,0,1,0,1,0,2,2,0,30455,0,3407,0,33863,33863
chokepoint21,2026-05-25,Magellan Strait,0,2,0,0,2,2,4,0,39586,0,0,84782,39586,124369
chokepoint21,2026-05-26,Magellan Strait,1,1,1,0,0,3,3,29141,68398,18285,0,0,115825,115825
chokepoint21,2026-05-27,Magellan Strait,0,0,0,0,1,0,1,0,0,0,0,27543,0,27543
chokepoint21,2026-05-28,Magellan Strait,1,5,0,0,0,6,6,12182,171933,0,0,0,184116,184116
chokepoint21,2026-05-29,Magellan Strait,0,4,1,0,0,5,5,0,255546,2716,0,0,258263,258263
chokepoint21,2026-05-30,Magellan Strait,0,2,0,1,1,3,4,0,85200,0,6209,113975,91410,205385
chokepoint21,2026-05-31,Magellan Strait,0,2,1,0,1,3,4,0,90175,2716,0,0,92891,92891
chokepoint22,2025-12-23,Yucatan Channel,10,8,5,2,29,25,54,221995,382519,35748,0,572350,640263,1212614
chokepoint22,2025-12-24,Yucatan Channel,10,6,2,0,13,18,31,107220,188796,19608,0,429140,315625,744766
chokepoint22,2025-12-25,Yucatan Channel,11,10,6,1,18,28,46,270915,337350,37176,0,724154,645442,1369596
chokepoint22,2025-12-26,Yucatan Channel,10,7,3,0,29,20,49,120875,219777,28026,0,769580,368680,1138260
chokepoint22,2025-12-27,Yucatan Channel,5,12,2,1,19,20,39,96228,489722,1815,0,393004,587767,980772
chokepoint22,2025-12-28,Yucatan Channel,11,8,4,0,24,23,47,153269,351637,13145,0,831489,518052,1349542
chokepoint22,2025-12-29,Yucatan Channel,6,3,7,2,25,18,43,98531,177844,44663,2624,438901,323663,762565
chokepoint22,2025-12-30,Yucatan Channel,11,9,4,0,23,24,47,121181,393136,38163,0,1317636,552481,1870118
chokepoint22,2025-12-31,Yucatan Channel,3,8,2,1,20,14,34,37646,298178,2903,0,565875,338728,904603
chokepoint22,2026-01-01,Yucatan Channel,9,8,1,1,32,19,51,87844,232638,3842,2577,776797,326902,1103700
chokepoint22,2026-01-02,Yucatan Channel,12,9,5,0,22,26,48,157307,481806,32455,0,844018,671569,1515587
chokepoint22,2026-01-03,Yucatan Channel,5,7,5,1,37,18,55,30665,257744,42320,3588,1224634,334319,1558953
chokepoint22,2026-01-04,Yucatan Channel,12,7,1,2,23,22,45,124969,240668,649,10638,468074,376926,845001
chokepoint22,2026-01-05,Yucatan Channel,10,4,5,0,23,19,42,141376,126757,15040,0,743145,283173,1026319
chokepoint22,2026-01-06,Yucatan Channel,11,5,6,0,30,22,52,115304,150388,17061,0,913449,282754,1196203
chokepoint22,2026-01-07,Yucatan Channel,10,5,3,2,24,20,44,151750,233478,16369,0,602027,401599,1003626
chokepoint22,2026-01-08,Yucatan Channel,14,9,6,1,21,30,51,198662,184846,41639,0,650971,425147,1076119
chokepoint22,2026-01-09,Yucatan Channel,9,5,3,1,24,18,42,137664,130220,7477,4668,740513,280029,1020543
chokepoint22,2026-01-10,Yucatan Channel,8,6,1,1,29,16,45,226242,130685,1172,6270,1012456,364370,1376826
chokepoint22,2026-01-11,Yucatan Channel,16,15,2,1,23,34,57,132441,362488,1938,0,528079,496869,1024948
chokepoint22,2026-01-12,Yucatan Channel,6,10,5,0,20,21,41,77988,385190,10180,0,877137,473359,1350496
chokepoint22,2026-01-13,Yucatan Channel,6,10,2,0,33,18,51,78960,422380,0,0,824129,501341,1325471
chokepoint22,2026-01-14,Yucatan Channel,16,3,2,2,25,23,48,316563,70588,23085,4225,522224,414462,936686
chokepoint22,2026-01-15,Yucatan Channel,9,4,4,0,20,17,37,118920,163102,20812,0,571859,302836,874696
chokepoint22,2026-01-16,Yucatan Channel,8,9,7,1,25,25,50,100548,420696,56106,0,761485,577351,1338836
chokepoint22,2026-01-17,Yucatan Channel,15,11,5,2,28,33,61,135985,416493,11810,0,486487,564290,1050777
chokepoint22,2026-01-18,Yucatan Channel,13,5,1,0,36,19,55,96903,173508,4327,0,1037603,274740,1312343
chokepoint22,2026-01-19,Yucatan Channel,11,6,2,2,20,21,41,131945,231907,8310,10359,560296,382523,942820
chokepoint22,2026-01-20,Yucatan Channel,6,10,4,1,29,21,50,53985,516322,5822,4500,1050713,580630,1631344
chokepoint22,2026-01-21,Yucatan Channel,12,10,7,0,26,29,55,148955,257678,30405,0,491351,437040,928391
chokepoint22,2026-01-22,Yucatan Channel,8,7,3,0,25,18,43,139687,280547,9287,0,664674,429522,1094196
chokepoint22,2026-01-23,Yucatan Channel,12,8,1,0,26,21,47,146824,372651,1578,0,608206,521054,1129261
chokepoint22,2026-01-24,Yucatan Channel,11,6,3,0,26,20,46,197804,258198,32557,0,1071576,488560,1560137
chokepoint22,2026-01-25,Yucatan Channel,14,5,4,1,24,24,48,65098,139986,8343,3038,652750,216467,869217
chokepoint22,2026-01-26,Yucatan Channel,11,7,1,2,25,21,46,200926,223784,0,2577,389250,427288,816538
chokepoint22,2026-01-27,Yucatan Channel,5,2,2,1,15,10,25,54278,40426,5751,0,434989,100456,535445
chokepoint22,2026-01-28,Yucatan Channel,8,3,4,0,22,15,37,27722,115918,39810,0,313052,183450,496503
chokepoint22,2026-01-29,Yucatan Channel,9,17,3,1,18,30,48,128171,677531,7219,0,662796,812922,1475719
chokepoint22,2026-01-30,Yucatan Channel,15,10,5,0,23,30,53,218303,386007,12898,0,832962,617208,1450171
chokepoint22,2026-01-31,Yucatan Channel,12,10,6,1,20,29,49,117569,621249,22828,34,487577,761681,1249259
chokepoint22,2026-02-01,Yucatan Channel,10,2,2,0,26,14,40,122706,36796,12893,0,959009,172396,1131406
chokepoint22,2026-02-02,Yucatan Channel,9,12,4,0,25,25,50,134972,434210,17139,0,624682,586321,1211004
chokepoint22,2026-02-03,Yucatan Channel,9,9,7,0,19,25,44,86515,319499,59287,0,278549,465303,743853
chokepoint22,2026-02-04,Yucatan Channel,11,10,2,0,40,23,63,153782,428137,8708,0,1250224,590628,1840853
chokepoint22,2026-02-05,Yucatan Channel,10,9,2,1,27,22,49,74915,409805,22230,4346,588060,511297,1099358
chokepoint22,2026-02-06,Yucatan Channel,9,10,3,0,31,22,53,151715,463325,17278,0,325563,632319,957882
chokepoint22,2026-02-07,Yucatan Channel,15,10,5,1,16,31,47,227371,366796,21385,2532,238483,618085,856569
chokepoint22,2026-02-08,Yucatan Channel,12,11,6,1,34,30,64,112802,465535,14465,0,1245036,592803,1837839
chokepoint22,2026-02-09,Yucatan Channel,11,10,1,0,31,22,53,146721,383956,2002,0,835181,532680,1367862
chokepoint22,2026-02-10,Yucatan Channel,10,6,4,3,23,23,46,172189,212313,23780,11512,462036,419796,881832
chokepoint22,2026-02-11,Yucatan Channel,12,9,6,0,26,27,53,207691,256107,46198,0,1505355,509997,2015352
chokepoint22,2026-02-12,Yucatan Channel,8,9,6,2,25,25,50,38644,332459,53671,0,849658,424775,1274433
chokepoint22,2026-02-13,Yucatan Channel,11,5,5,0,25,21,46,139861,182645,13510,0,1352165,336018,1688183
chokepoint22,2026-02-14,Yucatan Channel,5,9,0,1,26,15,41,73371,341988,0,0,558655,415359,974015
chokepoint22,2026-02-15,Yucatan Channel,21,10,5,0,27,36,63,228612,378747,62811,0,312931,670171,983103
chokepoint22,2026-02-16,Yucatan Channel,8,4,2,1,33,15,48,202318,192215,11754,0,1200156,406288,1606444
chokepoint22,2026-02-17,Yucatan Channel,8,11,4,0,24,23,47,177630,493619,29120,0,364759,700371,1065130
chokepoint22,2026-02-18,Yucatan Channel,9,8,7,0,18,24,42,128719,313551,17382,0,342019,459652,801672
chokepoint22,2026-02-19,Yucatan Channel,9,8,2,5,30,24,54,102183,359579,1172,2137,1607262,465072,2072335
chokepoint22,2026-02-20,Yucatan Channel,7,6,6,0,25,19,44,106699,207329,13468,0,522180,327497,849677
chokepoint22,2026-02-21,Yucatan Channel,9,3,1,0,24,13,37,116341,86396,0,0,876977,202738,1079715
chokepoint22,2026-02-22,Yucatan Channel,15,12,2,1,26,30,56,139464,419619,3487,0,1135372,562571,1697944
chokepoint22,2026-02-23,Yucatan Channel,6,3,2,1,23,12,35,60396,30375,16517,5920,981912,113210,1095122
chokepoint22,2026-02-24,Yucatan Channel,10,7,2,0,24,19,43,134482,263562,42200,0,814590,440245,1254836
chokepoint22,2026-02-25,Yucatan Channel,10,6,5,1,20,22,42,89085,264945,40655,6756,388640,401442,790083
chokepoint22,2026-02-26,Yucatan Channel,9,5,5,1,24,20,44,93889,254825,12233,9597,304914,370545,675459
chokepoint22,2026-02-27,Yucatan Channel,11,7,3,2,34,23,57,120467,199770,14972,3938,943916,339149,1283066
chokepoint22,2026-02-28,Yucatan Channel,14,12,2,0,21,28,49,279783,326334,8518,0,535170,614636,1149807
chokepoint22,2026-03-01,Yucatan Channel,15,13,2,2,27,32,59,243516,423822,1645,2166,769038,671150,1440188
chokepoint22,2026-03-02,Yucatan Channel,10,7,1,1,21,19,40,121020,231576,4109,4923,445193,361629,806822
chokepoint22,2026-03-03,Yucatan Channel,7,6,2,1,29,16,45,108525,162813,24414,6670,1083152,302423,1385576
chokepoint22,2026-03-04,Yucatan Channel,10,8,3,1,26,22,48,103400,303234,31914,5369,924133,443919,1368053
chokepoint22,2026-03-05,Yucatan Channel,6,12,4,1,25,23,48,37141,391926,22502,5645,994372,457215,1451588
chokepoint22,2026-03-06,Yucatan Channel,9,6,5,1,26,21,47,61624,149025,12953,0,1175081,223604,1398685
chokepoint22,2026-03-07,Yucatan Channel,10,7,7,0,27,24,51,174273,185037,17157,0,589977,376468,966445
chokepoint22,2026-03-08,Yucatan Channel,13,9,3,1,29,26,55,136880,159887,22158,6541,667878,325468,993347
chokepoint22,2026-03-09,Yucatan Channel,8,10,5,0,20,23,43,194850,384794,58632,0,340379,638276,978656
chokepoint22,2026-03-10,Yucatan Channel,9,3,1,0,29,13,42,107142,131148,1299,0,1118987,239590,1358577
chokepoint22,2026-03-11,Yucatan Channel,13,11,3,0,27,27,54,149926,282230,10061,0,619293,442218,1061511
chokepoint22,2026-03-12,Yucatan Channel,7,14,4,1,22,26,48,125641,438312,47770,0,790012,611723,1401736
chokepoint22,2026-03-13,Yucatan Channel,13,10,2,1,27,26,53,163016,354055,34287,3448,431888,554807,986695
chokepoint22,2026-03-14,Yucatan Channel,7,9,5,0,30,21,51,74509,336449,26525,0,719405,437484,1156890
chokepoint22,2026-03-15,Yucatan Channel,15,7,7,0,33,29,62,128079,324540,31488,0,816404,484108,1300513
chokepoint22,2026-03-16,Yucatan Channel,8,7,2,0,31,17,48,125669,206766,37911,0,694257,370348,1064605
chokepoint22,2026-03-17,Yucatan Channel,6,6,4,0,27,16,43,112283,244004,17835,0,562427,374123,936550
chokepoint22,2026-03-18,Yucatan Channel,8,9,5,2,25,24,49,124436,348630,19523,0,879015,492589,1371605
chokepoint22,2026-03-19,Yucatan Channel,6,6,1,0,25,13,38,45726,245798,3533,0,964054,295059,1259113
chokepoint22,2026-03-20,Yucatan Channel,13,8,1,1,25,23,48,144672,231533,3655,0,674452,379861,1054313
chokepoint22,2026-03-21,Yucatan Channel,9,8,0,2,43,19,62,135177,318641,0,6270,1821176,460090,2281266
chokepoint22,2026-03-22,Yucatan Channel,11,11,5,0,21,27,48,88480,326039,33688,0,689862,448208,1138071
chokepoint22,2026-03-23,Yucatan Channel,10,11,4,2,31,27,58,146409,456523,20898,0,1300536,623831,1924368
chokepoint22,2026-03-24,Yucatan Channel,6,6,5,0,26,17,43,58320,370346,28586,0,872348,457253,1329601
chokepoint22,2026-03-25,Yucatan Channel,10,18,5,1,39,34,73,98952,903188,57045,2586,1322619,1061773,2384392
chokepoint22,2026-03-26,Yucatan Channel,9,12,2,2,26,25,51,78026,438184,6772,7421,648120,530405,1178526
chokepoint22,2026-03-27,Yucatan Channel,10,9,0,1,19,20,39,84708,433802,0,0,562395,518510,1080906
chokepoint22,2026-03-28,Yucatan Channel,11,8,3,4,31,26,57,131604,248122,18211,5201,896623,403140,1299763
chokepoint22,2026-03-29,Yucatan Channel,13,9,7,1,38,30,68,142037,328134,63515,0,1710277,533687,2243964
chokepoint22,2026-03-30,Yucatan Channel,10,10,3,1,26,24,50,254843,371708,30168,8400,959110,665121,1624232
chokepoint22,2026-03-31,Yucatan Channel,11,5,4,2,29,22,51,138806,214725,44754,0,948953,398286,1347240
chokepoint22,2026-04-01,Yucatan Channel,7,12,5,2,23,26,49,96518,478217,28445,671,669161,603852,1273014
chokepoint22,2026-04-02,Yucatan Channel,6,9,5,0,39,20,59,145219,212144,25450,0,760507,382813,1143321
chokepoint22,2026-04-03,Yucatan Channel,10,6,7,1,31,24,55,76882,240606,80671,6296,880618,404456,1285075
chokepoint22,2026-04-04,Yucatan Channel,11,12,4,2,26,29,55,175087,443670,4081,2404,853188,625242,1478431
chokepoint22,2026-04-05,Yucatan Channel,9,7,3,2,33,21,54,46251,276031,15180,0,776277,337463,1113741
chokepoint22,2026-04-06,Yucatan Channel,8,9,3,0,29,20,49,130354,374170,4644,0,896765,509169,1405934
chokepoint22,2026-04-07,Yucatan Channel,8,4,0,0,30,12,42,69655,263593,0,0,950474,333248,1283722
chokepoint22,2026-04-08,Yucatan Channel,9,4,3,1,27,17,44,97879,152101,9653,3175,846348,262809,1109158
chokepoint22,2026-04-09,Yucatan Channel,6,10,0,3,34,19,53,134121,322630,0,671,845926,457423,1303349
chokepoint22,2026-04-10,Yucatan Channel,7,6,2,1,36,16,52,69583,118953,13487,0,1409924,202024,1611949
chokepoint22,2026-04-11,Yucatan Channel,14,8,3,2,39,27,66,267428,336174,8388,0,1099084,611991,1711076
chokepoint22,2026-04-12,Yucatan Channel,12,4,3,1,31,20,51,217571,106835,5190,4533,632861,334130,966992
chokepoint22,2026-04-13,Yucatan Channel,12,5,7,0,38,24,62,212584,284666,27716,0,946676,524967,1471643
chokepoint22,2026-04-14,Yucatan Channel,6,2,8,1,25,17,42,88422,35513,55688,0,648195,179624,827819
chokepoint22,2026-04-15,Yucatan Channel,9,13,3,0,34,25,59,74516,548819,8270,0,627227,631607,1258835
chokepoint22,2026-04-16,Yucatan Channel,9,6,5,3,40,23,63,197405,251326,21755,7300,1627773,477787,2105561
chokepoint22,2026-04-17,Yucatan Channel,13,13,7,0,35,33,68,140978,404364,41153,0,695793,586495,1282289
chokepoint22,2026-04-18,Yucatan Channel,11,9,4,0,36,24,60,178388,318737,5580,0,950027,502706,1452733
chokepoint22,2026-04-19,Yucatan Channel,12,5,3,0,35,20,55,120646,125558,6678,0,1530847,252883,1783730
chokepoint22,2026-04-20,Yucatan Channel,6,7,4,0,35,17,52,162549,94503,2828,0,755785,259881,1015666
chokepoint22,2026-04-21,Yucatan Channel,10,8,0,2,28,20,48,230370,285320,0,5668,853945,521360,1375305
chokepoint22,2026-04-22,Yucatan Channel,12,6,3,3,33,24,57,106124,331801,10352,4375,1128588,452654,1581243
chokepoint22,2026-04-23,Yucatan Channel,5,8,4,3,26,20,46,27962,371926,11779,7094,1075654,418762,1494416
chokepoint22,2026-04-24,Yucatan Channel,12,6,5,2,29,25,54,191049,235016,34831,10368,624543,471266,1095810
chokepoint22,2026-04-25,Yucatan Channel,13,13,1,2,36,29,65,147028,419563,29318,6182,2103716,602093,2705809
chokepoint22,2026-04-26,Yucatan Channel,11,13,2,0,31,26,57,134293,509231,3004,0,1039837,646529,1686367
chokepoint22,2026-04-27,Yucatan Channel,7,9,5,0,37,21,58,94508,341798,59571,0,1064266,495877,1560144
chokepoint22,2026-04-28,Yucatan Channel,10,8,5,0,30,23,53,153301,271948,35068,0,742565,460317,1202883
chokepoint22,2026-04-29,Yucatan Channel,12,8,5,2,36,27,63,171425,271581,35875,2400,1226027,481282,1707310
chokepoint22,2026-04-30,Yucatan Channel,11,7,3,3,22,24,46,111343,213677,6028,0,900968,331049,1232017
chokepoint22,2026-05-01,Yucatan Channel,12,12,1,0,36,25,61,118188,464339,4252,0,1326752,586780,1913533
chokepoint22,2026-05-02,Yucatan Channel,9,9,4,1,26,23,49,202794,544512,39169,0,661172,786476,1447648
chokepoint22,2026-05-03,Yucatan Channel,16,7,8,2,29,33,62,142280,188122,47751,6552,690170,384708,1074878
chokepoint22,2026-05-04,Yucatan Channel,7,3,2,0,27,12,39,145241,109802,14086,0,1191647,269131,1460778
chokepoint22,2026-05-05,Yucatan Channel,4,4,2,1,20,11,31,29364,205873,20896,0,624909,256134,881043
chokepoint22,2026-05-06,Yucatan Channel,7,1,1,1,12,10,22,62922,31019,18105,5883,492782,117930,610713
chokepoint22,2026-05-07,Yucatan Channel,8,2,2,0,25,12,37,53985,32970,19384,0,986916,106340,1093257
chokepoint22,2026-05-08,Yucatan Channel,12,8,6,3,25,29,54,204233,297672,41424,2673,697419,546003,1243423
chokepoint22,2026-05-09,Yucatan Channel,13,7,5,0,26,25,51,225958,274336,37346,0,403335,537641,940977
chokepoint22,2026-05-10,Yucatan Channel,14,8,3,1,27,26,53,121263,174051,34829,3350,690341,333495,1023836
chokepoint22,2026-05-11,Yucatan Channel,8,3,0,2,42,13,55,253360,158744,0,6695,1099818,418801,1518620
chokepoint22,2026-05-12,Yucatan Channel,12,9,0,0,34,21,55,167808,267079,0,0,1351209,434887,1786096
chokepoint22,2026-05-13,Yucatan Channel,10,6,1,2,27,19,46,71502,225758,10605,2984,712418,310851,1023269
chokepoint22,2026-05-14,Yucatan Channel,7,9,6,1,24,23,47,100450,314157,5080,6683,710879,426371,1137250
chokepoint22,2026-05-15,Yucatan Channel,9,7,6,1,32,23,55,105386,235609,19492,3087,773746,363575,1137321
chokepoint22,2026-05-16,Yucatan Channel,13,6,3,0,43,22,65,154214,205560,16468,0,1034517,376243,1410760
chokepoint22,2026-05-17,Yucatan Channel,11,5,4,1,20,21,41,177448,167137,20373,671,491517,365631,857148
chokepoint22,2026-05-18,Yucatan Channel,11,6,8,1,32,26,58,187970,178380,45667,4358,1384280,416377,1800658
chokepoint22,2026-05-19,Yucatan Channel,7,7,3,1,33,18,51,115124,261363,44704,0,1372150,421192,1793343
chokepoint22,2026-05-20,Yucatan Channel,12,8,3,1,28,24,52,160703,167771,7121,0,724420,335596,1060017
chokepoint22,2026-05-21,Yucatan Channel,9,7,3,1,33,20,53,107434,283793,11401,0,610322,402629,1012952
chokepoint22,2026-05-22,Yucatan Channel,13,9,5,1,24,28,52,192197,369993,25446,5652,397169,593289,990459
chokepoint22,2026-05-23,Yucatan Channel,10,1,1,1,36,13,49,102464,36065,6730,0,747969,145261,893230
chokepoint22,2026-05-24,Yucatan Channel,12,4,6,2,31,24,55,96921,30388,32148,3545,1429369,163004,1592373
chokepoint22,2026-05-25,Yucatan Channel,8,5,2,1,39,16,55,138713,127590,22528,0,1534277,288832,1823109
chokepoint22,2026-05-26,Yucatan Channel,10,10,5,1,27,26,53,211293,616820,26823,7219,759783,862157,1621940
chokepoint22,2026-05-27,Yucatan Channel,9,10,4,3,20,26,46,155726,344737,8790,4520,863772,513775,1377548
chokepoint22,2026-05-28,Yucatan Channel,8,8,2,0,33,18,51,90480,320811,3813,0,1347789,415105,1762894
chokepoint22,2026-05-29,Yucatan Channel,13,5,7,1,38,26,64,291376,232784,47119,0,1521495,571281,2092776
chokepoint22,2026-05-30,Yucatan Channel,13,11,4,0,19,28,47,125115,509631,38660,0,656910,673407,1330318
chokepoint22,2026-05-31,Yucatan Channel,12,11,7,1,40,31,71,104697,395057,94113,4621,1359104,598490,1957595
chokepoint23,2025-12-23,Windward Passage,8,2,2,1,2,13,15,214187,56338,6344,0,17694,276869,294563
chokepoint23,2025-12-24,Windward Passage,5,2,1,2,2,10,12,116042,40392,379,4781,125604,161595,287200
chokepoint23,2025-12-25,Windward Passage,6,0,1,3,0,10,10,123218,0,1260,7337,0,131816,131816
chokepoint23,2025-12-26,Windward Passage,9,1,1,2,0,13,13,151230,54357,5063,7692,0,218343,218343
chokepoint23,2025-12-27,Windward Passage,8,0,5,2,1,15,16,256715,0,14420,5508,54363,276644,331008
chokepoint23,2025-12-28,Windward Passage,6,1,2,2,1,11,12,61490,49907,13316,16992,0,141707,141707
chokepoint23,2025-12-29,Windward Passage,7,0,0,1,1,8,9,188892,0,0,7061,59086,195953,255039
chokepoint23,2025-12-30,Windward Passage,8,2,2,3,0,15,15,187349,50114,12077,8241,0,257782,257782
chokepoint23,2025-12-31,Windward Passage,8,4,1,4,3,17,20,129064,62521,6019,9362,35150,206968,242118
chokepoint23,2026-01-01,Windward Passage,7,3,3,3,2,16,18,96043,77915,6466,1030,54882,181455,236338
chokepoint23,2026-01-02,Windward Passage,5,1,1,2,1,9,10,139277,23403,1514,4961,0,169157,169157
chokepoint23,2026-01-03,Windward Passage,4,0,3,1,0,8,8,146289,0,10426,506,0,157221,157221
chokepoint23,2026-01-04,Windward Passage,11,0,0,3,0,14,14,139722,0,0,18628,0,158351,158351
chokepoint23,2026-01-05,Windward Passage,9,1,0,2,1,12,13,223352,53043,0,6098,0,282494,282494
chokepoint23,2026-01-06,Windward Passage,7,0,2,4,2,13,15,90292,0,1813,654,60700,92760,153461
chokepoint23,2026-01-07,Windward Passage,7,1,3,3,1,14,15,195988,35748,8111,506,42359,240355,282715
chokepoint23,2026-01-08,Windward Passage,7,5,2,1,0,15,15,153841,215957,3805,0,0,373604,373604
chokepoint23,2026-01-09,Windward Passage,8,1,0,3,2,12,14,52155,53951,0,0,9752,106106,115859
chokepoint23,2026-01-10,Windward Passage,7,2,4,1,2,14,16,140114,37931,17485,6209,67249,201741,268991
chokepoint23,2026-01-11,Windward Passage,11,2,1,1,1,15,16,170903,64378,4287,0,39069,239569,278638
chokepoint23,2026-01-12,Windward Passage,13,0,2,2,0,17,17,264455,0,8542,1314,0,274311,274311
chokepoint23,2026-01-13,Windward Passage,5,3,0,3,1,11,12,31589,63404,0,7815,0,102809,102809
chokepoint23,2026-01-14,Windward Passage,8,1,3,4,0,16,16,313992,49567,4370,6325,0,374255,374255
chokepoint23,2026-01-15,Windward Passage,3,2,0,3,0,8,8,91173,51507,0,34493,0,177174,177174
chokepoint23,2026-01-16,Windward Passage,6,4,2,3,1,15,16,59531,208520,8711,5485,274097,282248,556346
chokepoint23,2026-01-17,Windward Passage,8,2,2,0,2,12,14,224573,49269,2560,0,35684,276403,312087
chokepoint23,2026-01-18,Windward Passage,9,1,2,0,1,12,13,135503,67642,6345,0,0,209490,209490
chokepoint23,2026-01-19,Windward Passage,8,2,1,3,1,14,15,71091,100510,485,3398,0,175486,175486
chokepoint23,2026-01-20,Windward Passage,9,2,2,2,2,15,17,215043,40597,10136,11387,24835,277165,302000
chokepoint23,2026-01-21,Windward Passage,9,1,4,1,4,15,19,212574,52844,5082,0,350244,270500,620744
chokepoint23,2026-01-22,Windward Passage,5,2,1,2,4,10,14,117874,50088,776,1217,75537,169956,245494
chokepoint23,2026-01-23,Windward Passage,10,1,3,2,1,16,17,109669,0,9007,10199,35339,128877,164216
chokepoint23,2026-01-24,Windward Passage,6,2,3,1,1,12,13,125764,82479,2693,6429,0,217367,217367
chokepoint23,2026-01-25,Windward Passage,9,1,0,0,2,10,12,194819,48035,0,0,83881,242854,326736
chokepoint23,2026-01-26,Windward Passage,9,2,0,2,2,13,15,119050,43000,0,0,272285,162051,434336
chokepoint23,2026-01-27,Windward Passage,12,1,1,0,4,14,18,340182,0,4520,0,50328,344703,395032
chokepoint23,2026-01-28,Windward Passage,8,4,2,0,1,14,15,240610,128443,1746,0,38891,370799,409691
chokepoint23,2026-01-29,Windward Passage,0,3,0,3,1,6,7,0,137782,0,15241,39882,153024,192906
chokepoint23,2026-01-30,Windward Passage,6,2,2,2,1,12,13,133298,59366,8276,0,0,200942,200942
chokepoint23,2026-01-31,Windward Passage,7,3,1,0,3,11,14,183631,146644,1289,0,49764,331564,381328
chokepoint23,2026-02-01,Windward Passage,12,2,1,1,4,16,20,171040,45764,1260,5941,147304,224008,371312
chokepoint23,2026-02-02,Windward Passage,8,1,0,1,1,10,11,152431,51192,0,0,292512,203624,496137
chokepoint23,2026-02-03,Windward Passage,6,2,2,1,2,11,13,109916,4320,5079,13313,85803,132629,218432
chokepoint23,2026-02-04,Windward Passage,6,1,0,0,0,7,7,110632,31841,0,0,0,142473,142473
chokepoint23,2026-02-05,Windward Passage,4,0,3,3,0,10,10,128874,0,12008,7217,0,148100,148100
chokepoint23,2026-02-06,Windward Passage,8,1,1,2,2,12,14,65990,60830,5858,5294,9752,137974,147726
chokepoint23,2026-02-07,Windward Passage,9,0,2,1,0,12,12,280125,0,1321,3350,0,284797,284797
chokepoint23,2026-02-08,Windward Passage,5,1,2,3,0,11,11,80720,37931,18879,0,0,137532,137532
chokepoint23,2026-02-09,Windward Passage,15,4,2,4,0,25,25,245667,133909,1514,10066,0,391158,391158
chokepoint23,2026-02-10,Windward Passage,6,1,3,2,2,12,14,112129,42196,12202,3045,20902,169573,190476
chokepoint23,2026-02-11,Windward Passage,5,2,3,3,4,13,17,98626,140116,11940,10703,318358,261387,579746
chokepoint23,2026-02-12,Windward Passage,9,5,0,1,2,15,17,357472,142092,0,3448,36905,503012,539918
chokepoint23,2026-02-13,Windward Passage,11,2,2,3,6,18,24,236374,35714,27818,0,47732,299907,347639
chokepoint23,2026-02-14,Windward Passage,6,2,2,3,0,13,13,93548,81653,2650,18339,0,196191,196191
chokepoint23,2026-02-15,Windward Passage,9,2,4,0,1,15,16,116989,86864,15626,0,36888,219480,256368
chokepoint23,2026-02-16,Windward Passage,12,1,1,2,2,16,18,239748,8542,5430,0,49628,253720,303349
chokepoint23,2026-02-17,Windward Passage,8,3,3,1,1,15,16,162270,113261,9882,0,9752,285415,295167
chokepoint23,2026-02-18,Windward Passage,5,3,3,2,2,13,15,87672,142142,14103,6808,83669,250727,334396
chokepoint23,2026-02-19,Windward Passage,6,2,0,1,2,9,11,32327,73581,0,17673,0,123582,123582
chokepoint23,2026-02-20,Windward Passage,12,3,1,1,0,17,17,193991,143662,1693,841,0,340189,340189
chokepoint23,2026-02-21,Windward Passage,7,3,3,0,1,13,14,164110,85090,9970,0,2234,259171,261406
chokepoint23,2026-02-22,Windward Passage,10,1,0,2,1,13,14,196315,52124,0,0,5722,248440,254163
chokepoint23,2026-02-23,Windward Passage,8,3,0,4,1,15,16,182576,162148,0,10872,0,355597,355597
chokepoint23,2026-02-24,Windward Passage,8,0,4,0,2,12,14,154946,0,20124,0,40274,175070,215344
chokepoint23,2026-02-25,Windward Passage,11,3,3,0,1,17,18,201989,160534,7323,0,2234,369847,372081
chokepoint23,2026-02-26,Windward Passage,4,2,1,2,3,9,12,181644,52702,9096,3546,65143,246989,312133
chokepoint23,2026-02-27,Windward Passage,12,1,4,1,3,18,21,188572,33219,14248,1029,183429,237070,420500
chokepoint23,2026-02-28,Windward Passage,2,5,4,1,3,12,15,10080,209254,7111,5595,68369,232041,300410
chokepoint23,2026-03-01,Windward Passage,9,1,1,3,2,14,16,254323,48430,1604,6683,35827,311042,346869
chokepoint23,2026-03-02,Windward Passage,12,5,0,0,1,17,18,144833,181766,0,0,6248,326600,332849
chokepoint23,2026-03-03,Windward Passage,10,3,3,2,2,18,20,157674,96673,2437,0,54639,256785,311424
chokepoint23,2026-03-04,Windward Passage,5,1,3,2,2,11,13,173808,51080,12349,4805,0,242043,242043
chokepoint23,2026-03-05,Windward Passage,5,1,3,3,1,12,13,226070,39420,4605,4237,17668,274335,292003
chokepoint23,2026-03-06,Windward Passage,7,0,4,3,2,14,16,194866,0,8112,14591,76759,217569,294329
chokepoint23,2026-03-07,Windward Passage,9,0,1,1,1,11,12,201167,0,0,3838,0,205006,205006
chokepoint23,2026-03-08,Windward Passage,10,3,6,4,2,23,25,156267,117946,14416,18206,0,306836,306836
chokepoint23,2026-03-09,Windward Passage,8,1,0,2,2,11,13,189631,52230,0,13435,39604,255297,294902
chokepoint23,2026-03-10,Windward Passage,7,4,6,1,2,18,20,120620,171825,27810,8526,76962,328781,405744
chokepoint23,2026-03-11,Windward Passage,7,1,1,2,7,11,18,305769,12009,3971,4454,164900,326205,491105
chokepoint23,2026-03-12,Windward Passage,8,1,1,6,2,16,18,279267,0,661,36862,0,316791,316791
chokepoint23,2026-03-13,Windward Passage,10,3,1,3,3,17,20,277560,86205,4792,8044,7366,376602,383969
chokepoint23,2026-03-14,Windward Passage,9,1,3,2,3,15,18,186590,0,21874,5512,141039,213978,355017
chokepoint23,2026-03-15,Windward Passage,9,1,3,4,1,17,18,139777,50732,4294,6214,12197,201019,213216
chokepoint23,2026-03-16,Windward Passage,10,4,0,2,0,16,16,142603,167075,0,5121,0,314800,314800
chokepoint23,2026-03-17,Windward Passage,9,2,0,2,2,13,15,169617,47974,0,6159,61122,223751,284874
chokepoint23,2026-03-18,Windward Passage,4,2,3,1,0,10,10,51913,0,5441,0,0,57354,57354
chokepoint23,2026-03-19,Windward Passage,5,2,2,1,3,10,13,144850,63012,2062,0,62798,209924,272723
chokepoint23,2026-03-20,Windward Passage,8,2,1,3,3,14,17,139363,76952,0,0,96915,216316,313231
chokepoint23,2026-03-21,Windward Passage,11,1,2,1,3,15,18,351207,50711,14435,3863,0,420218,420218
chokepoint23,2026-03-22,Windward Passage,9,2,1,2,1,14,15,171193,34871,6941,2879,36163,215885,252049
chokepoint23,2026-03-23,Windward Passage,12,3,0,4,3,19,22,147859,62058,0,12680,40392,222599,262992
chokepoint23,2026-03-24,Windward Passage,12,5,2,4,3,23,26,262662,273459,6035,3121,108179,545279,653458
chokepoint23,2026-03-25,Windward Passage,3,0,4,1,2,8,10,61930,0,3907,0,11497,65838,77336
chokepoint23,2026-03-26,Windward Passage,3,3,2,4,1,12,13,136671,92898,2682,9022,38340,241275,279615
chokepoint23,2026-03-27,Windward Passage,6,1,2,1,2,10,12,78366,0,16399,0,47972,94765,142738
chokepoint23,2026-03-28,Windward Passage,7,1,2,1,2,11,13,219356,32475,1260,0,33877,253092,286969
chokepoint23,2026-03-29,Windward Passage,7,1,1,5,1,14,15,110622,0,513,16892,38976,128028,167004
chokepoint23,2026-03-30,Windward Passage,12,1,0,2,1,15,16,179115,61702,0,671,11497,241489,252987
chokepoint23,2026-03-31,Windward Passage,9,2,1,4,1,16,17,93642,88698,880,12777,858,195999,196858
chokepoint23,2026-04-01,Windward Passage,5,2,5,0,1,12,13,144220,51922,7429,0,0,203573,203573
chokepoint23,2026-04-02,Windward Passage,4,2,1,2,0,9,9,92512,61817,972,6759,0,162061,162061
chokepoint23,2026-04-03,Windward Passage,14,5,2,1,2,22,24,210488,262029,13999,0,75723,486518,562241
chokepoint23,2026-04-04,Windward Passage,4,1,3,0,3,8,11,138691,23619,9407,0,74404,171718,246123
chokepoint23,2026-04-05,Windward Passage,12,1,3,2,1,18,19,166253,38034,7355,841,0,212485,212485
chokepoint23,2026-04-06,Windward Passage,12,2,1,1,2,16,18,298946,30579,1880,0,42345,331406,373752
chokepoint23,2026-04-07,Windward Passage,9,1,2,3,3,15,18,158433,32824,2279,5427,71529,198965,270494
chokepoint23,2026-04-08,Windward Passage,5,0,1,0,0,6,6,242451,0,1260,0,0,243712,243712
chokepoint23,2026-04-09,Windward Passage,8,1,3,1,3,13,16,241952,67642,4794,6933,45689,321322,367012
chokepoint23,2026-04-10,Windward Passage,5,1,1,3,3,10,13,49946,32261,8587,7020,18970,97815,116786
chokepoint23,2026-04-11,Windward Passage,12,1,0,1,2,14,16,210939,61128,0,0,0,272068,272068
chokepoint23,2026-04-12,Windward Passage,9,0,1,5,2,15,17,160175,0,575,9022,41744,169772,211517
chokepoint23,2026-04-13,Windward Passage,11,2,2,2,1,17,18,167360,37876,5820,5290,0,216348,216348
chokepoint23,2026-04-14,Windward Passage,10,2,2,4,3,18,21,87619,82326,11521,29345,22864,210812,233677
chokepoint23,2026-04-15,Windward Passage,5,3,0,2,2,10,12,256405,93860,0,7759,0,358025,358025
chokepoint23,2026-04-16,Windward Passage,5,0,4,3,1,12,13,149725,0,17077,4821,42118,171624,213743
chokepoint23,2026-04-17,Windward Passage,10,3,1,2,2,16,18,126594,138073,3525,6360,154894,274553,429448
chokepoint23,2026-04-18,Windward Passage,5,2,2,0,0,9,9,52669,184302,1865,0,0,238837,238837
chokepoint23,2026-04-19,Windward Passage,10,2,3,2,1,17,18,313866,0,4284,0,272285,318151,590436
chokepoint23,2026-04-20,Windward Passage,10,1,3,1,2,15,17,178971,44535,5872,467,37039,229846,266886
chokepoint23,2026-04-21,Windward Passage,9,0,2,0,1,11,12,130220,0,4117,0,0,134337,134337
chokepoint23,2026-04-22,Windward Passage,4,1,1,3,4,9,13,62218,28665,7429,15044,84659,113357,198017
chokepoint23,2026-04-23,Windward Passage,6,1,2,3,1,12,13,130100,0,11213,10245,18906,151559,170465
chokepoint23,2026-04-24,Windward Passage,10,1,0,3,0,14,14,153767,12009,0,16201,0,181978,181978
chokepoint23,2026-04-25,Windward Passage,5,2,4,5,0,16,16,122944,47632,8571,7573,0,186721,186721
chokepoint23,2026-04-26,Windward Passage,11,3,1,1,0,16,16,197954,104588,1089,8692,0,312324,312324
chokepoint23,2026-04-27,Windward Passage,10,4,1,1,0,16,16,221786,132340,9880,5897,0,369904,369904
chokepoint23,2026-04-28,Windward Passage,13,0,1,3,3,17,20,295759,0,1260,6809,9752,303829,313582
chokepoint23,2026-04-29,Windward Passage,7,0,2,2,4,11,15,143055,0,5637,0,62791,148693,211484
chokepoint23,2026-04-30,Windward Passage,5,2,0,4,1,11,12,189976,79457,0,3238,0,272673,272673
chokepoint23,2026-05-01,Windward Passage,17,2,0,5,3,24,27,340970,68371,0,29359,0,438701,438701
chokepoint23,2026-05-02,Windward Passage,9,3,4,0,2,16,18,196759,116643,19292,0,191981,332696,524677
chokepoint23,2026-05-03,Windward Passage,6,4,2,0,3,12,15,105979,173759,4963,0,0,284702,284702
chokepoint23,2026-05-04,Windward Passage,12,1,0,3,0,16,16,169906,31784,0,0,0,201690,201690
chokepoint23,2026-05-05,Windward Passage,7,2,2,2,2,13,15,49090,85989,8535,6603,0,150219,150219
chokepoint23,2026-05-06,Windward Passage,3,1,1,0,0,5,5,168944,0,1260,0,0,170205,170205
chokepoint23,2026-05-07,Windward Passage,5,0,1,1,1,7,8,69338,0,1089,7886,37767,78314,116082
chokepoint23,2026-05-08,Windward Passage,6,2,1,3,3,12,15,127545,42317,11714,0,50783,181576,232360
chokepoint23,2026-05-09,Windward Passage,10,3,4,2,2,19,21,177871,75370,7558,1683,61558,262485,324043
chokepoint23,2026-05-10,Windward Passage,9,0,2,1,3,12,15,241111,0,23772,0,53953,264884,318838
chokepoint23,2026-05-11,Windward Passage,12,2,3,5,1,22,23,200502,33321,14707,18132,11782,266664,278446
chokepoint23,2026-05-12,Windward Passage,8,3,3,3,2,17,19,133780,89784,21311,0,73321,244876,318198
chokepoint23,2026-05-13,Windward Passage,6,1,1,2,3,10,13,133314,52816,2142,8806,41597,197079,238677
chokepoint23,2026-05-14,Windward Passage,13,2,1,1,1,17,18,423015,141220,3890,0,0,568126,568126
chokepoint23,2026-05-15,Windward Passage,13,0,1,0,0,14,14,226847,0,1938,0,0,228786,228786
chokepoint23,2026-05-16,Windward Passage,7,2,3,2,8,14,22,269552,51002,2764,13242,126283,336561,462845
chokepoint23,2026-05-17,Windward Passage,12,3,4,2,3,21,24,280981,121449,26858,654,0,429944,429944
chokepoint23,2026-05-18,Windward Passage,8,4,1,4,1,17,18,103562,96718,5941,20325,47454,226548,274003
chokepoint23,2026-05-19,Windward Passage,10,0,2,1,1,13,14,157227,0,5281,3784,27093,166293,193386
chokepoint23,2026-05-20,Windward Passage,5,1,0,3,0,9,9,73938,24137,0,0,0,98076,98076
chokepoint23,2026-05-21,Windward Passage,8,0,2,3,1,13,14,237324,0,5845,3099,0,246269,246269
chokepoint23,2026-05-22,Windward Passage,14,1,1,2,0,18,18,289871,31686,9816,0,0,331374,331374
chokepoint23,2026-05-23,Windward Passage,10,2,4,1,1,17,18,275695,51092,6653,6385,17020,339827,356848
chokepoint23,2026-05-24,Windward Passage,9,4,5,1,0,19,19,159423,190890,22377,0,0,372691,372691
chokepoint23,2026-05-25,Windward Passage,12,3,5,3,2,23,25,229966,97101,19854,3850,85863,350773,436637
chokepoint23,2026-05-26,Windward Passage,9,2,2,6,1,19,20,160409,54785,3060,14938,40343,233194,273538
chokepoint23,2026-05-27,Windward Passage,7,0,3,1,3,11,14,234233,0,4670,0,117770,238904,356674
chokepoint23,2026-05-28,Windward Passage,5,1,0,3,1,9,10,80676,31753,0,4919,20973,117349,138322
chokepoint23,2026-05-29,Windward Passage,13,0,2,1,0,16,16,222502,0,9037,0,0,231540,231540
chokepoint23,2026-05-30,Windward Passage,10,2,1,3,3,16,19,422355,61000,6301,6376,0,496034,496034
chokepoint23,2026-05-31,Windward Passage,6,1,1,3,1,11,12,30342,55627,0,4954,14046,90924,104971
chokepoint24,2025-12-23,Mona Passage,6,2,2,0,2,10,12,121838,131361,12268,0,86308,265469,351777
chokepoint24,2025-12-24,Mona Passage,3,4,1,0,3,8,11,145379,172033,2096,0,181465,319509,500975
chokepoint24,2025-12-25,Mona Passage,5,1,2,0,2,8,10,118580,78039,12086,0,36019,208706,244726
chokepoint24,2025-12-26,Mona Passage,2,1,0,0,4,3,7,42595,78898,0,0,359076,121494,480570
chokepoint24,2025-12-27,Mona Passage,3,10,0,0,3,13,16,30884,744701,0,0,48095,775585,823680
chokepoint24,2025-12-28,Mona Passage,2,2,0,2,3,6,9,79705,52304,0,5380,36001,137390,173391
chokepoint24,2025-12-29,Mona Passage,4,2,1,0,0,7,7,128379,0,7428,0,0,135808,135808
chokepoint24,2025-12-30,Mona Passage,6,3,0,1,3,10,13,75096,98134,0,0,44009,173231,217240
chokepoint24,2025-12-31,Mona Passage,3,1,0,1,1,5,6,29056,38521,0,5581,0,73160,73160
chokepoint24,2026-01-01,Mona Passage,3,2,1,0,3,6,9,114943,38633,3962,0,194359,157539,351899
chokepoint24,2026-01-02,Mona Passage,1,1,2,2,3,6,9,43789,52847,2830,12294,115587,111760,227348
chokepoint24,2026-01-03,Mona Passage,6,1,0,0,3,7,10,133552,44080,0,0,120349,177632,297981
chokepoint24,2026-01-04,Mona Passage,2,4,1,2,1,9,10,72961,140287,8194,0,32774,221443,254218
chokepoint24,2026-01-05,Mona Passage,4,1,2,0,4,7,11,120756,38588,35904,0,38924,195250,234174
chokepoint24,2026-01-06,Mona Passage,6,4,3,0,2,13,15,85534,179741,27085,0,43181,292362,335543
chokepoint24,2026-01-07,Mona Passage,3,2,0,0,5,5,10,124045,78207,0,0,87595,202253,289848
chokepoint24,2026-01-08,Mona Passage,1,6,1,1,2,9,11,26465,341496,3508,3918,38718,375388,414106
chokepoint24,2026-01-09,Mona Passage,4,0,0,0,3,4,7,42235,0,0,0,111128,42235,153364
chokepoint24,2026-01-10,Mona Passage,3,5,2,1,2,11,13,77593,272731,7618,0,47064,357943,405008
chokepoint24,2026-01-11,Mona Passage,3,2,0,0,2,5,7,75841,132132,0,0,36071,207973,244045
chokepoint24,2026-01-12,Mona Passage,6,2,2,1,2,11,13,125074,119539,8700,1229,72088,254543,326631
chokepoint24,2026-01-13,Mona Passage,2,0,2,0,1,4,5,11385,0,12247,0,35217,23633,58850
chokepoint24,2026-01-14,Mona Passage,2,4,2,0,3,8,11,45686,177988,4720,0,111305,228395,339700
chokepoint24,2026-01-15,Mona Passage,6,4,1,0,1,11,12,216078,160359,14525,0,38796,390964,429760
chokepoint24,2026-01-16,Mona Passage,1,1,1,0,3,3,6,0,73509,4557,0,42425,78066,120491
chokepoint24,2026-01-17,Mona Passage,2,9,3,0,4,14,18,61287,385987,3630,0,151723,450905,602628
chokepoint24,2026-01-18,Mona Passage,3,4,1,0,2,8,10,68565,229404,3063,0,12828,301033,313862
chokepoint24,2026-01-19,Mona Passage,1,3,0,2,3,6,9,37275,182496,0,1030,70249,220802,291052
chokepoint24,2026-01-20,Mona Passage,4,3,2,1,2,10,12,16898,123944,12703,0,0,153546,153546
chokepoint24,2026-01-21,Mona Passage,2,2,1,0,0,5,5,117691,159213,6676,0,0,283581,283581
chokepoint24,2026-01-22,Mona Passage,7,4,0,0,3,11,14,125707,206204,0,0,136880,331911,468792
chokepoint24,2026-01-23,Mona Passage,4,2,1,0,5,7,12,76476,148848,5235,0,83505,230560,314065
chokepoint24,2026-01-24,Mona Passage,5,3,0,1,6,9,15,107580,155879,0,2242,245476,265703,511179
chokepoint24,2026-01-25,Mona Passage,6,2,1,2,1,11,12,138782,51681,4561,0,0,195025,195025
chokepoint24,2026-01-26,Mona Passage,2,3,0,0,2,5,7,109456,101015,0,0,311197,210472,521669
chokepoint24,2026-01-27,Mona Passage,4,3,2,1,2,10,12,82359,92376,23441,2702,18098,200880,218979
chokepoint24,2026-01-28,Mona Passage,4,4,0,1,2,9,11,169133,167605,0,9306,64691,346046,410737
chokepoint24,2026-01-29,Mona Passage,4,4,1,1,2,10,12,45299,217821,3089,0,36568,266211,302779
chokepoint24,2026-01-30,Mona Passage,3,4,0,0,3,7,10,20217,127594,0,0,143564,147812,291377
chokepoint24,2026-01-31,Mona Passage,4,2,0,0,2,6,8,93760,0,0,0,27331,93760,121092
chokepoint24,2026-02-01,Mona Passage,2,0,1,0,3,3,6,17370,0,4951,0,35472,22322,57794
chokepoint24,2026-02-02,Mona Passage,3,4,0,2,2,9,11,90334,175844,0,3144,43399,269323,312723
chokepoint24,2026-02-03,Mona Passage,5,1,1,0,2,7,9,34322,76427,1289,0,34609,112038,146648
chokepoint24,2026-02-04,Mona Passage,2,1,1,1,4,5,9,15279,73711,0,4478,51245,93470,144715
chokepoint24,2026-02-05,Mona Passage,6,1,0,0,2,7,9,84800,51552,0,0,36686,136352,173038
chokepoint24,2026-02-06,Mona Passage,2,1,1,0,4,4,8,73472,71590,7574,0,86886,152638,239524
chokepoint24,2026-02-07,Mona Passage,4,1,0,0,4,5,9,44956,35953,0,0,14209,80909,95118
chokepoint24,2026-02-08,Mona Passage,1,4,2,0,4,7,11,62940,191875,26179,0,61492,280995,342487
chokepoint24,2026-02-09,Mona Passage,2,4,0,1,4,7,11,10733,245542,0,0,81768,256275,338043
chokepoint24,2026-02-10,Mona Passage,4,2,2,0,2,8,10,98549,110862,4809,0,70027,214221,284248
chokepoint24,2026-02-11,Mona Passage,2,0,0,0,1,2,3,73731,0,0,0,0,73731,73731
chokepoint24,2026-02-12,Mona Passage,8,2,2,0,2,12,14,139269,135569,14893,0,41735,289732,331468
chokepoint24,2026-02-13,Mona Passage,2,3,0,1,2,6,8,58709,119181,0,0,27305,177891,205196
chokepoint24,2026-02-14,Mona Passage,4,2,1,0,4,7,11,45034,151373,2423,0,53368,198831,252199
chokepoint24,2026-02-15,Mona Passage,3,3,2,0,4,8,12,75285,122658,45273,0,71527,243216,314744
chokepoint24,2026-02-16,Mona Passage,4,1,2,1,0,8,8,166154,72631,7730,0,0,246515,246515
chokepoint24,2026-02-17,Mona Passage,5,3,1,0,6,9,15,115255,97889,1665,0,98713,214810,313524
chokepoint24,2026-02-18,Mona Passage,5,2,0,0,2,7,9,158276,92449,0,0,22985,250726,273711
chokepoint24,2026-02-19,Mona Passage,3,4,2,0,2,9,11,43008,180057,20559,0,11305,243625,254931
chokepoint24,2026-02-20,Mona Passage,2,2,1,0,2,5,7,34156,93373,6683,0,35780,134213,169993
chokepoint24,2026-02-21,Mona Passage,2,1,3,1,2,7,9,22061,54920,6412,4106,56162,87501,143663
chokepoint24,2026-02-22,Mona Passage,5,4,0,2,3,11,14,122876,260464,0,0,82633,383340,465974
chokepoint24,2026-02-23,Mona Passage,4,5,1,0,3,10,13,99778,205003,5149,0,43134,309931,353066
chokepoint24,2026-02-24,Mona Passage,4,3,6,1,1,14,15,112875,202471,46896,3474,0,365717,365717
chokepoint24,2026-02-25,Mona Passage,1,0,0,1,1,2,3,47865,0,0,8029,152338,55895,208233
chokepoint24,2026-02-26,Mona Passage,6,4,0,0,2,10,12,96375,190298,0,0,67119,286674,353793
chokepoint24,2026-02-27,Mona Passage,1,4,3,0,1,8,9,1521,152412,38341,0,43059,192276,235335
chokepoint24,2026-02-28,Mona Passage,4,6,0,0,5,10,15,111112,258714,0,0,171264,369827,541091
chokepoint24,2026-03-01,Mona Passage,2,6,2,0,1,10,11,69677,338766,19376,0,0,427821,427821
chokepoint24,2026-03-02,Mona Passage,3,3,2,0,5,8,13,22848,200785,1665,0,18684,225300,243984
chokepoint24,2026-03-03,Mona Passage,5,1,1,2,7,9,16,102735,61863,781,2765,83217,168146,251363
chokepoint24,2026-03-04,Mona Passage,2,5,0,0,1,7,8,9123,321514,0,0,0,330638,330638
chokepoint24,2026-03-05,Mona Passage,7,3,2,0,1,12,13,183892,112014,6333,0,0,302240,302240
chokepoint24,2026-03-06,Mona Passage,3,3,0,1,3,7,10,101523,202833,0,0,54143,304357,358500
chokepoint24,2026-03-07,Mona Passage,3,4,1,0,2,8,10,114848,149102,0,0,53003,263950,316953
chokepoint24,2026-03-08,Mona Passage,3,2,0,1,4,6,10,83990,109340,0,1954,192984,195285,388269
chokepoint24,2026-03-09,Mona Passage,3,6,0,1,4,10,14,102654,350453,0,0,7768,453108,460876
chokepoint24,2026-03-10,Mona Passage,4,3,0,0,4,7,11,81241,128253,0,0,81472,209495,290967
chokepoint24,2026-03-11,Mona Passage,4,7,0,0,6,11,17,105079,260477,0,0,159379,365556,524936
chokepoint24,2026-03-12,Mona Passage,3,5,1,1,4,10,14,38228,347737,6201,7338,157351,399506,556858
chokepoint24,2026-03-13,Mona Passage,5,4,2,0,1,11,12,127610,371155,7022,0,32842,505787,538630
chokepoint24,2026-03-14,Mona Passage,5,0,2,1,3,8,11,180949,0,4466,6296,50214,191712,241926
chokepoint24,2026-03-15,Mona Passage,3,4,1,3,1,11,12,26714,180082,4240,0,17478,211037,228516
chokepoint24,2026-03-16,Mona Passage,3,3,0,0,4,6,10,68523,168736,0,0,8288,237260,245549
chokepoint24,2026-03-17,Mona Passage,4,5,1,2,1,12,13,60326,261647,6029,12020,54554,340024,394579
chokepoint24,2026-03-18,Mona Passage,5,7,0,0,3,12,15,172341,338556,0,0,120338,510897,631236
chokepoint24,2026-03-19,Mona Passage,5,3,1,0,3,9,12,88112,173938,11445,0,157428,273496,430925
chokepoint24,2026-03-20,Mona Passage,4,4,2,0,6,10,16,80558,164342,15758,0,145481,260659,406140
chokepoint24,2026-03-21,Mona Passage,2,3,0,0,2,5,7,75737,110980,0,0,16423,186718,203142
chokepoint24,2026-03-22,Mona Passage,3,3,0,0,0,6,6,76518,107706,0,0,0,184225,184225
chokepoint24,2026-03-23,Mona Passage,6,4,0,1,1,11,12,109822,259862,0,4576,24481,374261,398742
chokepoint24,2026-03-24,Mona Passage,4,2,2,1,3,9,12,44281,79189,645,0,69465,124116,193581
chokepoint24,2026-03-25,Mona Passage,0,2,0,2,3,4,7,0,146959,0,0,286042,146959,433001
chokepoint24,2026-03-26,Mona Passage,8,3,0,1,3,12,15,134148,137346,0,8204,111359,279699,391059
chokepoint24,2026-03-27,Mona Passage,4,0,1,0,0,5,5,119291,0,2766,0,0,122058,122058
chokepoint24,2026-03-28,Mona Passage,5,3,2,0,2,10,12,129272,157700,6474,0,6525,293447,299973
chokepoint24,2026-03-29,Mona Passage,1,5,2,1,0,9,9,16974,178470,8592,0,0,204037,204037
chokepoint24,2026-03-30,Mona Passage,2,4,0,0,5,6,11,67612,324435,0,0,225226,392047,617274
chokepoint24,2026-03-31,Mona Passage,2,6,1,1,0,10,10,23005,221529,0,0,0,244534,244534
chokepoint24,2026-04-01,Mona Passage,4,2,1,1,2,8,10,115313,63871,16694,3124,29709,199004,228714
chokepoint24,2026-04-02,Mona Passage,3,6,3,1,4,13,17,45868,248568,29299,0,283571,323736,607307
chokepoint24,2026-04-03,Mona Passage,5,2,0,2,5,9,14,134952,35620,0,11327,83883,181901,265785
chokepoint24,2026-04-04,Mona Passage,7,5,2,0,4,14,18,216518,246425,29146,0,36082,492090,528173
chokepoint24,2026-04-05,Mona Passage,0,5,2,1,0,8,8,0,187594,5545,0,0,193140,193140
chokepoint24,2026-04-06,Mona Passage,5,1,4,0,4,10,14,125019,91005,25185,0,130307,241211,371518
chokepoint24,2026-04-07,Mona Passage,4,0,2,1,1,7,8,38799,0,5620,0,29320,44420,73740
chokepoint24,2026-04-08,Mona Passage,3,1,0,0,1,4,5,159774,79379,0,0,0,239154,239154
chokepoint24,2026-04-09,Mona Passage,6,5,1,1,5,13,18,104073,212580,0,0,151521,316653,468175
chokepoint24,2026-04-10,Mona Passage,3,4,0,0,4,7,11,72241,217668,0,0,78354,289909,368263
chokepoint24,2026-04-11,Mona Passage,2,3,0,1,3,6,9,25689,219281,0,0,63457,244970,308428
chokepoint24,2026-04-12,Mona Passage,2,2,1,0,7,5,12,69796,165966,23894,0,100287,259658,359945
chokepoint24,2026-04-13,Mona Passage,5,2,3,0,2,10,12,142409,0,5585,0,62253,147994,210248
chokepoint24,2026-04-14,Mona Passage,2,2,0,0,5,4,9,66745,216107,0,0,111554,282853,394408
chokepoint24,2026-04-15,Mona Passage,4,3,0,0,3,7,10,94665,178379,0,0,81869,273044,354913
chokepoint24,2026-04-16,Mona Passage,3,6,2,1,2,12,14,56766,212935,10718,6171,23193,286591,309785
chokepoint24,2026-04-17,Mona Passage,2,2,0,3,1,7,8,25116,73745,0,21066,36325,119929,156255
chokepoint24,2026-04-18,Mona Passage,4,1,2,2,4,9,13,126017,27628,9150,0,78055,162796,240851
chokepoint24,2026-04-19,Mona Passage,1,3,2,1,2,7,9,5589,148871,3153,4018,6994,161632,168627
chokepoint24,2026-04-20,Mona Passage,2,3,1,0,2,6,8,121534,113713,9585,0,93265,244833,338099
chokepoint24,2026-04-21,Mona Passage,5,6,3,1,1,15,16,124041,409161,3772,4799,0,541774,541774
chokepoint24,2026-04-22,Mona Passage,6,2,1,1,0,10,10,55858,148172,19572,0,0,223603,223603
chokepoint24,2026-04-23,Mona Passage,6,5,1,0,2,12,14,144280,179846,16218,0,85458,340346,425804
chokepoint24,2026-04-24,Mona Passage,8,3,0,1,3,12,15,118666,152007,0,3478,77129,274153,351282
chokepoint24,2026-04-25,Mona Passage,4,4,1,1,2,10,12,193948,229854,3044,0,69922,426847,496770
chokepoint24,2026-04-26,Mona Passage,4,5,1,0,2,10,12,140520,317331,2774,0,46343,460627,506970
chokepoint24,2026-04-27,Mona Passage,1,0,1,0,4,2,6,25914,0,3509,0,114254,29424,143679
chokepoint24,2026-04-28,Mona Passage,3,5,2,2,5,12,17,95939,208002,11738,0,75434,315681,391115
chokepoint24,2026-04-29,Mona Passage,3,5,3,0,0,11,11,105030,174526,5388,0,0,284945,284945
chokepoint24,2026-04-30,Mona Passage,3,2,1,0,2,6,8,134519,127187,24327,0,51266,286034,337300
chokepoint24,2026-05-01,Mona Passage,3,4,1,1,2,9,11,76029,227049,9911,0,74627,312991,387618
chokepoint24,2026-05-02,Mona Passage,3,1,1,1,5,6,11,51288,45233,2168,0,120225,98690,218915
chokepoint24,2026-05-03,Mona Passage,4,8,1,0,6,13,19,77660,365358,317,0,134059,443336,577396
chokepoint24,2026-05-04,Mona Passage,4,4,1,1,5,10,15,108039,138201,1605,0,93264,247845,341110
chokepoint24,2026-05-05,Mona Passage,5,3,1,0,1,9,10,62305,62937,4337,0,0,129581,129581
chokepoint24,2026-05-06,Mona Passage,5,4,2,0,3,11,14,110007,197185,43076,0,71818,350270,422088
chokepoint24,2026-05-07,Mona Passage,3,1,0,1,3,5,8,108355,0,0,0,90073,108355,198429
chokepoint24,2026-05-08,Mona Passage,4,1,1,0,1,6,7,41786,0,16980,0,26396,58767,85163
chokepoint24,2026-05-09,Mona Passage,2,3,1,1,4,7,11,83162,44838,645,0,99243,128645,227889
chokepoint24,2026-05-10,Mona Passage,4,3,2,3,1,12,13,82577,197732,2179,20086,32842,302575,335417
chokepoint24,2026-05-11,Mona Passage,2,3,1,0,1,6,7,48689,121146,3939,0,0,173776,173776
chokepoint24,2026-05-12,Mona Passage,3,1,1,2,4,7,11,58854,25339,19040,0,41937,103234,145172
chokepoint24,2026-05-13,Mona Passage,5,5,1,0,3,11,14,151707,268781,2654,0,43282,423143,466425
chokepoint24,2026-05-14,Mona Passage,1,4,1,0,2,6,8,24590,126361,8536,0,14144,159488,173632
chokepoint24,2026-05-15,Mona Passage,6,0,0,0,4,6,10,148420,0,0,0,51369,148420,199790
chokepoint24,2026-05-16,Mona Passage,2,0,1,2,3,5,8,22505,0,3306,16760,93823,42572,136396
chokepoint24,2026-05-17,Mona Passage,4,0,1,2,1,7,8,118405,0,19300,0,51127,137706,188834
chokepoint24,2026-05-18,Mona Passage,3,2,2,0,2,7,9,108315,150150,5341,0,22440,263808,286248
chokepoint24,2026-05-19,Mona Passage,4,1,1,3,2,9,11,90408,61227,1260,4107,34383,157004,191387
chokepoint24,2026-05-20,Mona Passage,4,4,1,1,0,10,10,78283,171239,4324,6333,0,260180,260180
chokepoint24,2026-05-21,Mona Passage,4,3,3,1,5,11,16,145539,108179,41322,4237,146257,299278,445536
chokepoint24,2026-05-22,Mona Passage,4,3,1,0,2,8,10,140809,221383,9130,0,85633,371323,456956
chokepoint24,2026-05-23,Mona Passage,2,6,0,1,0,9,9,29556,129189,0,5431,0,164177,164177
chokepoint24,2026-05-24,Mona Passage,6,4,2,1,2,13,15,186054,235649,13065,0,0,434769,434769
chokepoint24,2026-05-25,Mona Passage,2,2,4,1,2,9,11,50968,79611,17918,3243,90020,151742,241762
chokepoint24,2026-05-26,Mona Passage,2,2,1,1,4,6,10,5580,78164,0,2467,42416,86213,128629
chokepoint24,2026-05-27,Mona Passage,4,4,1,0,2,9,11,140012,199516,4990,0,62449,344518,406967
chokepoint24,2026-05-28,Mona Passage,4,4,3,1,5,12,17,171866,201492,27972,0,408361,401330,809692
chokepoint24,2026-05-29,Mona Passage,3,1,0,0,5,4,9,76716,61027,0,0,120865,137744,258609
chokepoint24,2026-05-30,Mona Passage,1,4,1,1,3,7,10,25914,198805,867,3138,92931,228726,321658
chokepoint24,2026-05-31,Mona Passage,3,5,0,1,2,9,11,74933,193430,0,0,53107,268364,321471
chokepoint25,2025-12-23,Balabac Strait,0,6,1,0,3,7,10,0,381899,2505,0,9669,384405,394075
chokepoint25,2025-12-24,Balabac Strait,4,4,1,0,3,9,12,52562,75791,1099,0,29625,129453,159078
chokepoint25,2025-12-25,Balabac Strait,0,4,1,0,2,5,7,0,128860,1486,0,15518,130347,145866
chokepoint25,2025-12-26,Balabac Strait,0,5,0,0,2,5,7,0,306709,0,0,85046,306709,391756
chokepoint25,2025-12-27,Balabac Strait,0,2,0,0,2,2,4,0,0,0,0,3316,0,3316
chokepoint25,2025-12-28,Balabac Strait,0,4,0,0,3,4,7,0,162717,0,0,17668,162717,180385
chokepoint25,2025-12-29,Balabac Strait,0,3,0,0,2,3,5,0,43103,0,0,68675,43103,111779
chokepoint25,2025-12-30,Balabac Strait,0,4,1,0,5,5,10,0,276962,2366,0,55537,279328,334866
chokepoint25,2025-12-31,Balabac Strait,1,4,0,0,5,5,10,2098,209207,0,0,186450,211306,397757
chokepoint25,2026-01-01,Balabac Strait,1,2,1,0,3,4,7,9281,37283,2965,0,62668,49530,112199
chokepoint25,2026-01-02,Balabac Strait,0,2,1,0,4,3,7,0,16480,2847,0,20799,19327,40127
chokepoint25,2026-01-03,Balabac Strait,0,6,0,0,1,6,7,0,243346,0,0,7499,243346,250846
chokepoint25,2026-01-04,Balabac Strait,0,4,5,0,3,9,12,0,260308,10149,0,112541,270458,382999
chokepoint25,2026-01-05,Balabac Strait,1,5,0,0,0,6,6,9538,253928,0,0,0,263466,263466
chokepoint25,2026-01-06,Balabac Strait,1,3,0,0,6,4,10,43451,80700,0,0,7901,124151,132052
chokepoint25,2026-01-07,Balabac Strait,3,3,3,0,3,9,12,13961,46408,6535,0,10903,66905,77809
chokepoint25,2026-01-08,Balabac Strait,0,3,0,0,3,3,6,0,33630,0,0,48787,33630,82417
chokepoint25,2026-01-09,Balabac Strait,0,1,2,0,5,3,8,0,72479,15502,0,59878,87981,147860
chokepoint25,2026-01-10,Balabac Strait,0,4,4,0,2,8,10,0,55393,18049,0,0,73443,73443
chokepoint25,2026-01-11,Balabac Strait,0,7,2,0,4,9,13,0,215681,18383,0,7021,234064,241086
chokepoint25,2026-01-12,Balabac Strait,1,5,2,0,5,8,13,12605,45610,3193,0,67047,61409,128456
chokepoint25,2026-01-13,Balabac Strait,2,3,3,0,0,8,8,5154,192330,15911,0,0,213396,213396
chokepoint25,2026-01-14,Balabac Strait,3,4,1,0,5,8,13,10972,290823,0,0,81588,301795,383384
chokepoint25,2026-01-15,Balabac Strait,0,1,0,0,2,1,3,0,31740,0,0,7986,31740,39726
chokepoint25,2026-01-16,Balabac Strait,1,6,1,0,3,8,11,6632,84355,2965,0,64293,93953,158246
chokepoint25,2026-01-17,Balabac Strait,0,4,0,0,3,4,7,0,208307,0,0,59630,208307,267937
chokepoint25,2026-01-18,Balabac Strait,0,6,1,0,4,7,11,0,89182,4380,0,8130,93562,101692
chokepoint25,2026-01-19,Balabac Strait,0,8,0,0,1,8,9,0,190537,0,0,11452,190537,201990
chokepoint25,2026-01-20,Balabac Strait,0,3,0,0,4,3,7,0,7461,0,0,16304,7461,23766
chokepoint25,2026-01-21,Balabac Strait,1,3,1,0,1,5,6,36254,129034,6638,0,11603,171927,183530
chokepoint25,2026-01-22,Balabac Strait,1,3,0,0,5,4,9,7259,104267,0,0,31092,111527,142619
chokepoint25,2026-01-23,Balabac Strait,0,2,0,0,0,2,2,0,0,0,0,0,0,0
chokepoint25,2026-01-24,Balabac Strait,0,4,1,0,2,5,7,0,128589,3100,0,6042,131689,137732
chokepoint25,2026-01-25,Balabac Strait,1,4,0,0,6,5,11,8907,136564,0,0,23913,145472,169385
chokepoint25,2026-01-26,Balabac Strait,0,2,1,0,3,3,6,0,32568,7033,0,23142,39602,62745
chokepoint25,2026-01-27,Balabac Strait,1,3,0,0,5,4,9,6632,65807,0,0,21444,72439,93884
chokepoint25,2026-01-28,Balabac Strait,3,3,2,0,5,8,13,44892,78258,9778,0,48107,132930,181037
chokepoint25,2026-01-29,Balabac Strait,0,9,1,0,2,10,12,0,365056,0,0,30127,365056,395184
chokepoint25,2026-01-30,Balabac Strait,0,3,0,0,2,3,5,0,205660,0,0,100330,205660,305990
chokepoint25,2026-01-31,Balabac Strait,0,7,1,0,2,8,10,0,267679,2114,0,10226,269794,280021
chokepoint25,2026-02-01,Balabac Strait,0,3,2,0,4,5,9,0,150769,17411,0,5158,168181,173339
chokepoint25,2026-02-02,Balabac Strait,1,6,2,0,3,9,12,11089,242343,10251,0,11666,263685,275352
chokepoint25,2026-02-03,Balabac Strait,3,4,3,0,1,10,11,50948,119925,11861,0,72020,182735,254755
chokepoint25,2026-02-04,Balabac Strait,1,5,1,1,5,8,13,6985,148523,5896,0,62895,161405,224300
chokepoint25,2026-02-05,Balabac Strait,0,4,2,0,0,6,6,0,240394,3100,0,0,243494,243494
chokepoint25,2026-02-06,Balabac Strait,2,8,1,0,2,11,13,14121,605295,2366,0,3273,621783,625057
chokepoint25,2026-02-07,Balabac Strait,0,5,2,0,2,7,9,0,159394,7392,0,47921,166786,214707
chokepoint25,2026-02-08,Balabac Strait,1,2,2,0,0,5,5,12936,110094,7270,0,0,130301,130301
chokepoint25,2026-02-09,Balabac Strait,0,5,1,0,3,6,9,0,183727,0,0,108052,183727,291780
chokepoint25,2026-02-10,Balabac Strait,1,5,1,0,3,7,10,4255,235069,0,0,13548,239325,252873
chokepoint25,2026-02-11,Balabac Strait,0,4,2,0,4,6,10,0,152120,0,0,55738,152120,207859
chokepoint25,2026-02-12,Balabac Strait,0,6,2,0,4,8,12,0,103752,9017,0,7749,112770,120519
chokepoint25,2026-02-13,Balabac Strait,0,5,2,0,2,7,9,0,230773,8403,0,14236,239177,253413
chokepoint25,2026-02-14,Balabac Strait,2,3,1,0,4,6,10,23207,150293,1328,0,16101,174830,190931
chokepoint25,2026-02-15,Balabac Strait,3,3,3,0,1,9,10,26273,85349,4373,0,4186,115997,120184
chokepoint25,2026-02-16,Balabac Strait,0,3,1,0,6,4,10,0,168078,3100,0,38133,171178,209312
chokepoint25,2026-02-17,Balabac Strait,0,3,0,0,4,3,7,0,54254,0,0,52546,54254,106800
chokepoint25,2026-02-18,Balabac Strait,1,4,3,0,2,8,10,5343,280806,31096,0,2504,317246,319750
chokepoint25,2026-02-19,Balabac Strait,0,3,1,0,2,4,6,0,218208,6148,0,10539,224357,234896
chokepoint25,2026-02-20,Balabac Strait,0,2,1,0,7,3,10,0,78682,6638,0,78425,85321,163746
chokepoint25,2026-02-21,Balabac Strait,0,8,1,0,3,9,12,0,336559,0,0,6764,336559,343323
chokepoint25,2026-02-22,Balabac Strait,0,3,1,0,6,4,10,0,132300,17444,0,42798,149745,192543
chokepoint25,2026-02-23,Balabac Strait,1,8,0,0,2,9,11,3606,341589,0,0,10056,345196,355253
chokepoint25,2026-02-24,Balabac Strait,1,2,0,0,0,3,3,6949,53695,0,0,0,60644,60644
chokepoint25,2026-02-25,Balabac Strait,1,8,3,0,2,12,14,4255,317474,9524,0,8502,331254,339757
chokepoint25,2026-02-26,Balabac Strait,0,1,1,0,3,2,5,0,84963,3100,0,80021,88063,168084
chokepoint25,2026-02-27,Balabac Strait,1,3,2,0,4,6,10,8592,87894,3125,0,18959,99612,118572
chokepoint25,2026-02-28,Balabac Strait,0,2,0,0,3,2,5,0,0,0,0,8536,0,8536
chokepoint25,2026-03-01,Balabac Strait,0,5,2,0,4,7,11,0,78848,8265,0,25463,87113,112577
chokepoint25,2026-03-02,Balabac Strait,0,2,1,1,8,4,12,0,37090,0,5106,124452,42196,166648
chokepoint25,2026-03-03,Balabac Strait,1,1,0,0,1,2,3,8347,36199,0,0,6170,44547,50718
chokepoint25,2026-03-04,Balabac Strait,1,7,0,0,7,8,15,4255,202070,0,0,115929,206326,322256
chokepoint25,2026-03-05,Balabac Strait,1,3,0,0,2,4,6,7635,75062,0,0,4377,82697,87075
chokepoint25,2026-03-06,Balabac Strait,2,4,1,0,5,7,12,42282,208471,5829,0,18709,256583,275293
chokepoint25,2026-03-07,Balabac Strait,0,6,0,0,2,6,8,0,171794,0,0,51850,171794,223645
chokepoint25,2026-03-08,Balabac Strait,1,4,1,0,5,6,11,84827,173221,2348,0,32868,260397,293265
chokepoint25,2026-03-09,Balabac Strait,0,8,1,0,1,9,10,0,619118,2250,0,11385,621368,632753
chokepoint25,2026-03-10,Balabac Strait,0,1,0,0,3,1,4,0,19266,0,0,49614,19266,68880
chokepoint25,2026-03-11,Balabac Strait,0,7,0,0,3,7,10,0,316468,0,0,22718,316468,339186
chokepoint25,2026-03-12,Balabac Strait,2,4,1,0,2,7,9,19690,96898,664,0,5056,117254,122311
chokepoint25,2026-03-13,Balabac Strait,0,7,1,0,4,8,12,0,384913,7125,0,51438,392038,443477
chokepoint25,2026-03-14,Balabac Strait,1,1,1,0,4,3,7,6316,56733,0,0,62977,63049,126027
chokepoint25,2026-03-15,Balabac Strait,0,6,1,0,2,7,9,0,127412,0,0,3235,127412,130648
chokepoint25,2026-03-16,Balabac Strait,0,3,4,0,2,7,9,0,61912,10748,0,44878,72661,117539
chokepoint25,2026-03-17,Balabac Strait,1,5,0,0,2,6,8,38589,110486,0,0,92815,149076,241892
chokepoint25,2026-03-18,Balabac Strait,0,3,1,0,5,4,9,0,106242,259,0,70671,106501,177172
chokepoint25,2026-03-19,Balabac Strait,0,1,2,0,6,3,9,0,152200,3525,0,47581,155725,203307
chokepoint25,2026-03-20,Balabac Strait,0,2,1,0,1,3,4,0,133947,7599,0,2914,141547,144461
chokepoint25,2026-03-21,Balabac Strait,1,2,0,0,3,3,6,9538,166034,0,0,14126,175572,189698
chokepoint25,2026-03-22,Balabac Strait,0,3,2,0,5,5,10,0,75821,15345,0,88879,91166,180046
chokepoint25,2026-03-23,Balabac Strait,2,3,3,0,2,8,10,5839,27392,2802,0,69567,36034,105601
chokepoint25,2026-03-24,Balabac Strait,1,4,3,0,4,8,12,7583,118130,7517,0,4531,133231,137763
chokepoint25,2026-03-25,Balabac Strait,0,2,1,0,2,3,5,0,78591,0,0,30733,78591,109324
chokepoint25,2026-03-26,Balabac Strait,0,3,0,0,7,3,10,0,127680,0,0,177309,127680,304990
chokepoint25,2026-03-27,Balabac Strait,0,1,1,0,3,2,5,0,53902,4782,0,16963,58684,75648
chokepoint25,2026-03-28,Balabac Strait,0,3,3,0,2,6,8,0,59784,24528,0,6042,84312,90355
chokepoint25,2026-03-29,Balabac Strait,0,6,3,0,2,9,11,0,289925,4828,0,8652,294753,303406
chokepoint25,2026-03-30,Balabac Strait,0,4,0,0,2,4,6,0,97366,0,0,8365,97366,105732
chokepoint25,2026-03-31,Balabac Strait,3,10,2,0,3,15,18,20725,390618,9754,0,37612,421099,458711
chokepoint25,2026-04-01,Balabac Strait,0,4,0,0,0,4,4,0,253034,0,0,0,253034,253034
chokepoint25,2026-04-02,Balabac Strait,0,5,0,0,1,5,6,0,293903,0,0,0,293903,293903
chokepoint25,2026-04-03,Balabac Strait,0,2,0,0,8,2,10,0,19220,0,0,203863,19220,223083
chokepoint25,2026-04-04,Balabac Strait,1,2,5,0,2,8,10,9538,0,9641,0,24942,19179,44122
chokepoint25,2026-04-05,Balabac Strait,0,1,0,1,3,2,5,0,0,0,0,42001,0,42001
chokepoint25,2026-04-06,Balabac Strait,0,9,0,0,1,9,10,0,296758,0,0,0,296758,296758
chokepoint25,2026-04-07,Balabac Strait,1,4,1,0,4,6,10,11163,115616,0,0,27098,126780,153879
chokepoint25,2026-04-08,Balabac Strait,1,3,3,0,1,7,8,6985,39260,14056,0,2408,60302,62711
chokepoint25,2026-04-09,Balabac Strait,0,3,1,0,3,4,7,0,114375,3315,0,11437,117690,129127
chokepoint25,2026-04-10,Balabac Strait,1,5,1,0,2,7,9,8218,148151,1998,0,14564,158367,172932
chokepoint25,2026-04-11,Balabac Strait,1,5,2,0,3,8,11,10137,170778,0,0,9359,180915,190274
chokepoint25,2026-04-12,Balabac Strait,0,3,3,0,4,6,10,0,79256,6766,0,18846,86023,104870
chokepoint25,2026-04-13,Balabac Strait,1,3,5,0,2,9,11,9538,54274,18070,0,18433,81882,100316
chokepoint25,2026-04-14,Balabac Strait,0,3,0,0,1,3,4,0,169236,0,0,3203,169236,172440
chokepoint25,2026-04-15,Balabac Strait,1,8,0,0,7,9,16,10795,390503,0,0,28724,401299,430023
chokepoint25,2026-04-16,Balabac Strait,1,3,1,0,1,5,6,8218,52936,0,0,0,61155,61155
chokepoint25,2026-04-17,Balabac Strait,1,4,1,0,3,6,9,23801,114498,0,0,22703,138300,161003
chokepoint25,2026-04-18,Balabac Strait,0,4,1,0,1,5,6,0,78775,0,0,0,78775,78775
chokepoint25,2026-04-19,Balabac Strait,0,7,3,0,3,10,13,0,294845,7071,0,14818,301917,316736
chokepoint25,2026-04-20,Balabac Strait,1,5,1,0,2,7,9,8686,279330,4991,0,8277,293008,301285
chokepoint25,2026-04-21,Balabac Strait,0,8,1,0,3,9,12,0,416969,0,0,19813,416969,436783
chokepoint25,2026-04-22,Balabac Strait,1,8,2,0,0,11,11,30209,226723,19979,0,0,276912,276912
chokepoint25,2026-04-23,Balabac Strait,1,6,2,0,6,9,15,6393,219770,12282,0,90158,238446,328604
chokepoint25,2026-04-24,Balabac Strait,1,4,0,0,6,5,11,8277,103961,0,0,34109,112239,146348
chokepoint25,2026-04-25,Balabac Strait,0,4,1,0,2,5,7,0,237434,1998,0,8211,239432,247643
chokepoint25,2026-04-26,Balabac Strait,1,6,1,0,2,8,10,7900,148103,1964,0,15494,157968,173463
chokepoint25,2026-04-27,Balabac Strait,0,1,0,0,4,1,5,0,11926,0,0,99949,11926,111876
chokepoint25,2026-04-28,Balabac Strait,0,3,1,0,3,4,7,0,20514,0,0,12571,20514,33085
chokepoint25,2026-04-29,Balabac Strait,1,4,1,0,3,6,9,9142,168860,2802,0,10891,180805,191697
chokepoint25,2026-04-30,Balabac Strait,0,5,2,0,1,7,8,0,301623,0,0,29373,301623,330997
chokepoint25,2026-05-01,Balabac Strait,0,7,0,0,4,7,11,0,389217,0,0,21912,389217,411129
chokepoint25,2026-05-02,Balabac Strait,0,4,2,0,10,6,16,0,79441,10888,0,238534,90329,328864
chokepoint25,2026-05-03,Balabac Strait,0,6,0,0,2,6,8,0,160757,0,0,41972,160757,202729
chokepoint25,2026-05-04,Balabac Strait,0,5,2,0,2,7,9,0,258076,16680,0,97755,274756,372512
chokepoint25,2026-05-05,Balabac Strait,1,2,0,0,1,3,4,9659,78759,0,0,2408,88419,90828
chokepoint25,2026-05-06,Balabac Strait,0,0,0,0,1,0,1,0,0,0,0,8490,0,8490
chokepoint25,2026-05-07,Balabac Strait,0,3,3,0,1,6,7,0,78668,4735,0,6843,83404,90248
chokepoint25,2026-05-08,Balabac Strait,0,3,2,0,1,5,6,0,43946,591,0,9750,44538,54288
chokepoint25,2026-05-09,Balabac Strait,0,2,0,0,0,2,2,0,101707,0,0,0,101707,101707
chokepoint25,2026-05-10,Balabac Strait,0,6,1,0,2,7,9,0,307462,1194,0,58642,308656,367298
chokepoint25,2026-05-11,Balabac Strait,0,6,0,0,2,6,8,0,302103,0,0,101494,302103,403597
chokepoint25,2026-05-12,Balabac Strait,0,3,1,0,1,4,5,0,221397,1937,0,3421,223334,226756
chokepoint25,2026-05-13,Balabac Strait,2,5,1,0,3,8,11,13044,230083,1983,0,2810,245111,247921
chokepoint25,2026-05-14,Balabac Strait,1,5,2,0,1,8,9,8961,215555,11107,0,6843,235623,242466
chokepoint25,2026-05-15,Balabac Strait,1,3,3,0,1,7,8,10792,170325,9945,0,0,191064,191064
chokepoint25,2026-05-16,Balabac Strait,0,9,1,0,6,10,16,0,587732,0,0,25371,587732,613103
chokepoint25,2026-05-17,Balabac Strait,1,5,0,0,5,6,11,7900,189462,0,0,38890,197362,236253
chokepoint25,2026-05-18,Balabac Strait,1,8,4,1,2,14,16,6031,371250,13236,0,12549,390519,403068
chokepoint25,2026-05-19,Balabac Strait,0,8,0,0,4,8,12,0,528302,0,0,87332,528302,615635
chokepoint25,2026-05-20,Balabac Strait,2,5,2,0,6,9,15,63403,116518,3036,0,83260,182959,266219
chokepoint25,2026-05-21,Balabac Strait,0,3,1,0,3,4,7,0,130555,2089,0,47398,132645,180043
chokepoint25,2026-05-22,Balabac Strait,1,2,0,0,4,3,7,8961,65293,0,0,6407,74254,80661
chokepoint25,2026-05-23,Balabac Strait,2,6,2,0,6,10,16,40420,220450,4685,0,44262,265556,309818
chokepoint25,2026-05-24,Balabac Strait,1,4,2,0,4,7,11,4115,253947,7015,0,112692,265079,377771
chokepoint25,2026-05-25,Balabac Strait,0,6,0,0,6,6,12,0,156234,0,0,31272,156234,187506
chokepoint25,2026-05-26,Balabac Strait,1,5,2,0,2,8,10,38016,292879,1964,0,3596,332860,336457
chokepoint25,2026-05-27,Balabac Strait,1,5,1,0,8,7,15,5676,314380,5326,0,68632,325383,394016
chokepoint25,2026-05-28,Balabac Strait,0,8,2,0,2,10,12,0,249245,2210,0,23455,251456,274911
chokepoint25,2026-05-29,Balabac Strait,0,3,2,0,1,5,6,0,78732,1772,0,9065,80505,89571
chokepoint25,2026-05-30,Balabac Strait,1,7,3,0,5,11,16,3229,224862,0,0,14335,228091,242427
chokepoint25,2026-05-31,Balabac Strait,1,5,1,0,8,7,15,9538,149059,2034,0,68146,160631,228778
chokepoint26,2025-12-23,Bering Strait,0,0,0,0,0,0,0,0,0,0,0,0,0,0
chokepoint26,2025-12-24,Bering Strait,0,0,0,0,0,0,0,0,0,0,0,0,0,0
chokepoint26,2025-12-25,Bering Strait,1,0,0,0,0,1,1,2078,0,0,0,0,2078,2078
chokepoint26,2025-12-26,Bering Strait,0,0,0,0,0,0,0,0,0,0,0,0,0,0
chokepoint26,2025-12-27,Bering Strait,0,0,0,0,0,0,0,0,0,0,0,0,0,0
chokepoint26,2025-12-28,Bering Strait,0,0,0,0,0,0,0,0,0,0,0,0,0,0
chokepoint26,2025-12-29,Bering Strait,0,0,0,0,0,0,0,0,0,0,0,0,0,0
chokepoint26,2025-12-30,Bering Strait,0,0,0,0,0,0,0,0,0,0,0,0,0,0
chokepoint26,2025-12-31,Bering Strait,0,0,0,0,0,0,0,0,0,0,0,0,0,0
chokepoint26,2026-01-01,Bering Strait,0,0,0,0,0,0,0,0,0,0,0,0,0,0
chokepoint26,2026-01-02,Bering Strait,0,0,0,0,0,0,0,0,0,0,0,0,0,0
chokepoint26,2026-01-03,Bering Strait,0,0,0,0,0,0,0,0,0,0,0,0,0,0
chokepoint26,2026-01-04,Bering Strait,0,0,0,0,0,0,0,0,0,0,0,0,0,0
chokepoint26,2026-01-05,Bering Strait,0,0,0,0,0,0,0,0,0,0,0,0,0,0
chokepoint26,2026-01-06,Bering Strait,0,0,0,0,0,0,0,0,0,0,0,0,0,0
chokepoint26,2026-01-07,Bering Strait,0,0,0,0,0,0,0,0,0,0,0,0,0,0
chokepoint26,2026-01-08,Bering Strait,0,0,0,0,0,0,0,0,0,0,0,0,0,0
chokepoint26,2026-01-09,Bering Strait,0,0,0,0,0,0,0,0,0,0,0,0,0,0
chokepoint26,2026-01-10,Bering Strait,0,0,0,0,0,0,0,0,0,0,0,0,0,0
chokepoint26,2026-01-11,Bering Strait,0,0,0,0,0,0,0,0,0,0,0,0,0,0
chokepoint26,2026-01-12,Bering Strait,0,0,0,0,0,0,0,0,0,0,0,0,0,0
chokepoint26,2026-01-13,Bering Strait,0,0,0,0,1,0,1,0,0,0,0,0,0,0
chokepoint26,2026-01-14,Bering Strait,0,0,0,0,0,0,0,0,0,0,0,0,0,0
chokepoint26,2026-01-15,Bering Strait,0,0,0,0,0,0,0,0,0,0,0,0,0,0
chokepoint26,2026-01-16,Bering Strait,0,0,0,0,0,0,0,0,0,0,0,0,0,0
chokepoint26,2026-01-17,Bering Strait,0,0,0,0,0,0,0,0,0,0,0,0,0,0
chokepoint26,2026-01-18,Bering Strait,0,0,0,0,0,0,0,0,0,0,0,0,0,0
chokepoint26,2026-01-19,Bering Strait,0,0,0,0,0,0,0,0,0,0,0,0,0,0
chokepoint26,2026-01-20,Bering Strait,0,0,0,0,0,0,0,0,0,0,0,0,0,0
chokepoint26,2026-01-21,Bering Strait,0,0,0,0,0,0,0,0,0,0,0,0,0,0
chokepoint26,2026-01-22,Bering Strait,0,0,0,0,0,0,0,0,0,0,0,0,0,0
chokepoint26,2026-01-23,Bering Strait,0,0,0,0,0,0,0,0,0,0,0,0,0,0
chokepoint26,2026-01-24,Bering Strait,0,0,0,0,0,0,0,0,0,0,0,0,0,0
chokepoint26,2026-01-25,Bering Strait,0,0,0,0,0,0,0,0,0,0,0,0,0,0
chokepoint26,2026-01-26,Bering Strait,0,0,0,0,0,0,0,0,0,0,0,0,0,0
chokepoint26,2026-01-27,Bering Strait,0,1,0,0,0,1,1,0,0,0,0,0,0,0
chokepoint26,2026-01-28,Bering Strait,0,0,0,0,0,0,0,0,0,0,0,0,0,0
chokepoint26,2026-01-29,Bering Strait,0,0,0,0,0,0,0,0,0,0,0,0,0,0
chokepoint26,2026-01-30,Bering Strait,0,0,0,0,0,0,0,0,0,0,0,0,0,0
chokepoint26,2026-01-31,Bering Strait,0,0,0,0,0,0,0,0,0,0,0,0,0,0
chokepoint26,2026-02-01,Bering Strait,0,0,0,0,0,0,0,0,0,0,0,0,0,0
chokepoint26,2026-02-02,Bering Strait,0,0,0,0,0,0,0,0,0,0,0,0,0,0
chokepoint26,2026-02-03,Bering Strait,0,0,0,0,0,0,0,0,0,0,0,0,0,0
chokepoint26,2026-02-04,Bering Strait,0,0,0,0,0,0,0,0,0,0,0,0,0,0
chokepoint26,2026-02-05,Bering Strait,0,0,0,0,0,0,0,0,0,0,0,0,0,0
chokepoint26,2026-02-06,Bering Strait,0,0,0,0,0,0,0,0,0,0,0,0,0,0
chokepoint26,2026-02-07,Bering Strait,0,0,0,0,0,0,0,0,0,0,0,0,0,0
chokepoint26,2026-02-08,Bering Strait,0,0,0,0,0,0,0,0,0,0,0,0,0,0
chokepoint26,2026-02-09,Bering Strait,0,0,0,0,0,0,0,0,0,0,0,0,0,0
chokepoint26,2026-02-10,Bering Strait,0,0,0,0,0,0,0,0,0,0,0,0,0,0
chokepoint26,2026-02-11,Bering Strait,0,0,0,0,0,0,0,0,0,0,0,0,0,0
chokepoint26,2026-02-12,Bering Strait,0,0,1,0,0,1,1,0,0,796,0,0,796,796
chokepoint26,2026-02-13,Bering Strait,0,0,0,0,0,0,0,0,0,0,0,0,0,0
chokepoint26,2026-02-14,Bering Strait,0,0,0,0,0,0,0,0,0,0,0,0,0,0
chokepoint26,2026-02-15,Bering Strait,0,0,0,0,0,0,0,0,0,0,0,0,0,0
chokepoint26,2026-02-16,Bering Strait,0,0,0,0,0,0,0,0,0,0,0,0,0,0
chokepoint26,2026-02-17,Bering Strait,0,0,0,0,0,0,0,0,0,0,0,0,0,0
chokepoint26,2026-02-18,Bering Strait,0,0,0,0,0,0,0,0,0,0,0,0,0,0
chokepoint26,2026-02-19,Bering Strait,0,0,0,0,0,0,0,0,0,0,0,0,0,0
chokepoint26,2026-02-20,Bering Strait,0,0,0,0,0,0,0,0,0,0,0,0,0,0
chokepoint26,2026-02-21,Bering Strait,0,0,0,0,0,0,0,0,0,0,0,0,0,0
chokepoint26,2026-02-22,Bering Strait,0,0,0,0,0,0,0,0,0,0,0,0,0,0
chokepoint26,2026-02-23,Bering Strait,0,0,0,0,0,0,0,0,0,0,0,0,0,0
chokepoint26,2026-02-24,Bering Strait,0,0,0,0,0,0,0,0,0,0,0,0,0,0
chokepoint26,2026-02-25,Bering Strait,0,0,0,0,0,0,0,0,0,0,0,0,0,0
chokepoint26,2026-02-26,Bering Strait,0,1,0,0,0,1,1,0,9630,0,0,0,9630,9630
chokepoint26,2026-02-27,Bering Strait,0,0,0,0,0,0,0,0,0,0,0,0,0,0
chokepoint26,2026-02-28,Bering Strait,0,0,0,0,0,0,0,0,0,0,0,0,0,0
chokepoint26,2026-03-01,Bering Strait,0,0,0,0,0,0,0,0,0,0,0,0,0,0
chokepoint26,2026-03-02,Bering Strait,0,0,0,0,0,0,0,0,0,0,0,0,0,0
chokepoint26,2026-03-03,Bering Strait,0,0,0,0,0,0,0,0,0,0,0,0,0,0
chokepoint26,2026-03-04,Bering Strait,0,0,0,0,0,0,0,0,0,0,0,0,0,0
chokepoint26,2026-03-05,Bering Strait,0,0,0,0,0,0,0,0,0,0,0,0,0,0
chokepoint26,2026-03-06,Bering Strait,0,0,0,0,0,0,0,0,0,0,0,0,0,0
chokepoint26,2026-03-07,Bering Strait,0,0,0,0,0,0,0,0,0,0,0,0,0,0
chokepoint26,2026-03-08,Bering Strait,0,0,0,0,0,0,0,0,0,0,0,0,0,0
chokepoint26,2026-03-09,Bering Strait,0,0,0,0,0,0,0,0,0,0,0,0,0,0
chokepoint26,2026-03-10,Bering Strait,0,0,0,0,0,0,0,0,0,0,0,0,0,0
chokepoint26,2026-03-11,Bering Strait,0,0,0,0,0,0,0,0,0,0,0,0,0,0
chokepoint26,2026-03-12,Bering Strait,0,0,0,0,0,0,0,0,0,0,0,0,0,0
chokepoint26,2026-03-13,Bering Strait,0,0,0,0,0,0,0,0,0,0,0,0,0,0
chokepoint26,2026-03-14,Bering Strait,0,0,0,0,0,0,0,0,0,0,0,0,0,0
chokepoint26,2026-03-15,Bering Strait,0,0,0,0,0,0,0,0,0,0,0,0,0,0
chokepoint26,2026-03-16,Bering Strait,0,0,0,0,0,0,0,0,0,0,0,0,0,0
chokepoint26,2026-03-17,Bering Strait,0,0,0,0,0,0,0,0,0,0,0,0,0,0
chokepoint26,2026-03-18,Bering Strait,1,0,0,0,0,1,1,16362,0,0,0,0,16362,16362
chokepoint26,2026-03-19,Bering Strait,0,0,0,0,0,0,0,0,0,0,0,0,0,0
chokepoint26,2026-03-20,Bering Strait,0,0,0,0,0,0,0,0,0,0,0,0,0,0
chokepoint26,2026-03-21,Bering Strait,0,0,0,0,0,0,0,0,0,0,0,0,0,0
chokepoint26,2026-03-22,Bering Strait,0,0,0,0,0,0,0,0,0,0,0,0,0,0
chokepoint26,2026-03-23,Bering Strait,0,0,0,0,0,0,0,0,0,0,0,0,0,0
chokepoint26,2026-03-24,Bering Strait,0,0,0,0,0,0,0,0,0,0,0,0,0,0
chokepoint26,2026-03-25,Bering Strait,0,1,0,0,0,1,1,0,0,0,0,0,0,0
chokepoint26,2026-03-26,Bering Strait,0,0,0,0,0,0,0,0,0,0,0,0,0,0
chokepoint26,2026-03-27,Bering Strait,0,0,0,0,0,0,0,0,0,0,0,0,0,0
chokepoint26,2026-03-28,Bering Strait,0,1,0,0,0,1,1,0,33356,0,0,0,33356,33356
chokepoint26,2026-03-29,Bering Strait,0,0,0,0,0,0,0,0,0,0,0,0,0,0
chokepoint26,2026-03-30,Bering Strait,0,1,1,0,0,2,2,0,0,0,0,0,0,0
chokepoint26,2026-03-31,Bering Strait,0,0,0,0,0,0,0,0,0,0,0,0,0,0
chokepoint26,2026-04-01,Bering Strait,0,0,0,0,0,0,0,0,0,0,0,0,0,0
chokepoint26,2026-04-02,Bering Strait,0,0,0,0,0,0,0,0,0,0,0,0,0,0
chokepoint26,2026-04-03,Bering Strait,0,0,0,0,0,0,0,0,0,0,0,0,0,0
chokepoint26,2026-04-04,Bering Strait,0,0,0,0,0,0,0,0,0,0,0,0,0,0
chokepoint26,2026-04-05,Bering Strait,0,0,0,0,0,0,0,0,0,0,0,0,0,0
chokepoint26,2026-04-06,Bering Strait,0,0,0,0,0,0,0,0,0,0,0,0,0,0
chokepoint26,2026-04-07,Bering Strait,0,0,0,0,0,0,0,0,0,0,0,0,0,0
chokepoint26,2026-04-08,Bering Strait,0,0,0,0,0,0,0,0,0,0,0,0,0,0
chokepoint26,2026-04-09,Bering Strait,0,0,0,0,0,0,0,0,0,0,0,0,0,0
chokepoint26,2026-04-10,Bering Strait,0,0,0,0,0,0,0,0,0,0,0,0,0,0
chokepoint26,2026-04-11,Bering Strait,0,0,0,0,0,0,0,0,0,0,0,0,0,0
chokepoint26,2026-04-12,Bering Strait,0,0,0,0,0,0,0,0,0,0,0,0,0,0
chokepoint26,2026-04-13,Bering Strait,0,0,0,0,0,0,0,0,0,0,0,0,0,0
chokepoint26,2026-04-14,Bering Strait,0,0,0,0,0,0,0,0,0,0,0,0,0,0
chokepoint26,2026-04-15,Bering Strait,0,0,0,0,0,0,0,0,0,0,0,0,0,0
chokepoint26,2026-04-16,Bering Strait,0,0,0,0,0,0,0,0,0,0,0,0,0,0
chokepoint26,2026-04-17,Bering Strait,0,0,0,0,0,0,0,0,0,0,0,0,0,0
chokepoint26,2026-04-18,Bering Strait,0,0,0,0,0,0,0,0,0,0,0,0,0,0
chokepoint26,2026-04-19,Bering Strait,0,0,0,0,0,0,0,0,0,0,0,0,0,0
chokepoint26,2026-04-20,Bering Strait,0,0,0,0,0,0,0,0,0,0,0,0,0,0
chokepoint26,2026-04-21,Bering Strait,0,0,0,0,0,0,0,0,0,0,0,0,0,0
chokepoint26,2026-04-22,Bering Strait,0,0,0,0,1,0,1,0,0,0,0,69284,0,69284
chokepoint26,2026-04-23,Bering Strait,0,0,0,0,0,0,0,0,0,0,0,0,0,0
chokepoint26,2026-04-24,Bering Strait,0,0,0,0,0,0,0,0,0,0,0,0,0,0
chokepoint26,2026-04-25,Bering Strait,0,1,0,0,0,1,1,0,69281,0,0,0,69281,69281
chokepoint26,2026-04-26,Bering Strait,0,0,0,0,0,0,0,0,0,0,0,0,0,0
chokepoint26,2026-04-27,Bering Strait,0,0,0,0,0,0,0,0,0,0,0,0,0,0
chokepoint26,2026-04-28,Bering Strait,0,0,0,0,0,0,0,0,0,0,0,0,0,0
chokepoint26,2026-04-29,Bering Strait,0,0,0,0,0,0,0,0,0,0,0,0,0,0
chokepoint26,2026-04-30,Bering Strait,0,0,0,0,0,0,0,0,0,0,0,0,0,0
chokepoint26,2026-05-01,Bering Strait,0,0,0,0,0,0,0,0,0,0,0,0,0,0
chokepoint26,2026-05-02,Bering Strait,0,0,0,0,0,0,0,0,0,0,0,0,0,0
chokepoint26,2026-05-03,Bering Strait,0,0,0,0,0,0,0,0,0,0,0,0,0,0
chokepoint26,2026-05-04,Bering Strait,0,0,0,0,0,0,0,0,0,0,0,0,0,0
chokepoint26,2026-05-05,Bering Strait,0,0,0,0,0,0,0,0,0,0,0,0,0,0
chokepoint26,2026-05-06,Bering Strait,0,0,0,0,0,0,0,0,0,0,0,0,0,0
chokepoint26,2026-05-07,Bering Strait,0,0,0,0,0,0,0,0,0,0,0,0,0,0
chokepoint26,2026-05-08,Bering Strait,0,0,0,0,0,0,0,0,0,0,0,0,0,0
chokepoint26,2026-05-09,Bering Strait,1,0,0,0,0,1,1,2457,0,0,0,0,2457,2457
chokepoint26,2026-05-10,Bering Strait,0,0,0,0,0,0,0,0,0,0,0,0,0,0
chokepoint26,2026-05-11,Bering Strait,0,0,0,0,0,0,0,0,0,0,0,0,0,0
chokepoint26,2026-05-12,Bering Strait,0,0,0,0,0,0,0,0,0,0,0,0,0,0
chokepoint26,2026-05-13,Bering Strait,0,0,0,0,0,0,0,0,0,0,0,0,0,0
chokepoint26,2026-05-14,Bering Strait,0,0,0,0,0,0,0,0,0,0,0,0,0,0
chokepoint26,2026-05-15,Bering Strait,0,0,0,0,0,0,0,0,0,0,0,0,0,0
chokepoint26,2026-05-16,Bering Strait,0,0,0,0,0,0,0,0,0,0,0,0,0,0
chokepoint26,2026-05-17,Bering Strait,0,0,0,0,0,0,0,0,0,0,0,0,0,0
chokepoint26,2026-05-18,Bering Strait,0,0,0,0,0,0,0,0,0,0,0,0,0,0
chokepoint26,2026-05-19,Bering Strait,0,0,0,0,0,0,0,0,0,0,0,0,0,0
chokepoint26,2026-05-20,Bering Strait,0,0,1,0,0,1,1,0,0,2037,0,0,2037,2037
chokepoint26,2026-05-21,Bering Strait,0,0,0,0,0,0,0,0,0,0,0,0,0,0
chokepoint26,2026-05-22,Bering Strait,0,0,0,0,0,0,0,0,0,0,0,0,0,0
chokepoint26,2026-05-23,Bering Strait,0,0,0,0,0,0,0,0,0,0,0,0,0,0
chokepoint26,2026-05-24,Bering Strait,0,0,0,0,0,0,0,0,0,0,0,0,0,0
chokepoint26,2026-05-25,Bering Strait,0,0,0,0,0,0,0,0,0,0,0,0,0,0
chokepoint26,2026-05-26,Bering Strait,0,0,0,0,0,0,0,0,0,0,0,0,0,0
chokepoint26,2026-05-27,Bering Strait,0,0,0,0,0,0,0,0,0,0,0,0,0,0
chokepoint26,2026-05-28,Bering Strait,0,0,0,0,0,0,0,0,0,0,0,0,0,0
chokepoint26,2026-05-29,Bering Strait,0,0,0,0,0,0,0,0,0,0,0,0,0,0
chokepoint26,2026-05-30,Bering Strait,0,0,0,0,0,0,0,0,0,0,0,0,0,0
chokepoint26,2026-05-31,Bering Strait,0,0,0,0,0,0,0,0,0,0,0,0,0,0
chokepoint27,2025-12-23,Mindoro Strait,3,20,1,0,2,24,26,25217,1602692,4294,0,0,1632204,1632204
chokepoint27,2025-12-24,Mindoro Strait,5,35,2,0,4,42,46,59472,2790442,20284,0,49381,2870200,2919581
chokepoint27,2025-12-25,Mindoro Strait,3,21,2,0,3,26,29,16994,2067569,11568,0,151139,2096132,2247272
chokepoint27,2025-12-26,Mindoro Strait,1,29,1,0,4,31,35,8063,1693053,1715,0,24872,1702833,1727705
chokepoint27,2025-12-27,Mindoro Strait,2,26,2,0,1,30,31,23937,2619153,16734,0,0,2659826,2659826
chokepoint27,2025-12-28,Mindoro Strait,2,29,1,0,2,32,34,22181,1835625,4319,0,7929,1862127,1870057
chokepoint27,2025-12-29,Mindoro Strait,3,33,2,0,3,38,41,21752,2312134,3577,0,19129,2337464,2356594
chokepoint27,2025-12-30,Mindoro Strait,2,23,3,0,6,28,34,14625,1779194,19332,0,157549,1813153,1970703
chokepoint27,2025-12-31,Mindoro Strait,2,40,0,0,1,42,43,20037,2197545,0,0,0,2217583,2217583
chokepoint27,2026-01-01,Mindoro Strait,2,29,0,0,2,31,33,11883,2289264,0,0,99490,2301147,2400638
chokepoint27,2026-01-02,Mindoro Strait,0,25,1,0,2,26,28,0,1729061,6412,0,104102,1735474,1839577
chokepoint27,2026-01-03,Mindoro Strait,2,40,1,0,1,43,44,15938,3519393,1862,0,0,3537194,3537194
chokepoint27,2026-01-04,Mindoro Strait,1,24,4,0,1,29,30,10119,1363346,32558,0,891,1406023,1406915
chokepoint27,2026-01-05,Mindoro Strait,1,44,6,0,0,51,51,10760,2592882,35955,0,0,2639597,2639597
chokepoint27,2026-01-06,Mindoro Strait,5,15,2,0,4,22,26,54711,1304776,6418,0,18944,1365907,1384852
chokepoint27,2026-01-07,Mindoro Strait,1,34,7,0,3,42,45,11711,1988572,40389,0,34224,2040673,2074898
chokepoint27,2026-01-08,Mindoro Strait,3,27,2,0,4,32,36,16232,2060583,19037,0,163392,2095853,2259246
chokepoint27,2026-01-09,Mindoro Strait,3,29,2,0,2,34,36,15792,1522171,2280,0,1674,1540244,1541919
chokepoint27,2026-01-10,Mindoro Strait,2,34,4,0,2,40,42,36641,2072353,30663,0,153623,2139658,2293282
chokepoint27,2026-01-11,Mindoro Strait,3,27,5,1,3,36,39,15707,1717250,18294,5042,326415,1756294,2082710
chokepoint27,2026-01-12,Mindoro Strait,1,23,4,0,5,28,33,31919,2116026,18898,0,95806,2166844,2262650
chokepoint27,2026-01-13,Mindoro Strait,3,28,3,0,3,34,37,31940,1411450,12457,0,83951,1455848,1539800
chokepoint27,2026-01-14,Mindoro Strait,6,27,0,0,3,33,36,64574,1003656,0,0,50740,1068230,1118971
chokepoint27,2026-01-15,Mindoro Strait,5,27,0,0,2,32,34,10999,1778549,0,0,0,1789549,1789549
chokepoint27,2026-01-16,Mindoro Strait,1,42,5,0,9,48,57,25067,3766891,18676,0,96431,3810635,3907067
chokepoint27,2026-01-17,Mindoro Strait,2,40,4,0,4,46,50,22452,1757029,18513,0,217794,1797995,2015789
chokepoint27,2026-01-18,Mindoro Strait,5,31,4,0,6,40,46,89303,1881069,16670,0,25283,1987042,2012325
chokepoint27,2026-01-19,Mindoro Strait,2,23,7,0,3,32,35,39641,2449299,27484,0,53819,2516426,2570245
chokepoint27,2026-01-20,Mindoro Strait,1,23,4,0,1,28,29,5355,1421984,18577,0,627,1445917,1446545
chokepoint27,2026-01-21,Mindoro Strait,4,31,3,0,3,38,41,35337,1631849,19572,0,5240,1686759,1692000
chokepoint27,2026-01-22,Mindoro Strait,5,40,2,0,2,47,49,25911,1870343,6433,0,5744,1902688,1908433
chokepoint27,2026-01-23,Mindoro Strait,3,38,3,0,2,44,46,29738,2358122,15783,0,22968,2403644,2426612
chokepoint27,2026-01-24,Mindoro Strait,2,24,3,0,3,29,32,22754,1702314,10241,0,28977,1735309,1764287
chokepoint27,2026-01-25,Mindoro Strait,2,24,1,0,4,27,31,14230,1818427,4873,0,98174,1837532,1935706
chokepoint27,2026-01-26,Mindoro Strait,5,27,3,0,5,35,40,33136,2594106,19740,0,78172,2646984,2725156
chokepoint27,2026-01-27,Mindoro Strait,1,28,4,0,1,33,34,9179,1912832,30799,0,0,1952811,1952811
chokepoint27,2026-01-28,Mindoro Strait,5,25,6,0,5,36,41,22195,1510754,37059,0,104131,1570008,1674139
chokepoint27,2026-01-29,Mindoro Strait,1,40,7,0,3,48,51,7317,3240188,62173,0,12185,3309679,3321864
chokepoint27,2026-01-30,Mindoro Strait,3,28,0,1,3,32,35,24026,1235981,0,867,6030,1260875,1266906
chokepoint27,2026-01-31,Mindoro Strait,4,25,1,1,2,31,33,39692,2352963,0,0,171086,2392656,2563743
chokepoint27,2026-02-01,Mindoro Strait,1,21,2,0,7,24,31,13348,817891,8630,0,108739,839870,948610
chokepoint27,2026-02-02,Mindoro Strait,0,17,3,0,6,20,26,0,1715357,11307,0,156723,1726664,1883388
chokepoint27,2026-02-03,Mindoro Strait,0,37,1,0,2,38,40,0,2958731,5888,0,76872,2964619,3041492
chokepoint27,2026-02-04,Mindoro Strait,5,34,6,0,3,45,48,44077,2275450,47992,0,15340,2367521,2382861
chokepoint27,2026-02-05,Mindoro Strait,2,35,4,0,5,41,46,16867,1977782,37296,0,341941,2031946,2373887
chokepoint27,2026-02-06,Mindoro Strait,1,13,6,0,0,20,20,9898,872796,41165,0,0,923861,923861
chokepoint27,2026-02-07,Mindoro Strait,4,31,2,1,5,38,43,11137,1962943,865,0,82787,1974946,2057734
chokepoint27,2026-02-08,Mindoro Strait,4,19,5,0,6,28,34,42761,1200220,49850,0,100281,1292832,1393113
chokepoint27,2026-02-09,Mindoro Strait,2,18,0,0,0,20,20,27893,1130784,0,0,0,1158678,1158678
chokepoint27,2026-02-10,Mindoro Strait,0,20,5,0,0,25,25,0,2202544,28978,0,0,2231522,2231522
chokepoint27,2026-02-11,Mindoro Strait,1,19,8,0,4,28,32,3793,1841320,43452,0,15702,1888567,1904269
chokepoint27,2026-02-12,Mindoro Strait,6,25,6,0,3,37,40,69543,1042402,33290,0,26056,1145236,1171292
chokepoint27,2026-02-13,Mindoro Strait,2,26,3,0,2,31,33,31154,1986948,10895,0,0,2028998,2028998
chokepoint27,2026-02-14,Mindoro Strait,3,14,1,0,2,18,20,25650,682379,0,0,6161,708030,714192
chokepoint27,2026-02-15,Mindoro Strait,1,29,2,0,4,32,36,14248,1483630,8079,0,22728,1505958,1528687
chokepoint27,2026-02-16,Mindoro Strait,2,25,5,0,4,32,36,10533,459220,23625,0,10761,493379,504141
chokepoint27,2026-02-17,Mindoro Strait,1,26,2,0,1,29,30,0,1288966,4773,0,0,1293740,1293740
chokepoint27,2026-02-18,Mindoro Strait,3,22,2,0,4,27,31,22279,1452770,8235,0,2909,1483285,1486195
chokepoint27,2026-02-19,Mindoro Strait,2,27,4,0,1,33,34,11081,1626671,20024,0,11602,1657777,1669380
chokepoint27,2026-02-20,Mindoro Strait,4,29,2,0,1,35,36,48540,1384312,9627,0,0,1442479,1442479
chokepoint27,2026-02-21,Mindoro Strait,3,33,3,0,1,39,40,36920,2737526,17660,0,6176,2792107,2798283
chokepoint27,2026-02-22,Mindoro Strait,4,28,2,0,3,34,37,37523,1205009,12633,0,83247,1255166,1338414
chokepoint27,2026-02-23,Mindoro Strait,1,27,5,0,0,33,33,19027,2767983,20591,0,0,2807603,2807603
chokepoint27,2026-02-24,Mindoro Strait,1,21,1,0,4,23,27,10968,935400,7130,0,63341,953499,1016840
chokepoint27,2026-02-25,Mindoro Strait,2,24,4,0,3,30,33,59393,1794911,23926,0,95188,1878231,1973420
chokepoint27,2026-02-26,Mindoro Strait,1,26,0,1,1,28,29,7464,1540780,0,0,4336,1548245,1552581
chokepoint27,2026-02-27,Mindoro Strait,4,26,4,0,7,34,41,37237,2388093,22659,0,111162,2447991,2559154
chokepoint27,2026-02-28,Mindoro Strait,1,24,2,0,3,27,30,16257,1629457,8997,0,24241,1654712,1678953
chokepoint27,2026-03-01,Mindoro Strait,3,29,4,0,2,36,38,28166,1704514,21946,0,0,1754627,1754627
chokepoint27,2026-03-02,Mindoro Strait,4,25,4,0,7,33,40,33721,1194565,18961,0,231982,1247248,1479231
chokepoint27,2026-03-03,Mindoro Strait,3,30,2,0,6,35,41,23209,2020600,9562,0,85219,2053373,2138593
chokepoint27,2026-03-04,Mindoro Strait,2,27,3,0,1,32,33,21017,1554814,7388,0,0,1583221,1583221
chokepoint27,2026-03-05,Mindoro Strait,0,25,0,0,4,25,29,0,1854311,0,0,83753,1854311,1938064
chokepoint27,2026-03-06,Mindoro Strait,3,34,6,0,3,43,46,21034,1926867,18071,0,5698,1965973,1971671
chokepoint27,2026-03-07,Mindoro Strait,3,20,2,0,4,25,29,29335,1119236,3028,0,128047,1151600,1279647
chokepoint27,2026-03-08,Mindoro Strait,2,25,6,0,5,33,38,30365,2102127,27428,0,77836,2159921,2237758
chokepoint27,2026-03-09,Mindoro Strait,0,23,2,0,1,25,26,0,1018885,32175,0,4092,1051061,1055153
chokepoint27,2026-03-10,Mindoro Strait,0,21,8,0,5,29,34,0,752998,37330,0,53900,790329,844229
chokepoint27,2026-03-11,Mindoro Strait,2,31,3,1,2,37,39,7861,1892176,3825,0,16314,1903862,1920177
chokepoint27,2026-03-12,Mindoro Strait,0,27,2,0,4,29,33,0,1752966,11022,0,9331,1763988,1773320
chokepoint27,2026-03-13,Mindoro Strait,4,20,3,0,8,27,35,31391,1367724,11477,0,101837,1410593,1512431
chokepoint27,2026-03-14,Mindoro Strait,3,16,4,0,2,23,25,63015,899878,4729,0,0,967623,967623
chokepoint27,2026-03-15,Mindoro Strait,2,27,2,1,2,32,34,6136,2455027,11680,1579,5886,2474423,2480309
chokepoint27,2026-03-16,Mindoro Strait,3,24,7,0,4,34,38,43613,1152249,52538,0,20729,1248402,1269132
chokepoint27,2026-03-17,Mindoro Strait,0,41,5,0,3,46,49,0,2225936,39493,0,155373,2265429,2420803
chokepoint27,2026-03-18,Mindoro Strait,2,19,2,0,3,23,26,9034,1667107,3355,0,51062,1679498,1730561
chokepoint27,2026-03-19,Mindoro Strait,1,27,3,0,3,31,34,10152,2269555,15841,0,0,2295548,2295548
chokepoint27,2026-03-20,Mindoro Strait,1,21,6,1,2,29,31,11011,1474979,33650,1936,2193,1521578,1523771
chokepoint27,2026-03-21,Mindoro Strait,3,25,2,0,4,30,34,21187,1104399,11523,0,6643,1137110,1143753
chokepoint27,2026-03-22,Mindoro Strait,4,32,6,0,6,42,48,57469,1967005,28166,0,84646,2052642,2137288
chokepoint27,2026-03-23,Mindoro Strait,0,28,4,0,4,32,36,0,2286502,8300,0,89656,2294802,2384459
chokepoint27,2026-03-24,Mindoro Strait,3,23,2,0,3,28,31,36181,1375808,8848,0,23123,1420839,1443962
chokepoint27,2026-03-25,Mindoro Strait,1,24,0,0,3,25,28,9511,1402998,0,0,82613,1412510,1495123
chokepoint27,2026-03-26,Mindoro Strait,2,21,2,0,4,25,29,9742,896959,9709,0,53980,916412,970392
chokepoint27,2026-03-27,Mindoro Strait,2,19,4,0,3,25,28,16962,2060414,22649,0,316104,2100026,2416131
chokepoint27,2026-03-28,Mindoro Strait,2,26,0,0,7,28,35,27009,1516263,0,0,91837,1543273,1635110
chokepoint27,2026-03-29,Mindoro Strait,3,24,2,0,4,29,33,78478,1304369,15993,0,145028,1398840,1543869
chokepoint27,2026-03-30,Mindoro Strait,2,32,2,0,5,36,41,6739,2691747,3497,0,73597,2701984,2775582
chokepoint27,2026-03-31,Mindoro Strait,1,25,6,0,3,32,35,11056,1964979,19388,0,19420,1995424,2014845
chokepoint27,2026-04-01,Mindoro Strait,0,14,3,0,2,17,19,0,1082531,9971,0,4415,1092502,1096917
chokepoint27,2026-04-02,Mindoro Strait,2,17,0,0,2,19,21,4160,583800,0,0,970,587960,588931
chokepoint27,2026-04-03,Mindoro Strait,2,22,3,0,3,27,30,13867,1041467,14197,0,17256,1069532,1086789
chokepoint27,2026-04-04,Mindoro Strait,1,22,4,0,1,27,28,0,751066,15138,0,0,766204,766204
chokepoint27,2026-04-05,Mindoro Strait,2,21,1,1,4,25,29,24063,1169161,9650,2974,89500,1205850,1295350
chokepoint27,2026-04-06,Mindoro Strait,1,14,1,1,2,17,19,19418,1637138,15431,0,0,1671988,1671988
chokepoint27,2026-04-07,Mindoro Strait,1,15,3,0,2,19,21,0,1653078,18250,0,0,1671328,1671328
chokepoint27,2026-04-08,Mindoro Strait,1,23,7,0,2,31,33,12374,1748453,45197,0,3284,1806026,1809310
chokepoint27,2026-04-09,Mindoro Strait,0,23,0,0,4,23,27,0,2132230,0,0,155076,2132230,2287307
chokepoint27,2026-04-10,Mindoro Strait,2,25,3,0,1,30,31,9239,1380682,9830,0,0,1399752,1399752
chokepoint27,2026-04-11,Mindoro Strait,2,25,3,0,4,30,34,13266,1852064,16018,0,68550,1881349,1949900
chokepoint27,2026-04-12,Mindoro Strait,3,20,1,0,4,24,28,34321,1558763,3755,0,104481,1596839,1701320
chokepoint27,2026-04-13,Mindoro Strait,2,24,5,0,5,31,36,12286,1375659,18377,0,264683,1406324,1671007
chokepoint27,2026-04-14,Mindoro Strait,1,29,1,0,2,31,33,20361,1823665,6884,0,4173,1850911,1855085
chokepoint27,2026-04-15,Mindoro Strait,3,26,4,0,7,33,40,5239,1844805,13553,0,89285,1863598,1952884
chokepoint27,2026-04-16,Mindoro Strait,3,21,3,0,4,27,31,33855,916714,18982,0,88966,969552,1058518
chokepoint27,2026-04-17,Mindoro Strait,1,27,2,0,4,30,34,3481,1238189,8007,0,33022,1249677,1282700
chokepoint27,2026-04-18,Mindoro Strait,3,30,7,0,5,40,45,29361,1729721,44438,0,20237,1803522,1823759
chokepoint27,2026-04-19,Mindoro Strait,5,14,5,0,3,24,27,34349,731609,26159,0,17165,792118,809284
chokepoint27,2026-04-20,Mindoro Strait,0,38,2,0,1,40,41,0,1595550,7501,0,7391,1603051,1610442
chokepoint27,2026-04-21,Mindoro Strait,0,26,4,0,2,30,32,0,1216563,16000,0,0,1232564,1232564
chokepoint27,2026-04-22,Mindoro Strait,1,24,4,0,6,29,35,10906,2084976,11579,0,181911,2107462,2289373
chokepoint27,2026-04-23,Mindoro Strait,5,16,3,1,3,25,28,48343,1261922,9859,0,22234,1320126,1342360
chokepoint27,2026-04-24,Mindoro Strait,3,20,2,0,4,25,29,30435,1827636,14227,0,23706,1872298,1896005
chokepoint27,2026-04-25,Mindoro Strait,1,30,2,0,4,33,37,3735,1737687,23635,0,73831,1765058,1838890
chokepoint27,2026-04-26,Mindoro Strait,1,24,0,0,3,25,28,5512,1949960,0,0,4415,1955472,1959887
chokepoint27,2026-04-27,Mindoro Strait,1,22,0,0,3,23,26,18338,1017386,0,0,36818,1035724,1072543
chokepoint27,2026-04-28,Mindoro Strait,0,19,3,0,4,22,26,0,788887,12013,0,12102,800900,813003
chokepoint27,2026-04-29,Mindoro Strait,3,33,4,0,5,40,45,49062,1957016,29454,0,14705,2035533,2050238
chokepoint27,2026-04-30,Mindoro Strait,7,35,3,1,5,46,51,61983,3161070,17655,0,20973,3240709,3261683
chokepoint27,2026-05-01,Mindoro Strait,3,32,4,1,2,40,42,31750,4563364,14655,2354,48773,4612125,4660898
chokepoint27,2026-05-02,Mindoro Strait,3,41,4,1,10,49,59,33979,3263686,17302,4639,283066,3319608,3602674
chokepoint27,2026-05-03,Mindoro Strait,1,35,2,0,4,38,42,17102,2264385,6894,0,0,2288382,2288382
chokepoint27,2026-05-04,Mindoro Strait,4,49,0,0,2,53,55,49432,4468752,0,0,1138,4518185,4519323
chokepoint27,2026-05-05,Mindoro Strait,4,33,4,0,2,41,43,52574,2497400,20582,0,51411,2570557,2621968
chokepoint27,2026-05-06,Mindoro Strait,0,12,2,0,1,14,15,0,195932,1926,0,32377,197858,230236
chokepoint27,2026-05-07,Mindoro Strait,4,21,1,0,0,26,26,62435,894726,0,0,0,957162,957162
chokepoint27,2026-05-08,Mindoro Strait,3,12,5,1,5,21,26,20945,322837,27100,0,74966,370883,445849
chokepoint27,2026-05-09,Mindoro Strait,4,31,4,0,7,39,46,35543,1749697,19158,0,93891,1804399,1898291
chokepoint27,2026-05-10,Mindoro Strait,2,35,5,0,4,42,46,62773,2366127,17265,0,108038,2446165,2554203
chokepoint27,2026-05-11,Mindoro Strait,1,51,3,0,6,55,61,11089,3085299,20959,0,185290,3117349,3302640
chokepoint27,2026-05-12,Mindoro Strait,3,44,1,0,5,48,53,36677,2920150,7147,0,30854,2963976,2994831
chokepoint27,2026-05-13,Mindoro Strait,0,40,3,0,2,43,45,0,2728434,12631,0,0,2741065,2741065
chokepoint27,2026-05-14,Mindoro Strait,9,42,8,0,4,59,63,89511,2637230,28479,0,26778,2755221,2782000
chokepoint27,2026-05-15,Mindoro Strait,3,40,9,0,3,52,55,35675,2611358,28656,0,19923,2675690,2695613
chokepoint27,2026-05-16,Mindoro Strait,3,33,9,1,4,46,50,48032,2691581,30198,3920,250751,2773732,3024483
chokepoint27,2026-05-17,Mindoro Strait,6,46,4,1,4,57,61,59660,4328477,10959,0,28612,4399096,4427709
chokepoint27,2026-05-18,Mindoro Strait,0,28,4,0,2,32,34,0,3347071,31095,0,10224,3378167,3388392
chokepoint27,2026-05-19,Mindoro Strait,1,47,5,0,1,53,54,13620,2958392,35203,0,18100,3007216,3025317
chokepoint27,2026-05-20,Mindoro Strait,5,42,4,0,6,51,57,75619,2863240,15882,0,107667,2954742,3062410
chokepoint27,2026-05-21,Mindoro Strait,6,44,6,0,3,56,59,38700,4628459,30170,0,49123,4697329,4746453
chokepoint27,2026-05-22,Mindoro Strait,8,45,5,0,2,58,60,110769,4055780,20030,0,7686,4186580,4194266
chokepoint27,2026-05-23,Mindoro Strait,2,40,0,0,4,42,46,19823,3953413,0,0,77590,3973237,4050828
chokepoint27,2026-05-24,Mindoro Strait,4,44,9,0,1,57,58,34494,4044988,46020,0,5288,4125503,4130791
chokepoint27,2026-05-25,Mindoro Strait,0,47,4,0,4,51,55,0,2962329,13801,0,88178,2976131,3064309
chokepoint27,2026-05-26,Mindoro Strait,0,52,2,0,7,54,61,0,3366346,3638,0,53385,3369985,3423371
chokepoint27,2026-05-27,Mindoro Strait,4,57,3,0,4,64,68,31305,3740946,3631,0,6785,3775883,3782669
chokepoint27,2026-05-28,Mindoro Strait,5,36,4,0,5,45,50,24467,3276180,16282,0,100889,3316930,3417820
chokepoint27,2026-05-29,Mindoro Strait,5,44,4,0,3,53,56,44165,3813530,8461,0,78230,3866157,3944387
chokepoint27,2026-05-30,Mindoro Strait,3,51,4,0,6,58,64,43888,2772352,13643,0,161831,2829884,2991716
chokepoint27,2026-05-31,Mindoro Strait,3,58,5,0,7,66,73,16928,4240111,24505,0,99032,4281545,4380578
chokepoint28,2025-12-23,Kerch Strait,0,1,1,0,1,2,3,0,0,645,0,6276,645,6922
chokepoint28,2025-12-24,Kerch Strait,0,3,10,0,3,13,16,0,0,15553,0,4464,15553,20018
chokepoint28,2025-12-25,Kerch Strait,0,3,5,0,2,8,10,0,8909,8770,0,0,17680,17680
chokepoint28,2025-12-26,Kerch Strait,0,4,8,0,3,12,15,0,0,15829,0,13204,15829,29033
chokepoint28,2025-12-27,Kerch Strait,0,0,3,0,4,3,7,0,0,7487,0,6682,7487,14170
chokepoint28,2025-12-28,Kerch Strait,0,1,7,0,1,8,9,0,0,17558,0,31284,17558,48842
chokepoint28,2025-12-29,Kerch Strait,0,1,5,0,2,6,8,0,31331,3688,0,5118,35020,40138
chokepoint28,2025-12-30,Kerch Strait,0,1,5,0,1,6,7,0,5629,13842,0,44110,19471,63582
chokepoint28,2025-12-31,Kerch Strait,0,0,3,0,2,3,5,0,0,4794,0,43850,4794,48644
chokepoint28,2026-01-01,Kerch Strait,0,3,7,0,4,10,14,0,31331,18527,0,11524,49859,61383
chokepoint28,2026-01-02,Kerch Strait,0,2,1,0,1,3,4,0,0,398,0,44110,398,44509
chokepoint28,2026-01-03,Kerch Strait,0,1,5,0,2,6,8,0,0,7879,0,114422,7879,122302
chokepoint28,2026-01-04,Kerch Strait,0,0,8,0,1,8,9,0,0,15820,0,0,15820,15820
chokepoint28,2026-01-05,Kerch Strait,0,3,11,0,1,14,15,0,0,18841,0,0,18841,18841
chokepoint28,2026-01-06,Kerch Strait,0,1,12,0,5,13,18,0,0,16753,0,38237,16753,54991
chokepoint28,2026-01-07,Kerch Strait,1,1,11,0,3,13,16,8394,0,15904,0,50796,24299,75095
chokepoint28,2026-01-08,Kerch Strait,0,2,9,0,2,11,13,0,0,14209,0,2595,14209,16804
chokepoint28,2026-01-09,Kerch Strait,0,1,2,0,1,3,4,0,0,2545,0,5884,2545,8430
chokepoint28,2026-01-10,Kerch Strait,0,3,4,0,0,7,7,0,37769,7467,0,0,45237,45237
chokepoint28,2026-01-11,Kerch Strait,0,0,10,0,0,10,10,0,0,13121,0,0,13121,13121
chokepoint28,2026-01-12,Kerch Strait,0,1,7,0,2,8,10,0,0,16033,0,7587,16033,23620
chokepoint28,2026-01-13,Kerch Strait,0,1,6,0,2,7,9,0,0,7679,0,2595,7679,10274
chokepoint28,2026-01-14,Kerch Strait,0,6,11,0,2,17,19,0,0,12905,0,0,12905,12905
chokepoint28,2026-01-15,Kerch Strait,0,4,6,0,3,10,13,0,77686,7420,0,14379,85107,99487
chokepoint28,2026-01-16,Kerch Strait,0,4,9,0,1,13,14,0,0,12087,0,53283,12087,65370
chokepoint28,2026-01-17,Kerch Strait,0,1,2,0,1,3,4,0,0,1919,0,0,1919,1919
chokepoint28,2026-01-18,Kerch Strait,0,0,4,0,4,4,8,0,0,5130,0,8689,5130,13820
chokepoint28,2026-01-19,Kerch Strait,0,1,4,0,1,5,6,0,74051,4459,0,0,78510,78510
chokepoint28,2026-01-20,Kerch Strait,0,2,8,0,3,10,13,0,27059,16372,0,6143,43432,49576
chokepoint28,2026-01-21,Kerch Strait,0,2,9,0,2,11,13,0,74051,7114,0,2011,81165,83176
chokepoint28,2026-01-22,Kerch Strait,0,8,9,1,7,18,25,0,71560,11114,1692,47202,84367,131570
chokepoint28,2026-01-23,Kerch Strait,0,3,6,0,5,9,14,0,17008,5243,0,0,22251,22251
chokepoint28,2026-01-24,Kerch Strait,0,3,9,0,6,12,18,0,71560,10249,0,28112,81810,109922
chokepoint28,2026-01-25,Kerch Strait,0,4,5,0,3,9,12,0,18707,4482,0,3700,23190,26890
chokepoint28,2026-01-26,Kerch Strait,0,2,3,0,3,5,8,0,0,1741,0,33879,1741,35621
chokepoint28,2026-01-27,Kerch Strait,0,5,5,0,5,10,15,0,0,3211,0,7253,3211,10464
chokepoint28,2026-01-28,Kerch Strait,0,3,7,0,0,10,10,0,1699,10226,0,0,11925,11925
chokepoint28,2026-01-29,Kerch Strait,0,1,6,0,4,7,11,0,0,9099,0,31581,9099,40681
chokepoint28,2026-01-30,Kerch Strait,1,2,10,0,0,13,13,3919,0,16544,0,0,20464,20464
chokepoint28,2026-01-31,Kerch Strait,0,1,4,0,3,5,8,0,17008,5096,0,45892,22104,67997
chokepoint28,2026-02-01,Kerch Strait,0,3,16,0,3,19,22,0,0,34185,0,0,34185,34185
chokepoint28,2026-02-02,Kerch Strait,0,3,6,0,7,9,16,0,7329,5512,0,79367,12842,92209
chokepoint28,2026-02-03,Kerch Strait,0,5,15,0,3,20,23,0,38092,19899,0,6143,57992,64136
chokepoint28,2026-02-04,Kerch Strait,0,1,8,0,3,9,12,0,0,8017,0,6398,8017,14416
chokepoint28,2026-02-05,Kerch Strait,0,0,6,0,3,6,9,0,0,2900,0,9171,2900,12072
chokepoint28,2026-02-06,Kerch Strait,0,3,8,0,3,11,14,0,0,8743,0,39615,8743,48359
chokepoint28,2026-02-07,Kerch Strait,0,1,4,0,1,5,6,0,0,8573,0,0,8573,8573
chokepoint28,2026-02-08,Kerch Strait,0,4,7,0,2,11,13,0,0,11595,0,6143,11595,17739
chokepoint28,2026-02-09,Kerch Strait,0,7,11,0,7,18,25,0,17008,18517,0,18504,35525,54030
chokepoint28,2026-02-10,Kerch Strait,0,1,7,0,4,8,12,0,0,8675,0,1279,8675,9955
chokepoint28,2026-02-11,Kerch Strait,0,5,5,0,2,10,12,0,0,3941,0,2638,3941,6580
chokepoint28,2026-02-12,Kerch Strait,0,4,6,0,3,10,13,0,17008,8737,0,68174,25745,93920
chokepoint28,2026-02-13,Kerch Strait,0,1,0,0,0,1,1,0,0,0,0,0,0,0
chokepoint28,2026-02-14,Kerch Strait,0,2,2,0,3,4,7,0,0,2327,0,7470,2327,9797
chokepoint28,2026-02-15,Kerch Strait,0,3,7,0,3,10,13,0,0,9569,0,6063,9569,15632
chokepoint28,2026-02-16,Kerch Strait,0,1,5,0,1,6,7,0,0,8437,0,111946,8437,120384
chokepoint28,2026-02-17,Kerch Strait,0,3,7,0,1,10,11,0,0,8020,0,0,8020,8020
chokepoint28,2026-02-18,Kerch Strait,0,6,4,0,3,10,13,0,17008,6377,0,13080,23385,36466
chokepoint28,2026-02-19,Kerch Strait,0,4,9,0,2,13,15,0,0,15507,0,5279,15507,20786
chokepoint28,2026-02-20,Kerch Strait,0,2,8,0,1,10,11,0,1742,17098,0,2468,18840,21309
chokepoint28,2026-02-21,Kerch Strait,0,5,7,0,3,12,15,0,0,8220,0,7109,8220,15330
chokepoint28,2026-02-22,Kerch Strait,0,6,4,0,4,10,14,0,0,4663,0,7470,4663,12133
chokepoint28,2026-02-23,Kerch Strait,0,4,11,0,4,15,19,0,0,25342,0,118010,25342,143352
chokepoint28,2026-02-24,Kerch Strait,0,4,9,0,2,13,15,0,101349,16027,0,6701,117377,124079
chokepoint28,2026-02-25,Kerch Strait,0,4,9,0,2,13,15,0,0,16876,0,0,16876,16876
chokepoint28,2026-02-26,Kerch Strait,0,4,6,0,2,10,12,0,33088,9442,0,5118,42530,47649
chokepoint28,2026-02-27,Kerch Strait,0,4,3,0,3,7,10,0,16963,482,0,53271,17445,70717
chokepoint28,2026-02-28,Kerch Strait,0,3,8,0,4,11,15,0,0,15413,0,6706,15413,22120
chokepoint28,2026-03-01,Kerch Strait,0,2,6,0,2,8,10,0,0,8677,0,6143,8677,14821
chokepoint28,2026-03-02,Kerch Strait,0,7,18,0,3,25,28,0,70927,33614,0,6416,104541,110958
chokepoint28,2026-03-03,Kerch Strait,0,3,12,0,5,15,20,0,6328,15244,0,72107,21573,93681
chokepoint28,2026-03-04,Kerch Strait,0,5,7,0,1,12,13,0,0,12419,0,6701,12419,19121
chokepoint28,2026-03-05,Kerch Strait,0,7,10,0,3,17,20,0,55904,11164,0,8817,67068,75886
chokepoint28,2026-03-06,Kerch Strait,0,1,13,0,3,14,17,0,0,17563,0,0,17563,17563
chokepoint28,2026-03-07,Kerch Strait,0,4,8,0,6,12,18,0,72356,9572,0,80683,81929,162613
chokepoint28,2026-03-08,Kerch Strait,0,2,10,0,4,12,16,0,0,15535,0,19870,15535,35406
chokepoint28,2026-03-09,Kerch Strait,0,11,11,0,6,22,28,0,38896,8250,0,54660,47146,101807
chokepoint28,2026-03-10,Kerch Strait,1,3,5,0,5,9,14,2663,0,6171,0,36208,8835,45043
chokepoint28,2026-03-11,Kerch Strait,0,3,9,0,4,12,16,0,17008,25022,0,9040,42030,51070
chokepoint28,2026-03-12,Kerch Strait,0,2,6,0,2,8,10,0,0,9415,0,2190,9415,11606
chokepoint28,2026-03-13,Kerch Strait,0,6,10,0,3,16,19,0,0,18886,0,5160,18886,24046
chokepoint28,2026-03-14,Kerch Strait,0,7,19,0,3,26,29,0,681590,24164,0,50062,705755,755818
chokepoint28,2026-03-15,Kerch Strait,0,1,3,0,7,4,11,0,0,2929,0,12701,2929,15630
chokepoint28,2026-03-16,Kerch Strait,0,3,10,0,4,13,17,0,181493,14167,0,8053,195661,203714
chokepoint28,2026-03-17,Kerch Strait,0,2,6,0,1,8,9,0,0,7816,0,0,7816,7816
chokepoint28,2026-03-18,Kerch Strait,0,1,12,0,1,13,14,0,0,21988,0,6385,21988,28374
chokepoint28,2026-03-19,Kerch Strait,0,7,12,0,5,19,24,0,610543,16444,0,10443,626987,637430
chokepoint28,2026-03-20,Kerch Strait,0,5,6,0,8,11,19,0,79605,9395,0,13233,89001,102234
chokepoint28,2026-03-21,Kerch Strait,0,5,6,0,3,11,14,0,24271,9267,0,7813,33539,41353
chokepoint28,2026-03-22,Kerch Strait,0,0,7,0,2,7,9,0,0,8787,0,10397,8787,19185
chokepoint28,2026-03-23,Kerch Strait,0,1,1,0,3,2,5,0,0,1743,0,0,1743,1743
chokepoint28,2026-03-24,Kerch Strait,0,4,6,0,5,10,15,0,44764,10234,0,10858,54999,65857
chokepoint28,2026-03-25,Kerch Strait,1,4,5,0,5,10,15,2358,0,11961,0,49240,14320,63560
chokepoint28,2026-03-26,Kerch Strait,0,4,14,0,2,18,20,0,52901,27447,0,6516,80349,86865
chokepoint28,2026-03-27,Kerch Strait,0,2,6,0,2,8,10,0,0,12011,0,10985,12011,22996
chokepoint28,2026-03-28,Kerch Strait,1,3,11,0,4,15,19,2663,44764,17595,0,11820,65024,76844
chokepoint28,2026-03-29,Kerch Strait,0,2,9,0,1,11,12,0,54389,16516,0,0,70906,70906
chokepoint28,2026-03-30,Kerch Strait,0,2,11,0,4,13,17,0,0,16381,0,11386,16381,27768
chokepoint28,2026-03-31,Kerch Strait,0,5,7,0,0,12,12,0,37501,13958,0,0,51459,51459
chokepoint28,2026-04-01,Kerch Strait,0,6,6,0,0,12,12,0,52949,10603,0,0,63552,63552
chokepoint28,2026-04-02,Kerch Strait,1,4,12,0,1,17,18,18510,17008,24665,0,6292,60183,66476
chokepoint28,2026-04-03,Kerch Strait,0,4,13,0,3,17,20,0,0,14438,0,10318,14438,24757
chokepoint28,2026-04-04,Kerch Strait,0,6,0,0,2,6,8,0,73435,0,0,5279,73435,78715
chokepoint28,2026-04-05,Kerch Strait,0,0,4,0,2,4,6,0,0,7249,0,0,7249,7249
chokepoint28,2026-04-06,Kerch Strait,0,0,7,0,1,7,8,0,0,41344,0,5992,41344,47337
chokepoint28,2026-04-07,Kerch Strait,0,0,5,0,3,5,8,0,0,4554,0,10271,4554,14826
chokepoint28,2026-04-08,Kerch Strait,0,1,5,0,0,6,6,0,24271,12142,0,0,36414,36414
chokepoint28,2026-04-09,Kerch Strait,0,1,3,0,0,4,4,0,0,5923,0,0,5923,5923
chokepoint28,2026-04-10,Kerch Strait,0,0,6,0,1,6,7,0,0,12299,0,4273,12299,16573
chokepoint28,2026-04-11,Kerch Strait,0,0,10,0,2,10,12,0,0,16619,0,0,16619,16619
chokepoint28,2026-04-12,Kerch Strait,0,1,8,0,2,9,11,0,0,12126,0,7864,12126,19990
chokepoint28,2026-04-13,Kerch Strait,0,1,4,0,0,5,5,0,0,7094,0,0,7094,7094
chokepoint28,2026-04-14,Kerch Strait,0,1,2,0,1,3,4,0,0,2163,0,6314,2163,8477
chokepoint28,2026-04-15,Kerch Strait,0,2,5,0,2,7,9,0,0,10577,0,8956,10577,19534
chokepoint28,2026-04-16,Kerch Strait,0,4,14,0,2,18,20,0,24271,25355,0,10209,49627,59837
chokepoint28,2026-04-17,Kerch Strait,0,0,7,0,1,7,8,0,0,9428,0,4763,9428,14192
chokepoint28,2026-04-18,Kerch Strait,0,1,5,0,2,6,8,0,0,7625,0,4385,7625,12010
chokepoint28,2026-04-19,Kerch Strait,0,1,4,0,2,5,7,0,0,14229,0,9746,14229,23975
chokepoint28,2026-04-20,Kerch Strait,0,2,5,0,2,7,9,0,32748,5554,0,5092,38302,43395
chokepoint28,2026-04-21,Kerch Strait,0,1,5,0,0,6,6,0,24271,16345,0,0,40617,40617
chokepoint28,2026-04-22,Kerch Strait,0,1,3,0,5,4,9,0,0,2967,0,22586,2967,25553
chokepoint28,2026-04-23,Kerch Strait,0,1,3,0,2,4,6,0,0,3919,0,0,3919,3919
chokepoint28,2026-04-24,Kerch Strait,0,0,4,0,3,4,7,0,0,5167,0,12100,5167,17267
chokepoint28,2026-04-25,Kerch Strait,0,4,6,0,1,10,11,0,145728,13389,0,7864,159117,166982
chokepoint28,2026-04-26,Kerch Strait,0,3,6,0,4,9,13,0,0,7561,0,9419,7561,16981
chokepoint28,2026-04-27,Kerch Strait,0,3,1,0,0,4,4,0,29746,1769,0,0,31516,31516
chokepoint28,2026-04-28,Kerch Strait,0,0,3,0,0,3,3,0,0,3121,0,0,3121,3121
chokepoint28,2026-04-29,Kerch Strait,0,0,3,0,1,3,4,0,0,10470,0,4974,10470,15445
chokepoint28,2026-04-30,Kerch Strait,0,0,2,0,2,2,4,0,0,802,0,119549,802,120352
chokepoint28,2026-05-01,Kerch Strait,0,0,5,0,0,5,5,0,0,11606,0,0,11606,11606
chokepoint28,2026-05-02,Kerch Strait,0,0,3,0,0,3,3,0,0,9905,0,0,9905,9905
chokepoint28,2026-05-03,Kerch Strait,0,2,1,0,1,3,4,0,16193,3558,0,4045,19751,23796
chokepoint28,2026-05-04,Kerch Strait,0,0,3,0,1,3,4,0,0,9493,0,5118,9493,14611
chokepoint28,2026-05-05,Kerch Strait,0,1,2,0,2,3,5,0,0,2154,0,7079,2154,9234
chokepoint28,2026-05-06,Kerch Strait,0,0,5,0,0,5,5,0,0,10784,0,0,10784,10784
chokepoint28,2026-05-07,Kerch Strait,0,0,1,0,0,1,1,0,0,1911,0,0,1911,1911
chokepoint28,2026-05-08,Kerch Strait,1,7,5,1,1,14,15,7049,24271,12080,1356,0,44758,44758
chokepoint28,2026-05-09,Kerch Strait,1,1,12,0,3,14,17,2663,22080,18843,0,6812,43587,50400
chokepoint28,2026-05-10,Kerch Strait,0,2,5,1,2,8,10,0,35521,7520,1981,9823,45023,54847
chokepoint28,2026-05-11,Kerch Strait,0,1,5,0,2,6,8,0,22080,6389,0,4533,28469,33002
chokepoint28,2026-05-12,Kerch Strait,0,0,1,0,1,1,2,0,0,488,0,0,488,488
chokepoint28,2026-05-13,Kerch Strait,0,0,1,0,0,1,1,0,0,578,0,0,578,578
chokepoint28,2026-05-14,Kerch Strait,0,2,10,0,3,12,15,0,0,16112,0,84586,16112,100698
chokepoint28,2026-05-15,Kerch Strait,1,2,3,0,2,6,8,0,0,3793,0,5672,3793,9465
chokepoint28,2026-05-16,Kerch Strait,1,4,4,0,2,9,11,11541,92354,7058,0,9260,110954,120214
chokepoint28,2026-05-17,Kerch Strait,0,4,5,0,3,9,12,0,0,12233,0,10758,12233,22992
chokepoint28,2026-05-18,Kerch Strait,1,4,33,0,11,38,49,23349,24271,37300,0,30455,84922,115377
chokepoint28,2026-05-19,Kerch Strait,0,3,10,1,8,14,22,0,0,11405,1356,14076,12761,26837
chokepoint28,2026-05-20,Kerch Strait,0,2,9,0,3,11,14,0,0,17442,0,150400,17442,167843
chokepoint28,2026-05-21,Kerch Strait,0,1,9,0,6,10,16,0,0,7871,0,20674,7871,28545
chokepoint28,2026-05-22,Kerch Strait,1,1,7,0,3,9,12,33814,101012,6511,0,16444,141339,157784
chokepoint28,2026-05-23,Kerch Strait,0,0,7,0,0,7,7,0,0,18867,0,0,18867,18867
chokepoint28,2026-05-24,Kerch Strait,0,2,4,0,4,6,10,0,0,4499,0,13782,4499,18281
chokepoint28,2026-05-25,Kerch Strait,2,5,7,0,4,14,18,33814,153696,9656,0,14712,197167,211880
chokepoint28,2026-05-26,Kerch Strait,2,1,9,0,3,12,15,7110,0,10157,0,6497,17268,23765
chokepoint28,2026-05-27,Kerch Strait,0,1,6,0,2,7,9,0,0,11428,0,10736,11428,22164
chokepoint28,2026-05-28,Kerch Strait,0,2,4,0,2,6,8,0,24271,6271,0,3997,30542,34540
chokepoint28,2026-05-29,Kerch Strait,0,0,3,0,0,3,3,0,0,4628,0,0,4628,4628
chokepoint28,2026-05-30,Kerch Strait,0,0,4,0,0,4,4,0,0,7553,0,0,7553,7553
chokepoint28,2026-05-31,Kerch Strait,0,0,4,0,2,4,6,0,0,3819,0,5954,3819,9773
chokepoint3,2025-12-23,Bosporus Strait,15,13,33,1,30,62,92,88891,259776,74997,2058,626001,425723,1051725
chokepoint3,2025-12-24,Bosporus Strait,11,23,18,0,20,52,72,76040,547127,40677,0,376977,663846,1040823
chokepoint3,2025-12-25,Bosporus Strait,9,22,12,0,15,43,58,56074,769985,30184,0,432103,856244,1288348
chokepoint3,2025-12-26,Bosporus Strait,12,16,28,0,26,56,82,55969,409167,68530,0,369785,533667,903452
chokepoint3,2025-12-27,Bosporus Strait,5,18,23,0,28,46,74,36166,508081,49773,0,331746,594021,925767
chokepoint3,2025-12-28,Bosporus Strait,4,5,15,0,12,24,36,39414,125808,31263,0,263560,196485,460045
chokepoint3,2025-12-29,Bosporus Strait,6,14,49,0,20,69,89,24905,24275,78762,0,521133,127943,649077
chokepoint3,2025-12-30,Bosporus Strait,6,10,25,0,11,41,52,32123,228859,41073,0,235427,302056,537484
chokepoint3,2025-12-31,Bosporus Strait,16,18,38,0,17,72,89,105585,258235,96679,0,547259,460499,1007759
chokepoint3,2026-01-01,Bosporus Strait,4,19,35,1,19,59,78,26255,444019,71838,1200,324272,543313,867586
chokepoint3,2026-01-02,Bosporus Strait,7,22,45,0,25,74,99,65436,899307,78706,0,113034,1043449,1156484
chokepoint3,2026-01-03,Bosporus Strait,4,5,2,0,8,11,19,35059,77752,15554,0,182655,128366,311021
chokepoint3,2026-01-04,Bosporus Strait,0,0,2,1,2,3,5,0,0,4775,970,5141,5746,10887
chokepoint3,2026-01-05,Bosporus Strait,7,21,50,0,27,78,105,36222,573874,127808,0,800899,737904,1538804
chokepoint3,2026-01-06,Bosporus Strait,8,25,40,1,22,74,96,29320,697612,94387,2696,291095,824016,1115112
chokepoint3,2026-01-07,Bosporus Strait,11,24,54,0,26,89,115,53052,308003,166476,0,353013,527532,880546
chokepoint3,2026-01-08,Bosporus Strait,12,16,28,0,17,56,73,63835,596335,72580,0,76507,732751,809259
chokepoint3,2026-01-09,Bosporus Strait,10,21,34,0,14,65,79,71259,596299,78508,0,397385,746067,1143452
chokepoint3,2026-01-10,Bosporus Strait,4,13,15,0,11,32,43,29284,237068,35715,0,70761,302068,372829
chokepoint3,2026-01-11,Bosporus Strait,7,16,48,1,26,72,98,73864,563174,158595,0,256004,795635,1051639
chokepoint3,2026-01-12,Bosporus Strait,6,11,28,0,18,45,63,52517,284845,94461,0,303455,431824,735279
chokepoint3,2026-01-13,Bosporus Strait,7,18,41,0,22,66,88,40219,323928,84886,0,104949,449034,553983
chokepoint3,2026-01-14,Bosporus Strait,13,23,31,2,24,69,93,67917,415367,74023,571,431902,557879,989781
chokepoint3,2026-01-15,Bosporus Strait,11,12,29,1,22,53,75,51757,377073,58084,0,271403,486916,758319
chokepoint3,2026-01-16,Bosporus Strait,11,19,44,0,32,74,106,73018,564829,63617,0,496227,701465,1197692
chokepoint3,2026-01-17,Bosporus Strait,9,25,30,0,23,64,87,55382,785707,109208,0,273060,950298,1223358
chokepoint3,2026-01-18,Bosporus Strait,7,18,17,0,17,42,59,82270,397583,59422,0,443904,539276,983181
chokepoint3,2026-01-19,Bosporus Strait,3,3,9,1,12,16,28,5759,80158,42520,0,511427,128438,639865
chokepoint3,2026-01-20,Bosporus Strait,15,30,47,1,19,93,112,92981,512391,75515,970,359854,681859,1041713
chokepoint3,2026-01-21,Bosporus Strait,6,15,43,0,22,64,86,31752,320847,102736,0,519837,455336,975173
chokepoint3,2026-01-22,Bosporus Strait,9,21,45,0,24,75,99,80956,600401,72888,0,344633,754246,1098879
chokepoint3,2026-01-23,Bosporus Strait,10,10,55,0,24,75,99,71856,107148,112765,0,793038,291770,1084808
chokepoint3,2026-01-24,Bosporus Strait,7,20,43,0,21,70,91,65684,395125,113113,0,235283,573923,809207
chokepoint3,2026-01-25,Bosporus Strait,10,17,34,0,19,61,80,56087,482033,89880,0,311126,628002,939128
chokepoint3,2026-01-26,Bosporus Strait,9,17,47,0,23,73,96,59228,496855,101658,0,313571,657742,971313
chokepoint3,2026-01-27,Bosporus Strait,12,25,38,1,29,76,105,51815,356267,63713,571,476176,472368,948544
chokepoint3,2026-01-28,Bosporus Strait,10,22,34,1,16,67,83,58450,781710,101195,29,484473,941386,1425859
chokepoint3,2026-01-29,Bosporus Strait,6,14,23,1,24,44,68,49612,156469,61369,0,527100,267451,794551
chokepoint3,2026-01-30,Bosporus Strait,10,7,26,0,17,43,60,58995,102187,54448,0,469071,215631,684703
chokepoint3,2026-01-31,Bosporus Strait,8,28,25,0,24,61,85,67355,658905,44362,0,467690,770623,1238313
chokepoint3,2026-02-01,Bosporus Strait,13,19,14,1,14,47,61,85985,718105,44822,2540,27725,851454,879179
chokepoint3,2026-02-02,Bosporus Strait,6,5,4,0,13,15,28,22181,192303,9163,0,423057,223648,646706
chokepoint3,2026-02-03,Bosporus Strait,10,25,33,2,20,70,90,60519,371322,71690,970,465148,504503,969652
chokepoint3,2026-02-04,Bosporus Strait,11,19,48,0,17,78,95,79317,263855,98979,0,393200,442152,835352
chokepoint3,2026-02-05,Bosporus Strait,9,27,38,1,19,75,94,37689,886522,108616,0,474131,1032828,1506959
chokepoint3,2026-02-06,Bosporus Strait,12,20,37,0,20,69,89,73226,413263,101257,0,567078,587747,1154825
chokepoint3,2026-02-07,Bosporus Strait,7,14,28,1,18,50,68,29997,391976,61228,0,209282,483202,692484
chokepoint3,2026-02-08,Bosporus Strait,6,15,22,0,16,43,59,38659,513208,51636,0,523771,603504,1127276
chokepoint3,2026-02-09,Bosporus Strait,10,21,27,0,24,58,82,54473,542980,76488,0,429827,673942,1103770
chokepoint3,2026-02-10,Bosporus Strait,7,29,25,2,16,63,79,60354,522379,64811,1692,434761,649237,1083999
chokepoint3,2026-02-11,Bosporus Strait,8,22,40,0,21,70,91,54687,646021,73791,0,357159,774501,1131661
chokepoint3,2026-02-12,Bosporus Strait,15,22,38,1,18,76,94,67526,730944,118641,571,374239,917684,1291923
chokepoint3,2026-02-13,Bosporus Strait,8,21,44,2,22,75,97,85442,526900,106413,1760,413829,720515,1134345
chokepoint3,2026-02-14,Bosporus Strait,11,17,37,0,22,65,87,60932,715082,52491,0,351719,828506,1180225
chokepoint3,2026-02-15,Bosporus Strait,6,21,34,1,13,62,75,32765,453841,101776,29,257361,588412,845773
chokepoint3,2026-02-16,Bosporus Strait,7,10,22,1,9,40,49,56381,236953,50314,2306,83252,345955,429208
chokepoint3,2026-02-17,Bosporus Strait,16,18,23,0,12,57,69,98008,376317,106234,0,160356,580560,740916
chokepoint3,2026-02-18,Bosporus Strait,5,19,17,0,12,41,53,29641,331861,59049,0,60369,420552,480922
chokepoint3,2026-02-19,Bosporus Strait,6,13,33,1,16,53,69,54642,418300,45694,571,399530,519208,918739
chokepoint3,2026-02-20,Bosporus Strait,13,11,27,0,21,51,72,81184,339174,73654,0,601858,494013,1095872
chokepoint3,2026-02-21,Bosporus Strait,8,22,31,1,16,62,78,80055,456321,83019,2681,160372,622077,782450
chokepoint3,2026-02-22,Bosporus Strait,10,16,13,0,16,39,55,59574,510505,21167,0,91657,591247,682904
chokepoint3,2026-02-23,Bosporus Strait,8,20,37,0,24,65,89,38490,338327,59070,0,464672,435887,900560
chokepoint3,2026-02-24,Bosporus Strait,7,17,45,0,20,69,89,40585,480902,136726,0,359530,658214,1017744
chokepoint3,2026-02-25,Bosporus Strait,6,21,25,0,20,52,72,21850,702082,67994,0,477943,791927,1269871
chokepoint3,2026-02-26,Bosporus Strait,13,18,34,0,18,65,83,106174,362698,77829,0,549821,546702,1096523
chokepoint3,2026-02-27,Bosporus Strait,9,21,22,0,21,52,73,79700,542774,84875,0,310213,707351,1017565
chokepoint3,2026-02-28,Bosporus Strait,13,18,44,1,18,76,94,86189,421545,117365,0,664814,625100,1289915
chokepoint3,2026-03-01,Bosporus Strait,8,13,21,0,26,42,68,37491,290759,44489,0,547121,372739,919860
chokepoint3,2026-03-02,Bosporus Strait,10,11,40,0,17,61,78,50081,342433,88853,0,401782,481369,883151
chokepoint3,2026-03-03,Bosporus Strait,7,24,32,3,23,66,89,57288,783492,108778,571,614080,950131,1564211
chokepoint3,2026-03-04,Bosporus Strait,9,17,17,0,14,43,57,71978,330563,35058,0,137484,437600,575085
chokepoint3,2026-03-05,Bosporus Strait,9,24,43,0,23,76,99,72557,394857,99882,0,222618,567297,789915
chokepoint3,2026-03-06,Bosporus Strait,15,23,40,1,19,79,98,69583,492602,94460,835,272305,657481,929787
chokepoint3,2026-03-07,Bosporus Strait,8,15,43,0,16,66,82,39245,509764,131307,0,223449,680318,903767
chokepoint3,2026-03-08,Bosporus Strait,8,24,41,1,19,74,93,34031,662491,50097,0,285063,746620,1031684
chokepoint3,2026-03-09,Bosporus Strait,15,24,33,1,17,73,90,80462,619828,75063,835,354897,776190,1131087
chokepoint3,2026-03-10,Bosporus Strait,10,22,17,1,21,50,71,85375,642816,18353,0,646614,746545,1393160
chokepoint3,2026-03-11,Bosporus Strait,10,23,28,0,23,61,84,86769,1379173,64131,0,457941,1530075,1988016
chokepoint3,2026-03-12,Bosporus Strait,12,15,38,1,25,66,91,73898,132949,95039,2681,586479,304568,891048
chokepoint3,2026-03-13,Bosporus Strait,11,27,22,0,24,60,84,74913,558330,53632,0,657286,686876,1344162
chokepoint3,2026-03-14,Bosporus Strait,11,18,41,1,28,71,99,68849,438236,79603,2381,606511,589070,1195582
chokepoint3,2026-03-15,Bosporus Strait,14,19,35,0,22,68,90,52570,459638,90172,0,183654,602381,786036
chokepoint3,2026-03-16,Bosporus Strait,5,16,72,1,19,94,113,33001,321091,166646,0,719311,520739,1240050
chokepoint3,2026-03-17,Bosporus Strait,0,12,33,0,18,45,63,0,239708,70934,0,206751,310643,517395
chokepoint3,2026-03-18,Bosporus Strait,11,23,32,0,23,66,89,74886,658051,89502,0,557713,822440,1380154
chokepoint3,2026-03-19,Bosporus Strait,11,31,28,0,22,70,92,74521,1102821,92852,0,590679,1270195,1860875
chokepoint3,2026-03-20,Bosporus Strait,5,19,19,0,14,43,57,21654,536658,53887,0,182895,612199,795095
chokepoint3,2026-03-21,Bosporus Strait,11,20,32,1,15,64,79,84695,701008,86966,970,218741,873641,1092383
chokepoint3,2026-03-22,Bosporus Strait,11,20,33,2,22,66,88,85812,435140,85684,256,513718,606893,1120612
chokepoint3,2026-03-23,Bosporus Strait,9,18,45,0,15,72,87,42053,1325621,96535,0,315484,1464210,1779694
chokepoint3,2026-03-24,Bosporus Strait,7,23,46,0,20,76,96,39695,840803,88695,0,713007,969193,1682201
chokepoint3,2026-03-25,Bosporus Strait,11,23,52,1,23,87,110,70605,699697,98463,1897,419377,870664,1290041
chokepoint3,2026-03-26,Bosporus Strait,9,11,35,1,21,56,77,63308,297933,93614,0,389907,454856,844763
chokepoint3,2026-03-27,Bosporus Strait,7,24,48,0,24,79,103,51059,662347,137861,0,827347,851268,1678616
chokepoint3,2026-03-28,Bosporus Strait,15,19,42,2,21,78,99,115073,454920,70362,571,853687,640928,1494615
chokepoint3,2026-03-29,Bosporus Strait,15,22,41,0,25,78,103,77880,558351,144130,0,555851,780363,1336215
chokepoint3,2026-03-30,Bosporus Strait,11,28,27,1,25,67,92,91674,566612,58819,0,552421,717106,1269528
chokepoint3,2026-03-31,Bosporus Strait,12,18,29,1,29,60,89,73901,509484,92400,643,436083,676430,1112514
chokepoint3,2026-04-01,Bosporus Strait,10,18,43,1,22,72,94,100901,659870,167159,3992,398917,931924,1330841
chokepoint3,2026-04-02,Bosporus Strait,13,14,16,0,18,43,61,73809,150299,39482,0,202379,263590,465970
chokepoint3,2026-04-03,Bosporus Strait,10,15,37,0,20,62,82,54217,524096,71807,0,399075,650121,1049197
chokepoint3,2026-04-04,Bosporus Strait,3,20,24,1,16,48,64,25931,549906,52690,1760,233236,630288,863525
chokepoint3,2026-04-05,Bosporus Strait,7,15,36,0,20,58,78,40385,488100,100563,0,662663,629049,1291712
chokepoint3,2026-04-06,Bosporus Strait,7,23,33,1,17,64,81,41613,518788,53288,571,165708,614260,779969
chokepoint3,2026-04-07,Bosporus Strait,8,31,39,0,20,78,98,50504,782805,72619,0,558232,905929,1464162
chokepoint3,2026-04-08,Bosporus Strait,11,16,45,0,31,72,103,51615,562699,101934,0,357139,716250,1073390
chokepoint3,2026-04-09,Bosporus Strait,13,30,35,0,23,78,101,81874,770195,46104,0,537512,898174,1435687
chokepoint3,2026-04-10,Bosporus Strait,8,25,42,0,23,75,98,47812,596243,103026,0,240874,747083,987957
chokepoint3,2026-04-11,Bosporus Strait,10,20,30,0,16,60,76,105023,477715,84310,0,233288,667049,900337
chokepoint3,2026-04-12,Bosporus Strait,9,16,51,0,24,76,100,48627,498715,131515,0,460178,678858,1139037
chokepoint3,2026-04-13,Bosporus Strait,13,15,31,2,23,61,84,86889,475334,88601,0,686519,650825,1337344
chokepoint3,2026-04-14,Bosporus Strait,14,25,38,0,23,77,100,117764,554720,109053,0,479601,781537,1261138
chokepoint3,2026-04-15,Bosporus Strait,11,16,30,2,33,59,92,73030,241296,45070,571,309317,359968,669286
chokepoint3,2026-04-16,Bosporus Strait,9,28,27,0,20,64,84,35815,637825,100216,0,508431,773856,1282288
chokepoint3,2026-04-17,Bosporus Strait,14,18,36,1,26,69,95,90947,433600,72460,2586,476085,599594,1075679
chokepoint3,2026-04-18,Bosporus Strait,9,29,31,0,24,69,93,42712,1100382,81314,0,335597,1224409,1560007
chokepoint3,2026-04-19,Bosporus Strait,11,9,29,0,12,49,61,48358,270942,55587,0,120387,374888,495276
chokepoint3,2026-04-20,Bosporus Strait,10,20,42,0,20,72,92,60315,586698,101822,0,393992,748836,1142828
chokepoint3,2026-04-21,Bosporus Strait,10,23,38,1,31,72,103,49211,452845,62165,0,774123,564222,1338346
chokepoint3,2026-04-22,Bosporus Strait,7,24,43,0,24,74,98,46151,613994,84219,0,635844,744365,1380210
chokepoint3,2026-04-23,Bosporus Strait,6,16,22,0,22,44,66,35973,537763,32552,0,448515,606289,1054804
chokepoint3,2026-04-24,Bosporus Strait,16,17,57,1,27,91,118,92918,594476,164411,923,908411,852730,1761141
chokepoint3,2026-04-25,Bosporus Strait,13,25,31,1,20,70,90,50500,865435,57114,571,703566,973622,1677188
chokepoint3,2026-04-26,Bosporus Strait,13,28,38,0,15,79,94,83110,695277,68013,0,309541,846401,1155943
chokepoint3,2026-04-27,Bosporus Strait,8,22,34,0,18,64,82,47581,717788,97352,0,402211,862721,1264932
chokepoint3,2026-04-28,Bosporus Strait,10,21,30,0,13,61,74,58107,647508,104228,0,207112,809843,1016956
chokepoint3,2026-04-29,Bosporus Strait,11,20,43,0,22,74,96,75777,451228,71012,0,885294,598018,1483313
chokepoint3,2026-04-30,Bosporus Strait,10,24,44,0,24,78,102,64656,871303,132860,0,515457,1068820,1584277
chokepoint3,2026-05-01,Bosporus Strait,18,26,24,0,17,68,85,127364,379868,58020,0,486964,565252,1052217
chokepoint3,2026-05-02,Bosporus Strait,8,14,20,0,18,42,60,51905,437448,71684,0,501453,561039,1062492
chokepoint3,2026-05-03,Bosporus Strait,7,19,15,0,9,41,50,40199,738950,46078,0,395544,825227,1220772
chokepoint3,2026-05-04,Bosporus Strait,9,20,24,0,22,53,75,56839,322991,32107,0,100591,411939,512531
chokepoint3,2026-05-05,Bosporus Strait,8,19,50,0,24,77,101,49014,333911,108747,0,785750,491673,1277424
chokepoint3,2026-05-06,Bosporus Strait,8,14,45,1,17,68,85,44501,376200,83714,0,204793,504416,709209
chokepoint3,2026-05-07,Bosporus Strait,9,17,36,1,15,63,78,68260,294519,69971,571,206590,433322,639912
chokepoint3,2026-05-08,Bosporus Strait,7,17,55,1,26,80,106,30441,278429,106701,3024,657067,418596,1075663
chokepoint3,2026-05-09,Bosporus Strait,10,20,37,0,20,67,87,42613,712912,81128,0,574144,836654,1410798
chokepoint3,2026-05-10,Bosporus Strait,14,20,51,0,21,85,106,96449,571485,111099,0,658897,779034,1437931
chokepoint3,2026-05-11,Bosporus Strait,10,17,38,0,23,65,88,71002,392731,93762,0,637673,557496,1195169
chokepoint3,2026-05-12,Bosporus Strait,12,27,36,1,16,76,92,89167,767078,108152,3508,712021,967906,1679927
chokepoint3,2026-05-13,Bosporus Strait,14,24,36,0,21,74,95,86680,436308,60118,0,548301,583107,1131409
chokepoint3,2026-05-14,Bosporus Strait,10,23,37,0,28,70,98,70351,805668,106800,0,587820,982820,1570640
chokepoint3,2026-05-15,Bosporus Strait,8,9,41,0,24,58,82,79543,203041,96243,0,146312,378829,525141
chokepoint3,2026-05-16,Bosporus Strait,9,26,28,2,21,65,86,57282,724193,88905,3157,708084,873538,1581622
chokepoint3,2026-05-17,Bosporus Strait,15,16,31,0,24,62,86,114666,474586,109680,0,726841,698932,1425774
chokepoint3,2026-05-18,Bosporus Strait,16,22,42,0,20,80,100,93505,550289,109613,0,433472,753408,1186881
chokepoint3,2026-05-19,Bosporus Strait,7,19,23,0,10,49,59,39850,611623,59376,0,262781,710850,973631
chokepoint3,2026-05-20,Bosporus Strait,14,16,40,0,29,70,99,120570,324240,113549,0,520325,558360,1078686
chokepoint3,2026-05-21,Bosporus Strait,11,21,29,0,18,61,79,86041,605210,75629,0,629005,766881,1395886
chokepoint3,2026-05-22,Bosporus Strait,9,18,37,2,15,66,81,39180,592457,86450,4373,337358,722463,1059821
chokepoint3,2026-05-23,Bosporus Strait,8,18,36,0,26,62,88,46893,305418,64868,0,619837,417181,1037019
chokepoint3,2026-05-24,Bosporus Strait,10,25,31,0,19,66,85,66197,649070,61178,0,408033,776446,1184479
chokepoint3,2026-05-25,Bosporus Strait,9,24,41,3,14,77,91,59360,500116,71723,2573,291324,633773,925097
chokepoint3,2026-05-26,Bosporus Strait,10,20,44,1,20,75,95,68713,325876,122591,0,493336,517181,1010517
chokepoint3,2026-05-27,Bosporus Strait,13,21,32,0,22,66,88,97925,352639,110144,0,450180,560710,1010890
chokepoint3,2026-05-28,Bosporus Strait,14,22,19,0,27,55,82,68058,656226,56683,0,737419,780968,1518387
chokepoint3,2026-05-29,Bosporus Strait,10,13,22,1,14,46,60,82940,485544,41603,926,59358,611014,670373
chokepoint3,2026-05-30,Bosporus Strait,11,13,38,0,25,62,87,86915,359216,116537,0,513984,562670,1076654
chokepoint3,2026-05-31,Bosporus Strait,9,11,25,1,18,46,64,85856,347523,50627,970,321210,484978,806188
chokepoint4,2025-12-23,Bab el-Mandeb Strait,6,15,3,1,9,25,34,108016,682108,10563,3301,454640,803990,1258630
chokepoint4,2025-12-24,Bab el-Mandeb Strait,4,10,3,0,10,17,27,54657,566576,38802,0,510594,660036,1170630
chokepoint4,2025-12-25,Bab el-Mandeb Strait,9,12,5,0,16,26,42,170712,407602,30953,0,1033125,609268,1642394
chokepoint4,2025-12-26,Bab el-Mandeb Strait,5,8,4,1,8,18,26,44758,347078,20747,4466,630572,417051,1047624
chokepoint4,2025-12-27,Bab el-Mandeb Strait,9,14,1,1,11,25,36,123096,545331,835,0,294010,669263,963273
chokepoint4,2025-12-28,Bab el-Mandeb Strait,5,15,6,3,12,29,41,95752,766096,26579,0,698357,888427,1586784
chokepoint4,2025-12-29,Bab el-Mandeb Strait,8,10,5,1,18,24,42,139753,353428,41672,6023,1377335,540878,1918214
chokepoint4,2025-12-30,Bab el-Mandeb Strait,3,12,6,0,12,21,33,34057,694407,45304,0,537618,773769,1311388
chokepoint4,2025-12-31,Bab el-Mandeb Strait,6,11,4,1,12,22,34,134205,388488,24932,1795,708130,549422,1257552
chokepoint4,2026-01-01,Bab el-Mandeb Strait,3,12,3,0,9,18,27,23815,625154,35626,0,776143,684596,1460739
chokepoint4,2026-01-02,Bab el-Mandeb Strait,7,11,4,0,4,22,26,131675,496567,32000,0,141645,660243,801889
chokepoint4,2026-01-03,Bab el-Mandeb Strait,7,12,2,3,11,24,35,134079,308056,8819,17794,816092,468749,1284841
chokepoint4,2026-01-04,Bab el-Mandeb Strait,8,9,6,0,6,23,29,97060,311928,30482,0,200632,439471,640103
chokepoint4,2026-01-05,Bab el-Mandeb Strait,3,10,1,1,11,15,26,21381,420200,1756,0,649351,443338,1092689
chokepoint4,2026-01-06,Bab el-Mandeb Strait,4,7,3,2,10,16,26,52959,383533,12389,8605,689885,457487,1147373
chokepoint4,2026-01-07,Bab el-Mandeb Strait,10,10,3,1,17,24,41,243212,356583,635,0,983689,600431,1584120
chokepoint4,2026-01-08,Bab el-Mandeb Strait,1,12,4,2,10,19,29,9724,503161,50974,6056,660453,569916,1230369
chokepoint4,2026-01-09,Bab el-Mandeb Strait,8,7,4,3,12,22,34,100354,278350,21824,13845,483230,414374,897604
chokepoint4,2026-01-10,Bab el-Mandeb Strait,5,14,5,0,11,24,35,108247,680809,19393,0,323794,808450,1132244
chokepoint4,2026-01-11,Bab el-Mandeb Strait,5,9,4,2,16,20,36,83282,435204,37525,0,704676,556011,1260687
chokepoint4,2026-01-12,Bab el-Mandeb Strait,9,12,4,0,14,25,39,137537,471380,55699,0,599117,664616,1263734
chokepoint4,2026-01-13,Bab el-Mandeb Strait,3,14,3,0,10,20,30,38833,751832,1943,0,658581,792609,1451190
chokepoint4,2026-01-14,Bab el-Mandeb Strait,7,9,1,1,4,18,22,141872,303973,5860,0,297092,451706,748798
chokepoint4,2026-01-15,Bab el-Mandeb Strait,6,12,9,0,11,27,38,95690,593792,47489,0,645210,736972,1382182
chokepoint4,2026-01-16,Bab el-Mandeb Strait,5,15,6,0,11,26,37,58261,605013,32903,0,466657,696178,1162836
chokepoint4,2026-01-17,Bab el-Mandeb Strait,6,4,4,1,8,15,23,53179,216389,27337,4922,296254,301828,598082
chokepoint4,2026-01-18,Bab el-Mandeb Strait,2,11,10,0,7,23,30,63506,701692,83781,0,146895,848981,995876
chokepoint4,2026-01-19,Bab el-Mandeb Strait,6,11,3,1,10,21,31,32398,590706,8599,0,277988,631705,909693
chokepoint4,2026-01-20,Bab el-Mandeb Strait,9,9,6,0,12,24,36,99838,488951,90027,0,455593,678817,1134410
chokepoint4,2026-01-21,Bab el-Mandeb Strait,8,10,4,0,8,22,30,119148,271014,10812,0,155349,400976,556325
chokepoint4,2026-01-22,Bab el-Mandeb Strait,9,11,3,2,5,25,30,107187,283777,17723,13357,316426,422046,738473
chokepoint4,2026-01-23,Bab el-Mandeb Strait,3,9,5,1,12,18,30,47504,300674,28950,2160,445044,379290,824335
chokepoint4,2026-01-24,Bab el-Mandeb Strait,8,6,5,0,16,19,35,117609,244212,13940,0,769959,375762,1145722
chokepoint4,2026-01-25,Bab el-Mandeb Strait,5,12,9,0,14,26,40,53060,483774,41997,0,938386,578832,1517218
chokepoint4,2026-01-26,Bab el-Mandeb Strait,7,10,10,0,15,27,42,71090,382868,52629,0,854399,506587,1360986
chokepoint4,2026-01-27,Bab el-Mandeb Strait,7,11,0,1,13,19,32,114735,701872,0,3793,672223,820401,1492625
chokepoint4,2026-01-28,Bab el-Mandeb Strait,6,10,5,3,10,24,34,83245,779651,50111,0,337153,913009,1250162
chokepoint4,2026-01-29,Bab el-Mandeb Strait,4,11,3,1,8,19,27,63502,463354,11905,0,767380,538762,1306143
chokepoint4,2026-01-30,Bab el-Mandeb Strait,5,10,6,2,11,23,34,83477,245453,18803,5677,644269,353412,997681
chokepoint4,2026-01-31,Bab el-Mandeb Strait,5,6,1,0,18,12,30,83775,451400,2086,0,787099,537262,1324362
chokepoint4,2026-02-01,Bab el-Mandeb Strait,1,19,4,0,11,24,35,17077,731474,39062,0,568301,787614,1355916
chokepoint4,2026-02-02,Bab el-Mandeb Strait,4,4,1,1,11,10,21,72766,119508,0,4697,474920,196973,671893
chokepoint4,2026-02-03,Bab el-Mandeb Strait,7,9,4,2,11,22,33,61162,568637,48471,8606,440342,686878,1127220
chokepoint4,2026-02-04,Bab el-Mandeb Strait,4,17,9,0,11,30,41,48220,934808,41080,0,506395,1024110,1530505
chokepoint4,2026-02-05,Bab el-Mandeb Strait,3,14,1,0,12,18,30,46328,574292,3313,0,436903,623934,1060837
chokepoint4,2026-02-06,Bab el-Mandeb Strait,8,7,6,0,9,21,30,128101,209678,42672,0,256443,380452,636896
chokepoint4,2026-02-07,Bab el-Mandeb Strait,5,7,4,1,12,17,29,88443,345216,21808,3583,382079,459052,841131
chokepoint4,2026-02-08,Bab el-Mandeb Strait,9,13,4,1,16,27,43,122306,446846,24888,4704,443583,598746,1042329
chokepoint4,2026-02-09,Bab el-Mandeb Strait,1,6,5,1,18,13,31,6371,187708,45526,5506,736727,245113,981841
chokepoint4,2026-02-10,Bab el-Mandeb Strait,7,5,7,0,13,19,32,136753,122208,38279,0,717001,297240,1014242
chokepoint4,2026-02-11,Bab el-Mandeb Strait,4,15,3,2,13,24,37,42998,743359,24910,9335,942229,820602,1762832
chokepoint4,2026-02-12,Bab el-Mandeb Strait,8,12,4,1,8,25,33,118050,672016,12691,6023,350202,808782,1158984
chokepoint4,2026-02-13,Bab el-Mandeb Strait,7,14,3,0,16,24,40,112327,512577,17724,0,874817,642629,1517447
chokepoint4,2026-02-14,Bab el-Mandeb Strait,3,9,7,1,8,20,28,38995,412853,58862,5514,606457,516225,1122682
chokepoint4,2026-02-15,Bab el-Mandeb Strait,4,13,6,0,8,23,31,53387,916915,6683,0,212452,976986,1189439
chokepoint4,2026-02-16,Bab el-Mandeb Strait,2,10,5,0,13,17,30,45015,488475,22905,0,401057,556396,957454
chokepoint4,2026-02-17,Bab el-Mandeb Strait,6,17,8,2,12,33,45,53743,715505,28190,3301,859621,800741,1660362
chokepoint4,2026-02-18,Bab el-Mandeb Strait,6,10,4,3,16,23,39,106014,422652,25737,8647,910678,563052,1473730
chokepoint4,2026-02-19,Bab el-Mandeb Strait,4,7,2,3,9,16,25,50165,105962,4320,5498,517992,165946,683939
chokepoint4,2026-02-20,Bab el-Mandeb Strait,7,11,8,3,15,29,44,74626,385788,89176,11931,1025318,561522,1586841
chokepoint4,2026-02-21,Bab el-Mandeb Strait,6,9,3,1,19,19,38,113292,579388,6405,1705,1254886,700790,1955677
chokepoint4,2026-02-22,Bab el-Mandeb Strait,11,16,6,0,13,33,46,155888,724033,62278,0,561208,942200,1503408
chokepoint4,2026-02-23,Bab el-Mandeb Strait,6,12,3,2,11,23,34,62737,705023,37159,12338,673001,817259,1490261
chokepoint4,2026-02-24,Bab el-Mandeb Strait,7,14,9,0,12,30,42,150587,634601,44801,0,281638,829989,1111628
chokepoint4,2026-02-25,Bab el-Mandeb Strait,5,10,6,2,11,23,34,52263,418152,43834,6258,681660,520508,1202169
chokepoint4,2026-02-26,Bab el-Mandeb Strait,9,11,5,1,17,26,43,111137,440994,29248,0,842719,581380,1424099
chokepoint4,2026-02-27,Bab el-Mandeb Strait,7,11,3,0,14,21,35,98712,352070,13683,0,877363,464465,1341829
chokepoint4,2026-02-28,Bab el-Mandeb Strait,3,4,5,0,11,12,23,50756,759532,23700,0,655691,833988,1489680
chokepoint4,2026-03-01,Bab el-Mandeb Strait,5,8,3,1,13,17,30,89450,516216,25819,0,665460,631486,1296946
chokepoint4,2026-03-02,Bab el-Mandeb Strait,4,7,4,0,9,15,24,75192,174584,4301,0,368192,254078,622270
chokepoint4,2026-03-03,Bab el-Mandeb Strait,7,13,5,0,15,25,40,92744,540790,12363,0,505303,645898,1151202
chokepoint4,2026-03-04,Bab el-Mandeb Strait,2,9,7,2,7,20,27,23159,435647,54250,15807,455916,528865,984782
chokepoint4,2026-03-05,Bab el-Mandeb Strait,5,14,3,1,9,23,32,75400,725801,16244,5824,183271,823271,1006543
chokepoint4,2026-03-06,Bab el-Mandeb Strait,5,13,3,0,10,21,31,90566,549356,3149,0,305239,643072,948312
chokepoint4,2026-03-07,Bab el-Mandeb Strait,3,10,4,1,16,18,34,48195,429042,9936,7071,649380,494246,1143626
chokepoint4,2026-03-08,Bab el-Mandeb Strait,10,13,4,0,16,27,43,135976,641832,27926,0,816751,805735,1622487
chokepoint4,2026-03-09,Bab el-Mandeb Strait,6,7,1,0,9,14,23,171844,338782,1379,0,410580,512005,922586
chokepoint4,2026-03-10,Bab el-Mandeb Strait,4,5,0,0,10,9,19,57177,185625,0,0,676780,242802,919582
chokepoint4,2026-03-11,Bab el-Mandeb Strait,4,11,4,0,18,19,37,61558,509447,60799,0,643183,631804,1274988
chokepoint4,2026-03-12,Bab el-Mandeb Strait,5,5,3,3,14,16,30,68473,170148,12639,7267,811894,258529,1070423
chokepoint4,2026-03-13,Bab el-Mandeb Strait,7,9,11,1,9,28,37,92504,296193,71795,4689,633009,465183,1098192
chokepoint4,2026-03-14,Bab el-Mandeb Strait,4,8,2,1,13,15,28,36437,360761,9842,6637,582155,413679,995835
chokepoint4,2026-03-15,Bab el-Mandeb Strait,2,4,3,0,11,9,20,27215,185907,76776,0,796315,289899,1086215
chokepoint4,2026-03-16,Bab el-Mandeb Strait,9,14,4,0,19,27,46,120467,630590,17469,0,731635,768527,1500162
chokepoint4,2026-03-17,Bab el-Mandeb Strait,2,7,4,1,18,14,32,41783,363057,11527,4634,892434,421003,1313438
chokepoint4,2026-03-18,Bab el-Mandeb Strait,5,11,2,0,18,18,36,56969,427754,41168,0,415526,525891,941418
chokepoint4,2026-03-19,Bab el-Mandeb Strait,9,11,2,2,18,24,42,119020,640373,81128,0,1113645,840522,1954168
chokepoint4,2026-03-20,Bab el-Mandeb Strait,3,9,5,1,11,18,29,43678,438526,70860,0,778297,553065,1331363
chokepoint4,2026-03-21,Bab el-Mandeb Strait,2,10,7,2,15,21,36,14583,528290,32022,7071,747216,581967,1329183
chokepoint4,2026-03-22,Bab el-Mandeb Strait,6,10,6,1,13,23,36,76406,647405,34666,1341,1051943,759819,1811762
chokepoint4,2026-03-23,Bab el-Mandeb Strait,1,2,2,0,18,5,23,18832,100641,299,0,737047,119774,856821
chokepoint4,2026-03-24,Bab el-Mandeb Strait,4,10,2,1,10,17,27,58598,632145,6033,4267,856978,701045,1558023
chokepoint4,2026-03-25,Bab el-Mandeb Strait,7,14,5,2,14,28,42,56174,800043,37785,17683,686517,911688,1598205
chokepoint4,2026-03-26,Bab el-Mandeb Strait,5,6,8,2,15,21,36,47658,421809,39055,15972,647305,524495,1171800
chokepoint4,2026-03-27,Bab el-Mandeb Strait,6,14,3,0,12,23,35,80489,600627,14320,0,540342,695437,1235780
chokepoint4,2026-03-28,Bab el-Mandeb Strait,8,11,3,1,10,23,33,82786,401039,24306,1341,601594,509474,1111068
chokepoint4,2026-03-29,Bab el-Mandeb Strait,7,13,1,0,11,21,32,96977,622083,78006,0,196975,797067,994043
chokepoint4,2026-03-30,Bab el-Mandeb Strait,3,16,10,3,12,32,44,40297,779162,40934,8626,696585,869020,1565606
chokepoint4,2026-03-31,Bab el-Mandeb Strait,5,10,2,1,10,18,28,50854,470426,13999,0,450103,535279,985382
chokepoint4,2026-04-01,Bab el-Mandeb Strait,6,10,5,2,16,23,39,71020,401184,11176,3633,826004,487014,1313019
chokepoint4,2026-04-02,Bab el-Mandeb Strait,3,13,5,3,14,24,38,7025,564882,36739,14694,389180,623341,1012522
chokepoint4,2026-04-03,Bab el-Mandeb Strait,1,9,4,0,13,14,27,15910,1017624,19592,0,1069279,1053127,2122406
chokepoint4,2026-04-04,Bab el-Mandeb Strait,7,9,2,1,17,19,36,95938,442856,48816,6105,634467,593718,1228185
chokepoint4,2026-04-05,Bab el-Mandeb Strait,6,7,5,1,14,19,33,60989,263169,49270,0,693635,373429,1067065
chokepoint4,2026-04-06,Bab el-Mandeb Strait,3,9,5,1,18,18,36,29651,463396,21651,1801,513872,516501,1030373
chokepoint4,2026-04-07,Bab el-Mandeb Strait,4,10,2,1,18,17,35,37751,649260,4451,4621,998775,696084,1694859
chokepoint4,2026-04-08,Bab el-Mandeb Strait,4,8,3,0,12,15,27,44595,553882,27211,0,558957,625689,1184647
chokepoint4,2026-04-09,Bab el-Mandeb Strait,10,9,5,1,11,25,36,170839,385285,73050,0,560744,629175,1189920
chokepoint4,2026-04-10,Bab el-Mandeb Strait,6,9,5,1,10,21,31,100017,634840,17199,12491,338064,764549,1102613
chokepoint4,2026-04-11,Bab el-Mandeb Strait,5,8,6,0,18,19,37,69882,271789,36002,0,788281,377674,1165956
chokepoint4,2026-04-12,Bab el-Mandeb Strait,5,9,5,2,11,21,32,100166,461268,6235,9607,1183204,577277,1760481
chokepoint4,2026-04-13,Bab el-Mandeb Strait,7,8,1,1,14,17,31,76244,301658,1317,1801,645866,381022,1026889
chokepoint4,2026-04-14,Bab el-Mandeb Strait,5,8,4,0,16,17,33,59621,514131,37060,0,1075435,610813,1686249
chokepoint4,2026-04-15,Bab el-Mandeb Strait,10,6,7,1,12,24,36,137311,254581,102284,0,418323,494176,912500
chokepoint4,2026-04-16,Bab el-Mandeb Strait,7,18,5,0,15,30,45,144355,1221796,23457,0,745633,1389610,2135243
chokepoint4,2026-04-17,Bab el-Mandeb Strait,2,10,2,0,11,14,25,20200,470626,9405,0,436361,500231,936593
chokepoint4,2026-04-18,Bab el-Mandeb Strait,4,7,4,1,5,16,21,35120,376396,70690,6889,222708,489095,711804
chokepoint4,2026-04-19,Bab el-Mandeb Strait,7,9,7,1,15,24,39,107276,284172,53337,4912,591926,449699,1041625
chokepoint4,2026-04-20,Bab el-Mandeb Strait,11,16,7,1,11,35,46,115781,871234,52084,9043,468651,1048144,1516795
chokepoint4,2026-04-21,Bab el-Mandeb Strait,6,12,2,0,13,20,33,91946,272912,32463,0,450416,397323,847739
chokepoint4,2026-04-22,Bab el-Mandeb Strait,4,9,7,2,8,22,30,32971,274659,51364,4621,299393,363616,663010
chokepoint4,2026-04-23,Bab el-Mandeb Strait,8,6,2,2,8,18,26,103233,352421,10371,13628,451157,479654,930811
chokepoint4,2026-04-24,Bab el-Mandeb Strait,9,8,10,2,13,29,42,218942,336005,57724,656,972882,613328,1586211
chokepoint4,2026-04-25,Bab el-Mandeb Strait,4,14,6,2,13,26,39,61839,768669,89091,16974,471963,936575,1408538
chokepoint4,2026-04-26,Bab el-Mandeb Strait,2,11,4,2,17,19,36,27890,554365,44367,13498,773358,640122,1413480
chokepoint4,2026-04-27,Bab el-Mandeb Strait,5,16,2,1,6,24,30,118065,828454,35854,0,635930,982374,1618304
chokepoint4,2026-04-28,Bab el-Mandeb Strait,3,10,3,1,15,17,32,31830,728275,15822,3521,841144,779450,1620595
chokepoint4,2026-04-29,Bab el-Mandeb Strait,6,9,0,0,11,15,26,112345,468562,0,0,932934,580908,1513842
chokepoint4,2026-04-30,Bab el-Mandeb Strait,9,10,6,0,12,25,37,125585,460332,113546,0,644337,699463,1343800
chokepoint4,2026-05-01,Bab el-Mandeb Strait,9,16,2,1,13,28,41,157178,923948,11719,5568,428549,1098414,1526963
chokepoint4,2026-05-02,Bab el-Mandeb Strait,4,5,7,0,12,16,28,87175,175547,68745,0,286736,331468,618205
chokepoint4,2026-05-03,Bab el-Mandeb Strait,5,8,2,0,15,15,30,46936,405735,18547,0,619769,471220,1090989
chokepoint4,2026-05-04,Bab el-Mandeb Strait,8,12,7,2,10,29,39,118217,586186,44907,1924,591021,751236,1342258
chokepoint4,2026-05-05,Bab el-Mandeb Strait,5,7,2,0,12,14,26,63677,514656,23672,0,873956,602006,1475962
chokepoint4,2026-05-06,Bab el-Mandeb Strait,5,7,2,1,10,15,25,95908,391203,8561,0,392398,495673,888072
chokepoint4,2026-05-07,Bab el-Mandeb Strait,4,6,6,1,7,17,24,80108,263823,44407,4318,414733,392658,807391
chokepoint4,2026-05-08,Bab el-Mandeb Strait,4,15,8,2,13,29,42,48229,577560,96451,18602,905602,740843,1646445
chokepoint4,2026-05-09,Bab el-Mandeb Strait,2,9,4,0,12,15,27,36873,442463,4313,0,547600,483650,1031250
chokepoint4,2026-05-10,Bab el-Mandeb Strait,7,4,8,1,11,20,31,77360,129831,85354,6928,323396,299475,622871
chokepoint4,2026-05-11,Bab el-Mandeb Strait,3,13,2,2,5,20,25,68128,535704,1503,6258,561890,611594,1173485
chokepoint4,2026-05-12,Bab el-Mandeb Strait,8,10,3,3,16,24,40,88540,383944,11804,1554,1216021,485842,1701863
chokepoint4,2026-05-13,Bab el-Mandeb Strait,5,7,7,2,14,21,35,95038,542234,136601,8643,827676,782517,1610193
chokepoint4,2026-05-14,Bab el-Mandeb Strait,5,7,8,3,11,23,34,88084,316369,56357,13276,1317466,474087,1791553
chokepoint4,2026-05-15,Bab el-Mandeb Strait,6,5,6,0,7,17,24,156883,173962,42393,0,284669,373240,657910
chokepoint4,2026-05-16,Bab el-Mandeb Strait,5,11,6,3,10,25,35,115563,384214,20776,11889,723158,532443,1255601
chokepoint4,2026-05-17,Bab el-Mandeb Strait,4,12,4,2,7,22,29,56978,555508,8475,1434,224589,622396,846985
chokepoint4,2026-05-18,Bab el-Mandeb Strait,5,13,6,2,18,26,44,112879,540448,17808,6203,771503,677340,1448844
chokepoint4,2026-05-19,Bab el-Mandeb Strait,12,6,6,5,11,29,40,175352,237576,74065,25641,274632,512636,787268
chokepoint4,2026-05-20,Bab el-Mandeb Strait,5,9,3,1,15,18,33,39739,385773,4144,0,568879,429656,998536
chokepoint4,2026-05-21,Bab el-Mandeb Strait,4,8,3,2,16,17,33,68064,423490,16444,5134,696866,513135,1210002
chokepoint4,2026-05-22,Bab el-Mandeb Strait,6,13,4,2,11,25,36,76496,628307,12320,5322,578807,722446,1301253
chokepoint4,2026-05-23,Bab el-Mandeb Strait,3,16,7,2,10,28,38,19654,759193,31052,4634,399988,814535,1214524
chokepoint4,2026-05-24,Bab el-Mandeb Strait,4,12,7,0,20,23,43,68980,600009,44411,0,775624,713401,1489026
chokepoint4,2026-05-25,Bab el-Mandeb Strait,4,10,8,0,13,22,35,77342,516891,24920,0,1042090,619154,1661245
chokepoint4,2026-05-26,Bab el-Mandeb Strait,5,6,1,0,10,12,22,32656,294690,3838,0,627224,331186,958411
chokepoint4,2026-05-27,Bab el-Mandeb Strait,11,9,3,4,11,27,38,251725,272060,46933,27577,527534,598297,1125831
chokepoint4,2026-05-28,Bab el-Mandeb Strait,10,8,4,1,12,23,35,79821,373389,31341,554,617401,485106,1102508
chokepoint4,2026-05-29,Bab el-Mandeb Strait,6,8,3,0,11,17,28,75553,412645,27608,0,942775,515808,1458583
chokepoint4,2026-05-30,Bab el-Mandeb Strait,4,13,3,1,10,21,31,40132,901656,11850,3793,783626,957433,1741059
chokepoint4,2026-05-31,Bab el-Mandeb Strait,2,11,3,3,11,19,30,50290,450254,17052,5571,269422,523168,792591
chokepoint5,2025-12-23,Malacca Strait,58,52,18,7,67,135,202,1835403,3275701,128109,27939,3329518,5267152,8596670
chokepoint5,2025-12-24,Malacca Strait,62,78,22,14,98,176,274,2157410,3664256,167259,53791,3183770,6042718,9226488
chokepoint5,2025-12-25,Malacca Strait,69,59,25,9,90,162,252,2281781,4349897,136381,29660,3895928,6797721,10693650
chokepoint5,2025-12-26,Malacca Strait,66,66,21,8,105,161,266,1919653,2817541,125775,41167,5472671,4904138,10376810
chokepoint5,2025-12-27,Malacca Strait,72,63,15,7,86,157,243,2486557,3425974,95210,25268,3781098,6033010,9814109
chokepoint5,2025-12-28,Malacca Strait,58,61,19,10,83,148,231,1912121,2826165,131097,32816,3148276,4902200,8050477
chokepoint5,2025-12-29,Malacca Strait,54,57,16,6,89,133,222,2104960,2792763,60338,19053,4447495,4977116,9424611
chokepoint5,2025-12-30,Malacca Strait,59,87,18,9,85,173,258,1533496,5039980,92985,35718,3758217,6702181,10460398
chokepoint5,2025-12-31,Malacca Strait,55,75,21,5,78,156,234,2016423,4717979,188372,18028,1491186,6940803,8431990
chokepoint5,2026-01-01,Malacca Strait,61,74,18,9,77,162,239,1948124,4368517,68006,36120,3079097,6420769,9499867
chokepoint5,2026-01-02,Malacca Strait,66,69,20,3,69,158,227,2259196,3891834,107862,5512,2247840,6264406,8512246
chokepoint5,2026-01-03,Malacca Strait,63,65,23,5,76,156,232,2041048,3620432,140681,13998,3924497,5816161,9740658
chokepoint5,2026-01-04,Malacca Strait,66,69,23,5,91,163,254,1933945,3598466,94157,9686,2916581,5636255,8552836
chokepoint5,2026-01-05,Malacca Strait,71,63,20,10,84,164,248,2502701,3210853,138995,38153,3003621,5890703,8894325
chokepoint5,2026-01-06,Malacca Strait,59,73,23,14,96,169,265,1826828,3737605,72447,48002,4471653,5684883,10156537
chokepoint5,2026-01-07,Malacca Strait,62,60,23,6,99,151,250,2082023,2836892,124325,25750,4547895,5068990,9616886
chokepoint5,2026-01-08,Malacca Strait,66,53,13,8,77,140,217,1862978,2720674,28743,15541,4209349,4627938,8837287
chokepoint5,2026-01-09,Malacca Strait,62,56,17,8,82,143,225,1875940,2421534,129942,21358,3688666,4448776,8137442
chokepoint5,2026-01-10,Malacca Strait,56,71,13,11,69,151,220,1895313,4005640,59743,23135,3964657,5983832,9948490
chokepoint5,2026-01-11,Malacca Strait,70,65,16,4,91,155,246,2071339,3135622,92466,11270,3264528,5310698,8575227
chokepoint5,2026-01-12,Malacca Strait,68,64,24,9,90,165,255,2492168,3930445,184867,27908,4892699,6635389,11528089
chokepoint5,2026-01-13,Malacca Strait,88,57,15,9,91,169,260,2512154,3117560,89693,41515,5364848,5760923,11125771
chokepoint5,2026-01-14,Malacca Strait,63,56,21,8,78,148,226,1889383,3494312,99058,13166,2180472,5495920,7676393
chokepoint5,2026-01-15,Malacca Strait,58,73,18,9,73,158,231,2109523,4213493,104801,27945,3969308,6455763,10425072
chokepoint5,2026-01-16,Malacca Strait,68,68,22,10,82,168,250,1955534,3346879,73356,28225,4304469,5403996,9708465
chokepoint5,2026-01-17,Malacca Strait,62,66,18,7,85,153,238,1806676,3834923,121806,26115,3387636,5789521,9177158
chokepoint5,2026-01-18,Malacca Strait,63,63,15,6,73,147,220,1967736,2956253,52799,5420,2298726,4982210,7280936
chokepoint5,2026-01-19,Malacca Strait,64,71,19,11,74,165,239,1878042,5027548,68061,20747,2323299,6994399,9317699
chokepoint5,2026-01-20,Malacca Strait,51,72,26,14,77,163,240,1766847,4338864,170988,29320,3619046,6306021,9925067
chokepoint5,2026-01-21,Malacca Strait,71,66,12,3,91,152,243,2350746,3248120,43808,2498,3071540,5645173,8716714
chokepoint5,2026-01-22,Malacca Strait,81,70,16,8,92,175,267,2259972,3693041,145129,20828,4087232,6118972,10206204
chokepoint5,2026-01-23,Malacca Strait,55,72,23,8,93,158,251,1624528,4186911,154414,24080,4165615,5989936,10155551
chokepoint5,2026-01-24,Malacca Strait,64,55,23,8,84,150,234,1825916,2837334,109549,14742,2868368,4787543,7655911
chokepoint5,2026-01-25,Malacca Strait,49,63,22,4,83,138,221,1690865,2999186,93691,3491,3876726,4787235,8663961
chokepoint5,2026-01-26,Malacca Strait,53,69,13,10,92,145,237,1766581,4477884,48790,43307,4259980,6336563,10596543
chokepoint5,2026-01-27,Malacca Strait,78,52,18,7,71,155,226,2557153,2389092,175027,38298,2764552,5159571,7924124
chokepoint5,2026-01-28,Malacca Strait,68,66,12,7,75,153,228,2231555,4189574,52314,25050,1909225,6498495,8407721
chokepoint5,2026-01-29,Malacca Strait,72,57,16,15,87,160,247,2196818,2744285,72243,55212,3702189,5068559,8770749
chokepoint5,2026-01-30,Malacca Strait,71,65,14,10,66,160,226,2020055,3679684,99591,17851,3363325,5817183,9180508
chokepoint5,2026-01-31,Malacca Strait,56,60,18,8,87,142,229,2135321,3504984,79996,20747,3925827,5741050,9666877
chokepoint5,2026-02-01,Malacca Strait,66,69,22,11,98,168,266,1563977,3922963,100489,30056,3950577,5617486,9568064
chokepoint5,2026-02-02,Malacca Strait,63,78,19,10,81,170,251,2183010,3951884,228250,17268,4106687,6380413,10487100
chokepoint5,2026-02-03,Malacca Strait,55,65,13,10,79,143,222,1857374,4690424,50861,26428,3014523,6625088,9639612
chokepoint5,2026-02-04,Malacca Strait,63,81,10,9,72,163,235,1902798,3840897,91680,19895,3009750,5855271,8865022
chokepoint5,2026-02-05,Malacca Strait,50,82,27,5,88,164,252,1915659,3674789,143997,12608,4518150,5747054,10265204
chokepoint5,2026-02-06,Malacca Strait,60,62,12,6,70,140,210,1952149,3572059,75507,20833,3106030,5620549,8726580
chokepoint5,2026-02-07,Malacca Strait,62,71,21,14,86,168,254,1704845,3244835,122529,38520,3274217,5110730,8384948
chokepoint5,2026-02-08,Malacca Strait,55,65,21,13,82,154,236,1538711,3804560,88428,16077,2730416,5447778,8178194
chokepoint5,2026-02-09,Malacca Strait,73,63,13,6,79,155,234,1912360,3001274,77530,13638,2986886,5004804,7991690
chokepoint5,2026-02-10,Malacca Strait,69,67,23,15,84,174,258,2177133,3575855,105704,46508,3952760,5905201,9857962
chokepoint5,2026-02-11,Malacca Strait,50,67,17,12,71,146,217,1684029,2443674,74004,24272,3978208,4225981,8204189
chokepoint5,2026-02-12,Malacca Strait,64,60,14,9,76,147,223,2084394,2526219,75821,28401,2809931,4714837,7524769
chokepoint5,2026-02-13,Malacca Strait,56,64,16,2,89,138,227,1863930,4020651,53486,0,4523945,5938068,10462014
chokepoint5,2026-02-14,Malacca Strait,53,61,19,11,86,144,230,1855099,3619629,86802,19348,4180188,5580880,9761068
chokepoint5,2026-02-15,Malacca Strait,56,63,14,9,74,142,216,1562626,2544284,54824,39273,3594271,4201009,7795280
chokepoint5,2026-02-16,Malacca Strait,57,54,21,3,83,135,218,1647221,2849053,111141,20101,2537021,4627517,7164539
chokepoint5,2026-02-17,Malacca Strait,49,66,14,6,89,135,224,1576819,2667396,102023,39229,3498393,4385467,7883860
chokepoint5,2026-02-18,Malacca Strait,72,52,17,5,77,146,223,1867134,2780912,76895,8307,3246455,4733250,7979706
chokepoint5,2026-02-19,Malacca Strait,52,71,14,5,78,142,220,1104269,3650754,115840,15286,3227242,4886151,8113394
chokepoint5,2026-02-20,Malacca Strait,59,66,13,3,81,141,222,2047367,4064822,58112,23278,2874922,6193580,9068502
chokepoint5,2026-02-21,Malacca Strait,58,57,12,11,90,138,228,1692173,2656543,54370,19900,3809065,4422987,8232053
chokepoint5,2026-02-22,Malacca Strait,59,60,23,12,80,154,234,1820676,2577614,121634,35695,3721900,4555620,8277521
chokepoint5,2026-02-23,Malacca Strait,63,61,21,7,91,152,243,1852397,3187096,138868,28161,3484836,5206523,8691360
chokepoint5,2026-02-24,Malacca Strait,64,54,19,9,93,146,239,2108558,2832220,104853,37685,4824801,5083317,9908119
chokepoint5,2026-02-25,Malacca Strait,59,68,14,11,80,152,232,1968294,3705334,59776,27207,4426248,5760613,10186861
chokepoint5,2026-02-26,Malacca Strait,58,71,15,4,92,148,240,1518767,4284546,65621,17212,2962696,5886148,8848844
chokepoint5,2026-02-27,Malacca Strait,62,51,20,4,91,137,228,1974129,2933486,105130,7778,3287702,5020525,8308228
chokepoint5,2026-02-28,Malacca Strait,68,52,23,9,72,152,224,2050407,3297713,166333,6357,2678875,5520811,8199687
chokepoint5,2026-03-01,Malacca Strait,62,63,20,7,82,152,234,2051448,2939040,155287,19453,4479452,5165229,9644682
chokepoint5,2026-03-02,Malacca Strait,61,64,14,8,85,147,232,2239126,3088791,80677,22353,3487366,5430948,8918315
chokepoint5,2026-03-03,Malacca Strait,49,76,17,6,70,148,218,1808142,3749341,56196,23681,4277715,5637363,9915078
chokepoint5,2026-03-04,Malacca Strait,66,54,16,7,98,143,241,2140073,2711197,145643,19865,4008223,5016780,9025004
chokepoint5,2026-03-05,Malacca Strait,76,51,21,7,67,155,222,2365078,2913403,109616,37620,2393736,5425719,7819456
chokepoint5,2026-03-06,Malacca Strait,62,55,16,6,97,139,236,1989178,3594237,91285,16265,4227540,5690967,9918508
chokepoint5,2026-03-07,Malacca Strait,65,70,22,9,65,166,231,2074151,4611997,103290,25054,3296047,6814493,10110541
chokepoint5,2026-03-08,Malacca Strait,67,56,17,5,87,145,232,1775445,3158434,121287,4159,5681320,5059327,10740648
chokepoint5,2026-03-09,Malacca Strait,64,54,26,8,64,152,216,1797564,2167753,204593,13321,2129853,4183233,6313086
chokepoint5,2026-03-10,Malacca Strait,59,57,18,5,78,139,217,1698167,2662243,103804,9175,4872049,4473390,9345439
chokepoint5,2026-03-11,Malacca Strait,59,60,23,10,69,152,221,1467738,3616756,153995,31514,2861468,5270004,8131473
chokepoint5,2026-03-12,Malacca Strait,55,62,18,9,66,144,210,1397618,2994601,105693,8230,1648246,4506144,6154390
chokepoint5,2026-03-13,Malacca Strait,65,57,18,2,81,142,223,1756610,2937022,78293,6865,1811824,4778792,6590616
chokepoint5,2026-03-14,Malacca Strait,64,51,22,6,73,143,216,1928882,2118918,181223,10940,2541072,4239965,6781038
chokepoint5,2026-03-15,Malacca Strait,52,59,13,10,84,134,218,1404026,4519371,82182,34942,3206121,6040522,9246644
chokepoint5,2026-03-16,Malacca Strait,53,56,11,5,65,125,190,1750364,3004072,69263,18077,1101101,4841778,5942880
chokepoint5,2026-03-17,Malacca Strait,55,58,14,3,80,130,210,1504904,3177732,69883,12951,1849345,4765472,6614817
chokepoint5,2026-03-18,Malacca Strait,48,61,17,10,72,136,208,1702512,3598875,64195,19639,1764297,5385224,7149521
chokepoint5,2026-03-19,Malacca Strait,60,66,18,4,78,148,226,1875842,3917272,131966,19525,1393766,5944608,7338375
chokepoint5,2026-03-20,Malacca Strait,61,56,21,6,73,144,217,2084860,2831169,74353,13715,1688694,5004099,6692794
chokepoint5,2026-03-21,Malacca Strait,54,56,10,5,63,125,188,1808886,2915705,44715,16011,1268828,4785319,6054147
chokepoint5,2026-03-22,Malacca Strait,50,52,14,8,75,124,199,1600192,2826712,91181,25651,2176839,4543738,6720577
chokepoint5,2026-03-23,Malacca Strait,70,47,14,3,51,134,185,2078543,2409832,116043,12009,1941053,4616428,6557482
chokepoint5,2026-03-24,Malacca Strait,53,74,19,6,68,152,220,1623196,4874421,121685,28005,1683679,6647310,8330989
chokepoint5,2026-03-25,Malacca Strait,60,52,16,6,65,134,199,1898891,2365985,125561,31860,1326945,4422299,5749245
chokepoint5,2026-03-26,Malacca Strait,50,55,26,6,68,137,205,1340394,3620551,121322,12078,2380079,5094346,7474425
chokepoint5,2026-03-27,Malacca Strait,61,61,14,7,69,143,212,2247591,3318740,102949,10829,1454929,5680110,7135039
chokepoint5,2026-03-28,Malacca Strait,65,46,12,5,55,128,183,1786822,2286789,83535,23161,1939703,4180310,6120014
chokepoint5,2026-03-29,Malacca Strait,58,59,13,4,69,134,203,2131654,3413902,94107,3597,2221668,5643262,7864930
chokepoint5,2026-03-30,Malacca Strait,56,53,26,8,75,143,218,1542857,3033400,164938,26649,2788082,4767845,7555927
chokepoint5,2026-03-31,Malacca Strait,63,62,19,4,75,148,223,2163380,3858007,82717,13748,928848,6117854,7046702
chokepoint5,2026-04-01,Malacca Strait,54,53,16,6,61,129,190,1245074,2734712,74926,30479,1963640,4085193,6048833
chokepoint5,2026-04-02,Malacca Strait,52,52,19,3,76,126,202,1554427,3445217,89499,12269,2985395,5101413,8086808
chokepoint5,2026-04-03,Malacca Strait,63,66,15,6,68,150,218,2120762,5314748,111400,16880,1940605,7563791,9504397
chokepoint5,2026-04-04,Malacca Strait,64,62,22,5,71,153,224,2324184,3661514,133258,18335,2544542,6137293,8681835
chokepoint5,2026-04-05,Malacca Strait,58,57,18,11,67,144,211,1871183,3012416,95340,39035,3014376,5017976,8032352
chokepoint5,2026-04-06,Malacca Strait,59,60,20,2,71,141,212,1597789,3047498,91896,0,3055153,4737184,7792337
chokepoint5,2026-04-07,Malacca Strait,52,67,17,8,79,144,223,1643546,3896485,59903,25232,3206719,5625167,8831887
chokepoint5,2026-04-08,Malacca Strait,54,57,17,6,62,134,196,1611304,3295855,87512,25195,1175453,5019867,6195321
chokepoint5,2026-04-09,Malacca Strait,64,64,21,8,67,157,224,2032360,3446558,93248,15803,1623178,5587971,7211150
chokepoint5,2026-04-10,Malacca Strait,71,55,14,9,80,149,229,2356543,3349535,57796,34302,2595657,5798176,8393834
chokepoint5,2026-04-11,Malacca Strait,55,73,17,10,69,155,224,1833916,3768424,78627,47943,2637621,5728911,8366533
chokepoint5,2026-04-12,Malacca Strait,61,61,17,5,61,144,205,1881726,3227777,58406,18746,1814115,5186657,7000772
chokepoint5,2026-04-13,Malacca Strait,64,72,20,8,78,164,242,1744719,4173151,76897,21150,2301464,6015919,8317384
chokepoint5,2026-04-14,Malacca Strait,49,58,19,4,83,130,213,1936312,3115027,117421,5755,1929525,5174516,7104042
chokepoint5,2026-04-15,Malacca Strait,55,60,22,7,75,144,219,1799182,2693175,146605,23441,2852209,4662404,7514614
chokepoint5,2026-04-16,Malacca Strait,71,73,22,6,67,172,239,1809823,3846961,90608,4695,2974860,5752089,8726949
chokepoint5,2026-04-17,Malacca Strait,51,55,19,7,70,132,202,1375245,3267481,171945,12379,1614834,4827050,6441885
chokepoint5,2026-04-18,Malacca Strait,51,54,21,7,69,133,202,1668328,3220566,81386,5536,1755880,4975817,6731698
chokepoint5,2026-04-19,Malacca Strait,69,62,17,2,57,150,207,1757254,3664715,110642,0,1861365,5532612,7393978
chokepoint5,2026-04-20,Malacca Strait,57,61,16,5,71,139,210,1892754,3421266,68859,10857,2098472,5393738,7492210
chokepoint5,2026-04-21,Malacca Strait,59,57,11,8,69,135,204,2059503,2865742,49329,22319,2017102,4996895,7013997
chokepoint5,2026-04-22,Malacca Strait,60,64,15,5,53,144,197,1473945,3309591,83622,19653,1362235,4886812,6249048
chokepoint5,2026-04-23,Malacca Strait,60,72,15,6,77,153,230,1608794,3358191,88831,8028,2968100,5063845,8031946
chokepoint5,2026-04-24,Malacca Strait,62,53,21,6,69,142,211,2167965,3423901,124828,28739,2285244,5745434,8030678
chokepoint5,2026-04-25,Malacca Strait,58,57,21,4,69,140,209,1751011,2695329,110966,10873,2556417,4568181,7124598
chokepoint5,2026-04-26,Malacca Strait,73,66,15,5,68,159,227,2001039,3675618,135265,16052,2286641,5827975,8114617
chokepoint5,2026-04-27,Malacca Strait,55,68,18,8,75,149,224,1598494,3560912,96572,21924,1751995,5277904,7029900
chokepoint5,2026-04-28,Malacca Strait,56,43,20,6,72,125,197,2099339,2413133,83079,19183,3346561,4614736,7961297
chokepoint5,2026-04-29,Malacca Strait,53,80,24,6,63,163,226,1803920,4101423,175779,22892,2081616,6104015,8185632
chokepoint5,2026-04-30,Malacca Strait,61,62,13,3,72,139,211,1762535,3332786,26720,5412,3101873,5127454,8229328
chokepoint5,2026-05-01,Malacca Strait,60,53,13,9,74,135,209,1545961,2367151,105760,24967,2905228,4043840,6949069
chokepoint5,2026-05-02,Malacca Strait,52,66,19,5,65,142,207,1777136,3643192,85058,14648,2020165,5520036,7540201
chokepoint5,2026-05-03,Malacca Strait,57,67,19,5,64,148,212,1927980,3664661,91089,27831,1891365,5711562,7602927
chokepoint5,2026-05-04,Malacca Strait,71,71,11,5,81,158,239,2174842,4185390,42319,4060,2413686,6406613,8820300
chokepoint5,2026-05-05,Malacca Strait,63,61,16,3,62,143,205,2324870,4514687,116953,19083,2402009,6975595,9377604
chokepoint5,2026-05-06,Malacca Strait,66,60,16,8,67,150,217,1823911,3426318,127917,39309,2143805,5417456,7561262
chokepoint5,2026-05-07,Malacca Strait,59,63,15,10,68,147,215,1859765,3439671,37806,25577,1333403,5362820,6696224
chokepoint5,2026-05-08,Malacca Strait,43,74,16,9,76,142,218,1399502,3360986,131380,26517,3223923,4918385,8142309
chokepoint5,2026-05-09,Malacca Strait,72,62,17,3,65,154,219,2239809,3478776,81200,20623,2644858,5820411,8465270
chokepoint5,2026-05-10,Malacca Strait,65,69,25,1,66,160,226,1943052,4625605,171218,6228,3241040,6746104,9987144
chokepoint5,2026-05-11,Malacca Strait,68,50,13,7,55,138,193,1759279,2732786,125010,27716,2340353,4644792,6985145
chokepoint5,2026-05-12,Malacca Strait,64,57,24,10,72,155,227,1942557,3209798,126642,30211,2484779,5309209,7793989
chokepoint5,2026-05-13,Malacca Strait,59,57,19,4,76,139,215,1983179,2663345,119463,4828,2735589,4770817,7506406
chokepoint5,2026-05-14,Malacca Strait,61,77,17,4,68,159,227,1938174,4301417,103850,25202,2539122,6368644,8907766
chokepoint5,2026-05-15,Malacca Strait,57,66,21,6,62,150,212,1945196,4026852,150465,6867,1519777,6129382,7649159
chokepoint5,2026-05-16,Malacca Strait,48,47,22,9,74,126,200,1438315,2940147,173879,41155,2640724,4593499,7234223
chokepoint5,2026-05-17,Malacca Strait,64,53,21,6,69,144,213,1941831,2782352,114527,7593,1778101,4846304,6624406
chokepoint5,2026-05-18,Malacca Strait,53,53,20,5,65,131,196,1527189,2628437,122181,20926,2600454,4298736,6899190
chokepoint5,2026-05-19,Malacca Strait,64,57,17,5,57,143,200,1862157,3990512,96236,21209,1687766,5970116,7657882
chokepoint5,2026-05-20,Malacca Strait,58,57,15,1,76,131,207,1511625,3046601,77641,5571,2616926,4641440,7258367
chokepoint5,2026-05-21,Malacca Strait,52,54,22,9,75,137,212,1554911,3083670,135643,29755,1771205,4803980,6575185
chokepoint5,2026-05-22,Malacca Strait,67,50,25,5,72,147,219,2166306,2421633,160123,2033,1913356,4750096,6663453
chokepoint5,2026-05-23,Malacca Strait,45,57,20,11,61,133,194,1339679,3306251,79053,36910,2441573,4761895,7203468
chokepoint5,2026-05-24,Malacca Strait,61,65,22,7,70,155,225,1835452,3270599,114014,30120,2296320,5250186,7546507
chokepoint5,2026-05-25,Malacca Strait,61,63,20,4,59,148,207,2006696,4022522,74904,7267,2162636,6111391,8274027
chokepoint5,2026-05-26,Malacca Strait,70,62,23,4,78,159,237,2373359,3250267,78898,5655,2664766,5708181,8372948
chokepoint5,2026-05-27,Malacca Strait,60,63,19,9,60,151,211,2103991,3506700,113632,51912,1693177,5776236,7469413
chokepoint5,2026-05-28,Malacca Strait,58,62,22,5,57,147,204,1639216,3564943,203518,8352,2179387,5416031,7595419
chokepoint5,2026-05-29,Malacca Strait,58,53,11,5,71,127,198,1867599,3803016,56765,7244,1844652,5734625,7579277
chokepoint5,2026-05-30,Malacca Strait,57,55,16,8,60,136,196,1569506,3170399,94544,27435,1435585,4861886,6297472
chokepoint5,2026-05-31,Malacca Strait,56,56,15,9,67,136,203,1408881,3103819,63610,17275,1931352,4593587,6524939
chokepoint6,2025-12-23,Strait of Hormuz,18,15,2,3,36,38,74,503747,508081,2145,9878,2611062,1023852,3634914
chokepoint6,2025-12-24,Strait of Hormuz,16,19,5,3,32,43,75,571619,923708,29917,9846,1505153,1535093,3040246
chokepoint6,2025-12-25,Strait of Hormuz,9,19,3,6,48,37,85,414453,812142,11467,18838,1779613,1256901,3036515
chokepoint6,2025-12-26,Strait of Hormuz,13,12,3,2,46,30,76,388877,524366,11119,8028,2997250,932391,3929642
chokepoint6,2025-12-27,Strait of Hormuz,12,11,6,1,49,30,79,401757,430274,25201,5411,2079995,862645,2942641
chokepoint6,2025-12-28,Strait of Hormuz,8,19,7,5,36,39,75,356946,501855,43254,0,2553047,902057,3455104
chokepoint6,2025-12-29,Strait of Hormuz,15,8,6,3,38,32,70,720282,266018,27376,9338,1377943,1023015,2400958
chokepoint6,2025-12-30,Strait of Hormuz,16,10,5,3,40,34,74,471825,526662,22271,10383,2287245,1031142,3318388
chokepoint6,2025-12-31,Strait of Hormuz,12,12,2,5,55,31,86,241256,396742,5234,8678,3602283,651911,4254195
chokepoint6,2026-01-01,Strait of Hormuz,20,5,5,5,33,35,68,656148,142599,38203,6835,2624205,843786,3467991
chokepoint6,2026-01-02,Strait of Hormuz,10,16,4,2,33,32,65,324365,625875,39851,8028,1549060,998120,2547180
chokepoint6,2026-01-03,Strait of Hormuz,13,8,3,4,41,28,69,502163,799999,6762,3931,2374280,1312857,3687138
chokepoint6,2026-01-04,Strait of Hormuz,10,18,4,4,35,36,71,330006,906613,11548,20261,2561406,1268430,3829836
chokepoint6,2026-01-05,Strait of Hormuz,13,10,5,0,36,28,64,657454,316028,17054,0,2395675,990537,3386213
chokepoint6,2026-01-06,Strait of Hormuz,22,8,6,6,40,42,82,538079,370702,50461,22504,915988,981747,1897735
chokepoint6,2026-01-07,Strait of Hormuz,17,12,2,6,47,37,84,401649,431161,3792,12761,2584320,849364,3433685
chokepoint6,2026-01-08,Strait of Hormuz,11,14,2,3,40,30,70,538854,437437,16617,1586,2369001,994496,3363498
chokepoint6,2026-01-09,Strait of Hormuz,9,19,6,6,50,40,90,274945,587474,18586,10812,3658756,891819,4550575
chokepoint6,2026-01-10,Strait of Hormuz,10,13,8,5,41,36,77,268759,377513,37473,1341,1621746,685087,2306834
chokepoint6,2026-01-11,Strait of Hormuz,15,14,2,7,39,38,77,468106,420205,7826,7848,2338412,903987,3242399
chokepoint6,2026-01-12,Strait of Hormuz,10,6,5,6,44,27,71,385411,187084,28992,13819,2194921,615308,2810229
chokepoint6,2026-01-13,Strait of Hormuz,15,11,3,3,31,32,63,557238,304618,4383,3648,984609,869888,1854498
chokepoint6,2026-01-14,Strait of Hormuz,10,18,6,2,42,36,78,309266,515280,24193,5375,1953567,854116,2807684
chokepoint6,2026-01-15,Strait of Hormuz,13,14,4,1,41,32,73,513293,362752,25024,10135,2550787,911206,3461994
chokepoint6,2026-01-16,Strait of Hormuz,13,12,3,7,40,35,75,431367,491868,13509,19743,1982949,956488,2939438
chokepoint6,2026-01-17,Strait of Hormuz,11,8,4,1,31,24,55,391557,340101,5763,0,2035317,737422,2772740
chokepoint6,2026-01-18,Strait of Hormuz,17,14,8,4,29,43,72,548727,452722,42349,6653,2262245,1050452,3312698
chokepoint6,2026-01-19,Strait of Hormuz,12,13,8,4,41,37,78,243382,1179240,58768,8902,1184740,1490293,2675034
chokepoint6,2026-01-20,Strait of Hormuz,18,14,1,5,47,38,85,492827,645392,14341,5170,2692059,1157732,3849792
chokepoint6,2026-01-21,Strait of Hormuz,13,12,3,3,42,31,73,358365,561080,15246,13747,3199140,948439,4147580
chokepoint6,2026-01-22,Strait of Hormuz,8,14,4,6,36,32,68,316209,587091,77146,7404,1463105,987851,2450957
chokepoint6,2026-01-23,Strait of Hormuz,12,10,7,4,29,33,62,545455,273539,37884,15319,2489398,872199,3361597
chokepoint6,2026-01-24,Strait of Hormuz,10,16,2,4,31,32,63,294839,454408,22872,10722,1217182,782842,2000025
chokepoint6,2026-01-25,Strait of Hormuz,14,7,5,5,59,31,90,345380,314328,25650,12056,3526111,697416,4223527
chokepoint6,2026-01-26,Strait of Hormuz,10,6,7,3,28,26,54,356454,272281,12813,2105,1508018,643654,2151673
chokepoint6,2026-01-27,Strait of Hormuz,21,11,3,2,42,37,79,570344,34300,8109,7622,2596539,620377,3216916
chokepoint6,2026-01-28,Strait of Hormuz,12,8,4,3,40,27,67,402399,247258,10660,8606,1314581,668925,1983507
chokepoint6,2026-01-29,Strait of Hormuz,13,15,6,4,48,38,86,419473,340291,30912,13421,2514977,804099,3319077
chokepoint6,2026-01-30,Strait of Hormuz,17,10,6,5,48,38,86,427146,467555,40065,0,2770122,934768,3704890
chokepoint6,2026-01-31,Strait of Hormuz,16,16,8,4,56,44,100,375182,1256779,45899,3793,3061927,1681654,4743582
chokepoint6,2026-02-01,Strait of Hormuz,18,17,4,4,37,43,80,447700,631693,11686,4682,2360180,1095762,3455943
chokepoint6,2026-02-02,Strait of Hormuz,13,10,8,4,55,35,90,535030,412970,32466,2609,4060874,983076,5043951
chokepoint6,2026-02-03,Strait of Hormuz,18,13,6,1,45,38,83,499748,507703,44431,2231,1753051,1054114,2807166
chokepoint6,2026-02-04,Strait of Hormuz,14,10,7,3,43,34,77,491472,232941,29812,8362,1973736,762589,2736325
chokepoint6,2026-02-05,Strait of Hormuz,15,18,4,6,46,43,89,640832,434483,13721,13035,2705556,1102073,3807630
chokepoint6,2026-02-06,Strait of Hormuz,14,13,2,3,50,32,82,191057,447980,14408,12239,2633514,665686,3299200
chokepoint6,2026-02-07,Strait of Hormuz,13,25,3,1,48,42,90,425226,567773,7212,4621,2315954,1004833,3320787
chokepoint6,2026-02-08,Strait of Hormuz,16,15,7,3,49,41,90,404837,378357,41830,9336,2285657,834362,3120019
chokepoint6,2026-02-09,Strait of Hormuz,8,12,2,3,41,25,66,390825,803386,0,7593,1858114,1201805,3059920
chokepoint6,2026-02-10,Strait of Hormuz,15,16,3,2,59,36,95,512108,637174,5682,1865,3929442,1156830,5086272
chokepoint6,2026-02-11,Strait of Hormuz,12,17,4,3,46,36,82,265293,540357,25848,3046,1772127,834546,2606674
chokepoint6,2026-02-12,Strait of Hormuz,21,29,9,5,55,64,119,654066,818967,66215,13857,2755205,1553107,4308312
chokepoint6,2026-02-13,Strait of Hormuz,17,18,5,6,64,46,110,510658,652530,4843,0,2584875,1168031,3752907
chokepoint6,2026-02-14,Strait of Hormuz,18,16,6,1,58,41,99,431287,504276,16474,3793,2427837,955832,3383669
chokepoint6,2026-02-15,Strait of Hormuz,12,18,4,3,50,37,87,570954,742447,26507,4388,2550407,1344297,3894704
chokepoint6,2026-02-16,Strait of Hormuz,10,12,9,4,60,35,95,149567,257102,54710,6850,2988622,468230,3456853
chokepoint6,2026-02-17,Strait of Hormuz,24,14,5,5,43,48,91,689090,760485,14530,2855,2386408,1466961,3853369
chokepoint6,2026-02-18,Strait of Hormuz,25,22,6,8,52,61,113,726980,728074,23948,11425,2779866,1490428,4270295
chokepoint6,2026-02-19,Strait of Hormuz,21,22,8,2,62,53,115,643512,1111225,40875,2371,3662867,1797984,5460852
chokepoint6,2026-02-20,Strait of Hormuz,16,14,4,2,54,36,90,442160,620282,16199,0,2433032,1078642,3511675
chokepoint6,2026-02-21,Strait of Hormuz,14,21,3,2,54,40,94,266396,437570,18090,5308,2289889,727365,3017254
chokepoint6,2026-02-22,Strait of Hormuz,28,22,4,3,72,57,129,828020,976580,5544,8078,3433752,1818224,5251976
chokepoint6,2026-02-23,Strait of Hormuz,13,12,10,6,62,41,103,421958,330884,21391,7511,2288511,781746,3070257
chokepoint6,2026-02-24,Strait of Hormuz,18,23,5,6,55,52,107,608789,970183,9959,10224,1911840,1599156,3510997
chokepoint6,2026-02-25,Strait of Hormuz,28,15,6,2,58,51,109,724050,535218,39139,0,4484145,1298408,5782553
chokepoint6,2026-02-26,Strait of Hormuz,20,14,12,3,53,49,102,551812,501641,59358,0,1611556,1112812,2724369
chokepoint6,2026-02-27,Strait of Hormuz,12,23,5,2,53,42,95,494734,755683,6251,8028,3153071,1264698,4417770
chokepoint6,2026-02-28,Strait of Hormuz,10,16,4,2,44,32,76,274629,441895,20223,11221,2996963,747971,3744935
chokepoint6,2026-03-01,Strait of Hormuz,3,4,3,0,7,10,17,64346,73010,13807,0,207948,151164,359113
chokepoint6,2026-03-02,Strait of Hormuz,0,2,0,0,2,2,4,0,0,0,0,0,0,0
chokepoint6,2026-03-03,Strait of Hormuz,1,2,0,0,2,3,5,0,96964,0,0,6701,96964,103665
chokepoint6,2026-03-04,Strait of Hormuz,2,1,0,0,0,3,3,43543,18130,0,0,0,61673,61673
chokepoint6,2026-03-05,Strait of Hormuz,2,0,1,0,1,3,4,37457,0,5901,0,0,43358,43358
chokepoint6,2026-03-06,Strait of Hormuz,0,5,0,0,0,5,5,0,89328,0,0,0,89328,89328
chokepoint6,2026-03-07,Strait of Hormuz,1,3,1,0,2,5,7,1688,72330,0,0,0,74018,74018
chokepoint6,2026-03-08,Strait of Hormuz,1,3,1,0,1,5,6,0,101991,3208,0,0,105199,105199
chokepoint6,2026-03-09,Strait of Hormuz,0,2,1,0,6,3,9,0,0,1599,0,154941,1599,156541
chokepoint6,2026-03-10,Strait of Hormuz,0,2,0,1,1,3,4,0,80734,0,4090,42122,84824,126946
chokepoint6,2026-03-11,Strait of Hormuz,1,2,1,0,1,4,5,79885,43477,6281,0,51338,129643,180982
chokepoint6,2026-03-12,Strait of Hormuz,3,2,0,0,3,5,8,47699,0,0,0,5366,47699,53065
chokepoint6,2026-03-13,Strait of Hormuz,0,0,0,0,3,0,3,0,0,0,0,23880,0,23880
chokepoint6,2026-03-14,Strait of Hormuz,1,0,1,0,1,2,3,0,0,449,0,0,449,449
chokepoint6,2026-03-15,Strait of Hormuz,0,3,1,0,5,4,9,0,0,7862,0,348432,7862,356294
chokepoint6,2026-03-16,Strait of Hormuz,0,4,0,0,0,4,4,0,0,0,0,0,0,0
chokepoint6,2026-03-17,Strait of Hormuz,0,0,1,0,1,1,2,0,0,449,0,47804,449,48254
chokepoint6,2026-03-18,Strait of Hormuz,0,1,0,0,0,1,1,0,0,0,0,0,0,0
chokepoint6,2026-03-19,Strait of Hormuz,0,2,0,0,1,2,3,0,0,0,0,34576,0,34576
chokepoint6,2026-03-20,Strait of Hormuz,1,1,1,0,3,3,6,45674,74945,449,0,118692,121069,239761
chokepoint6,2026-03-21,Strait of Hormuz,0,0,0,0,0,0,0,0,0,0,0,0,0,0
chokepoint6,2026-03-22,Strait of Hormuz,0,3,0,0,0,3,3,0,47219,0,0,0,47219,47219
chokepoint6,2026-03-23,Strait of Hormuz,0,2,0,0,2,2,4,0,88658,0,0,53593,88658,142251
chokepoint6,2026-03-24,Strait of Hormuz,0,0,1,0,1,1,2,0,0,12988,0,0,12988,12988
chokepoint6,2026-03-25,Strait of Hormuz,0,0,0,0,1,0,1,0,0,0,0,0,0,0
chokepoint6,2026-03-26,Strait of Hormuz,1,4,0,0,0,5,5,6722,73148,0,0,0,79871,79871
chokepoint6,2026-03-27,Strait of Hormuz,1,2,0,0,0,3,3,81281,68784,0,0,0,150065,150065
chokepoint6,2026-03-28,Strait of Hormuz,0,4,0,0,0,4,4,0,97272,0,0,0,97272,97272
chokepoint6,2026-03-29,Strait of Hormuz,0,2,1,0,2,3,5,0,117202,2281,0,5464,119484,124948
chokepoint6,2026-03-30,Strait of Hormuz,3,1,1,0,12,5,17,157690,0,2169,0,115147,159860,275007
chokepoint6,2026-03-31,Strait of Hormuz,2,1,1,0,2,4,6,28094,0,2281,0,70842,30375,101218
chokepoint6,2026-04-01,Strait of Hormuz,0,5,1,0,0,6,6,0,79292,2340,0,0,81633,81633
chokepoint6,2026-04-02,Strait of Hormuz,1,2,1,0,2,4,6,30234,90660,0,0,0,120894,120894
chokepoint6,2026-04-03,Strait of Hormuz,0,0,1,0,4,1,5,0,0,2340,0,97195,2340,99536
chokepoint6,2026-04-04,Strait of Hormuz,1,7,0,0,2,8,10,25200,71283,0,0,38238,96483,134722
chokepoint6,2026-04-05,Strait of Hormuz,0,1,1,0,7,2,9,0,30247,1212,0,266704,31459,298164
chokepoint6,2026-04-06,Strait of Hormuz,1,2,1,0,1,4,5,3504,73563,0,0,3964,77068,81032
chokepoint6,2026-04-07,Strait of Hormuz,0,1,0,0,3,1,4,0,43988,0,0,118890,43988,162879
chokepoint6,2026-04-08,Strait of Hormuz,1,2,1,0,0,4,4,13358,0,12988,0,0,26346,26346
chokepoint6,2026-04-09,Strait of Hormuz,0,3,2,0,4,5,9,0,82466,12279,0,22735,94745,117481
chokepoint6,2026-04-10,Strait of Hormuz,0,3,1,0,1,4,5,0,0,10961,0,278711,10961,289672
chokepoint6,2026-04-11,Strait of Hormuz,1,3,0,2,5,6,11,70087,44690,0,11158,287665,125936,413601
chokepoint6,2026-04-12,Strait of Hormuz,0,5,0,0,3,5,8,0,51274,0,0,2004,51274,53278
chokepoint6,2026-04-13,Strait of Hormuz,1,2,4,0,4,7,11,32074,39698,3148,0,34634,74921,109556
chokepoint6,2026-04-14,Strait of Hormuz,3,1,3,0,3,7,10,69330,31086,3648,0,44920,104065,148986
chokepoint6,2026-04-15,Strait of Hormuz,1,3,2,0,4,6,10,22735,314972,1890,0,6839,339598,346438
chokepoint6,2026-04-16,Strait of Hormuz,0,1,2,0,3,3,6,0,0,3063,0,84152,3063,87216
chokepoint6,2026-04-17,Strait of Hormuz,0,7,3,0,4,10,14,0,0,2169,0,37270,2169,39440
chokepoint6,2026-04-18,Strait of Hormuz,7,6,0,0,16,13,29,212705,385897,0,0,874185,598602,1472788
chokepoint6,2026-04-19,Strait of Hormuz,0,0,2,0,2,2,4,0,0,5189,0,9975,5189,15165
chokepoint6,2026-04-20,Strait of Hormuz,2,0,1,0,4,3,7,20045,0,0,0,43459,20045,63504
chokepoint6,2026-04-21,Strait of Hormuz,0,1,1,0,1,2,3,0,0,1295,0,71090,1295,72385
chokepoint6,2026-04-22,Strait of Hormuz,2,1,2,0,2,5,7,72964,47075,1116,0,0,121156,121156
chokepoint6,2026-04-23,Strait of Hormuz,0,1,1,0,0,2,2,0,33377,1819,0,0,35197,35197
chokepoint6,2026-04-24,Strait of Hormuz,1,1,4,0,2,6,8,52631,38488,12332,0,310377,103451,413829
chokepoint6,2026-04-25,Strait of Hormuz,1,2,1,0,1,4,5,21242,104441,107,0,42882,125791,168673
chokepoint6,2026-04-26,Strait of Hormuz,0,4,0,0,1,4,5,0,164200,0,0,0,164200,164200
chokepoint6,2026-04-27,Strait of Hormuz,0,0,2,0,1,2,3,0,0,43516,0,71366,43516,114882
chokepoint6,2026-04-28,Strait of Hormuz,0,0,8,0,3,8,11,0,0,27775,0,303841,27775,331616
chokepoint6,2026-04-29,Strait of Hormuz,0,2,1,0,3,3,6,0,385860,591,0,11036,386452,397489
chokepoint6,2026-04-30,Strait of Hormuz,1,1,0,0,3,2,5,0,0,0,0,4205,0,4205
chokepoint6,2026-05-01,Strait of Hormuz,0,1,3,0,2,4,6,0,32632,692,0,36640,33325,69966
chokepoint6,2026-05-02,Strait of Hormuz,0,2,0,0,2,2,4,0,0,0,0,45868,0,45868
chokepoint6,2026-05-03,Strait of Hormuz,0,2,2,0,1,4,5,0,114897,7250,0,0,122148,122148
chokepoint6,2026-05-04,Strait of Hormuz,2,1,0,0,0,3,3,20058,0,0,0,0,20058,20058
chokepoint6,2026-05-05,Strait of Hormuz,0,1,0,0,0,1,1,0,0,0,0,0,0,0
chokepoint6,2026-05-06,Strait of Hormuz,0,0,0,0,0,0,0,0,0,0,0,0,0,0
chokepoint6,2026-05-07,Strait of Hormuz,0,1,0,0,1,1,2,0,0,0,0,273027,0,273027
chokepoint6,2026-05-08,Strait of Hormuz,0,0,0,0,0,0,0,0,0,0,0,0,0,0
chokepoint6,2026-05-09,Strait of Hormuz,0,0,0,0,1,0,1,0,0,0,0,98525,0,98525
chokepoint6,2026-05-10,Strait of Hormuz,0,2,0,0,2,2,4,0,130924,0,0,319376,130924,450300
chokepoint6,2026-05-11,Strait of Hormuz,0,3,1,0,3,4,7,0,82920,0,0,88456,82920,171377
chokepoint6,2026-05-12,Strait of Hormuz,0,2,1,1,3,4,7,0,28180,344,0,82996,28525,111521
chokepoint6,2026-05-13,Strait of Hormuz,0,1,2,0,4,3,7,0,0,1425,0,661047,1425,662473
chokepoint6,2026-05-14,Strait of Hormuz,1,1,1,0,4,3,7,16699,0,4955,0,42976,21654,64631
chokepoint6,2026-05-15,Strait of Hormuz,1,0,1,0,2,2,4,15941,0,10961,0,5341,26902,32244
chokepoint6,2026-05-16,Strait of Hormuz,2,6,0,0,2,8,10,23805,319450,0,0,36579,343255,379834
chokepoint6,2026-05-17,Strait of Hormuz,2,0,0,0,0,2,2,0,0,0,0,0,0,0
chokepoint6,2026-05-18,Strait of Hormuz,0,0,1,0,1,1,2,0,0,692,0,0,692,692
chokepoint6,2026-05-19,Strait of Hormuz,1,1,0,0,4,2,6,38979,69302,0,0,574856,108282,683138
chokepoint6,2026-05-20,Strait of Hormuz,2,6,0,0,4,8,12,23766,297907,0,0,290295,321674,611970
chokepoint6,2026-05-21,Strait of Hormuz,0,1,1,0,2,2,4,0,0,721,0,42682,721,43403
chokepoint6,2026-05-22,Strait of Hormuz,2,2,1,0,0,5,5,33891,51274,329,0,0,85495,85495
chokepoint6,2026-05-23,Strait of Hormuz,0,3,2,0,4,5,9,0,49325,566,0,409069,49892,458962
chokepoint6,2026-05-24,Strait of Hormuz,0,2,0,0,2,2,4,0,54513,0,0,6839,54513,61353
chokepoint6,2026-05-25,Strait of Hormuz,2,1,1,0,2,4,6,38844,0,0,0,0,38844,38844
chokepoint6,2026-05-26,Strait of Hormuz,0,1,1,0,0,2,2,0,0,349,0,0,349,349
chokepoint6,2026-05-27,Strait of Hormuz,1,1,1,0,2,3,5,27574,0,0,0,106096,27574,133671
chokepoint6,2026-05-28,Strait of Hormuz,1,1,1,0,0,3,3,0,64539,692,0,0,65232,65232
chokepoint6,2026-05-29,Strait of Hormuz,1,0,0,1,1,2,3,0,0,0,6056,0,6056,6056
chokepoint6,2026-05-30,Strait of Hormuz,0,2,2,0,0,4,4,0,52574,675,0,0,53250,53250
chokepoint6,2026-05-31,Strait of Hormuz,3,2,3,0,2,8,10,41448,97483,15419,0,594,154352,154946
chokepoint7,2025-12-23,Cape of Good Hope,19,43,5,2,20,69,89,1515183,3468371,30489,14552,1666338,5028597,6694936
chokepoint7,2025-12-24,Cape of Good Hope,12,46,5,4,11,67,78,804814,3688886,55840,18588,963914,4568129,5532044
chokepoint7,2025-12-25,Cape of Good Hope,24,35,7,3,8,69,77,1383428,2820090,102861,17191,351009,4323571,4674581
chokepoint7,2025-12-26,Cape of Good Hope,28,40,4,5,20,77,97,1871252,2956967,20183,12065,1146156,4860469,6006626
chokepoint7,2025-12-27,Cape of Good Hope,11,46,3,7,10,67,77,845920,2386768,37344,22798,447221,3292832,3740054
chokepoint7,2025-12-28,Cape of Good Hope,21,35,6,3,14,65,79,1484559,1986052,27769,20179,833335,3518561,4351897
chokepoint7,2025-12-29,Cape of Good Hope,22,34,5,3,20,64,84,1094443,2456044,55938,15138,1613122,3621564,5234686
chokepoint7,2025-12-30,Cape of Good Hope,28,54,3,6,16,91,107,1371668,4764774,10365,18759,1253909,6165568,7419477
chokepoint7,2025-12-31,Cape of Good Hope,15,52,3,2,17,72,89,772017,4772076,10268,7759,771165,5562121,6333286
chokepoint7,2026-01-01,Cape of Good Hope,21,38,4,2,15,65,80,1548576,2685827,26861,7303,757455,4268570,5026026
chokepoint7,2026-01-02,Cape of Good Hope,24,42,4,3,15,73,88,1357767,4020655,85537,13358,450845,5477318,5928164
chokepoint7,2026-01-03,Cape of Good Hope,17,31,6,3,20,57,77,1077401,2064056,75325,28918,869914,3245701,4115616
chokepoint7,2026-01-04,Cape of Good Hope,20,36,3,3,18,62,80,1664079,2706621,60963,10626,391945,4442290,4834235
chokepoint7,2026-01-05,Cape of Good Hope,28,41,4,8,17,81,98,1564550,3364006,37799,32807,665579,4999164,5664743
chokepoint7,2026-01-06,Cape of Good Hope,20,36,5,0,12,61,73,1089407,2470982,80826,0,613530,3641216,4254747
chokepoint7,2026-01-07,Cape of Good Hope,12,30,0,3,9,45,54,870986,2459301,0,22376,720818,3352664,4073482
chokepoint7,2026-01-08,Cape of Good Hope,24,46,9,7,14,86,100,1469736,4093293,88156,25936,754063,5677123,6431186
chokepoint7,2026-01-09,Cape of Good Hope,28,46,1,4,19,79,98,1833982,2661317,0,9171,1539957,4504470,6044428
chokepoint7,2026-01-10,Cape of Good Hope,22,35,9,6,18,72,90,1451256,2606633,94691,26459,743634,4179041,4922675
chokepoint7,2026-01-11,Cape of Good Hope,12,58,6,5,12,81,93,1164640,2415550,113717,16375,800639,3710283,4510923
chokepoint7,2026-01-12,Cape of Good Hope,20,49,7,1,22,77,99,1429105,3901690,77931,11241,1930769,5419968,7350738
chokepoint7,2026-01-13,Cape of Good Hope,19,43,9,4,14,75,89,1073835,2664954,53807,25659,467030,3818256,4285286
chokepoint7,2026-01-14,Cape of Good Hope,20,36,4,7,17,67,84,1175293,2272291,10033,50639,636444,3508258,4144702
chokepoint7,2026-01-15,Cape of Good Hope,25,47,7,2,15,81,96,1536749,3501235,99773,4317,1516328,5142075,6658404
chokepoint7,2026-01-16,Cape of Good Hope,22,41,4,4,14,71,85,1606929,2730926,63914,12085,998508,4413856,5412365
chokepoint7,2026-01-17,Cape of Good Hope,17,52,1,3,14,73,87,946989,3329102,6258,15755,781769,4298106,5079876
chokepoint7,2026-01-18,Cape of Good Hope,23,30,3,7,22,63,85,1519661,1249123,23201,21669,1793282,2813655,4606937
chokepoint7,2026-01-19,Cape of Good Hope,16,36,6,2,16,60,76,1047324,2543618,98915,9903,1240893,3699761,4940655
chokepoint7,2026-01-20,Cape of Good Hope,15,49,2,9,18,75,93,818942,3136756,4557,40377,1493970,4000634,5494605
chokepoint7,2026-01-21,Cape of Good Hope,17,51,2,4,16,74,90,1112094,3313232,5821,13478,753020,4444626,5197646
chokepoint7,2026-01-22,Cape of Good Hope,21,48,4,1,18,74,92,1333464,3576432,32984,5455,1018241,4948337,5966578
chokepoint7,2026-01-23,Cape of Good Hope,20,35,5,2,19,62,81,1380571,2788309,25236,11793,1172253,4205910,5378163
chokepoint7,2026-01-24,Cape of Good Hope,20,31,4,3,14,58,72,1408038,1920302,87531,6153,896688,3422025,4318714
chokepoint7,2026-01-25,Cape of Good Hope,30,35,8,2,15,75,90,1889603,2245907,29258,1846,558550,4166615,4725165
chokepoint7,2026-01-26,Cape of Good Hope,21,51,4,7,24,83,107,1186324,3263565,4822,23659,1270517,4478372,5748890
chokepoint7,2026-01-27,Cape of Good Hope,22,48,1,4,22,75,97,1244011,2545511,15807,22382,978753,3827712,4806465
chokepoint7,2026-01-28,Cape of Good Hope,19,47,3,5,13,74,87,902889,2754480,27473,4661,732403,3689503,4421907
chokepoint7,2026-01-29,Cape of Good Hope,20,46,5,4,18,75,93,1510457,3498647,58758,10995,828651,5078858,5907510
chokepoint7,2026-01-30,Cape of Good Hope,21,52,9,2,16,84,100,1123547,3282097,77957,3384,502581,4486986,4989568
chokepoint7,2026-01-31,Cape of Good Hope,15,36,2,4,11,57,68,924628,2460054,16234,21170,462755,3422088,3884843
chokepoint7,2026-02-01,Cape of Good Hope,17,34,3,4,14,58,72,977446,2514822,14814,12769,474557,3519852,3994410
chokepoint7,2026-02-02,Cape of Good Hope,11,39,5,3,7,58,65,692897,2614435,40758,7613,242325,3355704,3598030
chokepoint7,2026-02-03,Cape of Good Hope,18,49,4,3,6,74,80,1039572,3078867,13264,11084,152250,4142789,4295040
chokepoint7,2026-02-04,Cape of Good Hope,20,48,2,8,16,78,94,1188196,2876691,9627,36795,1034160,4111310,5145470
chokepoint7,2026-02-05,Cape of Good Hope,16,45,4,0,13,65,78,994574,2729418,9120,0,340152,3733113,4073265
chokepoint7,2026-02-06,Cape of Good Hope,23,40,3,2,11,68,79,1522379,2884415,18551,10785,697361,4436131,5133493
chokepoint7,2026-02-07,Cape of Good Hope,16,35,1,1,12,53,65,979927,2313240,1656,4154,1254050,3298978,4553029
chokepoint7,2026-02-08,Cape of Good Hope,17,43,2,1,16,63,79,1254098,2718865,34242,0,754870,4007206,4762077
chokepoint7,2026-02-09,Cape of Good Hope,13,47,7,3,11,70,81,978826,2763709,54546,25427,1157106,3822509,4979616
chokepoint7,2026-02-10,Cape of Good Hope,26,51,4,4,13,85,98,1651717,3536882,41099,22044,770424,5251744,6022168
chokepoint7,2026-02-11,Cape of Good Hope,9,48,3,3,19,63,82,443628,3276968,18760,8028,1237174,3747386,4984560
chokepoint7,2026-02-12,Cape of Good Hope,20,41,2,2,17,65,82,1391278,2547510,16384,3710,684801,3958884,4643685
chokepoint7,2026-02-13,Cape of Good Hope,17,40,2,1,15,60,75,1286496,2510917,36654,4092,1314149,3838160,5152309
chokepoint7,2026-02-14,Cape of Good Hope,24,43,1,0,13,68,81,1705796,2421178,9948,0,973490,4136923,5110414
chokepoint7,2026-02-15,Cape of Good Hope,24,47,1,4,12,76,88,1554464,3683510,6368,4760,836858,5249103,6085961
chokepoint7,2026-02-16,Cape of Good Hope,23,49,2,4,24,78,102,1281166,3052474,30621,18303,1739709,4382566,6122275
chokepoint7,2026-02-17,Cape of Good Hope,15,49,3,3,9,70,79,855893,4671327,5686,6656,441666,5539564,5981230
chokepoint7,2026-02-18,Cape of Good Hope,19,36,3,3,13,61,74,1350856,2239266,60401,17528,742092,3668052,4410144
chokepoint7,2026-02-19,Cape of Good Hope,23,51,6,4,17,84,101,1096309,2538431,65965,17621,1319280,3718326,5037607
chokepoint7,2026-02-20,Cape of Good Hope,23,50,4,5,11,82,93,1506901,2117784,31333,16394,237265,3672413,3909678
chokepoint7,2026-02-21,Cape of Good Hope,18,34,11,14,16,77,93,1001802,3044418,127439,68754,814105,4242414,5056519
chokepoint7,2026-02-22,Cape of Good Hope,14,67,14,2,13,97,110,1121591,3153713,107685,6579,334813,4389569,4724383
chokepoint7,2026-02-23,Cape of Good Hope,28,49,6,6,13,89,102,1587085,4029783,72050,24993,1047846,5713913,6761760
chokepoint7,2026-02-24,Cape of Good Hope,27,53,5,3,10,88,98,1849446,3501255,58701,22729,668037,5432133,6100170
chokepoint7,2026-02-25,Cape of Good Hope,14,39,1,2,11,56,67,757114,2390461,20734,6410,1580254,3174720,4754974
chokepoint7,2026-02-26,Cape of Good Hope,22,45,4,4,11,75,86,1401465,2893347,35311,29401,984302,4359526,5343829
chokepoint7,2026-02-27,Cape of Good Hope,30,56,4,2,15,92,107,1824014,2860033,35441,0,807363,4719489,5526852
chokepoint7,2026-02-28,Cape of Good Hope,13,31,5,4,9,53,62,667587,1499433,50191,20662,284591,2237874,2522465
chokepoint7,2026-03-01,Cape of Good Hope,6,58,1,1,12,66,78,613914,3214607,1499,0,668596,3830021,4498617
chokepoint7,2026-03-02,Cape of Good Hope,17,42,2,4,10,65,75,1156832,2386475,12499,14430,379810,3570238,3950049
chokepoint7,2026-03-03,Cape of Good Hope,29,52,5,5,13,91,104,1696507,3217601,88684,28303,689662,5031096,5720759
chokepoint7,2026-03-04,Cape of Good Hope,29,65,6,2,15,102,117,1670355,3537385,43192,0,244745,5250933,5495679
chokepoint7,2026-03-05,Cape of Good Hope,26,58,10,6,14,100,114,1717975,4714392,93184,43873,762351,6569426,7331778
chokepoint7,2026-03-06,Cape of Good Hope,24,36,4,2,12,66,78,1409799,2202802,49483,18072,1191063,3680158,4871222
chokepoint7,2026-03-07,Cape of Good Hope,11,44,3,4,10,62,72,883009,2683101,60856,21457,527326,3648425,4175751
chokepoint7,2026-03-08,Cape of Good Hope,23,40,2,3,14,68,82,1277011,2246510,18427,2838,1353966,3544788,4898754
chokepoint7,2026-03-09,Cape of Good Hope,20,60,2,4,18,86,104,964739,3139902,7356,16732,1008309,4128731,5137040
chokepoint7,2026-03-10,Cape of Good Hope,23,46,5,4,13,78,91,1511273,2621629,56359,20236,304461,4209498,4513960
chokepoint7,2026-03-11,Cape of Good Hope,19,53,5,7,12,84,96,1355200,3259490,33645,42112,617831,4690449,5308280
chokepoint7,2026-03-12,Cape of Good Hope,18,45,5,3,11,71,82,1080256,3437547,37216,12740,574686,4567760,5142446
chokepoint7,2026-03-13,Cape of Good Hope,29,41,5,3,11,78,89,1804799,2901924,50591,5950,874819,4763266,5638085
chokepoint7,2026-03-14,Cape of Good Hope,13,39,8,2,18,62,80,783320,2061190,87486,10313,1151635,2942310,4093946
chokepoint7,2026-03-15,Cape of Good Hope,26,35,0,5,22,66,88,1904698,1831290,0,17707,1560300,3753696,5313997
chokepoint7,2026-03-16,Cape of Good Hope,16,47,5,2,13,70,83,985017,3879832,76959,4248,296040,4946058,5242098
chokepoint7,2026-03-17,Cape of Good Hope,19,46,1,4,28,70,98,1258005,2976497,16221,17904,2543112,4268629,6811742
chokepoint7,2026-03-18,Cape of Good Hope,25,53,7,5,14,90,104,1731722,2774804,35576,18632,247267,4560734,4808002
chokepoint7,2026-03-19,Cape of Good Hope,21,39,6,3,20,69,89,1281534,2378917,33057,18389,1302221,3711898,5014120
chokepoint7,2026-03-20,Cape of Good Hope,15,45,1,2,22,63,85,923054,3226791,5194,20289,1118811,4175330,5294141
chokepoint7,2026-03-21,Cape of Good Hope,20,44,3,2,19,69,88,1405145,3045224,20613,17052,886920,4488036,5374957
chokepoint7,2026-03-22,Cape of Good Hope,27,34,3,4,16,68,84,1573757,2253058,7246,18665,522889,3852728,4375617
chokepoint7,2026-03-23,Cape of Good Hope,14,36,5,5,23,60,83,809951,1854781,77669,18830,1041897,2761233,3803130
chokepoint7,2026-03-24,Cape of Good Hope,11,40,5,7,21,63,84,587627,1866980,72324,26735,684766,2553668,3238435
chokepoint7,2026-03-25,Cape of Good Hope,15,40,5,5,24,65,89,934165,3346960,25399,24807,1015645,4331332,5346977
chokepoint7,2026-03-26,Cape of Good Hope,29,38,2,7,23,76,99,1748943,3419033,6532,21645,1235110,5196154,6431264
chokepoint7,2026-03-27,Cape of Good Hope,19,34,5,3,20,61,81,1317380,3198637,83222,15946,811867,4615187,5427054
chokepoint7,2026-03-28,Cape of Good Hope,15,34,5,2,29,56,85,979725,1981745,42742,6384,1036308,3010597,4046906
chokepoint7,2026-03-29,Cape of Good Hope,21,38,3,4,22,66,88,1652330,2897642,37358,12845,1516569,4600176,6116745
chokepoint7,2026-03-30,Cape of Good Hope,16,38,4,3,16,61,77,953822,2463560,7022,18858,546456,3443264,3989721
chokepoint7,2026-03-31,Cape of Good Hope,19,48,4,1,19,72,91,1175315,3730469,33328,0,924739,4939113,5863852
chokepoint7,2026-04-01,Cape of Good Hope,19,48,2,4,11,73,84,1103097,3031419,19875,7203,122505,4161596,4284102
chokepoint7,2026-04-02,Cape of Good Hope,15,44,1,4,24,64,88,1077552,2217812,9526,10435,439734,3315326,3755061
chokepoint7,2026-04-03,Cape of Good Hope,21,41,6,5,23,73,96,1256184,2655062,42389,14826,889247,3968462,4857710
chokepoint7,2026-04-04,Cape of Good Hope,32,38,6,9,27,85,112,1792669,2730787,31166,37649,1196569,4592272,5788841
chokepoint7,2026-04-05,Cape of Good Hope,9,31,1,0,24,41,65,460576,2201412,0,0,1480767,2661988,4142756
chokepoint7,2026-04-06,Cape of Good Hope,14,26,1,1,18,42,60,1053145,2023657,14731,0,1017322,3091534,4108857
chokepoint7,2026-04-07,Cape of Good Hope,17,39,4,1,14,61,75,1112093,3391155,62205,5943,729598,4571396,5300995
chokepoint7,2026-04-08,Cape of Good Hope,32,41,2,6,32,81,113,1725236,2722262,20590,23221,1290451,4491310,5781762
chokepoint7,2026-04-09,Cape of Good Hope,21,41,7,3,31,72,103,1557355,2531604,75920,15670,1777532,4180551,5958083
chokepoint7,2026-04-10,Cape of Good Hope,26,39,6,5,24,76,100,1727091,2542689,46590,22413,1157180,4338785,5495965
chokepoint7,2026-04-11,Cape of Good Hope,17,47,2,5,19,71,90,926392,4353708,6282,34250,1173972,5320634,6494606
chokepoint7,2026-04-12,Cape of Good Hope,25,42,3,7,18,77,95,1977066,3376271,37048,33435,1129057,5423822,6552880
chokepoint7,2026-04-13,Cape of Good Hope,24,39,3,6,29,72,101,1628259,3552992,46657,23104,1211593,5251012,6462606
chokepoint7,2026-04-14,Cape of Good Hope,24,43,4,3,28,74,102,1461205,3089475,59197,18806,726080,4628684,5354765
chokepoint7,2026-04-15,Cape of Good Hope,14,44,5,2,22,65,87,749321,4237428,42512,6720,1395609,5035982,6431592
chokepoint7,2026-04-16,Cape of Good Hope,17,37,1,5,35,60,95,864559,2732054,34132,13887,1531010,3644634,5175644
chokepoint7,2026-04-17,Cape of Good Hope,27,39,2,2,22,70,92,1887505,3565373,18676,4933,1266764,5476487,6743252
chokepoint7,2026-04-18,Cape of Good Hope,26,37,3,6,19,72,91,1379743,1774350,28214,24390,979750,3206698,4186449
chokepoint7,2026-04-19,Cape of Good Hope,4,51,4,0,27,59,86,294438,3511898,25672,0,1283539,3832008,5115548
chokepoint7,2026-04-20,Cape of Good Hope,10,30,2,5,17,47,64,770276,2328684,37241,19894,688912,3156097,3845009
chokepoint7,2026-04-21,Cape of Good Hope,11,48,4,0,19,63,82,820323,2709760,59743,0,541374,3589827,4131201
chokepoint7,2026-04-22,Cape of Good Hope,18,25,3,4,25,50,75,1239758,2866307,33004,27987,1473054,4167057,5640112
chokepoint7,2026-04-23,Cape of Good Hope,38,44,5,8,22,95,117,2527400,3827678,47232,28016,951200,6430327,7381528
chokepoint7,2026-04-24,Cape of Good Hope,33,55,10,12,22,110,132,1996981,4824664,161848,40009,1735067,7023503,8758571
chokepoint7,2026-04-25,Cape of Good Hope,26,65,3,7,24,101,125,1789369,5434464,8649,40257,2545517,7272741,9818258
chokepoint7,2026-04-26,Cape of Good Hope,13,41,0,2,24,56,80,948214,3765590,0,11510,796693,4725314,5522008
chokepoint7,2026-04-27,Cape of Good Hope,5,40,1,4,14,50,64,279096,3111580,25739,13984,1071985,3430401,4502386
chokepoint7,2026-04-28,Cape of Good Hope,27,19,2,0,21,48,69,1480515,1523753,37689,0,1332745,3041957,4374702
chokepoint7,2026-04-29,Cape of Good Hope,16,33,4,1,20,54,74,794869,2527871,68948,5540,503184,3397230,3900415
chokepoint7,2026-04-30,Cape of Good Hope,28,49,1,4,24,82,106,1845335,3063227,45113,20077,1469059,4973752,6442812
chokepoint7,2026-05-01,Cape of Good Hope,23,31,2,2,23,58,81,1304193,2142114,35003,5464,843415,3486775,4330190
chokepoint7,2026-05-02,Cape of Good Hope,32,59,5,6,20,102,122,1577357,4927817,73819,14888,673232,6593882,7267114
chokepoint7,2026-05-03,Cape of Good Hope,18,53,7,3,21,81,102,976794,3222980,66212,7893,1126209,4273880,5400089
chokepoint7,2026-05-04,Cape of Good Hope,14,42,2,4,24,62,86,841518,3071242,9606,30200,1803862,3952568,5756431
chokepoint7,2026-05-05,Cape of Good Hope,10,49,5,5,13,69,82,787441,3142552,55538,27076,545513,4012608,4558121
chokepoint7,2026-05-06,Cape of Good Hope,9,37,1,4,13,51,64,547220,3596747,1821,13435,457050,4159224,4616275
chokepoint7,2026-05-07,Cape of Good Hope,27,43,4,2,19,76,95,1372692,4093458,75890,7326,1576442,5549368,7125811
chokepoint7,2026-05-08,Cape of Good Hope,28,37,3,2,23,70,93,2054328,2975284,42381,0,1900586,5071993,6972579
chokepoint7,2026-05-09,Cape of Good Hope,38,56,4,4,21,102,123,2358065,4247251,20749,29070,941052,6655136,7596188
chokepoint7,2026-05-10,Cape of Good Hope,5,34,1,1,19,41,60,472599,3149960,27992,0,565025,3650553,4215578
chokepoint7,2026-05-11,Cape of Good Hope,0,22,2,0,9,24,33,0,1868048,59983,0,514374,1928032,2442406
chokepoint7,2026-05-12,Cape of Good Hope,2,34,0,0,17,36,53,207021,1608566,0,0,712607,1815587,2528195
chokepoint7,2026-05-13,Cape of Good Hope,20,48,4,4,22,76,98,1192822,5634384,31164,5681,1777853,6864052,8641906
chokepoint7,2026-05-14,Cape of Good Hope,36,38,5,5,29,84,113,2228291,3661555,41678,21817,1694700,5953342,7648042
chokepoint7,2026-05-15,Cape of Good Hope,38,59,7,11,36,115,151,2654055,4630880,59197,41541,1661300,7385674,9046974
chokepoint7,2026-05-16,Cape of Good Hope,29,76,7,6,29,118,147,1667347,4566964,50293,19395,1306980,6304000,7610981
chokepoint7,2026-05-17,Cape of Good Hope,20,44,12,5,17,81,98,1198765,2840796,100054,30151,1010006,4169768,5179774
chokepoint7,2026-05-18,Cape of Good Hope,18,46,4,5,17,73,90,1278758,3663451,82392,12191,1343809,5036794,6380604
chokepoint7,2026-05-19,Cape of Good Hope,19,33,4,0,17,56,73,1254916,3294127,17253,0,1449479,4566297,6015777
chokepoint7,2026-05-20,Cape of Good Hope,23,47,4,8,29,82,111,1401133,2431728,20358,33190,1577744,3886411,5464155
chokepoint7,2026-05-21,Cape of Good Hope,20,54,1,4,29,79,108,1307449,3619694,9343,16749,1093928,4953236,6047164
chokepoint7,2026-05-22,Cape of Good Hope,27,52,2,4,19,85,104,1812706,3628365,15733,13681,1539144,5470487,7009631
chokepoint7,2026-05-23,Cape of Good Hope,14,40,2,5,15,61,76,840297,2900371,34527,23618,860374,3798814,4659188
chokepoint7,2026-05-24,Cape of Good Hope,20,39,9,11,26,79,105,1504868,2981069,120588,37917,2096833,4644443,6741277
chokepoint7,2026-05-25,Cape of Good Hope,24,41,3,5,20,73,93,1706492,3167553,8255,21436,859065,4903738,5762803
chokepoint7,2026-05-26,Cape of Good Hope,20,39,3,3,16,65,81,1105245,3863009,4605,16681,752156,4989542,5741698
chokepoint7,2026-05-27,Cape of Good Hope,8,46,2,3,17,59,76,483459,3321300,31773,9980,1062312,3846513,4908826
chokepoint7,2026-05-28,Cape of Good Hope,25,42,3,1,23,71,94,1965978,2969271,50343,0,1315422,4985594,6301016
chokepoint7,2026-05-29,Cape of Good Hope,19,46,3,6,10,74,84,1153583,3531863,44012,14590,1077342,4744050,5821393
chokepoint7,2026-05-30,Cape of Good Hope,23,61,5,4,24,93,117,1646896,5135892,34337,12692,1542871,6829819,8372690
chokepoint7,2026-05-31,Cape of Good Hope,19,51,5,4,17,79,96,1144071,3904600,37724,7459,1466319,5093856,6560175
chokepoint8,2025-12-23,Gibraltar Strait,30,35,19,7,46,91,137,1129404,1385432,70931,12386,649777,2598156,3247933
chokepoint8,2025-12-24,Gibraltar Strait,40,28,42,6,47,116,163,1153850,1141224,117276,22808,1473461,2435160,3908621
chokepoint8,2025-12-25,Gibraltar Strait,33,32,28,7,49,100,149,968696,1414418,135896,24621,1352201,2543632,3895834
chokepoint8,2025-12-26,Gibraltar Strait,33,34,27,5,47,99,146,648643,1544567,85666,9058,1722693,2287936,4010630
chokepoint8,2025-12-27,Gibraltar Strait,26,29,16,3,48,74,122,1191733,1292188,80089,3707,1429284,2567718,3997003
chokepoint8,2025-12-28,Gibraltar Strait,35,33,29,6,44,103,147,1288751,1077019,100372,11402,969319,2477545,3446865
chokepoint8,2025-12-29,Gibraltar Strait,22,29,25,7,53,83,136,770163,1129652,75931,25372,1296755,2001119,3297874
chokepoint8,2025-12-30,Gibraltar Strait,28,24,29,5,52,86,138,975318,1117190,115633,12964,1503566,2221107,3724673
chokepoint8,2025-12-31,Gibraltar Strait,31,36,23,7,43,97,140,927986,1200810,50359,36268,1150899,2215425,3366324
chokepoint8,2026-01-01,Gibraltar Strait,34,30,25,7,57,96,153,1256333,962638,83581,9660,1765938,2312212,4078151
chokepoint8,2026-01-02,Gibraltar Strait,34,27,18,5,51,84,135,1049214,961904,28385,14142,1276792,2053647,3330439
chokepoint8,2026-01-03,Gibraltar Strait,22,19,14,3,37,58,95,598805,738526,27375,5098,900150,1369805,2269955
chokepoint8,2026-01-04,Gibraltar Strait,31,20,27,7,55,85,140,844893,940629,117581,14215,1621715,1917319,3539035
chokepoint8,2026-01-05,Gibraltar Strait,26,26,21,3,42,76,118,635804,1014424,56406,7734,1192327,1714370,2906697
chokepoint8,2026-01-06,Gibraltar Strait,33,23,14,2,40,72,112,556263,707559,51429,7619,1061417,1322872,2384289
chokepoint8,2026-01-07,Gibraltar Strait,27,25,15,2,41,69,110,858424,1145108,89228,0,946943,2092761,3039705
chokepoint8,2026-01-08,Gibraltar Strait,30,17,25,4,45,76,121,1259836,697122,64091,6627,1075953,2027679,3103632
chokepoint8,2026-01-09,Gibraltar Strait,27,19,24,2,34,72,106,695291,472082,100316,5247,1256088,1272938,2529026
chokepoint8,2026-01-10,Gibraltar Strait,26,25,29,4,36,84,120,770953,969775,80828,2334,1172194,1823893,2996088
chokepoint8,2026-01-11,Gibraltar Strait,30,27,15,7,41,79,120,897386,1161281,63556,4890,959593,2127115,3086709
chokepoint8,2026-01-12,Gibraltar Strait,26,18,21,2,50,67,117,832157,681258,72332,16524,1533116,1602272,3135389
chokepoint8,2026-01-13,Gibraltar Strait,31,21,12,5,27,69,96,797687,846948,50989,8110,1053871,1703735,2757607
chokepoint8,2026-01-14,Gibraltar Strait,35,20,10,4,49,69,118,1372167,761228,22320,3942,1614443,2159659,3774103
chokepoint8,2026-01-15,Gibraltar Strait,29,30,34,5,64,98,162,851666,1001104,105851,6247,2044578,1964869,4009447
chokepoint8,2026-01-16,Gibraltar Strait,35,37,32,7,53,111,164,1332871,1581176,77817,20104,1092119,3011970,4104089
chokepoint8,2026-01-17,Gibraltar Strait,28,25,27,7,50,87,137,640019,1121761,118293,7355,1542100,1887428,3429529
chokepoint8,2026-01-18,Gibraltar Strait,31,22,24,5,55,82,137,808046,604567,82387,22870,1413703,1517871,2931574
chokepoint8,2026-01-19,Gibraltar Strait,27,29,21,3,42,80,122,793478,947462,69029,4970,1098381,1814941,2913322
chokepoint8,2026-01-20,Gibraltar Strait,38,23,16,5,49,82,131,836099,1043341,42969,3391,1958701,1925800,3884502
chokepoint8,2026-01-21,Gibraltar Strait,32,37,23,5,40,97,137,1048817,1488986,134611,9805,1534387,2682221,4216608
chokepoint8,2026-01-22,Gibraltar Strait,38,23,25,7,45,93,138,1164369,987945,93684,22416,1232179,2268415,3500595
chokepoint8,2026-01-23,Gibraltar Strait,23,18,11,3,44,55,99,642189,791386,42897,4764,975536,1481237,2456774
chokepoint8,2026-01-24,Gibraltar Strait,13,12,21,2,44,48,92,681786,421607,69147,0,1250457,1172541,2422998
chokepoint8,2026-01-25,Gibraltar Strait,21,12,12,2,24,47,71,767899,456804,42643,0,702071,1267346,1969418
chokepoint8,2026-01-26,Gibraltar Strait,26,11,4,2,33,43,76,981192,346114,7582,9680,865995,1344569,2210565
chokepoint8,2026-01-27,Gibraltar Strait,33,15,18,4,34,70,104,810074,448193,102396,10214,720006,1370879,2090885
chokepoint8,2026-01-28,Gibraltar Strait,6,20,8,2,25,36,61,407553,668244,45344,0,1084848,1121142,2205991
chokepoint8,2026-01-29,Gibraltar Strait,18,23,25,2,48,68,116,424192,734021,111190,7059,1292013,1276463,2568477
chokepoint8,2026-01-30,Gibraltar Strait,47,36,27,15,69,125,194,1784490,2074122,120688,54007,2411843,4033308,6445152
chokepoint8,2026-01-31,Gibraltar Strait,30,20,33,17,44,100,144,790848,728813,107203,29571,1547316,1656437,3203754
chokepoint8,2026-02-01,Gibraltar Strait,24,37,28,6,36,95,131,849418,1415662,91674,23491,837471,2380247,3217719
chokepoint8,2026-02-02,Gibraltar Strait,45,22,23,4,48,94,142,1311034,1162647,72116,8583,1502154,2554382,4056536
chokepoint8,2026-02-03,Gibraltar Strait,42,22,6,3,38,73,111,1544087,736694,41282,3751,661479,2325816,2987295
chokepoint8,2026-02-04,Gibraltar Strait,19,24,18,3,50,64,114,475215,1167529,79282,7329,1819059,1729356,3548416
chokepoint8,2026-02-05,Gibraltar Strait,31,30,12,7,46,80,126,1422746,1051717,39395,14011,1665224,2527871,4193096
chokepoint8,2026-02-06,Gibraltar Strait,29,46,25,3,49,103,152,1045641,1577429,105533,6654,1672405,2735257,4407663
chokepoint8,2026-02-07,Gibraltar Strait,19,26,21,4,32,70,102,726022,1109268,59072,4134,1147182,1898497,3045680
chokepoint8,2026-02-08,Gibraltar Strait,44,29,33,2,43,108,151,1090040,854837,100387,0,1417705,2045265,3462970
chokepoint8,2026-02-09,Gibraltar Strait,38,29,28,8,47,103,150,1141203,1616859,111751,17792,1420258,2887605,4307864
chokepoint8,2026-02-10,Gibraltar Strait,43,36,46,9,43,134,177,1247526,1500035,169988,16784,943066,2934335,3877401
chokepoint8,2026-02-11,Gibraltar Strait,36,32,33,6,53,107,160,1240782,1121835,158192,1643,1329536,2522453,3851990
chokepoint8,2026-02-12,Gibraltar Strait,29,18,25,3,58,75,133,779943,495043,100304,2673,1849725,1377965,3227690
chokepoint8,2026-02-13,Gibraltar Strait,22,26,21,1,32,70,102,855084,1015341,65629,0,1158078,1936055,3094134
chokepoint8,2026-02-14,Gibraltar Strait,25,10,18,3,36,56,92,787415,241870,49641,0,1178667,1078928,2257595
chokepoint8,2026-02-15,Gibraltar Strait,26,29,30,6,44,91,135,863397,1219473,99428,13865,1333935,2196165,3530101
chokepoint8,2026-02-16,Gibraltar Strait,35,36,15,9,71,95,166,964303,1827270,66046,33970,2435200,2891591,5326791
chokepoint8,2026-02-17,Gibraltar Strait,34,31,21,2,53,88,141,1243063,1813357,85524,11765,1413839,3153710,4567549
chokepoint8,2026-02-18,Gibraltar Strait,39,33,24,4,61,100,161,1234769,1384186,73638,7734,2310993,2700329,5011322
chokepoint8,2026-02-19,Gibraltar Strait,35,32,17,8,43,92,135,1126232,1430988,70638,25999,1392627,2653858,4046486
chokepoint8,2026-02-20,Gibraltar Strait,23,32,25,8,48,88,136,688057,875452,103512,20529,1405248,1687552,3092800
chokepoint8,2026-02-21,Gibraltar Strait,28,26,19,4,46,77,123,871414,781934,58024,4854,996034,1716228,2712263
chokepoint8,2026-02-22,Gibraltar Strait,53,20,21,2,43,96,139,1762134,879452,69563,4022,1285468,2715173,4000641
chokepoint8,2026-02-23,Gibraltar Strait,34,29,25,5,66,93,159,941918,1405069,109076,21320,2350908,2477384,4828292
chokepoint8,2026-02-24,Gibraltar Strait,35,30,27,5,54,97,151,932544,1113613,137661,22539,1176174,2206359,3382533
chokepoint8,2026-02-25,Gibraltar Strait,33,30,23,9,45,95,140,1292664,916446,111014,24185,1019652,2344311,3363964
chokepoint8,2026-02-26,Gibraltar Strait,35,33,41,3,53,112,165,916334,989665,97123,10320,1349359,2013443,3362803
chokepoint8,2026-02-27,Gibraltar Strait,24,22,27,6,45,79,124,1095923,706820,82702,13171,1389975,1898617,3288593
chokepoint8,2026-02-28,Gibraltar Strait,30,32,21,5,44,88,132,935497,1040951,67974,17292,1203210,2061715,3264925
chokepoint8,2026-03-01,Gibraltar Strait,35,14,17,4,44,70,114,942750,471685,73377,570,1400655,1488383,2889038
chokepoint8,2026-03-02,Gibraltar Strait,24,29,21,5,50,79,129,776666,770366,62948,5562,1233464,1615543,2849008
chokepoint8,2026-03-03,Gibraltar Strait,40,24,23,5,58,92,150,1225647,1072192,103333,2091,1739679,2403264,4142944
chokepoint8,2026-03-04,Gibraltar Strait,25,23,18,7,46,73,119,725863,713774,73957,8035,1692509,1521631,3214140
chokepoint8,2026-03-05,Gibraltar Strait,30,28,24,4,42,86,128,1015165,790641,118579,11972,1931421,1936358,3867780
chokepoint8,2026-03-06,Gibraltar Strait,29,30,24,7,48,90,138,1064683,806532,82547,9582,1681724,1963346,3645070
chokepoint8,2026-03-07,Gibraltar Strait,26,24,23,7,45,80,125,730591,923264,85306,17207,840899,1756369,2597269
chokepoint8,2026-03-08,Gibraltar Strait,33,32,22,11,54,98,152,1347808,1456891,116067,36553,1640289,2957321,4597610
chokepoint8,2026-03-09,Gibraltar Strait,35,26,28,5,46,94,140,1364524,1219438,107042,4209,1215765,2695215,3910980
chokepoint8,2026-03-10,Gibraltar Strait,33,36,24,5,49,98,147,987223,1538054,105374,15888,1244115,2646541,3890656
chokepoint8,2026-03-11,Gibraltar Strait,41,26,27,3,42,97,139,1492825,877680,69793,16146,1371602,2456445,3828047
chokepoint8,2026-03-12,Gibraltar Strait,32,26,30,7,49,95,144,1157033,1165762,93549,22618,1669210,2438964,4108174
chokepoint8,2026-03-13,Gibraltar Strait,25,27,19,5,49,76,125,1086392,599029,80008,21342,1050310,1786773,2837083
chokepoint8,2026-03-14,Gibraltar Strait,33,28,27,9,54,97,151,1007878,767448,89972,16139,1614343,1881439,3495783
chokepoint8,2026-03-15,Gibraltar Strait,28,30,19,9,40,86,126,814332,1142714,64033,10291,589227,2031372,2620600
chokepoint8,2026-03-16,Gibraltar Strait,37,32,18,5,42,92,134,1078144,1023129,75384,8852,1219060,2185510,3404570
chokepoint8,2026-03-17,Gibraltar Strait,31,29,18,3,49,81,130,1012159,1344194,83982,8040,1192936,2448377,3641314
chokepoint8,2026-03-18,Gibraltar Strait,31,26,27,5,48,89,137,1030080,1148129,129018,17011,1089465,2324239,3413705
chokepoint8,2026-03-19,Gibraltar Strait,34,31,26,6,41,97,138,1090906,970181,76791,4574,1236758,2142454,3379212
chokepoint8,2026-03-20,Gibraltar Strait,21,32,23,7,47,83,130,713560,1520170,188227,14204,1320228,2436163,3756391
chokepoint8,2026-03-21,Gibraltar Strait,30,20,35,4,28,89,117,1112277,789813,168777,9306,1011791,2080175,3091966
chokepoint8,2026-03-22,Gibraltar Strait,29,27,26,7,44,89,133,754972,1243002,102289,9135,1538492,2109400,3647893
chokepoint8,2026-03-23,Gibraltar Strait,36,28,32,10,60,106,166,1139106,1055302,173439,16829,1732746,2384678,4117424
chokepoint8,2026-03-24,Gibraltar Strait,32,30,15,4,48,81,129,1128074,1031761,62270,10868,1833756,2232975,4066731
chokepoint8,2026-03-25,Gibraltar Strait,28,13,20,5,49,66,115,1012425,583419,86439,7778,1773330,1690063,3463393
chokepoint8,2026-03-26,Gibraltar Strait,33,29,20,5,50,87,137,950111,1002015,95198,6839,1907624,2054164,3961789
chokepoint8,2026-03-27,Gibraltar Strait,25,37,26,3,44,91,135,869083,2162945,58515,7744,1237730,3098289,4336019
chokepoint8,2026-03-28,Gibraltar Strait,36,28,12,6,32,82,114,1191612,899024,25895,8177,1311967,2124710,3436678
chokepoint8,2026-03-29,Gibraltar Strait,34,30,14,8,46,86,132,1107084,1584804,60112,18421,1742259,2770422,4512682
chokepoint8,2026-03-30,Gibraltar Strait,30,19,23,5,39,77,116,830749,859113,112492,15969,845326,1818325,2663652
chokepoint8,2026-03-31,Gibraltar Strait,34,20,18,2,35,74,109,1500198,737362,63317,6086,904008,2306965,3210973
chokepoint8,2026-04-01,Gibraltar Strait,30,31,27,6,51,94,145,884362,1028404,55712,12173,1500024,1980652,3480676
chokepoint8,2026-04-02,Gibraltar Strait,32,22,21,6,41,81,122,669889,865206,55108,30495,1070781,1620700,2691481
chokepoint8,2026-04-03,Gibraltar Strait,21,19,15,5,51,60,111,845525,1022442,68386,6653,1566442,1943008,3509450
chokepoint8,2026-04-04,Gibraltar Strait,21,32,17,6,23,76,99,693648,1324246,76053,12698,848300,2106646,2954947
chokepoint8,2026-04-05,Gibraltar Strait,34,34,11,6,58,85,143,959538,1609461,49698,10524,1540927,2629223,4170150
chokepoint8,2026-04-06,Gibraltar Strait,34,17,26,8,37,85,122,1020373,1023703,112726,20645,1076405,2177448,3253854
chokepoint8,2026-04-07,Gibraltar Strait,39,30,27,4,46,100,146,1231497,1516077,124427,11925,1126136,2883927,4010063
chokepoint8,2026-04-08,Gibraltar Strait,27,28,18,5,39,78,117,1065777,803750,59129,7064,842960,1935722,2778683
chokepoint8,2026-04-09,Gibraltar Strait,35,33,12,3,44,83,127,987095,1268659,28274,10638,646830,2294668,2941498
chokepoint8,2026-04-10,Gibraltar Strait,18,30,22,5,44,75,119,585690,1227740,76647,4705,726788,1894785,2621573
chokepoint8,2026-04-11,Gibraltar Strait,37,27,18,4,34,86,120,1299970,1059268,51457,14967,949530,2425663,3375193
chokepoint8,2026-04-12,Gibraltar Strait,37,19,20,3,26,79,105,1013119,880982,86875,7249,415703,1988227,2403931
chokepoint8,2026-04-13,Gibraltar Strait,28,25,26,8,41,87,128,934168,563914,107561,10325,1568140,1615970,3184111
chokepoint8,2026-04-14,Gibraltar Strait,27,35,24,1,54,87,141,556404,1493883,95661,5195,1391055,2151145,3542200
chokepoint8,2026-04-15,Gibraltar Strait,33,31,11,7,47,82,129,998397,953718,52216,20427,1379998,2024760,3404759
chokepoint8,2026-04-16,Gibraltar Strait,26,25,14,5,35,70,105,734505,1035179,58943,9210,672391,1837838,2510229
chokepoint8,2026-04-17,Gibraltar Strait,30,33,17,7,41,87,128,824704,1268765,99720,6572,901601,2199763,3101365
chokepoint8,2026-04-18,Gibraltar Strait,31,35,27,5,53,98,151,799145,1247335,94604,7007,992837,2148092,3140930
chokepoint8,2026-04-19,Gibraltar Strait,37,27,25,6,27,95,122,1192735,1058840,85827,14188,546307,2351592,2897899
chokepoint8,2026-04-20,Gibraltar Strait,27,30,21,1,39,79,118,1007985,1627771,113297,0,1095500,2749054,3844555
chokepoint8,2026-04-21,Gibraltar Strait,30,27,25,3,53,85,138,698064,859426,125998,4001,854261,1687490,2541751
chokepoint8,2026-04-22,Gibraltar Strait,42,37,29,5,42,113,155,930821,1662288,109953,7074,1229110,2710138,3939249
chokepoint8,2026-04-23,Gibraltar Strait,30,26,22,4,37,82,119,837028,1009093,83415,7009,1254698,1936547,3191245
chokepoint8,2026-04-24,Gibraltar Strait,35,27,27,6,47,95,142,1500677,921951,93078,12040,1424850,2527748,3952599
chokepoint8,2026-04-25,Gibraltar Strait,24,23,24,8,33,79,112,526833,870291,80363,17377,829011,1494866,2323877
chokepoint8,2026-04-26,Gibraltar Strait,34,26,24,6,47,90,137,977180,886287,107352,27737,1365528,1998557,3364085
chokepoint8,2026-04-27,Gibraltar Strait,32,28,20,6,35,86,121,872250,1012465,71988,17552,947342,1974257,2921599
chokepoint8,2026-04-28,Gibraltar Strait,28,30,21,4,50,83,133,775416,1017903,53212,17100,1257963,1863632,3121596
chokepoint8,2026-04-29,Gibraltar Strait,38,35,25,7,40,105,145,1411214,1082939,96776,13686,1239624,2604617,3844242
chokepoint8,2026-04-30,Gibraltar Strait,26,24,20,6,48,76,124,819398,1011244,140964,10869,1485849,1982477,3468327
chokepoint8,2026-05-01,Gibraltar Strait,27,24,28,4,57,83,140,815299,812810,95259,7453,1649514,1730822,3380336
chokepoint8,2026-05-02,Gibraltar Strait,23,34,16,4,40,77,117,834935,1305902,64782,13441,1175912,2219061,3394974
chokepoint8,2026-05-03,Gibraltar Strait,32,28,19,5,35,84,119,1340535,1151549,61580,5091,1040830,2558757,3599587
chokepoint8,2026-05-04,Gibraltar Strait,32,35,21,5,34,93,127,647530,1380436,101282,26562,852294,2155812,3008106
chokepoint8,2026-05-05,Gibraltar Strait,23,26,26,4,32,79,111,902056,1110522,88557,5939,771881,2107075,2878957
chokepoint8,2026-05-06,Gibraltar Strait,34,32,26,10,48,102,150,1218772,1333674,128428,34100,1723344,2714975,4438320
chokepoint8,2026-05-07,Gibraltar Strait,32,26,24,9,41,91,132,932290,829923,79456,20043,1290304,1861713,3152018
chokepoint8,2026-05-08,Gibraltar Strait,31,37,20,4,54,92,146,1241194,1319378,46501,10333,1540832,2617407,4158239
chokepoint8,2026-05-09,Gibraltar Strait,30,30,20,3,37,83,120,912188,1084660,66744,12537,1378997,2076130,3455128
chokepoint8,2026-05-10,Gibraltar Strait,26,28,15,5,41,74,115,727349,1117076,55198,8801,1491255,1908426,3399682
chokepoint8,2026-05-11,Gibraltar Strait,30,20,20,6,43,76,119,757398,761341,94434,12846,1281441,1626020,2907462
chokepoint8,2026-05-12,Gibraltar Strait,36,19,20,8,48,83,131,1286973,631426,69066,28002,1306706,2015468,3322174
chokepoint8,2026-05-13,Gibraltar Strait,29,27,19,3,31,78,109,744491,1263849,96209,1623,707982,2106173,2814156
chokepoint8,2026-05-14,Gibraltar Strait,26,21,29,8,45,84,129,1174851,1024223,88347,31034,1473435,2318457,3791893
chokepoint8,2026-05-15,Gibraltar Strait,24,36,17,3,33,80,113,1207452,1521439,97815,4660,831876,2831368,3663244
chokepoint8,2026-05-16,Gibraltar Strait,33,32,29,10,47,104,151,925786,1154994,155361,12027,1204591,2248169,3452761
chokepoint8,2026-05-17,Gibraltar Strait,29,19,30,7,35,85,120,901628,802255,106799,23039,1146209,1833722,2979932
chokepoint8,2026-05-18,Gibraltar Strait,32,34,23,6,36,95,131,854887,1527175,75204,13691,764983,2470959,3235942
chokepoint8,2026-05-19,Gibraltar Strait,30,24,28,7,66,89,155,695254,1020323,133591,14839,2688881,1864008,4552890
chokepoint8,2026-05-20,Gibraltar Strait,38,34,19,6,44,97,141,1380805,1703434,44304,7340,1768608,3135885,4904494
chokepoint8,2026-05-21,Gibraltar Strait,28,31,17,6,36,82,118,981440,1177155,76812,9189,1421927,2244596,3666524
chokepoint8,2026-05-22,Gibraltar Strait,31,27,23,8,51,89,140,1328394,1301112,66447,13203,1043135,2709157,3752293
chokepoint8,2026-05-23,Gibraltar Strait,34,25,27,8,35,94,129,974960,778117,88472,25784,621276,1867335,2488611
chokepoint8,2026-05-24,Gibraltar Strait,29,27,25,6,44,87,131,905245,1320385,94000,9759,1350549,2329390,3679939
chokepoint8,2026-05-25,Gibraltar Strait,34,34,23,5,42,96,138,971394,1520815,69626,3433,1260692,2565269,3825962
chokepoint8,2026-05-26,Gibraltar Strait,38,33,22,3,44,96,140,1104847,1464099,100745,7033,1258073,2676725,3934799
chokepoint8,2026-05-27,Gibraltar Strait,28,31,24,3,34,86,120,880646,1436091,98537,2734,1184533,2418009,3602543
chokepoint8,2026-05-28,Gibraltar Strait,33,33,31,2,43,99,142,882399,1236440,117971,2511,1320697,2239322,3560020
chokepoint8,2026-05-29,Gibraltar Strait,26,28,25,3,48,82,130,1142642,1070144,64539,9601,951150,2286928,3238078
chokepoint8,2026-05-30,Gibraltar Strait,31,30,17,5,51,83,134,866222,1067615,57130,11225,1879498,2002193,3881692
chokepoint8,2026-05-31,Gibraltar Strait,33,32,29,5,46,99,145,937110,1410168,129223,10864,1462711,2487367,3950079
chokepoint9,2025-12-23,Dover Strait,27,26,39,9,58,101,159,671633,973437,112500,23890,1477310,1781461,3258772
chokepoint9,2025-12-24,Dover Strait,21,23,31,7,50,82,132,481031,929421,120940,13269,1423471,1544663,2968134
chokepoint9,2025-12-25,Dover Strait,33,25,30,11,46,99,145,886375,970056,96220,17356,1410214,1970008,3380223
chokepoint9,2025-12-26,Dover Strait,35,40,37,13,66,125,191,1230886,1827913,102879,35058,1559500,3196737,4756238
chokepoint9,2025-12-27,Dover Strait,21,21,45,12,62,99,161,652545,1279321,137128,10835,1331237,2079831,3411069
chokepoint9,2025-12-28,Dover Strait,40,28,34,11,65,113,178,1267023,988997,104173,50658,1688033,2410853,4098886
chokepoint9,2025-12-29,Dover Strait,32,20,39,7,51,98,149,993247,764048,118106,16053,1066672,1891455,2958128
chokepoint9,2025-12-30,Dover Strait,29,18,30,9,71,86,157,855619,674265,92681,19881,1511122,1642447,3153570
chokepoint9,2025-12-31,Dover Strait,43,19,46,7,52,115,167,1172380,845292,120986,29016,1562702,2167676,3730379
chokepoint9,2026-01-01,Dover Strait,26,24,41,14,52,105,157,636788,1076902,100903,10570,1841607,1825164,3666772
chokepoint9,2026-01-02,Dover Strait,23,18,23,6,43,70,113,493819,1026915,53264,20973,754783,1594972,2349756
chokepoint9,2026-01-03,Dover Strait,25,24,26,13,61,88,149,819433,1018993,56551,28274,1816144,1923251,3739395
chokepoint9,2026-01-04,Dover Strait,38,25,35,17,58,115,173,1140249,766807,138754,25047,814985,2070859,2885845
chokepoint9,2026-01-05,Dover Strait,34,18,43,11,62,106,168,719525,788082,123175,17284,915910,1648069,2563979
chokepoint9,2026-01-06,Dover Strait,31,29,34,8,70,102,172,908879,1037890,79641,6431,1968853,2032842,4001695
chokepoint9,2026-01-07,Dover Strait,28,23,32,5,51,88,139,936397,965152,69089,4457,803664,1975096,2778761
chokepoint9,2026-01-08,Dover Strait,24,13,31,10,73,78,151,709858,452121,57362,19689,1954351,1239032,3193384
chokepoint9,2026-01-09,Dover Strait,32,24,34,13,67,103,170,754374,928402,133975,21819,1803105,1838571,3641677
chokepoint9,2026-01-10,Dover Strait,23,15,35,13,45,86,131,388880,684053,90831,35791,1065209,1199556,2264765
chokepoint9,2026-01-11,Dover Strait,37,18,43,12,62,110,172,917221,893684,111005,18319,1291237,1940231,3231468
chokepoint9,2026-01-12,Dover Strait,48,31,35,10,70,124,194,1606954,1411022,108897,21277,1179862,3148150,4328013
chokepoint9,2026-01-13,Dover Strait,26,16,39,8,65,89,154,636959,518815,112450,15079,1844177,1283305,3127483
chokepoint9,2026-01-14,Dover Strait,29,21,37,5,53,92,145,743323,673558,106533,777,1475116,1524194,2999310
chokepoint9,2026-01-15,Dover Strait,38,21,49,12,54,120,174,817431,1008545,155822,5991,1133564,1987790,3121354
chokepoint9,2026-01-16,Dover Strait,36,25,33,11,69,105,174,708020,904019,90557,15969,1336557,1718567,3055125
chokepoint9,2026-01-17,Dover Strait,37,16,46,8,59,107,166,885041,554638,96438,13820,1276204,1549939,2826143
chokepoint9,2026-01-18,Dover Strait,40,11,30,8,58,89,147,1229328,257910,81935,15362,1323086,1584537,2907624
chokepoint9,2026-01-19,Dover Strait,40,24,26,7,53,97,150,1147553,817858,66596,33233,1204212,2065241,3269454
chokepoint9,2026-01-20,Dover Strait,23,14,41,8,58,86,144,642557,630261,106345,0,1152572,1379165,2531737
chokepoint9,2026-01-21,Dover Strait,35,19,54,8,60,116,176,755292,768695,137081,16756,1575453,1677825,3253278
chokepoint9,2026-01-22,Dover Strait,32,31,38,13,65,114,179,727554,818395,138055,19956,1234983,1703961,2938945
chokepoint9,2026-01-23,Dover Strait,39,33,51,5,55,128,183,905266,1460890,165554,2286,1373357,2533998,3907356
chokepoint9,2026-01-24,Dover Strait,25,21,39,10,52,95,147,780936,829681,147490,22310,1575734,1780418,3356153
chokepoint9,2026-01-25,Dover Strait,21,21,27,7,52,76,128,715492,1136074,72577,25403,1494452,1949547,3444000
chokepoint9,2026-01-26,Dover Strait,25,14,24,2,64,65,129,457577,833733,110755,0,1152795,1402065,2554860
chokepoint9,2026-01-27,Dover Strait,36,15,19,5,42,75,117,1290636,518313,39498,8974,1053414,1857422,2910837
chokepoint9,2026-01-28,Dover Strait,39,19,43,10,60,111,171,1489332,831106,157496,11739,1574047,2489676,4063724
chokepoint9,2026-01-29,Dover Strait,34,28,38,5,73,105,178,1124767,1075113,91960,1641,1795548,2293482,4089031
chokepoint9,2026-01-30,Dover Strait,39,38,46,12,65,135,200,1164670,2003264,127073,25976,1830109,3320984,5151093
chokepoint9,2026-01-31,Dover Strait,16,17,45,8,59,86,145,359450,663831,138191,30231,1655592,1191704,2847297
chokepoint9,2026-02-01,Dover Strait,18,14,30,7,46,69,115,784536,459540,123591,20415,1000804,1388084,2388888
chokepoint9,2026-02-02,Dover Strait,36,13,32,4,48,85,133,1289374,540315,75615,4170,929855,1909475,2839330
chokepoint9,2026-02-03,Dover Strait,55,30,32,21,90,138,228,1574277,1493850,124533,75550,2100362,3268211,5368574
chokepoint9,2026-02-04,Dover Strait,30,35,56,13,61,134,195,1068739,1369584,167186,30869,1573845,2636379,4210225
chokepoint9,2026-02-05,Dover Strait,34,12,30,11,41,87,128,1035728,248179,86452,28674,1453143,1399035,2852179
chokepoint9,2026-02-06,Dover Strait,52,21,46,14,67,133,200,898651,708080,150591,30922,1431901,1788244,3220146
chokepoint9,2026-02-07,Dover Strait,26,23,46,8,65,103,168,703672,1014340,148514,13632,2005538,1880159,3885697
chokepoint9,2026-02-08,Dover Strait,26,21,23,10,45,80,125,823334,721322,91506,36048,871045,1672212,2543257
chokepoint9,2026-02-09,Dover Strait,33,12,31,10,45,86,131,692146,708570,74084,10357,961518,1485159,2446678
chokepoint9,2026-02-10,Dover Strait,34,19,40,11,51,104,155,1243831,625128,103123,11575,1320030,1983659,3303689
chokepoint9,2026-02-11,Dover Strait,43,27,32,14,67,116,183,1158112,1125417,103374,34559,1787123,2421463,4208587
chokepoint9,2026-02-12,Dover Strait,32,21,32,8,67,93,160,961610,1087621,77032,31540,1429029,2157804,3586833
chokepoint9,2026-02-13,Dover Strait,30,19,26,12,42,87,129,632174,895524,61921,40520,840038,1630141,2470180
chokepoint9,2026-02-14,Dover Strait,35,20,33,13,49,101,150,1010157,667151,68643,28178,1374547,1774130,3148678
chokepoint9,2026-02-15,Dover Strait,31,16,34,7,49,88,137,1180886,653926,102564,34196,1333980,1971573,3305553
chokepoint9,2026-02-16,Dover Strait,40,31,34,9,59,114,173,1112109,1588441,111121,24987,1251022,2836660,4087683
chokepoint9,2026-02-17,Dover Strait,36,22,35,10,57,103,160,1029661,895525,103857,15786,1736881,2044831,3781712
chokepoint9,2026-02-18,Dover Strait,51,31,42,14,61,138,199,1743693,1169060,133992,49870,1809619,3096618,4906237
chokepoint9,2026-02-19,Dover Strait,35,27,56,16,56,134,190,1179536,1196135,204603,35926,1482495,2616202,4098697
chokepoint9,2026-02-20,Dover Strait,27,14,30,10,58,81,139,833481,675249,71204,31416,1228876,1611352,2840229
chokepoint9,2026-02-21,Dover Strait,38,23,42,11,59,114,173,1105138,788360,98700,36809,1306358,2029009,3335368
chokepoint9,2026-02-22,Dover Strait,31,25,40,14,75,110,185,1008423,886155,142668,30992,2202693,2068240,4270933
chokepoint9,2026-02-23,Dover Strait,39,29,52,5,48,125,173,920008,1299495,228447,2448,1338605,2450398,3789004
chokepoint9,2026-02-24,Dover Strait,42,23,43,8,76,116,192,1152126,1480546,121267,13378,1556017,2767319,4323336
chokepoint9,2026-02-25,Dover Strait,30,17,53,10,68,110,178,1011229,771105,212161,19796,1717062,2014292,3731355
chokepoint9,2026-02-26,Dover Strait,44,22,52,11,69,129,198,1141270,602601,123879,31456,1357623,1899207,3256830
chokepoint9,2026-02-27,Dover Strait,39,24,49,15,63,127,190,1313133,975783,131845,39823,1398433,2460585,3859019
chokepoint9,2026-02-28,Dover Strait,43,20,54,14,63,131,194,1044260,827143,109413,36380,1635250,2017197,3652447
chokepoint9,2026-03-01,Dover Strait,43,29,45,11,55,128,183,1172931,706185,114420,32123,1284361,2025661,3310023
chokepoint9,2026-03-02,Dover Strait,32,27,31,5,67,95,162,1111444,1194105,95815,10548,1337710,2411914,3749624
chokepoint9,2026-03-03,Dover Strait,31,30,47,7,62,115,177,945404,1142686,131207,8077,1427933,2227375,3655309
chokepoint9,2026-03-04,Dover Strait,35,33,47,11,60,126,186,752649,1292826,148556,21269,882622,2215302,3097924
chokepoint9,2026-03-05,Dover Strait,37,22,52,8,61,119,180,943625,581292,172824,20082,1443761,1717824,3161586
chokepoint9,2026-03-06,Dover Strait,29,24,43,12,67,108,175,923169,754558,83449,21670,2026953,1782848,3809801
chokepoint9,2026-03-07,Dover Strait,38,22,47,7,51,114,165,1067605,828739,127647,12085,1553877,2036077,3589955
chokepoint9,2026-03-08,Dover Strait,37,22,42,17,51,118,169,988607,1480252,122158,48057,1667863,2639076,4306939
chokepoint9,2026-03-09,Dover Strait,35,22,33,10,66,100,166,876739,739423,147875,16520,1263397,1780557,3043955
chokepoint9,2026-03-10,Dover Strait,35,28,29,12,69,104,173,911404,1305264,70859,35297,1536337,2322826,3859163
chokepoint9,2026-03-11,Dover Strait,26,34,42,5,72,107,179,806574,1394094,99288,17306,1707845,2317264,4025109
chokepoint9,2026-03-12,Dover Strait,23,29,31,5,46,88,134,518215,873031,118840,10907,964288,1520994,2485282
chokepoint9,2026-03-13,Dover Strait,39,23,38,13,73,113,186,1443827,739393,111216,34290,1722796,2328727,4051524
chokepoint9,2026-03-14,Dover Strait,34,22,50,10,60,116,176,935386,680353,141005,27315,1812045,1784061,3596106
chokepoint9,2026-03-15,Dover Strait,42,24,45,10,67,121,188,1169143,883641,95775,26441,1560905,2175002,3735908
chokepoint9,2026-03-16,Dover Strait,37,27,36,14,79,114,193,1290803,971168,106869,33699,2111160,2402542,4513702
chokepoint9,2026-03-17,Dover Strait,34,34,50,12,67,130,197,1000415,1451220,183924,32705,1689143,2668266,4357410
chokepoint9,2026-03-18,Dover Strait,41,33,44,10,71,128,199,843092,1203507,123762,27375,2424371,2197737,4622108
chokepoint9,2026-03-19,Dover Strait,33,19,43,12,70,107,177,1025485,974821,132884,32756,1061803,2165947,3227751
chokepoint9,2026-03-20,Dover Strait,41,33,44,12,65,130,195,1318164,910586,139238,25449,1859102,2393438,4252540
chokepoint9,2026-03-21,Dover Strait,41,20,48,12,70,121,191,1077113,1078482,147007,30467,1508833,2333070,3841903
chokepoint9,2026-03-22,Dover Strait,46,44,32,13,61,135,196,1144798,1637933,87465,24741,1538028,2894939,4432967
chokepoint9,2026-03-23,Dover Strait,23,17,40,7,64,87,151,532972,785611,107475,6395,1586617,1432456,3019073
chokepoint9,2026-03-24,Dover Strait,34,26,40,13,75,113,188,1148563,1235312,107913,41298,1810487,2533087,4343575
chokepoint9,2026-03-25,Dover Strait,44,19,36,6,49,105,154,1415103,748381,157301,22411,1201038,2343196,3544235
chokepoint9,2026-03-26,Dover Strait,19,20,37,10,48,86,134,447328,1162429,134255,35775,601783,1779789,2381572
chokepoint9,2026-03-27,Dover Strait,35,10,51,15,70,111,181,1082875,479842,164026,41022,1133630,1767767,2901397
chokepoint9,2026-03-28,Dover Strait,40,31,48,12,58,131,189,1172384,1259567,104901,31762,1524949,2568615,4093565
chokepoint9,2026-03-29,Dover Strait,39,22,41,13,58,115,173,1252732,843540,87710,23711,1326394,2207694,3534088
chokepoint9,2026-03-30,Dover Strait,35,26,38,4,45,103,148,1056596,973012,113445,8430,1132734,2151485,3284220
chokepoint9,2026-03-31,Dover Strait,38,26,48,7,61,119,180,1268132,1221928,144059,3758,1045035,2637879,3682915
chokepoint9,2026-04-01,Dover Strait,38,23,48,9,70,118,188,1158633,1003210,121161,11989,1146931,2294994,3441926
chokepoint9,2026-04-02,Dover Strait,29,31,45,8,50,113,163,525770,1073876,158443,17624,1288263,1775714,3063978
chokepoint9,2026-04-03,Dover Strait,39,33,41,17,52,130,182,1318643,1036629,125770,31573,1478713,2512617,3991331
chokepoint9,2026-04-04,Dover Strait,40,23,53,12,76,128,204,1065971,989448,151516,32800,1695977,2239737,3935714
chokepoint9,2026-04-05,Dover Strait,34,21,47,6,52,108,160,1005216,826175,153676,35609,1283391,2020677,3304068
chokepoint9,2026-04-06,Dover Strait,29,24,30,8,50,91,141,1087605,964406,100847,19268,1223214,2172127,3395342
chokepoint9,2026-04-07,Dover Strait,35,16,27,11,53,89,142,1083686,708284,88218,5282,1083634,1885472,2969107
chokepoint9,2026-04-08,Dover Strait,40,27,38,7,68,112,180,1403877,1089640,100881,23238,1401705,2617637,4019343
chokepoint9,2026-04-09,Dover Strait,31,23,31,10,59,95,154,687007,1008543,82515,18419,1442954,1796486,3239441
chokepoint9,2026-04-10,Dover Strait,25,17,23,9,49,74,123,481829,858260,56978,10668,1440174,1407735,2847910
chokepoint9,2026-04-11,Dover Strait,40,21,41,6,57,108,165,1057760,1254491,87239,26771,1223758,2426263,3650022
chokepoint9,2026-04-12,Dover Strait,41,30,37,16,67,124,191,796272,1212452,88548,31694,956718,2128967,3085685
chokepoint9,2026-04-13,Dover Strait,26,27,30,4,55,87,142,686363,987465,128344,14122,808460,1816295,2624756
chokepoint9,2026-04-14,Dover Strait,32,22,31,11,55,96,151,1248080,1078082,73240,23717,944324,2423121,3367445
chokepoint9,2026-04-15,Dover Strait,37,20,43,6,51,106,157,991799,1111103,134736,33485,1152423,2271125,3423549
chokepoint9,2026-04-16,Dover Strait,44,26,49,11,51,130,181,1014290,1384835,159749,53118,1009109,2611994,3621103
chokepoint9,2026-04-17,Dover Strait,32,31,43,12,58,118,176,752093,1028254,97559,35336,1556349,1913243,3469592
chokepoint9,2026-04-18,Dover Strait,41,25,54,10,56,130,186,1307897,885789,115050,21566,1559250,2330303,3889553
chokepoint9,2026-04-19,Dover Strait,40,22,48,9,53,119,172,1019036,578089,105259,9702,1126223,1712088,2838312
chokepoint9,2026-04-20,Dover Strait,38,22,35,12,52,107,159,1377524,1176464,135067,15497,1141815,2704553,3846368
chokepoint9,2026-04-21,Dover Strait,32,28,31,8,57,99,156,956729,1297520,94613,12171,783304,2361034,3144339
chokepoint9,2026-04-22,Dover Strait,27,11,40,7,59,85,144,723716,298946,177922,7448,1299966,1208034,2508000
chokepoint9,2026-04-23,Dover Strait,37,22,49,10,46,118,164,895852,833481,131284,18134,843857,1878752,2722610
chokepoint9,2026-04-24,Dover Strait,36,37,45,12,62,130,192,1120738,1326243,88658,27267,1366870,2562907,3929777
chokepoint9,2026-04-25,Dover Strait,48,29,64,11,67,152,219,1761021,1227269,152874,34076,1114298,3175242,4289540
chokepoint9,2026-04-26,Dover Strait,30,24,37,14,59,105,164,843787,1019301,81506,43961,1242828,1988556,3231384
chokepoint9,2026-04-27,Dover Strait,39,19,30,5,45,93,138,957130,598397,94531,8379,1297535,1658438,2955974
chokepoint9,2026-04-28,Dover Strait,28,12,30,11,60,81,141,961535,461942,99946,15251,1293547,1538676,2832223
chokepoint9,2026-04-29,Dover Strait,44,24,51,10,45,129,174,1061174,1091898,157724,24677,925358,2335474,3260833
chokepoint9,2026-04-30,Dover Strait,31,22,28,14,48,95,143,1332248,903654,79559,26328,833220,2341791,3175011
chokepoint9,2026-05-01,Dover Strait,38,23,50,13,62,124,186,1104034,895252,98869,52213,1257758,2150369,3408127
chokepoint9,2026-05-02,Dover Strait,31,17,48,10,56,106,162,1172047,630866,212399,34579,829954,2049893,2879847
chokepoint9,2026-05-03,Dover Strait,44,26,41,13,53,124,177,832561,592925,108774,42354,1504528,1576616,3081144
chokepoint9,2026-05-04,Dover Strait,38,23,30,8,60,99,159,937328,821681,80602,24222,1294310,1863835,3158145
chokepoint9,2026-05-05,Dover Strait,31,27,28,13,56,99,155,862615,1435813,91756,29330,1245104,2419515,3664619
chokepoint9,2026-05-06,Dover Strait,30,29,48,5,63,112,175,1049496,901494,132721,5021,1701309,2088733,3790043
chokepoint9,2026-05-07,Dover Strait,28,25,29,8,65,90,155,719203,1011304,60677,24681,1214718,1815865,3030584
chokepoint9,2026-05-08,Dover Strait,39,27,36,13,48,115,163,1121175,1352766,113083,25715,821280,2612740,3434020
chokepoint9,2026-05-09,Dover Strait,55,35,37,13,57,140,197,1377537,1050980,70814,52327,1445170,2551659,3996829
chokepoint9,2026-05-10,Dover Strait,24,22,34,10,54,90,144,862003,856598,107082,50904,1579164,1876589,3455753
chokepoint9,2026-05-11,Dover Strait,43,19,30,8,54,100,154,1381300,852626,82502,35490,1115695,2351920,3467615
chokepoint9,2026-05-12,Dover Strait,32,20,40,15,54,107,161,886219,831630,99717,22538,1187858,1840106,3027964
chokepoint9,2026-05-13,Dover Strait,33,28,32,7,65,100,165,1007338,1129007,103129,11301,2075271,2250776,4326047
chokepoint9,2026-05-14,Dover Strait,35,21,41,8,48,105,153,858233,1338870,100155,11548,962635,2308808,3271443
chokepoint9,2026-05-15,Dover Strait,33,18,29,10,72,90,162,908785,627895,98964,8187,1471443,1643832,3115276
chokepoint9,2026-05-16,Dover Strait,31,22,39,9,73,101,174,1093528,729846,74971,34591,1652568,1932938,3585506
chokepoint9,2026-05-17,Dover Strait,38,29,40,12,60,119,179,1330117,1274641,113234,24079,1619941,2742074,4362015
chokepoint9,2026-05-18,Dover Strait,31,25,28,9,51,93,144,909772,770600,74613,20502,927451,1775488,2702940
chokepoint9,2026-05-19,Dover Strait,33,23,42,12,60,110,170,692259,1068339,123297,22893,1084693,1906789,2991483
chokepoint9,2026-05-20,Dover Strait,38,20,36,10,68,104,172,854844,666193,73859,20617,1479828,1615515,3095344
chokepoint9,2026-05-21,Dover Strait,30,21,41,9,67,101,168,767350,882464,112962,12616,1787355,1775392,3562748
chokepoint9,2026-05-22,Dover Strait,33,22,44,11,57,110,167,736430,1086873,113470,26116,1545245,1962891,3508137
chokepoint9,2026-05-23,Dover Strait,39,27,59,5,68,130,198,1219058,1170844,166942,2401,1826533,2559247,4385781
chokepoint9,2026-05-24,Dover Strait,38,29,34,5,66,106,172,1276100,866138,110875,10774,1548768,2263889,3812657
chokepoint9,2026-05-25,Dover Strait,29,15,36,6,61,86,147,772089,553178,67933,14587,1580574,1407789,2988363
chokepoint9,2026-05-26,Dover Strait,27,24,21,12,60,84,144,732433,1241970,45492,17880,1561054,2037777,3598832
chokepoint9,2026-05-27,Dover Strait,28,19,31,12,58,90,148,825864,867754,96175,38596,1750245,1828391,3578636
chokepoint9,2026-05-28,Dover Strait,34,28,41,13,44,116,160,821281,1263044,121208,11153,893845,2216688,3110533
chokepoint9,2026-05-29,Dover Strait,27,26,43,8,47,104,151,865384,799721,129553,16328,1135967,1810987,2946954
chokepoint9,2026-05-30,Dover Strait,43,27,47,10,44,127,171,1544692,1365951,145294,44992,792855,3100931,3893786
chokepoint9,2026-05-31,Dover Strait,39,21,44,8,45,112,157,1166466,697342,140588,13998,941427,2018395,2959823
